Stethoscope	ECG
0.0454712	0.00762939
0.154114	-0.00183105
0.195923	-0.00579834
0.166321	-0.00640869
0.0875854	-0.00396729
-0.00732422	0.000610352
-0.0848389	0.00579834
-0.122986	0.0100708
-0.12146	0.0137329
-0.0946045	0.0164795
-0.0634766	0.0161743
-0.038147	0.010376
-0.0177002	0
0.00823975	-0.0106812
0.0317383	-0.0192261
0.0491333	-0.0256348
0.0561523	-0.0302124
0.0540161	-0.0350952
0.0424194	-0.0366211
0.0231934	-0.0332642
0.0012207	-0.0262451
-0.0198364	-0.0161743
-0.0286865	-0.00457764
-0.027771	0.00152588
-0.0360107	-0.000305176
-0.0463867	-0.00183105
-0.038147	0.000305176
-0.0201416	0.00640869
-0.0149536	0.0128174
-0.0259399	0.0204468
-0.0314331	0.0305176
-0.0180054	0.0384521
0.0164795	0.043335
0.0588989	0.0479126
0.083313	0.0546265
0.0808716	0.0616455
0.0543213	0.0643921
0.0247192	0.0592041
0.0131226	0.0485229
0.0198364	0.0387573
0.0119019	0.0326538
-0.0170898	0.0299072
-0.0463867	0.032959
-0.0811768	0.0375366
-0.117188	0.0436401
-0.117188	0.0527954
-0.0546265	0.0646973
0.0350952	0.0772095
0.0875854	0.0872803
0.0845337	0.0924683
0.0463867	0.0933838
0.00732422	0.090332
-0.0186157	0.0848389
-0.0274658	0.0787354
-0.0253296	0.0701904
-0.0131226	0.057373
0.00244141	0.0396729
0.00732422	0.0204468
0.00549316	0.00762939
0.00946045	0.00335693
0.0234985	0.000305176
0.0228882	-0.00640869
-0.00671387	-0.0134277
-0.0488281	-0.017395
-0.0686646	-0.0183105
-0.0448608	-0.0189209
0.00488281	-0.0189209
0.0488281	-0.0164795
0.0653076	-0.0158691
0.062561	-0.0189209
0.0537109	-0.0231934
0.0448608	-0.0244141
0.0393677	-0.0216675
0.0393677	-0.0198364
0.0418091	-0.0201416
0.0289917	-0.0210571
-0.0167847	-0.020752
-0.0759888	-0.0228882
-0.114136	-0.0238037
-0.105591	-0.0216675
-0.0512695	-0.0201416
0.00518799	-0.0198364
0.0317383	-0.0195313
0.0265503	-0.0167847
0.0137329	-0.0119019
0.0109863	-0.00793457
0.0180054	-0.00671387
0.0244141	-0.00823975
0.0158691	-0.010376
-0.0119019	-0.0131226
-0.0405884	-0.0180054
-0.055542	-0.0244141
-0.0500488	-0.0292969
-0.032959	-0.0326538
-0.0134277	-0.0375366
-0.0012207	-0.0460815
0.00793457	-0.0531006
0.012207	-0.0534058
0.0106812	-0.0479126
-0.00274658	-0.0421143
-0.0204468	-0.038147
-0.0323486	-0.0372314
-0.027771	-0.0396729
0.00732422	-0.0439453
0.0750732	-0.0463867
0.140686	-0.0393677
0.134277	-0.0189209
0.0952148	0.0131226
0.0283813	0.0567627
-0.00213623	0.113831
0.0598145	0.185242
0.189514	0.271606
0.26947	0.369873
0.143433	0.46814
-0.0949097	0.559998
-0.339355	0.641174
-0.449219	0.700378
-0.428162	0.723877
-0.348206	0.705872
-0.256653	0.65094
-0.151978	0.567932
-0.0112915	0.466309
0.14801	0.352478
0.307922	0.235901
0.401611	0.123291
0.384216	0.0201416
0.262146	-0.0662231
0.109863	-0.1297
0	-0.170288
-0.0341797	-0.190735
-0.0280762	-0.196838
-0.132446	-0.191345
-0.279846	-0.177612
-0.316467	-0.158997
-0.218811	-0.140076
-0.144043	-0.120544
-0.152588	-0.101318
-0.14801	-0.0830078
-0.00732422	-0.0643921
0.251465	-0.0466919
0.501709	-0.0314331
0.645447	-0.0204468
0.676575	-0.0158691
0.630493	-0.0167847
0.4776	-0.0189209
0.161133	-0.0186157
-0.274048	-0.0158691
-0.663452	-0.0109863
-0.89325	-0.00579834
-0.952454	-0.00183105
-0.856018	0.0012207
-0.637512	0.00396729
-0.344849	0.00640869
-0.0119019	0.00823975
0.361023	0.00732422
0.726929	0.00183105
0.961609	-0.00762939
0.944519	-0.0210571
0.667114	-0.0311279
0.245667	-0.0314331
-0.158997	-0.0244141
-0.437622	-0.0149536
-0.574036	-0.00701904
-0.601501	0
-0.541382	0.00946045
-0.398865	0.0216675
-0.182495	0.0317383
0.0698853	0.0363159
0.296631	0.0372314
0.439148	0.0366211
0.455933	0.0357056
0.342407	0.0363159
0.154419	0.038147
-0.0256348	0.0390625
-0.134888	0.0375366
-0.157166	0.0344849
-0.104675	0.0311279
-0.0100708	0.0296021
0.078125	0.0289917
0.126038	0.0305176
0.118103	0.0338745
0.0650024	0.0350952
-0.0112915	0.0314331
-0.088501	0.0265503
-0.142212	0.0247192
-0.15564	0.0265503
-0.13031	0.0338745
-0.0891113	0.043335
-0.0622559	0.0466919
-0.0592041	0.0445557
-0.0543213	0.0418091
-0.0354004	0.0384521
-0.00732422	0.03479
0.0177002	0.0323486
0.0350952	0.0344849
0.0421143	0.0424194
0.0424194	0.0509644
0.0408936	0.0540161
0.0506592	0.0546265
0.0775146	0.057373
0.105286	0.0613403
0.11261	0.0640869
0.0814819	0.0643921
0.0216675	0.0604248
-0.0341797	0.0534058
-0.0646973	0.0457764
-0.0643921	0.0418091
-0.0402832	0.0415039
-0.00732422	0.0405884
0.0228882	0.0393677
0.0430298	0.0408936
0.0494385	0.0469971
0.0430298	0.0570679
0.0140381	0.067749
-0.0354004	0.078125
-0.0946045	0.0881958
-0.140076	0.0982666
-0.150452	0.108032
-0.121765	0.117188
-0.0714111	0.125122
-0.017395	0.131531
0.0326538	0.138855
0.067749	0.150757
0.083313	0.163879
0.0839233	0.17334
0.0726318	0.178833
0.0512695	0.181885
0.0292969	0.184021
0.0109863	0.183716
-0.00823975	0.18158
-0.0274658	0.1828
-0.0384521	0.187378
-0.0335693	0.194397
-0.0170898	0.198669
-0.00152588	0.198059
0.00549316	0.194702
0.00640869	0.192871
0.0109863	0.193481
0.0183105	0.194397
0.0125122	0.193481
-0.00823975	0.191956
-0.0320435	0.191345
-0.0344849	0.19043
-0.017395	0.188293
0.00762939	0.185852
0.0274658	0.179443
0.0457764	0.17334
0.0738525	0.178223
0.104675	0.187988
0.0997925	0.190125
0.0515747	0.180359
-0.00854492	0.161743
-0.0469971	0.143127
-0.0509644	0.128784
-0.0384521	0.115051
-0.0289917	0.0979614
-0.03479	0.0790405
-0.0534058	0.0637817
-0.0680542	0.0527954
-0.0701904	0.0463867
-0.0445557	0.045166
0.0115967	0.0479126
0.0744629	0.0549316
0.0961304	0.0613403
0.0521851	0.0646973
-0.0210571	0.0689697
-0.0735474	0.071106
-0.0827026	0.0686646
-0.0549316	0.0628662
-0.0137329	0.0561523
0.0143433	0.0515747
0.0265503	0.0482178
0.0314331	0.0454712
0.0271606	0.0448608
0.0161743	0.0457764
0.0106812	0.0494385
0.0158691	0.0537109
0.0372314	0.0549316
0.0549316	0.0515747
0.0494385	0.0460815
0.0198364	0.0378418
-0.0128174	0.0256348
-0.0289917	0.0125122
-0.0363159	0.0012207
-0.071106	-0.00579834
-0.133362	-0.00946045
-0.21698	-0.00976563
-0.247498	-0.0088501
-0.146484	-0.00823975
0.0756836	-0.00762939
0.327454	-0.00671387
0.461731	-0.00396729
0.370178	0.000915527
0.120239	0.00427246
-0.0967407	0.00152588
-0.172119	-0.00396729
-0.161133	-0.00701904
-0.162659	-0.00610352
-0.176392	-0.00488281
-0.159302	-0.00427246
-0.103149	-0.00335693
-0.0189209	-0.00366211
0.0811768	-0.0012207
0.178833	0.00518799
0.219421	0.010376
0.166016	0.0128174
0.0537109	0.0134277
-0.0274658	0.0125122
-0.0442505	0.0106812
-0.0561523	0.00823975
-0.102844	0.00671387
-0.154419	0.00610352
-0.15564	0.00671387
-0.0949097	0.010376
0.00793457	0.0164795
0.107727	0.0195313
0.158386	0.0192261
0.152283	0.0195313
0.111084	0.0247192
0.0628662	0.0292969
0.0241089	0.0299072
-0.00762939	0.0299072
-0.0317383	0.0308228
-0.0491333	0.0296021
-0.057373	0.0238037
-0.0579834	0.0167847
-0.0680542	0.0140381
-0.078125	0.0161743
-0.0662231	0.0219727
-0.0354004	0.0268555
-0.0100708	0.0280762
0.000305176	0.0238037
0.0198364	0.0167847
0.0534058	0.0134277
0.0811768	0.0134277
0.0863647	0.0158691
0.0735474	0.0195313
0.0488281	0.0219727
0.0238037	0.0219727
0.00335693	0.0213623
-0.0109863	0.0213623
-0.0323486	0.0231934
-0.0640869	0.027771
-0.0878906	0.0274658
-0.0860596	0.0186157
-0.055542	0.00762939
-0.0201416	-0.00244141
0.0088501	-0.00946045
0.0305176	-0.0119019
0.0402832	-0.0115967
0.0283813	-0.00823975
-0.00152588	-0.0012207
-0.0283813	0.00640869
-0.0411987	0.0192261
-0.0192261	0.0344849
0.00518799	0.0442505
0.0384521	0.0494385
0.0747681	0.0518799
0.0720215	0.0500488
0.0161743	0.0445557
-0.0131226	0.0375366
0.0198364	0.0320435
0.0250244	0.0289917
-0.0238037	0.0262451
-0.0439453	0.0210571
-0.0500488	0.0152588
-0.0454712	0.012207
-0.0308228	0.0131226
0.010376	0.0146484
0.0390625	0.0158691
0.032959	0.017395
0.00854492	0.0183105
-0.00640869	0.0177002
-0.00610352	0.015564
-0.00701904	0.0134277
-0.015564	0.0128174
-0.0357056	0.0146484
-0.0491333	0.0189209
-0.0384521	0.0228882
-0.0234985	0.0244141
-0.00732422	0.0222778
-0.00946045	0.0201416
-0.00518799	0.0204468
0.00640869	0.020752
0.0305176	0.0189209
0.0509644	0.015564
0.0534058	0.0100708
0.0332642	0.00244141
0.0238037	-0.00579834
0.0341797	-0.0170898
0.0491333	-0.027771
0.0418091	-0.03479
0.0143433	-0.0378418
-0.00335693	-0.0378418
-0.00213623	-0.0357056
0.00793457	-0.0335693
-0.000305176	-0.0317383
-0.0234985	-0.0238037
-0.0546265	-0.0119019
-0.0778198	-0.00305176
-0.0790405	0.00305176
-0.050354	0.00823975
-0.00640869	0.0119019
0.0311279	0.0134277
0.0506592	0.0134277
0.0469971	0.0109863
0.0280762	0.00549316
-0.00152588	-0.00152588
-0.015564	-0.00427246
-0.015564	-0.000610352
0.00274658	0.00640869
0.0286865	0.0146484
0.0579834	0.0204468
0.06073	0.020752
0.0344849	0.0204468
-0.0170898	0.0238037
-0.0582886	0.0271606
-0.0692749	0.0286865
-0.0442505	0.0280762
-0.00549316	0.0256348
0.010376	0.0213623
-0.00610352	0.0170898
-0.0338745	0.0158691
-0.0482178	0.0170898
-0.0491333	0.0189209
-0.0402832	0.0216675
-0.0289917	0.0231934
-0.00793457	0.020752
0.020752	0.015564
0.0436401	0.0106812
0.0482178	0.00640869
0.045166	0.00244141
0.0549316	-0.00213623
0.0671387	-0.00518799
0.0485229	-0.00701904
0.00640869	-0.00610352
-0.0384521	-0.00305176
-0.0631714	-0.00427246
-0.0616455	-0.00823975
-0.0366211	-0.00976563
-0.00701904	-0.00823975
0.0177002	-0.00549316
0.0244141	-0.00427246
0.0112915	-0.00457764
-0.0112915	-0.00305176
-0.0170898	0.000305176
0.0012207	0.00274658
0.0250244	0.00640869
0.038147	0.0152588
0.0320435	0.0280762
0.00457764	0.0427246
-0.0231934	0.055542
-0.0344849	0.0634766
-0.00762939	0.0701904
0.038147	0.0799561
0.0811768	0.0912476
0.282288	0.101318
0.176697	0.107117
-0.261841	0.107727
-0.675964	0.104675
-0.598145	0.101318
-0.113525	0.0964355
0.352173	0.0894165
0.522766	0.0823975
0.437012	0.0790405
0.239258	0.0799561
0.0543213	0.083313
-0.0619507	0.0869751
-0.111389	0.0900269
-0.112	0.0918579
-0.0860596	0.0927734
-0.0790405	0.0933838
-0.0952148	0.0918579
-0.108948	0.088501
-0.0784302	0.0827026
-0.00488281	0.0747681
0.0576782	0.0662231
0.0692749	0.0576782
0.0457764	0.0512695
0.0115967	0.0445557
-0.0119019	0.0378418
-0.0204468	0.0344849
-0.00457764	0.032959
0.0192261	0.0296021
0.0299072	0.0216675
0.0204468	0.00946045
0.0112915	-0.00488281
0.0250244	-0.015564
0.0430298	-0.0192261
0.0265503	-0.0186157
-0.0292969	-0.020752
-0.0744629	-0.0283813
-0.0839233	-0.0375366
-0.0756836	-0.0424194
-0.0564575	-0.0408936
-0.0317383	-0.03479
0.00549316	-0.0265503
0.0411987	-0.0186157
0.050354	-0.0109863
0.0360107	-0.00213623
0.0109863	0.00640869
-0.00854492	0.0140381
-0.000915527	0.0204468
0.0320435	0.0238037
0.0634766	0.0234985
0.0668335	0.0189209
0.0476074	0.012207
0.0384521	0.00457764
0.043335	-0.00518799
0.0402832	-0.017395
0.0146484	-0.0296021
-0.0158691	-0.038147
-0.0390625	-0.0378418
-0.0552368	-0.0305176
-0.0695801	-0.022583
-0.0793457	-0.0161743
-0.0784302	-0.0109863
-0.0604248	-0.00823975
-0.0280762	-0.00823975
0.00579834	-0.0115967
0.0311279	-0.0198364
0.0512695	-0.0344849
0.0616455	-0.050354
0.0582886	-0.0634766
0.0375366	-0.0708008
0.00427246	-0.0671387
-0.0241089	-0.0521851
-0.0302124	-0.0262451
-0.000305176	0.015564
0.043335	0.0765991
0.0723267	0.155334
0.0613403	0.248413
0.0183105	0.350647
-0.027771	0.454712
-0.0576782	0.55603
-0.078125	0.652466
-0.101318	0.734558
-0.131836	0.784912
-0.153198	0.795898
-0.159607	0.769958
-0.158691	0.713806
-0.145569	0.629578
-0.0985718	0.517273
-0.00305176	0.384216
0.123291	0.242004
0.241699	0.103149
0.315247	-0.0201416
0.316162	-0.122986
0.248108	-0.205078
0.223389	-0.262756
0.202332	-0.289307
0.0543213	-0.288086
-0.160522	-0.267029
-0.284119	-0.237427
-0.294189	-0.205078
-0.339966	-0.170898
-0.442505	-0.137329
-0.428467	-0.107117
-0.143127	-0.0802612
0.33905	-0.0564575
0.772095	-0.0378418
0.959167	-0.0247192
0.882263	-0.0134277
0.618286	-0.00152588
0.213013	0.00793457
-0.290527	0.0125122
-0.717773	0.0128174
-0.892944	0.00762939
-0.809937	-0.00152588
-0.585938	-0.0140381
-0.33844	-0.0289917
-0.133972	-0.0421143
0.00610352	-0.0524902
0.101318	-0.0588989
0.197754	-0.0604248
0.322266	-0.0595093
0.432129	-0.0582886
0.45105	-0.0543213
0.338135	-0.0473022
0.0897217	-0.0363159
-0.231018	-0.0216675
-0.520325	-0.00579834
-0.683899	0.00610352
-0.682983	0.0115967
-0.51239	0.0119019
-0.189819	0.00976563
0.216064	0.00915527
0.583191	0.00793457
0.797729	0.000610352
0.812988	-0.0137329
0.648193	-0.0271606
0.372314	-0.0366211
0.0784302	-0.0439453
-0.151672	-0.0491333
-0.299377	-0.0524902
-0.38147	-0.0512695
-0.386047	-0.0439453
-0.306396	-0.0317383
-0.127563	-0.0186157
0.0872803	-0.00732422
0.231018	0.00183105
0.234985	0.010376
0.134583	0.017395
0.0363159	0.0189209
-0.0320435	0.0125122
-0.071106	0.00305176
-0.0924683	-0.00335693
-0.100098	-0.00488281
-0.10376	-0.00335693
-0.100708	-0.00366211
-0.0772095	-0.00762939
-0.0402832	-0.00976563
-0.022583	-0.00457764
-0.0299072	0.00427246
-0.0332642	0.00854492
-0.00518799	0.00579834
0.0488281	0.00152588
0.0534058	-0.0012207
0.0152588	-0.00457764
0.0152588	-0.0088501
0.138245	-0.0131226
0.158997	-0.0167847
-0.0775146	-0.0186157
-0.334473	-0.0177002
-0.342407	-0.0140381
-0.083313	-0.00732422
0.154724	0.0012207
0.237732	0.0106812
0.202942	0.0204468
0.14801	0.0274658
0.0595093	0.0305176
-0.0698853	0.0302124
-0.15686	0.0292969
-0.150146	0.0292969
-0.0610352	0.0292969
0.0418091	0.0292969
0.0927734	0.0308228
0.083313	0.0363159
0.0497437	0.0466919
0.0247192	0.0616455
0.000915527	0.0814819
-0.0369263	0.10376
-0.072937	0.122681
-0.071106	0.136108
-0.0180054	0.146179
0.0616455	0.154724
0.126648	0.159607
0.144653	0.158997
0.110474	0.155334
0.0466919	0.149841
-0.0222778	0.144348
-0.067749	0.142517
-0.0744629	0.14679
-0.0531006	0.154419
-0.0335693	0.161438
-0.038147	0.166626
-0.0537109	0.172424
-0.0521851	0.181274
-0.0259399	0.191956
0.0149536	0.201416
0.0543213	0.20813
0.0949097	0.205994
0.152283	0.191956
0.159912	0.169983
0.03479	0.153198
-0.108032	0.145874
-0.128784	0.143433
-0.128174	0.141602
-0.159607	0.13855
-0.176392	0.132446
-0.160522	0.127258
-0.12085	0.123596
-0.055542	0.121155
0.0305176	0.118713
0.0982666	0.115051
0.109253	0.109253
0.0787354	0.100403
0.0436401	0.0888062
0.0317383	0.0741577
0.0439453	0.0619507
0.0793457	0.0588989
0.106812	0.0634766
0.101929	0.0683594
0.0534058	0.0686646
-0.0140381	0.0653076
-0.0601196	0.0598145
-0.0646973	0.0524902
-0.0387573	0.0439453
-0.00305176	0.0338745
0.0305176	0.022583
0.0650024	0.00854492
0.088501	-0.00488281
0.0808716	-0.0143433
0.0445557	-0.0189209
0	-0.0198364
-0.0393677	-0.0195313
-0.0598145	-0.0204468
-0.0543213	-0.0195313
-0.0204468	-0.0128174
0.0180054	-0.00427246
0.0244141	0.000610352
-0.00549316	0.000610352
-0.0448608	-0.00183105
-0.0646973	-0.00579834
-0.0665283	-0.00732422
-0.0732422	-0.00610352
-0.111084	-0.00610352
-0.170288	-0.00915527
-0.198975	-0.0137329
-0.173645	-0.0180054
-0.0500488	-0.0216675
0.174561	-0.0244141
0.447998	-0.0265503
0.632019	-0.0292969
0.531921	-0.0332642
0.183105	-0.0363159
-0.166626	-0.0350952
-0.323792	-0.0302124
-0.330811	-0.0259399
-0.321655	-0.0244141
-0.340881	-0.0234985
-0.361633	-0.0210571
-0.34668	-0.017395
-0.262756	-0.0143433
-0.0894165	-0.0128174
0.155334	-0.012207
0.374451	-0.0100708
0.485535	-0.00671387
0.461426	-0.00427246
0.323181	-0.00488281
0.133667	-0.00610352
-0.0463867	-0.00518799
-0.154419	-0.00396729
-0.161133	-0.00457764
-0.103149	-0.00610352
-0.0357056	-0.00640869
0.0134277	-0.00640869
0.0411987	-0.00762939
0.0494385	-0.0109863
0.0408936	-0.0143433
0.020752	-0.0161743
0.00183105	-0.0131226
-0.0213623	-0.00793457
-0.0610352	-0.00457764
-0.108337	-0.00213623
-0.129395	0.00335693
-0.111084	0.0115967
-0.067749	0.0195313
-0.0244141	0.0271606
0.0134277	0.0335693
0.038147	0.0390625
0.0485229	0.039978
0.0619507	0.0357056
0.0811768	0.027771
0.0875854	0.0192261
0.0631714	0.0115967
0.0323486	0.00305176
0.0210571	-0.00701904
0.0253296	-0.0143433
0.0283813	-0.0161743
0.0228882	-0.0164795
0.0100708	-0.0167847
-0.010376	-0.0149536
-0.0479126	-0.012207
-0.103149	-0.0100708
-0.149536	-0.00915527
-0.148621	-0.0119019
-0.0863647	-0.0161743
-0.00793457	-0.0170898
0.0308228	-0.0170898
0.0296021	-0.0180054
0.015564	-0.0146484
-0.00793457	-0.00488281
-0.0354004	0.00762939
-0.0494385	0.0198364
-0.0375366	0.0302124
-0.0164795	0.0369263
0.00457764	0.0378418
0.032959	0.0350952
0.0668335	0.0299072
0.0823975	0.0222778
0.078125	0.0125122
0.0671387	0.000915527
0.0674438	-0.00946045
0.0717163	-0.0152588
0.0692749	-0.0152588
0.0534058	-0.0112915
0.0222778	-0.00823975
-0.0134277	-0.00823975
-0.0354004	-0.00915527
-0.0439453	-0.00823975
-0.0469971	-0.00549316
-0.0427246	-0.00610352
-0.0280762	-0.010376
0.0109863	-0.0143433
0.0445557	-0.0186157
0.0366211	-0.0250244
0.00183105	-0.0317383
-0.0219727	-0.0335693
-0.0161743	-0.0323486
-0.0158691	-0.0302124
-0.0296021	-0.0253296
-0.0424194	-0.0161743
-0.0378418	-0.00244141
-0.0234985	0.010376
-0.00854492	0.0149536
-0.000915527	0.0115967
0.000915527	0.00854492
-0.00549316	0.0119019
-0.0146484	0.017395
-0.0338745	0.0195313
-0.0637817	0.0137329
-0.0939941	0.00274658
-0.0979614	-0.00793457
-0.0595093	-0.0146484
0.00640869	-0.015564
0.0552368	-0.0152588
0.0585938	-0.0192261
0.0402832	-0.0253296
0.0445557	-0.0299072
0.0631714	-0.0286865
0.057373	-0.0231934
0.0296021	-0.0152588
0.0119019	-0.00549316
0.0112915	0.00335693
0.0088501	0.0112915
0.00854492	0.0195313
0.0100708	0.0280762
0.0134277	0.0335693
0.0125122	0.03479
0.0201416	0.0338745
0.0308228	0.0308228
0.0326538	0.0247192
0.0253296	0.017395
0.017395	0.0119019
0.0167847	0.00915527
0.0128174	0.00823975
0	0.00640869
-0.0137329	0.00457764
-0.0314331	0
-0.0460815	-0.00854492
-0.0469971	-0.0183105
-0.0411987	-0.0289917
-0.0292969	-0.0424194
-0.00732422	-0.0579834
0.0177002	-0.0732422
0.0231934	-0.0875854
0.00610352	-0.100403
-0.000915527	-0.102539
0.00793457	-0.0946045
0.0177002	-0.0839233
0.0311279	-0.0708008
0.0491333	-0.0543213
0.06073	-0.0332642
0.0485229	-0.0100708
0.00701904	0.0088501
-0.0213623	0.022583
-0.0378418	0.0323486
-0.0854492	0.0402832
-0.180054	0.0436401
-0.257874	0.0366211
-0.23468	0.0204468
-0.12207	0.00640869
-0.00457764	0.000915527
0.0524902	-0.0012207
0.0631714	-0.00549316
0.0640869	-0.00793457
0.0692749	-0.00427246
0.0708008	0.00610352
0.0671387	0.0201416
0.0759888	0.0341797
0.0930786	0.043335
0.0915527	0.0463867
0.0762939	0.0454712
0.0796509	0.0418091
0.0909424	0.03479
0.0820923	0.0234985
0.0497437	0.00793457
0.012207	-0.00854492
-0.0106812	-0.0210571
-0.0332642	-0.0271606
-0.0527954	-0.0296021
-0.0531006	-0.0305176
-0.0314331	-0.0305176
-0.0164795	-0.0311279
-0.00854492	-0.0283813
0.0109863	-0.0210571
0.0308228	-0.0140381
0.0360107	-0.0109863
0.0588989	-0.0115967
0.545959	-0.0131226
0.557251	-0.0125122
-0.324097	-0.00946045
-1.32416	-0.00488281
-1.43707	0
-0.531616	0.000610352
0.452881	-0.00183105
0.898132	-0.00427246
0.820618	-0.00274658
0.558472	0.00305176
0.295715	0.00793457
0.0494385	0.0128174
-0.169983	0.0164795
-0.305786	0.0183105
-0.326843	0.0195313
-0.255127	0.0250244
-0.151062	0.0360107
-0.0286865	0.0512695
0.110779	0.0668335
0.175171	0.0820923
0.106506	0.0961304
0.0216675	0.106201
-0.114441	0.115051
-0.245361	0.12207
-0.30304	0.126953
-0.20752	0.128479
0.0140381	0.125732
0.227966	0.116272
0.35553	0.101624
0.354309	0.0845337
0.280762	0.0662231
0.181274	0.0473022
0.0668335	0.0280762
-0.0640869	0.0088501
-0.168457	-0.0088501
-0.196228	-0.0201416
-0.148621	-0.022583
-0.0762939	-0.0189209
-0.0238037	-0.0106812
-0.00152588	-0.00366211
0.00183105	-0.00366211
0.0115967	-0.0100708
0.0216675	-0.0180054
0.00427246	-0.0231934
-0.0241089	-0.0308228
-0.0219727	-0.039978
0.0244141	-0.0494385
0.065918	-0.06073
0.0588989	-0.0741577
0.00793457	-0.088501
-0.0506592	-0.0973511
-0.0704956	-0.0891113
-0.050354	-0.0708008
-0.015564	-0.0552368
0.00152588	-0.045166
-0.00976563	-0.038147
-0.0378418	-0.0302124
-0.0668335	-0.0186157
-0.0778198	-0.0100708
-0.0631714	-0.0112915
-0.0302124	-0.0170898
0.000915527	-0.0201416
0.0088501	-0.0222778
0.0158691	-0.0253296
0.0457764	-0.0274658
0.0695801	-0.0268555
0.0442505	-0.0268555
-0.0158691	-0.0271606
-0.0500488	-0.0253296
-0.0299072	-0.0219727
0.0320435	-0.0195313
0.109863	-0.0204468
0.167847	-0.0256348
0.177612	-0.0326538
0.14801	-0.0390625
0.110474	-0.0454712
0.0769043	-0.0518799
0.0463867	-0.055542
0.0756836	-0.0534058
0.301819	-0.045166
0.144958	-0.0311279
-0.397339	-0.00762939
-0.890808	0.0292969
-0.835876	0.0784302
-0.301819	0.137024
0.211792	0.206909
0.443115	0.282593
0.459595	0.359497
0.400085	0.436096
0.298462	0.513
0.12146	0.585632
-0.0747681	0.639954
-0.220947	0.663757
-0.276489	0.656128
-0.266724	0.618591
-0.210266	0.554504
-0.117798	0.465393
-0.0143433	0.357361
0.0701904	0.241699
0.131226	0.128479
0.159302	0.0219727
0.141296	-0.0726318
0.078125	-0.148315
0.0305176	-0.202637
0.0115967	-0.236206
-0.0744629	-0.252075
-0.18158	-0.252991
-0.207214	-0.242615
-0.137634	-0.22522
-0.0695801	-0.204773
-0.100098	-0.186157
-0.160828	-0.172729
-0.0946045	-0.155945
0.158081	-0.1297
0.483093	-0.098877
0.698547	-0.0686646
0.71228	-0.0408936
0.540161	-0.0167847
0.233154	0.00213623
-0.152283	0.0158691
-0.525208	0.0231934
-0.745239	0.022583
-0.735168	0.0152588
-0.517883	0.00305176
-0.19043	-0.0143433
0.108337	-0.0335693
0.258484	-0.050354
0.245361	-0.0628662
0.158081	-0.0692749
0.0927734	-0.0708008
0.0863647	-0.0656128
0.140076	-0.055542
0.222778	-0.0421143
0.274048	-0.0286865
0.205994	-0.0186157
-0.0146484	-0.0134277
-0.322266	-0.0143433
-0.581055	-0.0228882
-0.676575	-0.0378418
-0.567322	-0.0524902
-0.289917	-0.0665283
0.0662231	-0.0854492
0.386047	-0.0991821
0.577087	-0.0982666
0.586853	-0.0860596
0.424805	-0.0680542
0.167847	-0.0463867
-0.0717163	-0.0219727
-0.205383	0.00335693
-0.223694	0.0228882
-0.151062	0.0350952
-0.0283813	0.0402832
0.0888062	0.0393677
0.160217	0.0335693
0.1651	0.0234985
0.110168	0.0088501
0.0213623	-0.00823975
-0.0375366	-0.0238037
-0.0485229	-0.032959
-0.0668335	-0.03479
-0.135498	-0.0341797
-0.209961	-0.0338745
-0.0878906	-0.0314331
0.35614	-0.0256348
0.254517	-0.0189209
-0.406494	-0.0125122
-0.977173	-0.00732422
-0.826416	-0.00579834
-0.1297	-0.00610352
0.478821	-0.00671387
0.707703	-0.00915527
0.653992	-0.0134277
0.510864	-0.0204468
0.330811	-0.0296021
0.134888	-0.038147
-0.0344849	-0.038147
-0.142517	-0.0302124
-0.194092	-0.0204468
-0.210266	-0.0143433
-0.19928	-0.012207
-0.150452	-0.0109863
-0.0799561	-0.00823975
-0.0469971	-0.0012207
-0.0454712	0.00610352
-0.0415039	0.00976563
-0.0216675	0.00488281
0.0088501	-0.00518799
0.0418091	-0.00793457
0.067749	0
0.067749	0.0161743
0.0234985	0.0344849
-0.0415039	0.0485229
-0.0689697	0.0585938
-0.045166	0.0704956
-0.00366211	0.0854492
0.0183105	0.0970459
0.00213623	0.0979614
-0.0360107	0.0888062
-0.0628662	0.0772095
-0.0631714	0.0744629
-0.0506592	0.0820923
-0.0460815	0.0924683
-0.0540161	0.100403
-0.0546265	0.106201
0.00549316	0.114136
0.0982666	0.127869
0.166016	0.147705
0.169678	0.168457
0.137024	0.183411
0.106506	0.19165
0.0744629	0.194397
0.0274658	0.192566
-0.0222778	0.187683
-0.0280762	0.180969
-0.0137329	0.173035
-0.0216675	0.164795
-0.0759888	0.154724
-0.09552	0.144348
-0.0457764	0.136108
0.0146484	0.128479
0.0119019	0.118713
-0.0363159	0.108337
-0.0668335	0.0967407
-0.0512695	0.0836182
0.000305176	0.0674438
0.0512695	0.0497437
0.0762939	0.038147
0.0665283	0.0338745
0.0448608	0.0323486
0.0274658	0.0308228
0.0131226	0.0302124
-0.00488281	0.0323486
-0.0180054	0.0366211
-0.0170898	0.0427246
-0.0161743	0.0491333
-0.0253296	0.0524902
-0.0415039	0.0512695
-0.0518799	0.0442505
-0.0466919	0.0338745
-0.0418091	0.0256348
-0.0488281	0.0180054
-0.0708008	0.00946045
-0.0750732	0.000610352
-0.0515747	-0.00732422
-0.000305176	-0.0100708
0.0500488	-0.00549316
0.0686646	-0.0012207
0.0488281	-0.00366211
0.0131226	-0.0109863
-0.00946045	-0.0152588
-0.000610352	-0.0143433
0.0210571	-0.0112915
0.0335693	-0.0112915
0.0296021	-0.0146484
0.0320435	-0.0198364
0.0482178	-0.0234985
0.0610352	-0.0238037
0.0463867	-0.0234985
0.00518799	-0.0238037
-0.0427246	-0.0256348
-0.0735474	-0.0296021
-0.0750732	-0.0350952
-0.0747681	-0.0411987
-0.118103	-0.0494385
-0.177917	-0.0595093
-0.195618	-0.0701904
-0.0518799	-0.0811768
0.275269	-0.090332
0.636902	-0.098877
0.7547	-0.109558
0.476074	-0.122375
0.0177002	-0.132141
-0.323792	-0.1297
-0.434875	-0.117493
-0.438538	-0.102234
-0.440369	-0.0897217
-0.429077	-0.0814819
-0.341187	-0.0747681
-0.158997	-0.0656128
0.0671387	-0.0543213
0.248413	-0.0473022
0.329285	-0.0439453
0.325623	-0.0430298
0.283203	-0.0448608
0.215759	-0.0463867
0.111084	-0.0454712
-0.00854492	-0.0402832
-0.101929	-0.0305176
-0.141907	-0.0167847
-0.137939	-0.00305176
-0.0994873	0.00854492
-0.0442505	0.0137329
0.00762939	0.0134277
0.0216675	0.015564
-0.00762939	0.017395
-0.062561	0.0131226
-0.108337	0.00183105
-0.127563	-0.0112915
-0.106201	-0.0216675
-0.0622559	-0.0274658
-0.0344849	-0.0314331
-0.0115967	-0.03479
0.0283813	-0.0341797
0.0692749	-0.0311279
0.0872803	-0.0286865
0.0881958	-0.0268555
0.100708	-0.0247192
0.133972	-0.0213623
0.169067	-0.0167847
0.182495	-0.0128174
0.14801	-0.012207
0.0765991	-0.0186157
0.000915527	-0.0311279
-0.0531006	-0.0442505
-0.090332	-0.0552368
-0.114136	-0.062561
-0.107727	-0.0671387
-0.0704956	-0.072937
-0.0366211	-0.0784302
-0.0360107	-0.0817871
-0.0460815	-0.0811768
-0.0463867	-0.0750732
-0.0344849	-0.062561
-0.0119019	-0.0476074
0.00946045	-0.0375366
0.0131226	-0.032959
0.00274658	-0.0305176
-0.00701904	-0.0311279
-0.0106812	-0.0344849
-0.00793457	-0.0378418
-0.00640869	-0.0369263
-0.00457764	-0.0317383
0.00457764	-0.0262451
0.0180054	-0.0213623
0.0274658	-0.0131226
0.0332642	-0.000915527
0.0335693	0.00823975
0.0256348	0.012207
0.0140381	0.0146484
0.000915527	0.0158691
-0.0177002	0.0119019
-0.0534058	-0.00152588
-0.0854492	-0.0189209
-0.0933838	-0.0326538
-0.0759888	-0.0411987
-0.0442505	-0.045166
-0.00366211	-0.045166
0.0354004	-0.0418091
0.0549316	-0.032959
0.0576782	-0.0228882
0.0524902	-0.0146484
0.0454712	-0.00915527
0.0366211	-0.00671387
0.0238037	-0.00915527
0.00976563	-0.0164795
-0.00305176	-0.0241089
-0.00976563	-0.0302124
-0.00823975	-0.0344849
-0.00701904	-0.0390625
-0.010376	-0.0457764
-0.0106812	-0.0527954
0	-0.0552368
0.00335693	-0.0527954
-0.00457764	-0.0491333
-0.0149536	-0.0473022
-0.0119019	-0.0527954
0.000610352	-0.0640869
0.0204468	-0.0769043
0.0439453	-0.0875854
0.0619507	-0.09552
0.0506592	-0.098877
0.0137329	-0.0946045
-0.0131226	-0.0863647
-0.017395	-0.0787354
-0.0158691	-0.0701904
-0.0216675	-0.0598145
-0.022583	-0.0482178
-0.0146484	-0.0326538
-0.00976563	-0.0164795
-0.00915527	-0.00488281
-0.00915527	0.0012207
-0.00213623	0.0012207
0.0195313	-0.00427246
0.0384521	-0.0109863
0.0387573	-0.0198364
0.00976563	-0.0305176
-0.0216675	-0.0387573
-0.0418091	-0.0415039
-0.0753784	-0.0411987
-0.111084	-0.0405884
-0.124207	-0.038147
-0.0872803	-0.03479
-0.00610352	-0.0296021
0.0695801	-0.0228882
0.106812	-0.0158691
0.101929	-0.0137329
0.0762939	-0.0180054
0.0479126	-0.0216675
0.0289917	-0.0244141
0.0186157	-0.0271606
0.00518799	-0.0289917
-0.0167847	-0.0289917
-0.0515747	-0.0283813
-0.0778198	-0.0274658
-0.0787354	-0.0247192
-0.0512695	-0.0204468
-0.0244141	-0.0167847
-0.00183105	-0.017395
0.0183105	-0.0216675
0.0436401	-0.0286865
0.0552368	-0.0390625
0.0561523	-0.0531006
0.0469971	-0.0686646
0.0283813	-0.083313
0.000610352	-0.0933838
-0.0161743	-0.0973511
-0.00518799	-0.0973511
0.0198364	-0.0967407
0.03479	-0.0927734
0.0250244	-0.085144
0.00366211	-0.0778198
-0.0109863	-0.0732422
-0.00366211	-0.0714111
0.00213623	-0.065918
-0.000915527	-0.0561523
-0.0137329	-0.0454712
-0.0341797	-0.0363159
-0.0506592	-0.0308228
-0.0479126	-0.0250244
-0.0198364	-0.015564
0.00244141	-0.00488281
0.00244141	0.00183105
-0.0143433	0.00427246
-0.0262451	0.00396729
-0.020752	0.00549316
-0.0231934	0.0100708
-0.0305176	0.0161743
-0.0323486	0.0213623
-0.0177002	0.0201416
-0.00976563	0.0146484
-0.0115967	0.00946045
-0.00213623	0.00671387
0.0201416	0.0088501
0.0424194	0.0186157
0.0363159	0.0299072
0.017395	0.0390625
0.00671387	0.0454712
0.00915527	0.0479126
0.020752	0.0485229
0.0341797	0.0521851
0.0463867	0.0592041
0.0415039	0.0646973
0.0271606	0.0643921
0.0140381	0.0595093
0.0115967	0.0524902
0.00457764	0.0421143
-0.0134277	0.0299072
-0.0219727	0.0204468
-0.017395	0.0152588
-0.0161743	0.0109863
-0.0219727	0.00457764
-0.0189209	-0.00457764
0.0109863	-0.015564
0.0497437	-0.0280762
0.0665283	-0.0411987
0.0411987	-0.0488281
-0.00793457	-0.0476074
-0.0460815	-0.0415039
-0.0457764	-0.0332642
-0.0134277	-0.0228882
0.0112915	-0.0131226
0.000610352	-0.00671387
-0.0341797	-0.000915527
-0.0497437	0.00854492
-0.0302124	0.0204468
-0.00274658	0.0271606
0.0100708	0.0244141
0.0134277	0.012207
0.00457764	-0.00457764
-0.0100708	-0.0195313
-0.0204468	-0.0289917
-0.0213623	-0.0289917
-0.022583	-0.0234985
-0.0320435	-0.0183105
-0.0488281	-0.017395
-0.0592041	-0.020752
-0.0674438	-0.0216675
-0.0592041	-0.0161743
-0.0180054	-0.00762939
0.0479126	-0.000915527
0.110779	0.00213623
0.135193	0.00244141
0.118103	0.00183105
0.0665283	0.000610352
-0.00335693	-0.0012207
-0.0500488	-0.00396729
-0.0460815	-0.00915527
-0.0115967	-0.017395
0.0143433	-0.0268555
0.012207	-0.0366211
0.00549316	-0.0473022
0.0149536	-0.0582886
0.0274658	-0.0674438
0.0271606	-0.0726318
0.00457764	-0.0753784
-0.0234985	-0.0769043
-0.0302124	-0.0778198
-0.0250244	-0.0772095
-0.0189209	-0.0753784
-0.0134277	-0.0750732
0.00244141	-0.0769043
0.0192261	-0.0823975
0.0259399	-0.0897217
0.0216675	-0.0985718
0.00946045	-0.105896
-0.00549316	-0.107117
-0.0134277	-0.101929
-0.00152588	-0.0924683
0.0195313	-0.0808716
0.0195313	-0.0671387
-0.00579834	-0.0454712
-0.0378418	-0.00976563
-0.0512695	0.039978
-0.0418091	0.110168
-0.012207	0.202332
0.0265503	0.305786
0.0415039	0.406189
0.0259399	0.497742
-0.0170898	0.58197
-0.0744629	0.652466
-0.135498	0.700684
-0.172119	0.721436
-0.160828	0.706787
-0.0933838	0.652771
-0.00457764	0.565186
0.0643921	0.454712
0.112	0.330505
0.1651	0.200195
0.226746	0.0735474
0.252686	-0.0341797
0.206299	-0.116882
0.104675	-0.177612
0.0332642	-0.219727
-0.0332642	-0.24353
-0.177612	-0.248413
-0.324097	-0.238037
-0.325317	-0.217896
-0.198669	-0.194397
-0.112305	-0.171814
-0.132141	-0.150757
-0.149841	-0.133057
-0.0402832	-0.118408
0.178223	-0.105896
0.415039	-0.0939941
0.59021	-0.0827026
0.673523	-0.0759888
0.641174	-0.0738525
0.473022	-0.0750732
0.167542	-0.0738525
-0.202637	-0.0671387
-0.525818	-0.0579834
-0.71991	-0.0531006
-0.78949	-0.0561523
-0.770264	-0.0637817
-0.673523	-0.0732422
-0.480652	-0.0769043
-0.184021	-0.072937
0.190125	-0.067749
0.556335	-0.0656128
0.795288	-0.0643921
0.813904	-0.0604248
0.619507	-0.0527954
0.312805	-0.0439453
0.0216675	-0.0335693
-0.19989	-0.0222778
-0.369568	-0.0115967
-0.509033	-0.00183105
-0.586548	0.00427246
-0.526123	0.00396729
-0.294189	0.00152588
0.0518799	0.00274658
0.369873	0.0106812
0.530396	0.0198364
0.482483	0.0268555
0.282288	0.0299072
0.0518799	0.0283813
-0.106812	0.0228882
-0.153503	0.0183105
-0.112915	0.0170898
-0.0302124	0.017395
0.0488281	0.0134277
0.105896	0.00427246
0.132751	-0.00701904
0.121155	-0.0158691
0.0732422	-0.0189209
0.00213623	-0.0170898
-0.0750732	-0.0134277
-0.13855	-0.010376
-0.169373	-0.00793457
-0.172424	-0.00610352
-0.156555	-0.00518799
-0.12207	-0.00671387
-0.0689697	-0.0115967
-0.00427246	-0.0186157
0.0427246	-0.0271606
0.0558472	-0.0320435
0.0387573	-0.0326538
0.00823975	-0.0326538
-0.0170898	-0.0320435
-0.0305176	-0.0305176
-0.0289917	-0.0296021
-0.00213623	-0.0274658
0.0546265	-0.0238037
0.122375	-0.0183105
0.15686	-0.0140381
0.120544	-0.0140381
0.0335693	-0.0152588
-0.0418091	-0.0143433
-0.0726318	-0.0128174
-0.0616455	-0.0106812
-0.0253296	-0.00671387
0.0231934	0.000915527
0.0592041	0.0115967
0.0656128	0.0216675
0.0408936	0.0311279
0.00579834	0.0415039
-0.0228882	0.0524902
-0.0601196	0.0634766
-0.117798	0.0793457
-0.154114	0.0930786
-0.124207	0.09552
-0.0372314	0.0918579
0.0561523	0.0897217
0.114441	0.0906372
0.119324	0.0939941
0.0756836	0.0979614
0.0161743	0.0979614
-0.0302124	0.0939941
-0.0527954	0.0924683
-0.06073	0.0967407
-0.0579834	0.10498
-0.0418091	0.114136
-0.0128174	0.122986
0.0177002	0.13092
0.0360107	0.138245
0.0314331	0.145874
0.0186157	0.152893
0.0115967	0.157776
0.00823975	0.160522
0.00976563	0.163269
0.020752	0.166321
0.0360107	0.167236
0.0415039	0.1651
0.0283813	0.161438
0.00335693	0.15686
-0.0115967	0.149841
-0.0112915	0.13855
-0.00244141	0.124817
0.00946045	0.113525
0.00518799	0.108032
-0.0186157	0.103455
-0.0344849	0.0946045
-0.0460815	0.0848389
-0.0466919	0.0808716
-0.0375366	0.0817871
-0.0152588	0.0811768
0.0186157	0.0778198
0.0613403	0.0759888
0.0933838	0.0784302
0.0958252	0.0842285
0.0473022	0.0881958
-0.0500488	0.0823975
-0.13031	0.0708008
-0.140381	0.057373
-0.0857544	0.045166
-0.0228882	0.0384521
0.0198364	0.0335693
0.0564575	0.0253296
0.0839233	0.0167847
0.0823975	0.0115967
0.0485229	0.00946045
0.0100708	0.00823975
-0.0198364	0.0115967
-0.0439453	0.0204468
-0.0549316	0.0305176
-0.0402832	0.0369263
-0.0158691	0.0378418
0.00396729	0.0341797
0.0164795	0.0268555
0.032959	0.017395
0.0494385	0.00762939
0.0579834	-0.000915527
0.0518799	-0.00823975
0.0292969	-0.0158691
0.0012207	-0.0250244
-0.0167847	-0.03479
-0.0210571	-0.0436401
-0.0192261	-0.0497437
-0.0195313	-0.0521851
-0.0320435	-0.0543213
-0.0653076	-0.0592041
-0.147095	-0.0683594
-0.227966	-0.0830078
-0.245056	-0.101929
-0.159607	-0.116272
0.0473022	-0.120239
0.350647	-0.118103
0.653687	-0.115051
0.679626	-0.11261
0.32959	-0.108643
-0.147705	-0.0991821
-0.405579	-0.0823975
-0.391235	-0.0592041
-0.324707	-0.0375366
-0.339355	-0.0216675
-0.365906	-0.00915527
-0.294189	0
-0.112915	0.00640869
0.117188	0.00854492
0.323181	0.00518799
0.450439	-0.00488281
0.471497	-0.017395
0.380249	-0.0250244
0.178223	-0.0302124
-0.0827026	-0.0387573
-0.301514	-0.0473022
-0.394897	-0.0491333
-0.338135	-0.0445557
-0.171814	-0.0357056
0.022583	-0.0253296
0.149536	-0.015564
0.182495	-0.00762939
0.164185	0.0012207
0.138855	0.0088501
0.104675	0.0100708
0.0543213	0.00823975
0.00335693	0.00762939
-0.0418091	0.00671387
-0.083313	0.00335693
-0.121155	-0.0012207
-0.153503	-0.00488281
-0.161438	-0.00701904
-0.133667	-0.00762939
-0.0762939	-0.00640869
-0.00427246	-0.00518799
0.0576782	-0.00610352
0.09552	-0.0119019
0.114441	-0.0213623
0.123596	-0.0308228
0.111694	-0.0396729
0.0704956	-0.0485229
0.0283813	-0.0540161
0.00793457	-0.0543213
-0.00457764	-0.0543213
-0.0204468	-0.0549316
-0.032959	-0.0552368
-0.0265503	-0.0540161
-0.00854492	-0.0500488
0.00213623	-0.0427246
-0.00610352	-0.03479
-0.0241089	-0.0289917
-0.0289917	-0.0274658
-0.012207	-0.0289917
0.0134277	-0.0317383
0.0299072	-0.0296021
0.0393677	-0.0234985
0.0494385	-0.0170898
0.0527954	-0.0131226
0.0238037	-0.00915527
-0.0415039	-0.00396729
-0.114746	0.00274658
-0.150757	0.00915527
-0.128479	0.0161743
-0.062561	0.0216675
0.00671387	0.0213623
0.0549316	0.0170898
0.0811768	0.0115967
0.0881958	0.00579834
0.0650024	0.000610352
0.0112915	-0.00518799
-0.0570679	-0.0109863
-0.112	-0.0152588
-0.131531	-0.017395
-0.103455	-0.0192261
-0.0418091	-0.0189209
0.0253296	-0.0158691
0.0714111	-0.0106812
0.0927734	-0.00579834
0.101624	-0.00366211
0.0979614	-0.00518799
0.0726318	-0.00946045
0.0292969	-0.0149536
-0.00274658	-0.0186157
-0.0183105	-0.0210571
-0.0311279	-0.0253296
-0.0473022	-0.0320435
-0.0549316	-0.0418091
-0.043335	-0.0521851
-0.015564	-0.0598145
0.0158691	-0.0634766
0.0335693	-0.0628662
0.0344849	-0.0582886
0.0234985	-0.050354
0.00762939	-0.0454712
-0.00488281	-0.0491333
0	-0.0564575
0.0274658	-0.0585938
0.0582886	-0.0585938
0.0765991	-0.062561
0.0643921	-0.065918
0.0265503	-0.0662231
-0.0152588	-0.0640869
-0.0427246	-0.0610352
-0.0512695	-0.0579834
-0.0430298	-0.0527954
-0.0274658	-0.043335
-0.0189209	-0.0308228
-0.0238037	-0.0198364
-0.0317383	-0.0115967
-0.0238037	-0.00244141
0.00152588	0.00701904
0.0396729	0.00854492
0.0640869	-0.0012207
0.039978	-0.010376
-0.0161743	-0.0112915
-0.06073	-0.00610352
-0.0732422	-0.00152588
-0.0662231	0.000915527
-0.0616455	0.00305176
-0.0567627	0.00427246
-0.043335	0.00274658
-0.0140381	-0.000915527
0.0250244	-0.00305176
0.06073	-0.000915527
0.0695801	0.00305176
0.0408936	0.00549316
0.00549316	0.00335693
-0.0088501	-0.00183105
-0.00305176	-0.00854492
0.000610352	-0.0167847
-0.00366211	-0.022583
0.00213623	-0.0241089
0.0143433	-0.0256348
0.0164795	-0.0283813
0.00213623	-0.0317383
-0.0167847	-0.0344849
-0.0213623	-0.0375366
-0.00854492	-0.0418091
0.00946045	-0.0454712
0.0183105	-0.0469971
0.0167847	-0.045166
0.0219727	-0.0408936
0.0393677	-0.0418091
0.0598145	-0.0500488
0.067749	-0.0637817
0.0558472	-0.0720215
0.0286865	-0.0723267
-0.00915527	-0.0704956
-0.0421143	-0.0698853
-0.0588989	-0.0646973
-0.0564575	-0.0543213
-0.0405884	-0.045166
-0.0274658	-0.0424194
-0.0131226	-0.039978
-0.00152588	-0.0314331
-0.00579834	-0.0170898
-0.0305176	-0.000610352
-0.0558472	0.0115967
-0.0585938	0.0149536
-0.0402832	0.0119019
-0.0149536	0.00640869
0.0192261	0.00183105
0.062561	-0.000305176
0.0866699	0.000610352
0.0613403	0.0012207
0.00579834	-0.0012207
-0.0241089	-0.00854492
-0.00793457	-0.0152588
0.0167847	-0.017395
0.00579834	-0.0149536
-0.0350952	-0.010376
-0.055542	-0.00732422
-0.0167847	-0.00640869
0.0424194	-0.00549316
0.065918	-0.00213623
0.0366211	0.000610352
-0.0112915	0
-0.0448608	-0.00366211
-0.055542	-0.00915527
-0.045166	-0.0158691
-0.0146484	-0.0241089
0.0219727	-0.0335693
0.0378418	-0.0436401
0.0234985	-0.0537109
-0.00244141	-0.0656128
-0.0204468	-0.0796509
-0.0106812	-0.0900269
0.0115967	-0.0933838
0.0189209	-0.090332
0.00823975	-0.083313
0.00213623	-0.0741577
0.0131226	-0.0646973
0.0222778	-0.0564575
0.00946045	-0.0491333
-0.0204468	-0.0415039
-0.0411987	-0.0323486
-0.0418091	-0.0241089
-0.00854492	-0.0219727
0.0485229	-0.0262451
0.0958252	-0.0323486
0.100403	-0.0366211
0.0549316	-0.0369263
-0.017395	-0.0338745
-0.0799561	-0.027771
-0.106201	-0.020752
-0.0958252	-0.0125122
-0.0613403	-0.00274658
-0.022583	0.00823975
0.00671387	0.020752
0.0259399	0.0350952
0.0350952	0.0473022
0.0411987	0.0512695
0.0485229	0.0436401
0.0598145	0.032959
0.0686646	0.0262451
0.065918	0.0222778
0.0445557	0.0180054
-0.0131226	0.0128174
-0.0985718	0.00610352
-0.155029	0.00213623
-0.1474	0.00274658
-0.0857544	0.00488281
-0.0170898	0.00732422
0.0256348	0.0119019
0.0524902	0.0210571
0.0759888	0.0296021
0.0808716	0.0317383
0.0558472	0.0289917
0.0100708	0.0241089
-0.0259399	0.0216675
-0.0253296	0.0241089
-0.0012207	0.0283813
0.0131226	0.0311279
0.00823975	0.0308228
-0.00244141	0.027771
-0.0088501	0.0241089
-0.00671387	0.0210571
0.00396729	0.0143433
0.0146484	0.00335693
0.0210571	-0.0100708
0.0228882	-0.0195313
0.0247192	-0.0231934
0.0253296	-0.0268555
0.0183105	-0.0305176
0.00610352	-0.0280762
-0.0170898	-0.0213623
-0.0537109	-0.0125122
-0.0982666	-0.00366211
-0.120544	0.00152588
-0.0939941	0.000305176
-0.0335693	-0.00518799
0.0238037	-0.0131226
0.0549316	-0.0234985
0.071106	-0.0363159
0.0836182	-0.0521851
0.0872803	-0.072937
0.0811768	-0.0909424
0.0686646	-0.093689
0.050354	-0.0799561
0.0228882	-0.0570679
-0.0241089	-0.0341797
-0.0848389	-0.012207
-0.133667	0.0112915
-0.129089	0.0323486
-0.0619507	0.0460815
0.0192261	0.0512695
0.071106	0.0476074
0.0823975	0.038147
0.0793457	0.0241089
0.0708008	0.00671387
0.0396729	-0.0146484
-0.017395	-0.0375366
-0.0793457	-0.0567627
-0.115051	-0.067749
-0.110779	-0.0701904
-0.0866699	-0.0695801
-0.0656128	-0.0686646
-0.0524902	-0.0683594
-0.0286865	-0.0680542
0.0265503	-0.0674438
0.090332	-0.0665283
0.125122	-0.065918
0.113831	-0.0674438
0.072937	-0.0723267
0.0259399	-0.0784302
-0.00854492	-0.0860596
-0.0195313	-0.0952148
-0.00915527	-0.106201
0.00976563	-0.114746
0.0244141	-0.117493
0.0296021	-0.116272
0.0262451	-0.115051
0.0146484	-0.110779
-0.0012207	-0.0946045
-0.015564	-0.0631714
-0.0131226	-0.0186157
0.00488281	0.0384521
0.0274658	0.108337
0.0427246	0.191345
0.038147	0.28656
-0.00183105	0.390015
-0.0637817	0.494995
-0.122681	0.595703
-0.153503	0.687256
-0.151062	0.757446
-0.132751	0.793152
-0.111389	0.7901
-0.0845337	0.749512
-0.0363159	0.675659
0.043335	0.57373
0.127258	0.445557
0.193481	0.300598
0.225525	0.15625
0.202942	0.0256348
0.137634	-0.083313
0.0820923	-0.16571
-0.00671387	-0.220032
-0.124207	-0.247192
-0.198059	-0.252075
-0.172424	-0.243835
-0.12146	-0.22644
-0.163574	-0.205078
-0.273743	-0.182495
-0.291443	-0.159912
-0.0946045	-0.140381
0.25116	-0.126953
0.568542	-0.121155
0.73761	-0.119629
0.758972	-0.116882
0.655823	-0.109558
0.392456	-0.0991821
-0.0354004	-0.0927734
-0.498352	-0.0933838
-0.799561	-0.0933838
-0.854187	-0.088501
-0.733948	-0.0827026
-0.557556	-0.0772095
-0.402222	-0.0744629
-0.273743	-0.0759888
-0.113831	-0.0750732
0.124512	-0.0650024
0.426025	-0.0473022
0.682068	-0.0274658
0.775757	-0.0137329
0.649109	-0.00823975
0.346069	-0.0109863
-0.0177002	-0.0167847
-0.327454	-0.0198364
-0.519409	-0.0201416
-0.570068	-0.0247192
-0.484619	-0.0366211
-0.274048	-0.050354
0.0119019	-0.0595093
0.284119	-0.06073
0.451965	-0.0552368
0.47821	-0.0463867
0.383606	-0.0341797
0.222168	-0.0189209
0.0570679	-0.00244141
-0.0689697	0.012207
-0.144348	0.0210571
-0.162659	0.0216675
-0.126953	0.0158691
-0.0570679	0.00610352
0.020752	-0.00671387
0.0765991	-0.0204468
0.100098	-0.0302124
0.0878906	-0.0338745
0.038147	-0.0338745
-0.0335693	-0.0308228
-0.101929	-0.022583
-0.150146	-0.0134277
-0.172729	-0.0100708
-0.171814	-0.0128174
-0.148621	-0.0180054
-0.111084	-0.0262451
-0.0732422	-0.0350952
-0.0482178	-0.0378418
-0.0305176	-0.0405884
0.000305176	-0.0448608
0.0317383	-0.0445557
0.0415039	-0.0366211
0.0289917	-0.0231934
0.0219727	-0.0100708
0.0405884	-0.00152588
0.0790405	0
0.120544	-0.00335693
0.144043	-0.00579834
0.119324	-0.00488281
0.067749	-0.00335693
0.0222778	-0.00854492
-0.00518799	-0.0192261
-0.0292969	-0.0286865
-0.0546265	-0.0314331
-0.0698853	-0.0222778
-0.0775146	-0.00457764
-0.0704956	0.0119019
-0.0531006	0.0222778
-0.0424194	0.0286865
-0.0405884	0.0363159
-0.0296021	0.0460815
0.0115967	0.0534058
0.0735474	0.0558472
0.13092	0.0534058
0.150146	0.0494385
0.125427	0.0479126
0.0701904	0.0497437
0.00335693	0.0537109
-0.0537109	0.0595093
-0.0686646	0.0662231
-0.0546265	0.0769043
-0.0442505	0.0906372
-0.0683594	0.104065
-0.0866699	0.120544
-0.085144	0.137939
-0.0518799	0.149536
-0.0198364	0.157166
0.0216675	0.164185
0.0598145	0.168762
0.0958252	0.167847
0.105591	0.160828
0.0875854	0.149841
0.093689	0.138855
0.0894165	0.133057
0.00640869	0.134277
-0.145264	0.138855
-0.253906	0.143127
-0.233154	0.146179
-0.123596	0.149841
0.0274658	0.15625
0.148621	0.1651
0.192566	0.174561
0.134583	0.184021
0.0164795	0.188293
-0.085144	0.184631
-0.12085	0.176086
-0.0872803	0.167542
-0.0296021	0.158997
0.0134277	0.147095
0.0595093	0.137939
0.027771	0.135193
-0.065918	0.138855
-0.12207	0.148621
-0.0756836	0.160522
0.00976563	0.170288
0.0967407	0.174866
0.186768	0.169067
0.404358	0.153809
0.542603	0.138245
0.311584	0.121155
-0.237122	0.0958252
-0.81604	0.0646973
-0.890808	0.0283813
-0.504761	-0.00915527
0.177612	-0.039978
0.653076	-0.0579834
0.717468	-0.0598145
0.477905	-0.050354
0.134888	-0.038147
-0.21759	-0.0259399
-0.465698	-0.0134277
-0.101624	-0.00305176
0.561218	0.00213623
0.315857	0.00457764
-0.694885	0.00457764
-1.42517	0
-0.996094	-0.0106812
-0.0964355	-0.027771
0.559387	-0.0424194
0.737915	-0.0421143
0.76355	-0.03479
0.776367	-0.0256348
0.701599	-0.0161743
0.536499	-0.00518799
0.000305176	0.00518799
-0.527039	0.00976563
-0.812988	0.00793457
-0.736694	0.00305176
-0.541687	-0.00427246
-0.348206	-0.015564
-0.0769043	-0.0302124
0.195923	-0.039978
0.392761	-0.0384521
0.443726	-0.0262451
0.39032	-0.0106812
0.215454	-0.00305176
0.0109863	-0.00488281
-0.154724	-0.00549316
-0.241394	-0.00549316
-0.256653	-0.0115967
-0.239258	-0.020752
-0.159607	-0.0317383
-0.0158691	-0.045166
0.111084	-0.0561523
0.211487	-0.0576782
0.224609	-0.0518799
0.180969	-0.0436401
0.0866699	-0.0341797
-0.0146484	-0.0222778
-0.0683594	-0.0115967
0.0265503	-0.00640869
0.336609	-0.00946045
0.535583	-0.0204468
-0.168762	-0.0341797
-0.422363	-0.045166
1.45233	-0.0537109
2.33459	-0.0567627
0.74707	-0.0527954
-3.37616	-0.0454712
-6.17828	-0.0363159
-5.27161	-0.0256348
-1.06171	-0.0149536
3.21503	-0.00396729
5.25696	0.00305176
4.95087	0.000305176
3.22723	-0.0125122
1.19049	-0.0335693
-0.662231	-0.0543213
-1.79535	-0.067749
-2.02667	-0.0769043
-1.59912	-0.0854492
-0.969543	-0.0949097
-0.458679	-0.101013
-0.254211	-0.0906372
-0.216675	-0.0631714
-0.158386	-0.0292969
-0.0088501	0.000610352
0.134583	0.0234985
0.176392	0.039978
0.117188	0.0497437
0.0439453	0.0543213
0.0576782	0.0540161
0.141907	0.0494385
0.231934	0.0402832
0.255432	0.0241089
0.213928	0.00457764
0.151367	-0.0143433
0.102844	-0.0292969
0.0662231	-0.0390625
0.0204468	-0.0445557
-0.0485229	-0.0463867
-0.116882	-0.0479126
-0.157776	-0.0558472
-0.140381	-0.0674438
-0.0991821	-0.0680542
-0.0631714	-0.0582886
-0.0457764	-0.050354
-0.00518799	-0.0457764
0.0454712	-0.0402832
0.0991821	-0.0350952
0.105591	-0.0335693
0.0732422	-0.0280762
0.017395	-0.0134277
-0.0469971	-0.000915527
-0.100403	0.00396729
-0.139771	0.00213623
-0.13916	-0.00244141
-0.128784	-0.00640869
-0.0949097	-0.0152588
-0.0552368	-0.0314331
0.00640869	-0.0460815
0.0708008	-0.0524902
0.114746	-0.0567627
0.13092	-0.0582886
0.107422	-0.0521851
0.072937	-0.0421143
0.0759888	-0.0341797
0.0518799	-0.0283813
0.0283813	-0.0222778
-0.038147	-0.0128174
-0.127869	-0.000610352
-0.181885	0.00854492
-0.0753784	0.0146484
0.124512	0.0164795
0.289001	0.0100708
0.26062	-0.00152588
0.112	-0.0112915
-0.0436401	-0.017395
-0.137634	-0.0210571
-0.144958	-0.0238037
0.117798	-0.0222778
0.233154	-0.0192261
-0.0622559	-0.020752
-0.414734	-0.0314331
-0.473938	-0.0485229
-0.278625	-0.0588989
-0.20874	-0.0576782
-0.172119	-0.0518799
0.0653076	-0.0488281
0.430298	-0.0466919
0.634155	-0.0424194
0.502625	-0.0384521
0.217285	-0.0372314
-0.0305176	-0.039978
-0.164185	-0.0442505
-0.194397	-0.0476074
-0.171814	-0.0500488
0.179138	-0.0546265
0.0253296	-0.0552368
-0.469666	-0.0448608
-0.66925	-0.0308228
-0.222473	-0.022583
0.357666	-0.0183105
0.463257	-0.0131226
0.3302	-0.00579834
0.101013	0.00488281
-0.00396729	0.0137329
0.0100708	0.0146484
0.231323	0.00823975
0.340576	-0.00549316
0.141296	-0.020752
-0.287476	-0.0320435
-0.666809	-0.0372314
-0.762634	-0.0344849
-0.556335	-0.0244141
-0.173645	-0.00762939
0.172119	0.00213623
0.344543	-0.00335693
0.294189	-0.0180054
0.184937	-0.0320435
0.259399	-0.0430298
0.366516	-0.0549316
0.260925	-0.0683594
-0.0494385	-0.0845337
-0.247803	-0.101013
-0.135498	-0.112305
0.209961	-0.119324
0.517273	-0.121155
0.493774	-0.113525
0.112305	-0.0994873
-0.394592	-0.0845337
-0.704041	-0.0775146
-0.691528	-0.0796509
-0.448303	-0.0839233
-0.171814	-0.0857544
0.0482178	-0.0866699
0.301514	-0.0927734
0.480347	-0.103149
0.45166	-0.104675
0.160217	-0.0946045
-0.269775	-0.0784302
-0.723572	-0.057373
-0.768738	-0.0317383
-0.0146484	-0.00579834
0.896301	0.0167847
1.22559	0.0326538
0.736694	0.0378418
-0.0140381	0.0360107
-0.542908	0.0256348
-0.733948	0.00549316
-0.749512	-0.0164795
-0.693054	-0.0375366
-0.335388	-0.0558472
0.291748	-0.0726318
0.9729	-0.0854492
1.20911	-0.0927734
1.04919	-0.093689
0.374146	-0.0869751
-0.653076	-0.0741577
-1.42365	-0.0595093
-1.5036	-0.0485229
-0.884399	-0.045166
-0.137329	-0.0491333
0.326538	-0.057373
0.407715	-0.0646973
0.538025	-0.0744629
0.857544	-0.0964355
1.11053	-0.118713
0.933533	-0.125427
0.329285	-0.122986
-0.353088	-0.119934
-0.785522	-0.115356
-0.855408	-0.104675
-0.668335	-0.0878906
-0.36438	-0.0717163
-0.0454712	-0.057373
0.183411	-0.0430298
0.367126	-0.0341797
0.43396	-0.0350952
0.271912	-0.045166
0.100098	-0.0579834
0.0488281	-0.0674438
-0.0491333	-0.0717163
-0.297241	-0.0698853
-0.522766	-0.0643921
-0.599976	-0.0653076
-0.447388	-0.0808716
-0.0384521	-0.0918579
0.486145	-0.0820923
0.832214	-0.0643921
0.769958	-0.0518799
0.421448	-0.0537109
0.272217	-0.0680542
0.105286	-0.0793457
-0.411377	-0.0784302
-1.13251	-0.0671387
-1.2912	-0.0518799
-0.664368	-0.038147
0.205994	-0.0299072
0.760498	-0.0244141
0.787048	-0.0210571
0.566101	-0.0195313
0.282288	-0.0219727
-0.020752	-0.0308228
-0.337524	-0.039978
-0.618591	-0.0488281
-0.627747	-0.0601196
-0.155029	-0.0726318
0.51178	-0.083313
0.943604	-0.090332
0.827026	-0.0976563
0.325928	-0.109253
-0.12146	-0.12207
-0.324402	-0.129395
-0.419617	-0.130615
-0.4953	-0.1297
-0.492249	-0.129395
-0.360107	-0.135498
-0.179443	-0.142822
-0.0216675	-0.144958
0.126343	-0.144653
0.180969	-0.140381
0.38208	-0.132446
0.57312	-0.126648
0.601501	-0.122986
0.344238	-0.122986
-0.0421143	-0.128174
-0.305481	-0.136108
-0.317688	-0.14679
-0.203857	-0.158691
-0.136719	-0.164185
-0.166626	-0.162354
-0.215759	-0.161133
-0.267639	-0.161743
-0.430908	-0.163269
-0.371704	-0.166016
0.0979614	-0.167542
0.684204	-0.166931
0.903625	-0.1651
0.597534	-0.164185
0.0521851	-0.164185
-0.362244	-0.166626
-0.548401	-0.170288
-0.61615	-0.173645
-0.700073	-0.171509
-0.435791	-0.165405
0.162048	-0.161743
0.687866	-0.159912
0.750122	-0.158081
0.411072	-0.157166
-0.000915527	-0.160217
-0.254822	-0.169678
-0.303345	-0.180969
-0.211792	-0.188293
-0.118408	-0.193787
-0.207214	-0.199585
-0.290833	-0.209351
0.0564575	-0.222778
0.59021	-0.233459
0.853271	-0.239258
0.597534	-0.243225
0.119629	-0.246887
-0.312805	-0.246582
-0.54657	-0.236816
-0.535583	-0.220642
-0.297852	-0.197449
-0.0088501	-0.166931
0.199585	-0.128479
0.260925	-0.0802612
0.247192	-0.0238037
0.183105	0.0418091
0.0921631	0.121155
0.00762939	0.207825
-0.0756836	0.296326
-0.154114	0.38147
-0.248108	0.463257
-0.359192	0.540161
-0.503845	0.600281
-0.258789	0.628052
0.202942	0.619202
0.516968	0.577698
0.379028	0.509033
-0.0411987	0.418396
-0.358582	0.306702
-0.345764	0.176392
-0.128174	0.0354004
0.0927734	-0.0991821
0.20874	-0.210571
0.227051	-0.291443
0.178528	-0.342712
0.0439453	-0.371704
-0.124512	-0.383911
-0.194092	-0.379639
-0.127258	-0.361328
-0.0250244	-0.331726
-0.0360107	-0.299072
-0.141296	-0.268555
-0.219421	-0.241699
-0.140991	-0.219727
0.0881958	-0.204773
0.40863	-0.198975
0.739441	-0.200806
1.0083	-0.201111
1.0791	-0.195007
0.845337	-0.185547
0.300293	-0.176392
-0.374756	-0.169373
-0.924377	-0.161133
-1.19171	-0.14679
-1.20026	-0.126953
-1.06323	-0.108337
-0.868835	-0.0958252
-0.586243	-0.0857544
-0.144043	-0.0756836
0.352173	-0.0698853
0.777588	-0.067749
0.997314	-0.0668335
0.970459	-0.0674438
0.707703	-0.071106
0.333557	-0.0802612
-0.0146484	-0.0924683
-0.284729	-0.0982666
-0.493469	-0.0985718
-0.602112	-0.0961304
-0.571594	-0.0930786
-0.39917	-0.0921631
-0.144653	-0.0933838
0.124817	-0.093689
0.317993	-0.0900269
0.405579	-0.0842285
0.394287	-0.0793457
0.325012	-0.0778198
0.229187	-0.0802612
0.112	-0.0845337
-0.010376	-0.0878906
-0.0930786	-0.0906372
-0.093689	-0.0924683
-0.0570679	-0.0942993
-0.0253296	-0.098877
0.0213623	-0.101013
0.0772095	-0.0985718
0.114136	-0.0939941
0.0704956	-0.0915527
-0.0250244	-0.0872803
-0.123596	-0.0790405
-0.166931	-0.0680542
-0.169983	-0.0564575
-0.174255	-0.043335
-0.174866	-0.0289917
-0.162048	-0.0170898
-0.131531	-0.00976563
-0.120239	-0.00305176
-0.110779	0.00366211
-0.0909424	0.00732422
-0.032959	0.00427246
0.0543213	-0.00549316
0.124207	-0.0170898
0.167236	-0.0256348
0.162048	-0.032959
0.146179	-0.0405884
0.12146	-0.050354
0.0930786	-0.0598145
0.0515747	-0.0646973
-0.000610352	-0.0619507
-0.0262451	-0.0561523
-0.0366211	-0.0515747
-0.0106812	-0.0485229
0.0231934	-0.0442505
0.0561523	-0.0393677
0.0637817	-0.03479
0.0512695	-0.0302124
0.0527954	-0.0253296
0.062561	-0.0192261
0.0582886	-0.00854492
0.0131226	0.00183105
-0.0756836	0.0128174
-0.160522	0.0265503
-0.213623	0.0363159
-0.2005	0.0372314
-0.143738	0.0393677
-0.0924683	0.0506592
-0.0241089	0.0634766
0.090332	0.0714111
0.218506	0.0744629
0.26001	0.0747681
0.194702	0.0750732
0.0531006	0.0769043
-0.0994873	0.0836182
-0.221558	0.0921631
-0.285339	0.0961304
-0.222473	0.0976563
-0.0244141	0.0979614
0.207214	0.0982666
0.33783	0.0994873
0.325012	0.102234
0.213013	0.105591
0.0643921	0.110779
-0.0759888	0.120544
-0.2005	0.133057
-0.274963	0.145569
-0.292969	0.155945
-0.23407	0.16449
-0.124817	0.172119
-0.0280762	0.180359
0.0439453	0.187073
0.0854492	0.186462
0.118103	0.176392
0.137634	0.162354
0.12207	0.148621
0.0881958	0.134277
0.0241089	0.116882
-0.0250244	0.0958252
-0.0442505	0.0759888
-0.0271606	0.0601196
0.0140381	0.0466919
0.0454712	0.0350952
0.0653076	0.0314331
0.0494385	0.032959
0.0198364	0.0354004
-0.00396729	0.0378418
-0.0140381	0.0408936
-0.0143433	0.0421143
-0.0271606	0.039978
-0.0170898	0.0354004
0.000610352	0.0296021
0.0170898	0.0228882
0.0183105	0.0128174
0.00610352	0.000915527
0.00793457	-0.00762939
0.0164795	-0.0152588
0.038147	-0.0253296
0.0500488	-0.0323486
0.0320435	-0.0323486
-0.000610352	-0.027771
-0.0500488	-0.0241089
-0.101318	-0.0228882
-0.138855	-0.0222778
-0.134583	-0.0183105
-0.0845337	-0.00854492
-0.0268555	0.00305176
0.00671387	0.010376
0.0177002	0.0125122
0.0415039	0.0128174
0.0866699	0.015564
0.108948	0.0189209
0.0942993	0.0167847
0.050354	0.00579834
0.00488281	-0.0100708
-0.0415039	-0.0231934
-0.09552	-0.0326538
-0.172119	-0.0430298
-0.264587	-0.0527954
-0.332642	-0.06073
-0.264282	-0.0692749
-0.00762939	-0.078125
0.379944	-0.0872803
0.739136	-0.0924683
0.843506	-0.0939941
0.566101	-0.0970459
0.055542	-0.0973511
-0.376282	-0.0930786
-0.575867	-0.0888062
-0.539551	-0.0860596
-0.388184	-0.0839233
-0.223999	-0.078125
-0.123291	-0.0668335
-0.0827026	-0.0506592
-0.0466919	-0.0326538
0.0335693	-0.0170898
0.166931	-0.0115967
0.291748	-0.0152588
0.349426	-0.020752
0.313416	-0.0241089
0.192566	-0.0253296
0.0424194	-0.0271606
-0.083313	-0.0299072
-0.156555	-0.0326538
-0.175781	-0.0344849
-0.151062	-0.0335693
-0.0869751	-0.0305176
-0.0140381	-0.0241089
0.0488281	-0.0115967
0.0973511	0.00335693
0.116577	0.0152588
0.0811768	0.0204468
-0.000305176	0.0192261
-0.0778198	0.0146484
-0.125427	0.0109863
-0.144348	0.00946045
-0.144653	0.00640869
-0.136719	-0.00457764
-0.10498	-0.0198364
-0.0567627	-0.0283813
-0.00457764	-0.0292969
0.0335693	-0.027771
0.0628662	-0.0259399
0.0994873	-0.0228882
0.144958	-0.017395
0.166321	-0.0088501
0.152283	0
0.124817	0.00701904
0.0897217	0.0134277
0.0546265	0.0183105
0.0183105	0.0201416
-0.015564	0.0180054
-0.0479126	0.0119019
-0.0686646	-0.000305176
-0.0665283	-0.0183105
-0.0375366	-0.0354004
-0.00396729	-0.0466919
0.00946045	-0.0531006
-0.00610352	-0.0567627
-0.0289917	-0.06073
-0.038147	-0.0610352
-0.0411987	-0.0552368
-0.0485229	-0.0439453
-0.0491333	-0.0292969
-0.0375366	-0.0140381
-0.0427246	-0.00152588
-0.0564575	0.00366211
-0.0689697	0.00366211
-0.0375366	0.00183105
0.00854492	0.0012207
0.0289917	0.0012207
0.00854492	0.00213623
-0.0183105	0.00305176
-0.0286865	0.00366211
-0.0119019	0.00488281
0.00183105	0.00671387
0.00427246	0.00762939
0.000305176	0.00671387
-0.00366211	0.00518799
0.00335693	0.00610352
0.00762939	0.00610352
0.0128174	0.00183105
0.0338745	-0.00610352
0.0744629	-0.017395
0.106506	-0.0292969
0.114136	-0.0360107
0.0909424	-0.0390625
0.0540161	-0.0421143
0.015564	-0.0430298
-0.0115967	-0.0411987
-0.0204468	-0.0396729
-0.0177002	-0.0384521
-0.00549316	-0.0366211
0.00183105	-0.0314331
0.000305176	-0.0195313
-0.00701904	-0.00579834
-0.015564	0.00488281
-0.0408936	0.0100708
-0.0653076	0.00701904
-0.0765991	-0.00335693
-0.0656128	-0.0140381
-0.0244141	-0.022583
0.0448608	-0.0286865
0.106201	-0.0335693
0.134277	-0.0375366
0.0906372	-0.038147
0.0146484	-0.0366211
-0.0622559	-0.032959
-0.115356	-0.0256348
-0.137939	-0.0158691
-0.129089	-0.00335693
-0.0769043	0.00671387
-0.012207	0.010376
0.0479126	0.00762939
0.062561	-0.00244141
0.0473022	-0.0167847
0.0167847	-0.0280762
-0.00366211	-0.0332642
-0.00701904	-0.0350952
-0.0189209	-0.0369263
-0.0466919	-0.0344849
-0.0839233	-0.027771
-0.0799561	-0.0192261
-0.0436401	-0.0119019
0.0250244	-0.00640869
0.0906372	-0.00274658
0.116272	0.00183105
0.10498	0.00610352
0.0836182	0.00762939
0.078125	0.00335693
0.0546265	-0.00488281
-0.015564	-0.0152588
-0.107422	-0.0262451
-0.162354	-0.0350952
-0.144348	-0.0387573
-0.0689697	-0.0357056
0.0186157	-0.0305176
0.0827026	-0.0265503
0.108948	-0.0201416
0.101318	-0.0119019
0.0585938	-0.00549316
0.00427246	-0.00213623
-0.0286865	-0.00213623
-0.0280762	-0.00396729
-0.0131226	-0.00457764
-0.00396729	-0.00854492
-0.000305176	-0.0177002
0.00610352	-0.0292969
0.0253296	-0.0411987
0.0509644	-0.0479126
0.071106	-0.0500488
0.0769043	-0.0527954
0.067749	-0.0546265
0.0500488	-0.0518799
0.0308228	-0.0466919
-0.00640869	-0.0405884
-0.0570679	-0.0344849
-0.110779	-0.0280762
-0.140991	-0.0198364
-0.151978	-0.010376
-0.156555	-0.00244141
-0.143433	0
-0.0967407	-0.00549316
-0.0186157	-0.010376
0.0402832	-0.0088501
0.0735474	-0.00244141
0.0814819	0.00274658
0.0888062	0.00518799
0.0820923	0.00457764
0.0613403	0.00305176
0.0338745	0.00610352
0.00915527	0.0134277
-0.00854492	0.0210571
-0.0280762	0.0250244
-0.0344849	0.0244141
-0.0436401	0.0186157
-0.0311279	0.00854492
-0.0280762	-0.00305176
-0.0100708	-0.0125122
0.00366211	-0.0189209
0.03479	-0.020752
0.0598145	-0.0189209
0.0814819	-0.0167847
0.0820923	-0.0164795
0.0564575	-0.0143433
0.022583	-0.00610352
-0.0161743	0.00366211
-0.0421143	0.0100708
-0.0515747	0.0140381
-0.0210571	0.0192261
0.0280762	0.0231934
0.0668335	0.0198364
0.0448608	0.00946045
-0.00274658	-0.00305176
-0.0436401	-0.0149536
-0.0378418	-0.0265503
-0.0222778	-0.0335693
-0.00183105	-0.0366211
0.00335693	-0.0436401
0.0158691	-0.0534058
0.00976563	-0.0570679
-0.0228882	-0.0509644
-0.0701904	-0.0396729
-0.0967407	-0.0244141
-0.0906372	-0.00366211
-0.0515747	0.0189209
0.00427246	0.0366211
0.0457764	0.0460815
0.0570679	0.0540161
0.0457764	0.0628662
0.0250244	0.067749
0.00335693	0.0686646
-0.0125122	0.0668335
-0.0143433	0.0650024
0.00335693	0.0637817
0.0109863	0.06073
0.0115967	0.0592041
0.0125122	0.06073
0.0213623	0.0692749
0.0201416	0.0793457
0.124817	0.0830078
0.435486	0.0799561
0.601501	0.0753784
-0.00305176	0.0723267
-0.979614	0.0683594
-1.47064	0.06073
-1.00952	0.0524902
-0.0543213	0.045166
0.730286	0.0375366
1.02783	0.0289917
0.948486	0.0228882
0.65979	0.0198364
0.323486	0.0192261
-0.000610352	0.0204468
-0.224915	0.0234985
-0.349731	0.0268555
-0.348511	0.0289917
-0.280457	0.0305176
-0.189514	0.0335693
-0.106506	0.0360107
-0.0360107	0.0363159
0.0268555	0.0360107
0.0634766	0.0375366
0.0640869	0.0375366
0.0390625	0.0323486
0.0109863	0.022583
-0.0131226	0.0125122
-0.0421143	0.00335693
-0.0683594	-0.00518799
-0.0753784	-0.0146484
-0.0479126	-0.027771
0.00762939	-0.043335
0.0662231	-0.0534058
0.0805664	-0.0524902
0.0402832	-0.043335
-0.0228882	-0.0305176
-0.0585938	-0.0170898
-0.0430298	-0.00732422
0.00610352	0.000610352
0.0442505	0.00854492
0.0415039	0.0167847
0.0143433	0.0247192
0.0164795	0.0305176
0.043335	0.0289917
0.0488281	0.0170898
-0.00732422	0
-0.0823975	-0.017395
-0.0765991	-0.0308228
-0.0238037	-0.0372314
0.0201416	-0.0396729
0.0296021	-0.0430298
0.0378418	-0.0500488
0.0280762	-0.0582886
-0.00610352	-0.0628662
-0.039978	-0.0610352
-0.0292969	-0.0546265
0.015564	-0.0466919
0.0479126	-0.0405884
0.088501	-0.0375366
0.223389	-0.03479
0.218811	-0.0326538
-0.12146	-0.0369263
-0.493164	-0.0463867
-0.540771	-0.0549316
-0.202332	-0.0598145
0.20874	-0.0637817
0.428772	-0.0708008
0.428467	-0.0823975
0.290527	-0.0881958
0.136108	-0.0762939
0.0143433	-0.0445557
-0.0726318	-0.000610352
-0.120239	0.050354
-0.135498	0.110474
-0.103149	0.187378
-0.0631714	0.280151
-0.0164795	0.379639
0.00946045	0.478821
0.00183105	0.57312
-0.0518799	0.653687
-0.135498	0.713501
-0.193787	0.745544
-0.218506	0.743408
-0.209351	0.704346
-0.180664	0.63446
-0.116272	0.543823
-0.0231934	0.436707
0.0778198	0.315247
0.184631	0.189819
0.262146	0.0732422
0.299988	-0.0268555
0.270996	-0.107117
0.298462	-0.167236
0.379028	-0.205078
0.111084	-0.223083
-0.359497	-0.22583
-0.715027	-0.218201
-0.648499	-0.203247
-0.33783	-0.184631
-0.0665283	-0.16571
0.0805664	-0.14679
0.180359	-0.127869
0.336609	-0.108337
0.541992	-0.0906372
0.735779	-0.0759888
0.813904	-0.0650024
0.700989	-0.0564575
0.368958	-0.0473022
-0.0875854	-0.0369263
-0.519104	-0.0299072
-0.772095	-0.027771
-0.784912	-0.027771
-0.629883	-0.0311279
-0.456238	-0.0375366
-0.361328	-0.0411987
-0.312195	-0.0405884
-0.214233	-0.0421143
-0.00823975	-0.0500488
0.271301	-0.057373
0.515747	-0.06073
0.643311	-0.0631714
0.611267	-0.0598145
0.428162	-0.0460815
0.133972	-0.0296021
-0.205078	-0.0152588
-0.50293	-0.00366211
-0.679016	0.00579834
-0.675354	0.0131226
-0.483398	0.0170898
-0.15625	0.0192261
0.202026	0.0198364
0.479736	0.0192261
0.609436	0.015564
0.588684	0.00610352
0.462341	-0.00549316
0.270081	-0.0125122
0.0439453	-0.0137329
-0.16449	-0.0106812
-0.285645	-0.00671387
-0.185852	-0.0012207
0.264587	0.00640869
0.368347	0.0140381
-0.0653076	0.0189209
-0.617981	0.0195313
-0.739441	0.0167847
-0.352783	0.0125122
0.0805664	0.00457764
0.317078	-0.00701904
0.369873	-0.0210571
0.299988	-0.0354004
0.153809	-0.0482178
-0.045166	-0.055542
-0.206604	-0.055542
-0.268555	-0.0500488
-0.245056	-0.0442505
-0.171204	-0.0393677
-0.0720215	-0.0323486
0.03479	-0.0216675
0.131531	-0.0119019
0.198059	-0.00518799
0.231628	0.00274658
0.209351	0.0115967
0.131836	0.0170898
0.0216675	0.0180054
-0.0601196	0.0164795
-0.0830078	0.0161743
-0.0714111	0.0170898
-0.0610352	0.0161743
-0.0692749	0.0119019
-0.0674438	0.0112915
-0.0320435	0.0152588
0.0186157	0.0213623
0.0396729	0.0286865
0.00701904	0.0369263
-0.0558472	0.0457764
-0.10376	0.0543213
-0.105591	0.0646973
-0.0619507	0.0750732
0.000915527	0.0842285
0.0506592	0.0906372
0.0628662	0.0900269
0.0421143	0.0808716
0.00671387	0.0708008
-0.0189209	0.0683594
-0.0384521	0.0723267
-0.0546265	0.0796509
-0.0524902	0.088501
-0.020752	0.0976563
0.0341797	0.104675
0.0836182	0.110474
0.115051	0.117493
0.124817	0.123291
0.149231	0.124512
0.163574	0.122681
0.0836182	0.119629
-0.0494385	0.117798
-0.158997	0.115356
-0.143433	0.113831
-0.0436401	0.114746
0.0527954	0.120544
0.0894165	0.13092
0.0762939	0.140991
0.043335	0.1474
-0.010376	0.150757
-0.0698853	0.154724
-0.102844	0.162964
-0.0964355	0.174561
-0.0747681	0.184021
-0.055542	0.186157
-0.0363159	0.180969
-0.000610352	0.172729
0.0494385	0.169678
0.0814819	0.171204
0.062561	0.170593
0.00152588	0.161133
-0.0576782	0.143127
-0.0836182	0.128479
-0.0769043	0.120544
-0.0604248	0.117798
-0.0427246	0.118408
-0.0219727	0.119019
0	0.117798
0.0204468	0.114746
0.0292969	0.110474
0.0311279	0.10498
0.0296021	0.0976563
0.0366211	0.0881958
0.0521851	0.0750732
0.0662231	0.0588989
0.0582886	0.039978
0.038147	0.0250244
0.0158691	0.0183105
0.0100708	0.017395
0.0146484	0.0183105
0.0180054	0.0192261
0.012207	0.0180054
0.00244141	0.0140381
-0.00946045	0.00671387
-0.0161743	-0.0012207
-0.00762939	-0.00762939
0.0201416	-0.0149536
0.0485229	-0.0253296
0.0482178	-0.0344849
0.00762939	-0.039978
-0.0442505	-0.0418091
-0.0686646	-0.043335
-0.0631714	-0.0473022
-0.0314331	-0.0524902
0.0146484	-0.0518799
0.0439453	-0.0454712
0.0247192	-0.0396729
-0.039978	-0.0354004
-0.109253	-0.0292969
-0.163269	-0.0210571
-0.203247	-0.0131226
-0.270996	-0.00488281
-0.328369	0.00244141
-0.246582	0.00701904
0.0534058	0.00946045
0.496521	0.00732422
0.848389	0
0.870667	-0.012207
0.520935	-0.0265503
0.015564	-0.0411987
-0.386963	-0.0534058
-0.566711	-0.0595093
-0.585632	-0.0613403
-0.540771	-0.0595093
-0.465393	-0.0531006
-0.341492	-0.045166
-0.160522	-0.0393677
0.0479126	-0.0366211
0.273743	-0.0317383
0.45105	-0.0231934
0.531616	-0.0137329
0.470276	-0.00457764
0.302734	0.00183105
0.0982666	0.00396729
-0.0765991	0.000915527
-0.169373	-0.00549316
-0.174255	-0.0149536
-0.0970459	-0.0262451
-0.0143433	-0.0396729
0.0546265	-0.0534058
0.0994873	-0.062561
0.13092	-0.0656128
0.116577	-0.0613403
0.0408936	-0.050354
-0.06073	-0.038147
-0.142517	-0.0253296
-0.152893	-0.012207
-0.138855	-0.000305176
-0.126343	0.00854492
-0.136719	0.0140381
-0.143127	0.0180054
-0.126953	0.0180054
-0.0869751	0.0109863
-0.0183105	-0.00213623
0.0506592	-0.0170898
0.110474	-0.0292969
0.141296	-0.0338745
0.159607	-0.0344849
0.147705	-0.03479
0.0952148	-0.0372314
0.0268555	-0.0393677
-0.0479126	-0.0344849
-0.0967407	-0.0216675
-0.134888	-0.00701904
-0.14679	0.00488281
-0.139465	0.0146484
-0.0949097	0.0262451
-0.0109863	0.038147
0.0701904	0.0454712
0.116577	0.0463867
0.0979614	0.0424194
0.0634766	0.0338745
0.0360107	0.0234985
0.0320435	0.0128174
0.0405884	0.00305176
0.0357056	-0.00335693
0.0247192	-0.00549316
0.00579834	-0.00610352
0.00396729	-0.00732422
0.00823975	-0.00762939
0.0222778	-0.00396729
0.0341797	-0.000305176
0.0354004	-0.00518799
0.039978	-0.0213623
0.0393677	-0.0387573
0.0311279	-0.0509644
-0.00915527	-0.0564575
-0.0674438	-0.0582886
-0.0839233	-0.0631714
-0.0549316	-0.0701904
-0.0112915	-0.0708008
-0.0119019	-0.0637817
-0.0338745	-0.0540161
-0.0323486	-0.0415039
-0.012207	-0.0256348
-0.0088501	-0.00915527
-0.0354004	0.00427246
-0.0604248	0.0137329
-0.0613403	0.0170898
-0.0454712	0.015564
-0.0247192	0.010376
-0.0137329	0.00671387
-0.00244141	0.00488281
0.022583	0.00305176
0.0469971	-0.00244141
0.0482178	-0.00793457
0.0164795	-0.0088501
-0.0213623	-0.00701904
-0.0418091	-0.00366211
-0.0354004	0.000610352
-0.0170898	0.00518799
0.00274658	0.00701904
0.0332642	0.00366211
0.0527954	-0.00244141
0.0543213	-0.00793457
0.0360107	-0.0134277
0.0167847	-0.0183105
0.0143433	-0.022583
0.0274658	-0.0247192
0.0527954	-0.0250244
0.0823975	-0.0234985
0.0939941	-0.0210571
0.0793457	-0.0186157
0.0357056	-0.0158691
-0.00915527	-0.0131226
-0.0384521	-0.012207
-0.0180054	-0.0177002
0.163269	-0.0256348
0.364075	-0.0317383
0.0869751	-0.0408936
-0.491638	-0.0521851
-0.838928	-0.0628662
-0.606995	-0.0717163
-0.0436401	-0.0735474
0.390015	-0.0692749
0.533447	-0.0646973
0.473938	-0.0592041
0.344238	-0.0543213
0.19043	-0.0521851
0.0213623	-0.0476074
-0.140076	-0.0354004
-0.263977	-0.017395
-0.324707	0.0012207
-0.301208	0.0158691
-0.20813	0.0268555
-0.0906372	0.03479
-0.00579834	0.0411987
0.0164795	0.0436401
-0.00793457	0.0408936
-0.0265503	0.0366211
-0.0189209	0.0317383
-0.0012207	0.0250244
0.0164795	0.0170898
0.0354004	0.00610352
0.0610352	-0.00823975
0.0799561	-0.0204468
0.0817871	-0.027771
0.0701904	-0.0311279
0.0665283	-0.0296021
0.0753784	-0.0253296
0.0616455	-0.0216675
0.0149536	-0.0198364
-0.0253296	-0.0195313
-0.0216675	-0.017395
-0.0164795	-0.0146484
-0.0299072	-0.0131226
-0.00152588	-0.0137329
0.0360107	-0.0152588
0.0360107	-0.0177002
0.0253296	-0.0234985
0.0317383	-0.0314331
0.0372314	-0.0360107
0.027771	-0.0350952
0.0125122	-0.0302124
-0.000305176	-0.0247192
-0.00762939	-0.0183105
-0.00396729	-0.0100708
0.0128174	-0.000915527
0.0390625	0.00549316
0.057373	0.00732422
0.045166	0.00518799
0.00823975	0.00427246
-0.0140381	0.000305176
-0.0088501	-0.0143433
-0.00274658	-0.0326538
-0.0256348	-0.0494385
-0.071106	-0.0598145
-0.117493	-0.0592041
-0.146179	-0.0527954
-0.1651	-0.0448608
-0.172119	-0.0344849
-0.147095	-0.0189209
-0.0765991	0.000915527
0.0231934	0.0201416
0.117798	0.032959
0.163574	0.0384521
0.144043	0.039978
0.0836182	0.039978
0.0238037	0.0369263
-0.00762939	0.0283813
-0.00701904	0.015564
0.00640869	0.00366211
-0.0012207	-0.00396729
-0.0311279	-0.00549316
-0.0442505	-0.00213623
-0.0280762	0.00396729
0	0.0119019
0.0228882	0.0216675
0.0296021	0.0314331
0.0253296	0.0393677
0.0271606	0.0430298
0.0424194	0.0427246
0.0512695	0.0402832
0.0366211	0.0363159
0.0204468	0.0302124
0.0128174	0.0195313
0.0112915	0.00671387
-0.0012207	-0.00366211
-0.020752	-0.010376
-0.0350952	-0.0158691
-0.0308228	-0.0195313
-0.00915527	-0.0192261
0.0195313	-0.0164795
0.0302124	-0.0128174
0.0161743	-0.0109863
-0.000915527	-0.00976563
-0.00457764	-0.000915527
0.00366211	0.0152588
0.0280762	0.0335693
0.0494385	0.0479126
0.0466919	0.0595093
-0.00640869	0.0720215
-0.06073	0.083313
-0.0823975	0.0924683
-0.0732422	0.0970459
-0.0543213	0.0921631
-0.0354004	0.0808716
-0.0253296	0.0701904
-0.015564	0.06073
-0.00427246	0.050354
-0.00335693	0.0372314
-0.0320435	0.0234985
-0.065918	0.0198364
-0.071106	0.0274658
-0.0280762	0.0372314
0.0317383	0.0427246
0.0588989	0.0424194
0.0469971	0.0375366
0.0296021	0.0305176
0.0344849	0.0241089
0.050354	0.0198364
0.0552368	0.0152588
0.0335693	0.00701904
0.00457764	-0.00335693
-0.0158691	-0.0106812
-0.0109863	-0.0100708
-0.00274658	-0.00610352
-0.0128174	-0.00213623
-0.0210571	0
-0.012207	-0.000610352
0.0152588	-0.00579834
0.0460815	-0.0143433
0.0720215	-0.0210571
0.0845337	-0.0250244
0.0683594	-0.0305176
0.0222778	-0.039978
-0.0286865	-0.0473022
-0.0543213	-0.0494385
-0.0582886	-0.0494385
-0.0515747	-0.0518799
-0.0320435	-0.0567627
0.00457764	-0.0616455
0.0418091	-0.062561
0.0427246	-0.06073
0.0183105	-0.0616455
-0.00579834	-0.0640869
-0.0204468	-0.0598145
-0.0366211	-0.0448608
-0.0543213	-0.0259399
-0.0613403	-0.0106812
-0.0592041	0.00244141
-0.038147	0.0134277
-0.015564	0.0189209
-0.00946045	0.0149536
-0.0012207	0.00183105
0.0192261	-0.0164795
0.057373	-0.0335693
0.0762939	-0.0466919
0.0601196	-0.0576782
0.0112915	-0.0637817
-0.0439453	-0.0592041
-0.0811768	-0.0384521
-0.0958252	0
-0.0674438	0.0561523
-0.00976563	0.127869
0.0491333	0.213623
0.083313	0.309143
0.0820923	0.40802
0.0534058	0.50354
0.00793457	0.591736
-0.0332642	0.671997
-0.0680542	0.737
-0.0964355	0.773315
-0.115967	0.77179
-0.108643	0.732117
-0.0567627	0.660095
0.0183105	0.56366
0.0817871	0.449829
0.110474	0.323486
0.126038	0.192566
0.137939	0.067749
0.139771	-0.0439453
0.101013	-0.137024
0.0424194	-0.204163
0.0405884	-0.24292
0.00762939	-0.253601
-0.116272	-0.244141
-0.243225	-0.223999
-0.244751	-0.201416
-0.149841	-0.178528
-0.121155	-0.157166
-0.187378	-0.136719
-0.224304	-0.116882
-0.104065	-0.0982666
0.172729	-0.0814819
0.514526	-0.067749
0.830994	-0.057373
1.03149	-0.0479126
1.01898	-0.0338745
0.689392	-0.0167847
0.0814819	-0.00213623
-0.600586	0.00610352
-1.11237	0.012207
-1.32111	0.0161743
-1.25854	0.0137329
-1.04401	0.00671387
-0.7547	-0.00152588
-0.381165	-0.00823975
0.0973511	-0.0125122
0.621948	-0.0134277
1.03149	-0.0112915
1.1615	-0.00732422
0.987244	-0.000610352
0.591125	0.0088501
0.118103	0.0186157
-0.309143	0.0268555
-0.598145	0.0317383
-0.719604	0.0317383
-0.679932	0.0274658
-0.488281	0.0244141
-0.175476	0.0231934
0.189514	0.0204468
0.491028	0.0180054
0.640564	0.0164795
0.61554	0.0152588
0.44281	0.0152588
0.189514	0.0170898
-0.0582886	0.0195313
-0.222168	0.0204468
-0.270691	0.0164795
-0.227356	0.00671387
-0.131531	-0.00396729
-0.0140381	-0.0128174
0.0799561	-0.0183105
0.116577	-0.0210571
0.0891113	-0.0259399
0.0241089	-0.0317383
-0.0418091	-0.032959
-0.0842285	-0.0265503
-0.101624	-0.0149536
-0.0967407	-0.000305176
-0.0772095	0.0164795
-0.0552368	0.0326538
-0.0747681	0.0469971
-0.131226	0.0558472
-0.174561	0.0601196
-0.15625	0.06073
-0.0888062	0.0613403
-0.00701904	0.062561
0.0521851	0.0592041
0.0646973	0.0485229
0.0576782	0.0354004
0.0476074	0.0280762
0.0537109	0.0259399
0.0704956	0.0195313
0.105896	0.010376
0.134888	0.00823975
0.140991	0.0152588
0.128479	0.0262451
0.10498	0.03479
0.0408936	0.0393677
-0.0689697	0.0415039
-0.165405	0.0454712
-0.183411	0.0540161
-0.105286	0.065918
-0.00457764	0.0772095
0.0531006	0.0869751
0.0436401	0.0942993
-0.00427246	0.100708
-0.0485229	0.105591
-0.0494385	0.108032
-0.00701904	0.106812
0.0402832	0.101929
0.065918	0.0946045
0.06073	0.085144
0.0390625	0.0747681
0.0183105	0.0680542
0.0146484	0.0646973
0.0158691	0.0604248
0.00366211	0.0576782
-0.0210571	0.0601196
-0.0299072	0.0680542
-0.0283813	0.0799561
-0.0192261	0.0930786
-0.00427246	0.108032
0.0259399	0.126953
0.0454712	0.151062
0.032959	0.177002
-0.00854492	0.196533
-0.0405884	0.203857
-0.0445557	0.202637
-0.0268555	0.203247
-0.0192261	0.209656
-0.0195313	0.216064
-0.0134277	0.216064
0.0262451	0.209351
0.0524902	0.202637
0.0296021	0.200195
-0.0442505	0.203552
-0.108643	0.209351
-0.133057	0.215149
-0.10376	0.220032
-0.0424194	0.223999
0.0222778	0.22522
0.0500488	0.224915
0.0454712	0.222168
0.0311279	0.215149
0.0317383	0.203552
0.0439453	0.188904
0.0585938	0.17395
0.0521851	0.161743
0.0326538	0.148926
0.0109863	0.132141
0.00915527	0.114136
0.0222778	0.0973511
0.0521851	0.078125
0.0949097	0.0576782
0.121155	0.0369263
0.101318	0.0180054
0.0253296	0.00488281
-0.0524902	-0.00335693
-0.103455	-0.00823975
-0.111389	-0.0100708
-0.103149	-0.00823975
-0.0830078	-0.00244141
-0.0592041	0.00183105
-0.0228882	0.0012207
0.00427246	-0.00183105
0.0195313	-0.00396729
0.022583	-0.00396729
0.012207	-0.00396729
-0.00518799	-0.00244141
-0.00701904	0.00274658
0.00152588	0.0112915
0.00183105	0.0198364
0	0.0289917
0.00396729	0.0390625
0.00518799	0.0463867
-0.00244141	0.0521851
0	0.0558472
0.00183105	0.0546265
-0.00305176	0.0457764
-0.0299072	0.0299072
-0.0653076	0.0115967
-0.0946045	-0.00488281
-0.133972	-0.0146484
-0.169983	-0.015564
-0.184631	-0.0131226
-0.098877	-0.0106812
0.133362	-0.00732422
0.463257	-0.00213623
0.675659	0.00213623
0.569763	0.00335693
0.175781	0.00305176
-0.235901	0.00183105
-0.438538	0
-0.428162	-0.00610352
-0.340271	-0.0164795
-0.267639	-0.0274658
-0.215454	-0.0363159
-0.157776	-0.0424194
-0.0756836	-0.0466919
0.027771	-0.0500488
0.153198	-0.0518799
0.28656	-0.0521851
0.396423	-0.050354
0.437317	-0.0436401
0.394287	-0.0338745
0.26825	-0.0259399
0.0857544	-0.0250244
-0.107422	-0.0311279
-0.255127	-0.0387573
-0.320129	-0.0411987
-0.307312	-0.0369263
-0.241699	-0.0253296
-0.148621	-0.010376
-0.043335	0.00396729
0.0521851	0.0158691
0.108948	0.027771
0.120239	0.0427246
0.0939941	0.0592041
0.0494385	0.0738525
-0.00610352	0.0845337
-0.0588989	0.090332
-0.101013	0.0894165
-0.12207	0.0845337
-0.117188	0.0787354
-0.09552	0.0732422
-0.0604248	0.0686646
-0.017395	0.0650024
0.0216675	0.062561
0.0521851	0.0622559
0.0744629	0.06073
0.0933838	0.0540161
0.108643	0.0430298
0.110168	0.0296021
0.0933838	0.015564
0.0640869	0.00152588
0.0311279	-0.0100708
-0.00915527	-0.0189209
-0.0561523	-0.0253296
-0.0930786	-0.0305176
-0.0985718	-0.0335693
-0.0634766	-0.0344849
-0.00640869	-0.0332642
0.0418091	-0.0308228
0.0823975	-0.0296021
0.118103	-0.0308228
0.149841	-0.0354004
0.148926	-0.0390625
0.109558	-0.03479
0.038147	-0.0271606
-0.0646973	-0.0201416
-0.159302	-0.0131226
-0.203247	-0.00640869
-0.177002	-0.000305176
-0.101624	0.00549316
-0.0439453	0.0140381
-0.0146484	0.0250244
-0.0137329	0.0335693
-0.0180054	0.0384521
-0.000305176	0.0418091
0.0210571	0.0463867
0.0299072	0.0527954
0.0344849	0.0601196
0.0299072	0.0628662
0.0170898	0.0592041
-0.0115967	0.0534058
-0.0216675	0.0473022
0.00701904	0.0405884
0.0601196	0.0363159
0.0906372	0.0323486
0.0610352	0.0250244
-0.012207	0.0158691
-0.0775146	0.00793457
-0.106201	0.00366211
-0.0939941	0.000610352
-0.0509644	-0.00518799
0.0112915	-0.0115967
0.0561523	-0.0131226
0.065918	-0.0115967
0.0488281	-0.0109863
0.032959	-0.010376
0.0265503	-0.00793457
0.0201416	-0.00274658
0.00762939	0.00335693
-0.00823975	0.00976563
-0.0170898	0.0164795
-0.0131226	0.0228882
-0.00335693	0.0265503
0.00183105	0.0247192
0.00183105	0.0158691
0.00274658	0.00549316
0.0183105	-0.00305176
0.03479	-0.012207
0.0527954	-0.0250244
0.0628662	-0.0393677
0.0518799	-0.045166
0.0164795	-0.0424194
-0.0244141	-0.0363159
-0.0408936	-0.0314331
-0.0241089	-0.0283813
-0.00457764	-0.0262451
-0.0238037	-0.0213623
-0.0933838	-0.0143433
-0.224915	-0.00762939
-0.349426	-0.00183105
-0.307617	0.00335693
0.090332	0.00610352
0.657043	0.00823975
0.984497	0.0131226
0.827332	0.0213623
0.348511	0.0265503
-0.19104	0.027771
-0.615234	0.0314331
-0.841064	0.0408936
-0.836487	0.0506592
-0.653992	0.0570679
-0.396118	0.0576782
-0.116882	0.0543213
0.133972	0.0518799
0.299988	0.0500488
0.349426	0.0466919
0.307922	0.0408936
0.240479	0.0338745
0.178223	0.0265503
0.126038	0.0192261
0.0701904	0.0128174
0.0131226	0.00946045
-0.020752	0.00488281
-0.0332642	-0.00488281
-0.03479	-0.0143433
-0.0228882	-0.0167847
0.000610352	-0.012207
0.0204468	-0.00732422
0.0210571	-0.00488281
0.00854492	-0.00488281
0.00274658	-0.00701904
0.0119019	-0.0106812
0.032959	-0.0112915
0.0476074	-0.00701904
0.0524902	-0.00183105
0.0390625	-0.0012207
0.00946045	-0.0088501
-0.0119019	-0.0213623
-0.0131226	-0.0341797
0.000305176	-0.0405884
0.0164795	-0.0372314
0.0250244	-0.0326538
0.0167847	-0.0341797
-0.00762939	-0.0354004
-0.0338745	-0.0250244
-0.0567627	-0.00488281
-0.0793457	0.0146484
-0.101318	0.0302124
-0.125122	0.0445557
-0.137634	0.0570679
-0.118408	0.0668335
-0.0598145	0.0738525
0.00854492	0.0753784
0.0549316	0.0714111
0.065918	0.0634766
0.0488281	0.0515747
0.0305176	0.0375366
0.0134277	0.0244141
0.000610352	0.0149536
-0.00244141	0.00976563
0.00732422	0.00640869
0.0299072	0.00671387
0.0445557	0.0106812
0.0442505	0.0146484
0.0387573	0.0189209
0.0338745	0.0250244
0.0317383	0.0320435
0.027771	0.0396729
0.0100708	0.0476074
-0.0137329	0.0524902
-0.0311279	0.0518799
-0.0305176	0.0457764
-0.0262451	0.0369263
-0.0244141	0.0283813
-0.00610352	0.0216675
0.0238037	0.0149536
0.0457764	0.00823975
0.0488281	0.000915527
0.0396729	-0.00915527
0.027771	-0.0198364
0.0180054	-0.0283813
0.0234985	-0.0366211
0.0350952	-0.0445557
0.0250244	-0.0500488
-0.00610352	-0.0546265
-0.038147	-0.0598145
-0.0445557	-0.0610352
-0.0424194	-0.055542
-0.0604248	-0.0448608
-0.0860596	-0.0271606
-0.0915527	-0.00274658
-0.0567627	0.0271606
0.00701904	0.0558472
0.0585938	0.0778198
0.0814819	0.0930786
0.0854492	0.100098
0.072937	0.0979614
0.0473022	0.0918579
0.0140381	0.0836182
-0.0247192	0.0723267
-0.0698853	0.0616455
-0.0949097	0.0534058
-0.0866699	0.0469971
-0.0671387	0.0439453
-0.0717163	0.0427246
-0.0881958	0.043335
-0.0689697	0.0491333
-0.00549316	0.0598145
0.0616455	0.0726318
0.0927734	0.083313
0.0915527	0.0888062
0.0692749	0.0894165
0.0378418	0.0888062
0.00732422	0.0894165
-0.0216675	0.0897217
-0.0418091	0.0894165
-0.0405884	0.0888062
-0.0216675	0.0872803
0.00640869	0.083313
0.032959	0.078125
0.0552368	0.0732422
0.0720215	0.0683594
0.078125	0.0643921
0.072937	0.0637817
0.062561	0.0650024
0.0448608	0.0646973
0.0109863	0.0628662
-0.0326538	0.0582886
-0.0692749	0.0512695
-0.0860596	0.043335
-0.0759888	0.0360107
-0.038147	0.0256348
0.0149536	0.0115967
0.050354	-0.00274658
0.0564575	-0.012207
0.0424194	-0.0167847
0.0256348	-0.0213623
0.0186157	-0.0259399
0.0146484	-0.0250244
-0.0112915	-0.0140381
-0.0570679	0.000915527
-0.090332	0.0134277
-0.0854492	0.0219727
-0.0534058	0.0289917
-0.0180054	0.0366211
0.00274658	0.0457764
0.00579834	0.0524902
0	0.0549316
-0.00671387	0.0527954
-0.00427246	0.0454712
-0.00701904	0.0387573
-0.0332642	0.0341797
-0.0613403	0.0302124
-0.0595093	0.0253296
-0.0283813	0.0216675
0.00976563	0.0216675
0.0396729	0.0238037
0.0436401	0.0250244
0.0195313	0.0238037
-0.0106812	0.0201416
-0.015564	0.0146484
0.0128174	0.0088501
0.0463867	0.00335693
0.0579834	0.000305176
0.0466919	0.000915527
0.0241089	0.00366211
0.00671387	0.00488281
0.00640869	0.00244141
0.0231934	-0.00366211
0.0531006	-0.0100708
0.0790405	-0.015564
0.0842285	-0.0195313
0.0604248	-0.0274658
0.0140381	-0.0415039
-0.0408936	-0.0576782
-0.0823975	-0.0735474
-0.0921631	-0.0875854
-0.0738525	-0.0924683
-0.043335	-0.0811768
-0.0100708	-0.050354
0.0271606	-0.000915527
0.0753784	0.0640869
0.115051	0.142517
0.1297	0.23407
0.113831	0.339661
0.0665283	0.456238
-0.00366211	0.576172
-0.0912476	0.689087
-0.185547	0.783386
-0.262146	0.845032
-0.30426	0.86731
-0.284119	0.849915
-0.201721	0.799255
-0.0872803	0.718079
0.0268555	0.610046
0.106201	0.481873
0.153503	0.343018
0.185242	0.204468
0.200195	0.0726318
0.177612	-0.0408936
0.135803	-0.127563
0.12207	-0.185242
0.0521851	-0.215759
-0.0585938	-0.224915
-0.110474	-0.219116
-0.0473022	-0.202026
-0.00244141	-0.176392
-0.136414	-0.145874
-0.384521	-0.115662
-0.514832	-0.0872803
-0.351563	-0.0616455
0.0579834	-0.0405884
0.547791	-0.0244141
0.974121	-0.0119019
1.22589	-0.00610352
1.17279	-0.00701904
0.739746	-0.0100708
0.0134277	-0.0177002
-0.726929	-0.0292969
-1.18927	-0.0372314
-1.2619	-0.038147
-1.05438	-0.0344849
-0.759888	-0.0314331
-0.466309	-0.0308228
-0.152283	-0.0311279
0.202942	-0.0274658
0.545349	-0.015564
0.765381	-0.00366211
0.791016	0.00366211
0.619507	0.0100708
0.297546	0.0149536
-0.0976563	0.0134277
-0.454712	0.00732422
-0.661621	0.00457764
-0.669556	0.00762939
-0.52887	0.012207
-0.288086	0.0143433
0.0244141	0.0125122
0.364685	0.00915527
0.637817	0.00793457
0.749512	0.00823975
0.665894	0.0088501
0.432129	0.00915527
0.135498	0.00793457
-0.127869	0.00732422
-0.291443	0.00793457
-0.324707	0.00946045
-0.247192	0.0112915
-0.111084	0.0158691
0.020752	0.0216675
0.11261	0.0234985
0.129089	0.0247192
0.0927734	0.0292969
0.0357056	0.03479
-0.0222778	0.0375366
-0.0857544	0.0369263
-0.160217	0.0338745
-0.229797	0.0299072
-0.264282	0.0280762
-0.256042	0.0274658
-0.211487	0.0262451
-0.123596	0.0256348
0.00701904	0.0247192
0.129395	0.0256348
0.163879	0.0268555
0.114441	0.0274658
0.055542	0.0262451
0.0430298	0.0201416
0.0668335	0.012207
0.0830078	0.00762939
0.0750732	0.00244141
0.0488281	-0.00457764
0.00671387	-0.00915527
-0.0442505	-0.0088501
-0.0881958	-0.00549316
-0.0854492	0.000305176
-0.0271606	0.00976563
0.0610352	0.0195313
0.128479	0.027771
0.140381	0.0350952
0.103455	0.0427246
0.050354	0.0497437
0.00488281	0.0552368
-0.0308228	0.0558472
-0.0650024	0.0564575
-0.100708	0.0604248
-0.129395	0.0683594
-0.135803	0.0805664
-0.116882	0.093689
-0.0769043	0.10498
-0.0259399	0.114441
0.0274658	0.120239
0.0695801	0.122375
0.0872803	0.123291
0.0735474	0.12146
0.0460815	0.118103
0.0244141	0.115051
0.022583	0.114441
0.0411987	0.117798
0.0588989	0.125732
0.0253296	0.137329
-0.0518799	0.149231
-0.0985718	0.160522
-0.0680542	0.17334
0.0195313	0.187683
0.0958252	0.199585
0.126648	0.205994
0.116882	0.205078
0.0753784	0.2005
0.0201416	0.196838
-0.0274658	0.194092
-0.0656128	0.190125
-0.0906372	0.184631
-0.0930786	0.177917
-0.0787354	0.171814
-0.0604248	0.167236
-0.0366211	0.16449
-0.0131226	0.162964
0.00701904	0.158691
0.0265503	0.153809
0.0341797	0.14801
0.0405884	0.140686
0.038147	0.136108
0.0265503	0.140991
0.0125122	0.150146
0.00305176	0.15564
-0.0100708	0.157166
-0.0418091	0.155029
-0.0680542	0.152283
-0.0698853	0.151367
-0.038147	0.151978
0.0192261	0.149841
0.0735474	0.141907
0.101929	0.127258
0.0854492	0.11322
0.0231934	0.101318
-0.0653076	0.0906372
-0.129395	0.0805664
-0.126953	0.0698853
-0.06073	0.0588989
0.0183105	0.0494385
0.0680542	0.0421143
0.0747681	0.0375366
0.0363159	0.0369263
-0.020752	0.0384521
-0.062561	0.0396729
-0.0561523	0.0384521
-0.0119019	0.0354004
0.0262451	0.032959
0.0268555	0.0305176
0.012207	0.0271606
0.0238037	0.0238037
0.0674438	0.0216675
0.103149	0.0183105
0.100403	0.0131226
0.0717163	0.00640869
0.0393677	-0.00274658
0.00823975	-0.0115967
-0.0198364	-0.0195313
-0.0534058	-0.027771
-0.0897217	-0.0375366
-0.131226	-0.045166
-0.1651	-0.0479126
-0.180359	-0.0482178
-0.193787	-0.050354
-0.226746	-0.0549316
-0.175476	-0.0558472
0.0256348	-0.0476074
0.382385	-0.0341797
0.695496	-0.020752
0.751343	-0.0106812
0.474548	-0.00457764
0.0485229	-0.00183105
-0.28656	-0.00152588
-0.431824	-0.00183105
-0.446777	-0.00152588
-0.413208	-0.00244141
-0.354614	-0.00823975
-0.272827	-0.0143433
-0.169678	-0.0143433
-0.0466919	-0.00976563
0.09552	-0.00518799
0.233154	-0.00244141
0.320435	-0.00183105
0.32135	-0.0012207
0.249634	0.0012207
0.148315	0.00579834
0.0308228	0.0119019
-0.0857544	0.0180054
-0.172424	0.0213623
-0.195313	0.0244141
-0.141296	0.0271606
-0.0384521	0.0289917
0.0765991	0.0317383
0.151062	0.0366211
0.159912	0.0430298
0.102234	0.0476074
-0.050354	0.0466919
-0.0357056	0.0405884
-0.0149536	0.0320435
-0.0552368	0.0231934
-0.186768	0.0167847
-0.223389	0.0146484
-0.134583	0.0112915
-0.0396729	0.00457764
0.00579834	-0.00396729
0.0421143	-0.0115967
0.102234	-0.0167847
0.15625	-0.0204468
0.173035	-0.0247192
0.137634	-0.0274658
0.0857544	-0.027771
0.0448608	-0.0280762
0.022583	-0.0299072
-0.00549316	-0.0305176
-0.0372314	-0.0238037
-0.0598145	-0.0112915
-0.0817871	0.000610352
-0.10376	0.00701904
-0.111084	0.00946045
-0.0869751	0.0100708
-0.0231934	0.00823975
0.0656128	0.00823975
0.126648	0.0106812
0.131226	0.0137329
0.0927734	0.0109863
0.0341797	0.00427246
-0.0158691	0.0012207
-0.0427246	0.00488281
-0.0500488	0.0131226
-0.0650024	0.0219727
-0.0958252	0.0283813
-0.126648	0.0317383
-0.119019	0.0296021
-0.0643921	0.0265503
0.00335693	0.0274658
0.0445557	0.0283813
0.0518799	0.0268555
0.0442505	0.0262451
0.0299072	0.0271606
0.00915527	0.027771
-0.00793457	0.0296021
0.00518799	0.03479
0.043335	0.0418091
0.0674438	0.0457764
0.0521851	0.045166
0.0241089	0.0415039
0.00213623	0.0369263
-0.0106812	0.0326538
-0.0289917	0.0271606
-0.0442505	0.0186157
-0.0460815	0.00701904
-0.0411987	-0.00457764
-0.0527954	-0.0109863
-0.0784302	-0.0115967
-0.0863647	-0.0115967
-0.0436401	-0.0140381
0.0360107	-0.0177002
0.109558	-0.0195313
0.137329	-0.0210571
0.111084	-0.0262451
0.0534058	-0.0323486
0.00701904	-0.0372314
-0.000915527	-0.0393677
0.0268555	-0.0387573
0.0411987	-0.0366211
0.0134277	-0.0341797
-0.0424194	-0.0305176
-0.0802612	-0.0259399
-0.0714111	-0.022583
-0.0271606	-0.0192261
0.0280762	-0.0128174
0.0756836	-0.00427246
0.0973511	0.00274658
0.0762939	0.00823975
0.0198364	0.0112915
-0.0222778	0.00946045
-0.0283813	0.00549316
-0.0180054	0.00427246
-0.0189209	0.00640869
-0.0268555	0.00946045
-0.0311279	0.0128174
-0.0305176	0.0161743
-0.0408936	0.0177002
-0.0610352	0.0180054
-0.067749	0.0189209
-0.0524902	0.017395
-0.0250244	0.0131226
0.00152588	0.0106812
0.0308228	0.0109863
0.0619507	0.010376
0.0610352	0.00579834
0.0152588	0
-0.0515747	-0.00488281
-0.0930786	-0.00823975
-0.0915527	-0.010376
-0.0558472	-0.0109863
-0.00640869	-0.010376
0.0408936	-0.00701904
0.0683594	-0.000610352
0.0595093	0.00396729
0.0338745	0.00610352
0.010376	0.0088501
0.00183105	0.012207
-0.00488281	0.0137329
-0.00457764	0.0125122
0.00579834	0.0100708
0.0320435	0.00610352
0.0592041	0.000915527
0.0686646	-0.00579834
0.0527954	-0.0143433
0.0274658	-0.0228882
0.00274658	-0.0302124
-0.012207	-0.0369263
-0.0180054	-0.043335
-0.0271606	-0.0479126
-0.0454712	-0.0491333
-0.0531006	-0.0491333
-0.0372314	-0.0485229
-0.00335693	-0.0469971
0.0213623	-0.0421143
0.0146484	-0.0366211
-0.0128174	-0.0317383
-0.0460815	-0.0238037
-0.0680542	-0.0149536
-0.0704956	-0.00671387
-0.0512695	0.00183105
-0.0131226	0.0128174
0.0402832	0.0247192
0.0872803	0.0344849
0.0997925	0.0411987
0.0820923	0.0463867
0.0546265	0.0494385
0.0228882	0.0485229
-0.0152588	0.0439453
-0.0534058	0.0384521
-0.0726318	0.0332642
-0.0646973	0.0286865
-0.0408936	0.0204468
-0.017395	0.00671387
-0.00549316	-0.0088501
-0.00732422	-0.0204468
-0.0216675	-0.0256348
-0.0354004	-0.0271606
-0.0357056	-0.0262451
-0.0012207	-0.0256348
0.06073	-0.0238037
0.11322	-0.0231934
0.126038	-0.0250244
0.105896	-0.0259399
0.0732422	-0.0259399
0.0405884	-0.0219727
0.00762939	-0.0143433
-0.0204468	-0.00640869
-0.0442505	0.000305176
-0.0604248	0.00610352
-0.0665283	0.0100708
-0.0527954	0.0137329
-0.0180054	0.0164795
0.0161743	0.0192261
0.0244141	0.0201416
-0.00152588	0.020752
-0.0375366	0.0216675
-0.0772095	0.0195313
-0.102539	0.017395
-0.104675	0.0183105
-0.065918	0.0219727
-0.0262451	0.0265503
-0.0125122	0.0314331
-0.00457764	0.0354004
0.0106812	0.0363159
0.0390625	0.03479
0.0692749	0.0357056
0.093689	0.0372314
0.093689	0.03479
0.0643921	0.0314331
0.020752	0.0311279
-0.0146484	0.0338745
-0.0292969	0.0372314
-0.0292969	0.0402832
-0.0106812	0.043335
0.0137329	0.0445557
0.0335693	0.0430298
0.0387573	0.038147
0.0292969	0.0305176
0.0112915	0.0213623
-0.0210571	0.0131226
-0.0598145	0.00396729
-0.0799561	-0.00244141
-0.0515747	0
0.0119019	0.010376
0.0857544	0.0216675
0.123291	0.0311279
0.105591	0.0427246
0.0418091	0.0567627
-0.0167847	0.0708008
-0.0491333	0.0814819
-0.0668335	0.0854492
-0.0784302	0.0820923
-0.0720215	0.0720215
-0.0473022	0.055542
-0.00457764	0.0390625
0.0469971	0.0271606
0.0918579	0.0177002
0.103455	0.00854492
0.0714111	0.00335693
0.00976563	0.00274658
-0.0430298	0.00701904
-0.083313	0.0149536
-0.114136	0.0244141
-0.136414	0.0369263
-0.132446	0.0469971
-0.106506	0.0469971
-0.0604248	0.039978
0.0158691	0.0311279
0.085144	0.0204468
0.121765	0.0088501
0.0808716	-0.0012207
-0.00732422	-0.00854492
-0.0924683	-0.0140381
-0.12146	-0.0183105
-0.0811768	-0.0201416
0.00396729	-0.0192261
0.106506	-0.0189209
0.168152	-0.020752
0.184631	-0.0247192
0.144653	-0.0332642
0.0888062	-0.0421143
0.0396729	-0.0482178
-0.00213623	-0.0531006
-0.0405884	-0.057373
-0.0726318	-0.0585938
-0.0640869	-0.0543213
-0.0488281	-0.0411987
-0.0234985	-0.0222778
-0.0186157	-0.00457764
-0.00854492	0.0119019
-0.00762939	0.027771
-0.0247192	0.0378418
-0.0387573	0.0384521
-0.0344849	0.0320435
0.0106812	0.0231934
0.0531006	0.010376
0.0875854	-0.00946045
0.0823975	-0.0305176
0.0549316	-0.0491333
0.00335693	-0.0656128
-0.0430298	-0.0814819
-0.0750732	-0.09552
-0.0799561	-0.103455
-0.0531006	-0.102234
-0.0283813	-0.0909424
-0.0213623	-0.0701904
-0.0518799	-0.0387573
-0.0753784	0.00366211
-0.0634766	0.0588989
-0.00396729	0.135193
0.0671387	0.232849
0.114746	0.339355
0.116577	0.441895
0.0814819	0.53772
0.0201416	0.630493
-0.0534058	0.715332
-0.129395	0.779419
-0.186157	0.809326
-0.201111	0.800781
-0.151978	0.756531
-0.0527954	0.681458
0.0506592	0.582581
0.117493	0.465698
0.137634	0.339355
0.143127	0.211792
0.149841	0.0927734
0.151978	-0.012207
0.13855	-0.100403
0.128174	-0.168762
0.06073	-0.212097
-0.0860596	-0.231934
-0.206909	-0.234985
-0.205383	-0.228577
-0.13092	-0.215759
-0.132141	-0.195923
-0.237732	-0.170288
-0.319824	-0.145874
-0.226746	-0.126343
0.0598145	-0.108948
0.4422	-0.0915527
0.813293	-0.0756836
1.08215	-0.0628662
1.13708	-0.0482178
0.859985	-0.0314331
0.249023	-0.0158691
-0.502625	-0.00274658
-1.11359	0.00701904
-1.40808	0.0115967
-1.37329	0.0119019
-1.12671	0.0106812
-0.784302	0.00701904
-0.388184	0.00274658
0.06073	0.00366211
0.526733	0.00823975
0.921631	0.00976563
1.11542	0.00671387
1.04156	0.00457764
0.720215	0.00610352
0.257874	0.0125122
-0.220032	0.0222778
-0.597229	0.0299072
-0.797424	0.0296021
-0.782471	0.0238037
-0.561523	0.0180054
-0.186768	0.0180054
0.237732	0.0222778
0.57312	0.0265503
0.716248	0.0305176
0.646057	0.0344849
0.422058	0.0378418
0.150146	0.0415039
-0.0738525	0.0463867
-0.198364	0.0476074
-0.230103	0.0424194
-0.191345	0.032959
-0.110779	0.0213623
-0.0259399	0.0100708
0.0396729	-0.000915527
0.0790405	-0.0134277
0.085144	-0.0265503
0.062561	-0.038147
0.0210571	-0.0469971
-0.0366211	-0.0552368
-0.12085	-0.0643921
-0.202332	-0.071106
-0.236206	-0.0671387
-0.2005	-0.0531006
-0.136719	-0.0378418
-0.0808716	-0.0265503
-0.0524902	-0.0152588
-0.0244141	-0.000305176
-0.0204468	0.0152588
-0.0369263	0.0262451
-0.0567627	0.0314331
-0.0228882	0.0338745
0.0646973	0.0332642
0.161743	0.0289917
0.186462	0.0234985
0.144653	0.0177002
0.0997925	0.0131226
0.0753784	0.0112915
0.0424194	0.0143433
-0.00701904	0.022583
-0.0268555	0.0357056
-0.00549316	0.050354
0.0241089	0.0650024
0.0341797	0.0759888
0.0274658	0.0787354
0.000305176	0.0750732
-0.0582886	0.0714111
-0.0558472	0.0714111
0.0341797	0.0756836
0.0485229	0.0799561
-0.0897217	0.0814819
-0.23407	0.0811768
-0.203857	0.0820923
-0.0320435	0.0869751
0.115356	0.0958252
0.133362	0.107422
0.0686646	0.116272
0.00579834	0.117188
-0.0146484	0.11322
-0.000915527	0.111084
0.0119019	0.110168
0.0192261	0.111084
0.022583	0.11261
0.0234985	0.112915
0.0302124	0.114746
0.0341797	0.122681
0.0485229	0.138855
0.0531006	0.155945
0.0436401	0.164795
0.0302124	0.166016
0.0296021	0.162659
0.0296021	0.151978
0.0216675	0.137024
0.0244141	0.126038
0.0146484	0.124817
-0.0115967	0.128784
-0.0701904	0.136414
-0.124207	0.149841
-0.17395	0.169678
-0.230103	0.191956
-0.262451	0.211182
-0.292053	0.226746
-0.178223	0.236816
0.09552	0.239868
0.444336	0.236206
0.644531	0.223694
0.589905	0.202332
0.346985	0.177002
0.0265503	0.155029
-0.264893	0.142517
-0.462952	0.139465
-0.50354	0.139771
-0.404053	0.139465
-0.234375	0.140381
-0.0674438	0.140076
0.055542	0.136108
0.133972	0.131836
0.148621	0.126953
0.113525	0.117493
0.0595093	0.103455
0.0323486	0.0854492
0.0350952	0.0643921
0.0552368	0.0442505
0.0796509	0.0274658
0.0891113	0.0140381
0.0897217	0.00305176
0.0811768	-0.00640869
0.0744629	-0.0152588
0.0628662	-0.022583
0.038147	-0.0265503
-0.00457764	-0.0238037
-0.0604248	-0.0161743
-0.0869751	-0.00610352
-0.0421143	0.00427246
-0.03479	0.00854492
-0.111694	0.00640869
-0.185852	0.0012207
-0.128479	-0.00396729
0.0369263	-0.00854492
0.193176	-0.0146484
0.229797	-0.0213623
0.160217	-0.0262451
0.027771	-0.0286865
-0.0839233	-0.0280762
-0.161743	-0.0259399
-0.202942	-0.0228882
-0.227661	-0.0192261
-0.234985	-0.0161743
-0.209351	-0.0140381
-0.106201	-0.0137329
0.10437	-0.0143433
0.404663	-0.0146484
0.647278	-0.012207
0.634155	-0.00671387
0.293579	0
-0.180359	0.00488281
-0.497437	0.00457764
-0.530701	0.00396729
-0.40802	0.0106812
-0.284729	0.022583
-0.201721	0.0317383
-0.123596	0.0320435
-0.0424194	0.0234985
0.038147	0.0112915
0.128784	0.00244141
0.243225	0
0.352478	0.000915527
0.404968	0.000305176
0.376892	-0.00335693
0.271606	-0.00640869
0.107117	-0.00640869
-0.0720215	-0.00549316
-0.219116	-0.00640869
-0.289307	-0.0109863
-0.280457	-0.0183105
-0.211792	-0.0265503
-0.106506	-0.0338745
0.012207	-0.0396729
0.115967	-0.0430298
0.173645	-0.0430298
0.184021	-0.0424194
0.161438	-0.0445557
0.112	-0.0469971
0.0314331	-0.0436401
-0.0592041	-0.0354004
-0.126648	-0.0247192
-0.153198	-0.0119019
-0.139771	0.000915527
-0.110168	0.00946045
-0.0793457	0.0106812
-0.055542	0.00488281
-0.0265503	0.000305176
0.0222778	0.00366211
0.083313	0.0128174
0.114441	0.0201416
0.0860596	0.0201416
0.0180054	0.0177002
-0.0466919	0.0195313
-0.0744629	0.0253296
-0.0738525	0.0326538
-0.0692749	0.0387573
-0.071106	0.0408936
-0.0558472	0.0405884
-0.0131226	0.0408936
0.0393677	0.0415039
0.0820923	0.0405884
0.0982666	0.038147
0.0906372	0.0344849
0.0637817	0.0299072
0.0335693	0.027771
0.0128174	0.0289917
0.00518799	0.0311279
0.00579834	0.0302124
-0.015564	0.0253296
-0.0628662	0.0201416
-0.11322	0.0152588
-0.127563	0.00488281
-0.0875854	-0.00946045
-0.0265503	-0.020752
0.0296021	-0.0265503
0.0650024	-0.0274658
0.085144	-0.0268555
0.0881958	-0.0274658
0.057373	-0.0265503
0.0177002	-0.022583
-0.00823975	-0.0167847
-0.00946045	-0.00915527
0.00488281	-0.00427246
0.0112915	-0.00366211
0.012207	-0.00518799
0.0149536	-0.00640869
0.0299072	-0.00732422
0.0506592	-0.0112915
0.0567627	-0.0161743
0.039978	-0.0161743
0.000610352	-0.00762939
-0.0390625	0.00701904
-0.0701904	0.020752
-0.0915527	0.0302124
-0.109558	0.0357056
-0.107727	0.0372314
-0.055542	0.0372314
0.0259399	0.0360107
0.0808716	0.0323486
0.0787354	0.0259399
0.0262451	0.0167847
-0.0326538	0.00610352
-0.0704956	-0.00549316
-0.0820923	-0.0131226
-0.0665283	-0.0140381
-0.0350952	-0.0106812
0.0115967	-0.00732422
0.0595093	-0.00396729
0.093689	0.00152588
0.116882	0.00915527
0.122986	0.0134277
0.107117	0.0119019
0.0616455	0.00854492
0.00213623	0.00488281
-0.0482178	-0.000305176
-0.0741577	-0.00762939
-0.0708008	-0.0183105
-0.0469971	-0.0341797
-0.0268555	-0.0521851
-0.0259399	-0.0640869
-0.0280762	-0.0683594
-0.00427246	-0.0671387
0.0512695	-0.0643921
0.106506	-0.0604248
0.110168	-0.0476074
0.0579834	-0.0250244
-0.0222778	0.000610352
-0.0942993	0.0231934
-0.130005	0.038147
-0.130005	0.045166
-0.0909424	0.0476074
-0.0253296	0.0442505
0.0320435	0.0363159
0.0595093	0.0262451
0.0476074	0.015564
0.0256348	0.00549316
0.0149536	-0.00213623
0.0296021	-0.00671387
0.0402832	-0.00946045
0.012207	-0.00915527
-0.0372314	-0.00427246
-0.0939941	0.00213623
-0.119019	0.00854492
-0.0994873	0.0112915
-0.0619507	0.0115967
-0.000915527	0.0119019
0.0430298	0.0100708
0.0869751	0.00274658
0.108032	-0.00640869
0.101013	-0.0128174
0.0637817	-0.0140381
0.00732422	-0.0131226
-0.0180054	-0.0146484
-0.00823975	-0.0170898
0.0234985	-0.0180054
0.0424194	-0.0177002
0.0259399	-0.0167847
-0.000915527	-0.0152588
-0.032959	-0.015564
-0.0637817	-0.0161743
-0.0753784	-0.0112915
-0.0436401	-0.00457764
0.0204468	-0.000915527
0.072937	-0.0012207
0.0595093	-0.00183105
0.0466919	-0.00213623
0.0497437	-0.00396729
-0.065918	-0.0088501
-0.115662	-0.0170898
-0.110779	-0.0265503
-0.0576782	-0.0366211
0.0210571	-0.0482178
0.0796509	-0.0585938
0.112305	-0.0634766
0.156555	-0.0582886
0.0375366	-0.0454712
-0.0314331	-0.0308228
-0.0314331	-0.0152588
-0.108032	-0.00152588
-0.108337	0.00701904
-0.135498	0.0106812
-0.0488281	0.0143433
0.117798	0.0186157
0.127258	0.0213623
0.131836	0.0198364
0.0335693	0.0164795
-0.110779	0.0119019
-0.136414	0.0100708
-0.134888	0.0112915
-0.0405884	0.015564
0.0561523	0.0241089
0.0796509	0.0323486
0.153809	0.0338745
0.137024	0.0296021
0.0726318	0.0158691
0.0466919	-0.00610352
-0.0497437	-0.0283813
-0.090332	-0.0411987
-0.119324	-0.0448608
-0.154724	-0.0430298
-0.09552	-0.0363159
-0.0811768	-0.0259399
-0.0378418	-0.0128174
0.0375366	0.00152588
0.015564	0.0149536
-0.0115967	0.0271606
-0.0308228	0.0369263
-0.00183105	0.0436401
0.104675	0.0457764
0.144958	0.0411987
0.150146	0.0311279
0.103455	0.0189209
0.00610352	0.00854492
-0.0460815	0.0012207
-0.0845337	-0.00396729
-0.09552	-0.00915527
-0.0653076	-0.0137329
-0.0357056	-0.017395
0.00946045	-0.0201416
0.0317383	-0.0228882
0.0180054	-0.0268555
0.0366211	-0.0289917
0.057373	-0.0265503
0.0689697	-0.0222778
0.0570679	-0.015564
0.0210571	-0.0088501
0.0180054	-0.00396729
0.0137329	0.00152588
-0.0119019	0.00823975
-0.039978	0.0192261
-0.0692749	0.032959
-0.0640869	0.0445557
-0.0360107	0.050354
0	0.0540161
0.038147	0.0616455
0.0506592	0.0689697
0.0421143	0.0686646
0.00976563	0.0622559
-0.0177002	0.0543213
-0.0195313	0.0497437
-0.0170898	0.0506592
-0.0137329	0.0534058
-0.0112915	0.0576782
-0.0244141	0.062561
-0.0598145	0.0704956
-0.128479	0.0814819
-0.17395	0.0933838
-0.146484	0.103455
-0.055542	0.110168
0.0650024	0.11322
0.158081	0.111389
0.195923	0.10498
0.169373	0.0939941
0.101929	0.0805664
0.0317383	0.067749
-0.022583	0.0564575
-0.0488281	0.0476074
-0.0753784	0.0418091
-0.088501	0.0384521
-0.0854492	0.0369263
-0.0582886	0.0366211
-0.00854492	0.0350952
0.0283813	0.0320435
0.0344849	0.0305176
0.0134277	0.0280762
-0.0012207	0.0210571
0.010376	0.00854492
0.0354004	-0.00640869
0.0521851	-0.0219727
0.0476074	-0.0372314
0.0393677	-0.0494385
0.0454712	-0.0610352
0.0448608	-0.0753784
0.0219727	-0.0897217
-0.0198364	-0.0961304
-0.0515747	-0.088501
-0.0537109	-0.0717163
-0.0259399	-0.0546265
0.0332642	-0.0378418
0.0805664	-0.0204468
0.0668335	-0.00244141
0.00488281	0.0161743
-0.057373	0.0311279
-0.0775146	0.0396729
-0.0720215	0.0430298
-0.0622559	0.0430298
-0.0466919	0.0372314
-0.0216675	0.022583
0.010376	0.00183105
0.0366211	-0.0137329
0.0512695	-0.0234985
0.0491333	-0.0305176
0.020752	-0.0360107
-0.0219727	-0.0393677
-0.0631714	-0.0405884
-0.0881958	-0.0405884
-0.0704956	-0.0411987
-0.0131226	-0.0439453
0.0384521	-0.0469971
0.0366211	-0.0460815
-0.000610352	-0.0357056
-0.015564	-0.0189209
0.00762939	0.000305176
0.039978	0.0219727
0.0552368	0.0540161
0.0689697	0.102539
0.0717163	0.169678
0.0595093	0.255127
0.0259399	0.354614
-0.00427246	0.460205
-0.017395	0.561218
-0.0296021	0.650635
-0.0546265	0.722046
-0.105286	0.768738
-0.161743	0.786438
-0.198364	0.769958
-0.186462	0.714417
-0.127869	0.62561
-0.039978	0.516052
0.0518799	0.393982
0.126343	0.263367
0.184937	0.131531
0.232544	0.00915527
0.249023	-0.0942993
0.240173	-0.169373
0.226135	-0.212097
0.159302	-0.226746
-0.00305176	-0.223389
-0.168762	-0.211487
-0.238037	-0.192566
-0.231323	-0.168762
-0.270691	-0.145874
-0.381165	-0.127258
-0.428162	-0.110168
-0.2771	-0.0930786
0.0939941	-0.0732422
0.557556	-0.0527954
0.96405	-0.0366211
1.17859	-0.0250244
1.08215	-0.0170898
0.646362	-0.0109863
-0.0393677	-0.00152588
-0.716553	0.0134277
-1.15692	0.0280762
-1.26648	0.0354004
-1.09558	0.0332642
-0.788574	0.0244141
-0.469971	0.0146484
-0.189514	0.00701904
0.0897217	0.00152588
0.37262	-0.00274658
0.619507	-0.00854492
0.749512	-0.0167847
0.702515	-0.0247192
0.489502	-0.0286865
0.153503	-0.0271606
-0.19928	-0.0238037
-0.483704	-0.0210571
-0.625305	-0.022583
-0.59967	-0.0274658
-0.393372	-0.0265503
-0.0396729	-0.017395
0.334473	-0.00640869
0.614014	-0.000915527
0.719299	0.0012207
0.671997	0.0012207
0.50293	-0.00396729
0.261841	-0.0164795
0.0167847	-0.0311279
-0.188293	-0.0411987
-0.286255	-0.0473022
-0.274963	-0.0497437
-0.183716	-0.0497437
-0.0964355	-0.0509644
-0.0524902	-0.0534058
-0.0265503	-0.0494385
-0.0012207	-0.0338745
0.0344849	-0.0128174
0.0274658	0.00640869
-0.020752	0.0198364
-0.104675	0.0274658
-0.180054	0.0317383
-0.219727	0.0354004
-0.223389	0.0378418
-0.192566	0.0378418
-0.157166	0.0366211
-0.102539	0.0350952
-0.0497437	0.0323486
-0.000610352	0.0283813
0.0411987	0.0253296
0.0805664	0.0259399
0.108032	0.0256348
0.116272	0.022583
0.121155	0.0183105
0.134583	0.0158691
0.145569	0.0164795
0.133972	0.0195313
0.109253	0.0231934
0.0714111	0.0262451
0.0314331	0.0289917
-0.00610352	0.0317383
-0.0524902	0.0344849
-0.101013	0.0360107
-0.139465	0.0357056
-0.139465	0.0332642
-0.104065	0.0292969
-0.0576782	0.0231934
-0.0292969	0.0149536
-0.012207	0.00549316
0.00457764	0.000610352
0.0390625	0.00244141
0.0732422	0.00732422
0.0872803	0.0109863
0.0772095	0.0140381
0.0540161	0.0180054
0.0323486	0.0238037
0.0305176	0.0305176
0.0338745	0.039978
0.0323486	0.0549316
0.0231934	0.0735474
0.00640869	0.0891113
-0.00946045	0.100403
-0.022583	0.11261
-0.0280762	0.125732
-0.0335693	0.138855
-0.0357056	0.146179
-0.0283813	0.1474
0.000305176	0.147095
0.0415039	0.148926
0.0714111	0.15625
0.0775146	0.165405
0.0479126	0.172119
0.00701904	0.175781
-0.0292969	0.177917
-0.0564575	0.18219
-0.0808716	0.191345
-0.112915	0.200806
-0.118408	0.203552
-0.0906372	0.197754
-0.0457764	0.188599
-0.012207	0.180054
-0.0100708	0.17395
-0.0189209	0.168762
-0.00732422	0.164795
0.0271606	0.162354
0.0628662	0.163269
0.0723267	0.166931
0.0668335	0.169983
0.0634766	0.169067
0.0485229	0.164185
0.0177002	0.157166
-0.0326538	0.149841
-0.0631714	0.139771
-0.0561523	0.127258
-0.0286865	0.115051
0.00427246	0.102539
0.0186157	0.0894165
0.0161743	0.0762939
0.0210571	0.0628662
0.0167847	0.050354
0.017395	0.039978
0.0231934	0.0296021
0.0308228	0.0134277
0.0372314	-0.00701904
0.0378418	-0.0222778
0.0415039	-0.0271606
0.0421143	-0.0247192
0.0115967	-0.020752
-0.0259399	-0.0152588
-0.032959	-0.00854492
-0.0192261	-0.00152588
0.00488281	0.00427246
0.0195313	0.00915527
0.0201416	0.0112915
0.00915527	0.00823975
-0.00976563	0.00274658
-0.0244141	-0.00427246
-0.0268555	-0.0140381
-0.0143433	-0.0262451
0.00213623	-0.0372314
0.015564	-0.0436401
0.0131226	-0.0402832
-0.0234985	-0.0332642
-0.0964355	-0.0296021
-0.167847	-0.0314331
-0.203552	-0.0354004
-0.198059	-0.0354004
-0.173645	-0.0308228
-0.162659	-0.0265503
-0.121765	-0.0247192
0.0170898	-0.0216675
0.293579	-0.0164795
0.59967	-0.010376
0.716248	-0.00701904
0.501404	-0.00976563
0.0909424	-0.0152588
-0.239868	-0.0210571
-0.360413	-0.0280762
-0.354614	-0.0344849
-0.341187	-0.0415039
-0.344543	-0.0485229
-0.328979	-0.0543213
-0.265503	-0.057373
-0.142822	-0.0585938
0.0265503	-0.0558472
0.220337	-0.0448608
0.383911	-0.0292969
0.453796	-0.0152588
0.401917	-0.00610352
0.26123	-0.00213623
0.100098	-0.0012207
-0.0317383	-0.00274658
-0.113831	-0.00671387
-0.146179	-0.0115967
-0.134583	-0.015564
-0.0805664	-0.0180054
-0.00335693	-0.0192261
0.0531006	-0.0177002
0.0561523	-0.0143433
0.0192261	-0.0143433
-0.0210571	-0.017395
-0.0332642	-0.0186157
-0.0286865	-0.0161743
-0.0332642	-0.0149536
-0.0650024	-0.0204468
-0.105591	-0.0274658
-0.125732	-0.0283813
-0.10498	-0.0308228
-0.0485229	-0.0411987
0.0350952	-0.0466919
0.117188	-0.0405884
0.160217	-0.0253296
0.136108	-0.0088501
0.0408936	0.00396729
-0.0906372	0.0134277
-0.186157	0.0201416
-0.190735	0.0253296
-0.112	0.0317383
-0.0128174	0.0405884
0.0427246	0.0460815
0.0384521	0.0424194
0.0012207	0.0314331
-0.0204468	0.0219727
-0.00793457	0.0195313
0.0238037	0.0213623
0.0531006	0.0222778
0.0680542	0.0201416
0.0704956	0.0152588
0.0592041	0.0088501
0.0344849	0.00366211
0	-0.0012207
-0.0289917	-0.0100708
-0.0393677	-0.0216675
-0.0183105	-0.0311279
0.0134277	-0.0390625
0.0302124	-0.0436401
0.0338745	-0.0436401
0.0183105	-0.0408936
-0.00762939	-0.0363159
-0.0302124	-0.0317383
-0.0271606	-0.0256348
-0.00274658	-0.0180054
0.0332642	-0.00915527
0.0549316	-0.00305176
0.0567627	-0.00396729
0.0442505	-0.0128174
0.0289917	-0.0256348
0.0427246	-0.0387573
0.083313	-0.0506592
0.0918579	-0.0604248
0.03479	-0.0653076
-0.0479126	-0.062561
-0.0927734	-0.0552368
-0.113525	-0.0439453
-0.115662	-0.0271606
-0.0982666	-0.00793457
-0.0543213	0.00976563
0.00366211	0.0259399
0.0344849	0.0408936
0.0299072	0.0482178
-0.000305176	0.043335
-0.0231934	0.0320435
-0.0360107	0.0247192
-0.0430298	0.0198364
-0.0564575	0.0134277
-0.0750732	0.00396729
-0.0799561	-0.00335693
-0.0695801	-0.00457764
-0.0439453	0.000305176
-0.0231934	0.00640869
-0.0265503	0.0106812
-0.154419	0.0112915
0.1474	0.010376
-0.0454712	0.00915527
-0.0778198	0.00640869
0.0146484	0.00213623
0.452271	-0.00396729
0.684204	-0.0128174
0.453796	-0.022583
0.0259399	-0.0338745
-0.249329	-0.0463867
-0.274658	-0.0579834
-0.199585	-0.0650024
-0.137024	-0.0714111
-0.10437	-0.0784302
-0.0610352	-0.0836182
-0.00732422	-0.0854492
0.0320435	-0.085144
0.0476074	-0.0845337
0.0515747	-0.0805664
0.027771	-0.0698853
-0.0170898	-0.0540161
-0.0540161	-0.0366211
-0.0543213	-0.0189209
-0.0244141	-0.00732422
0.0234985	-0.000305176
0.083313	0.00793457
0.132141	0.0161743
0.115967	0.022583
0.022583	0.0289917
-0.0906372	0.0357056
-0.150146	0.03479
-0.152283	0.027771
-0.128479	0.0195313
-0.103455	0.0146484
-0.0704956	0.0140381
-0.0314331	0.0109863
-0.00701904	0.00610352
0.0112915	0.00152588
0.0283813	-0.00213623
0.0408936	-0.00427246
0.0311279	-0.00335693
0.00152588	-0.00152588
-0.0286865	0
-0.0378418	0.00213623
-0.0164795	0.00335693
0.0378418	0.00244141
0.0924683	0.000610352
0.104675	-0.00213623
0.238953	-0.00457764
0.521545	-0.00854492
0.365906	-0.0137329
-0.375366	-0.0195313
-1.08154	-0.0244141
-1.09344	-0.0317383
-0.391846	-0.0405884
0.374451	-0.0466919
0.79834	-0.0494385
0.828552	-0.0531006
0.643005	-0.0610352
0.354919	-0.0708008
0.0485229	-0.0738525
-0.167236	-0.0726318
-0.245361	-0.0744629
-0.187988	-0.0732422
-0.0671387	-0.0619507
0.0314331	-0.0463867
0.0314331	-0.0308228
-0.0476074	-0.0167847
-0.14679	-0.00305176
-0.21759	0.00793457
-0.236816	0.0128174
-0.193787	0.0137329
-0.0967407	0.0140381
0.0228882	0.0137329
0.110779	0.0125122
0.131836	0.00854492
0.0909424	0.00366211
0.0201416	0.000915527
-0.0469971	0.00305176
-0.0720215	0.00701904
-0.0463867	0.0106812
-0.00305176	0.0112915
0.0161743	0.00732422
0.00366211	0.00152588
-0.0149536	-0.0012207
-0.0088501	-0.00335693
0.00244141	-0.0100708
-0.00152588	-0.0186157
-0.0143433	-0.0210571
-0.0134277	-0.0186157
0.0100708	-0.0131226
0.0372314	-0.00457764
0.0439453	0.00671387
0.0259399	0.0180054
-0.000915527	0.0265503
-0.0164795	0.0311279
-0.0125122	0.0296021
-0.000915527	0.0219727
0.0125122	0.0115967
0.0311279	0.000610352
0.0543213	-0.0106812
0.0595093	-0.022583
0.0256348	-0.0350952
-0.0256348	-0.0476074
-0.0506592	-0.0543213
-0.0271606	-0.0518799
0.0286865	-0.0454712
0.0942993	-0.039978
0.133972	-0.0332642
0.117493	-0.0241089
0.06073	-0.0137329
0.00549316	-0.00610352
-0.0314331	0.000305176
-0.0448608	0.00946045
-0.0500488	0.0216675
-0.057373	0.0299072
-0.0643921	0.0292969
-0.0704956	0.0268555
-0.0671387	0.0274658
-0.0494385	0.032959
-0.0234985	0.0445557
-0.0134277	0.0588989
-0.0308228	0.0668335
-0.0622559	0.0646973
-0.0732422	0.0585938
-0.0439453	0.0540161
0.0216675	0.0500488
0.0765991	0.0439453
0.0863647	0.0350952
0.0427246	0.0262451
-0.0201416	0.0149536
-0.0640869	0.000610352
-0.072937	-0.010376
-0.0491333	-0.00732422
-0.00488281	0.00732422
0.0369263	0.0247192
0.0643921	0.0430298
0.0723267	0.0646973
0.0552368	0.0845337
0.020752	0.0970459
-0.00518799	0.101013
-0.00701904	0.0939941
-0.00305176	0.0750732
-0.0134277	0.0497437
-0.0280762	0.0222778
-0.038147	-0.00457764
-0.0384521	-0.0289917
-0.0314331	-0.0506592
-0.017395	-0.0695801
0.0137329	-0.0817871
0.0610352	-0.0848389
0.0973511	-0.0814819
0.11261	-0.0744629
0.112915	-0.065918
0.0961304	-0.0582886
0.0622559	-0.0543213
0.0140381	-0.0561523
-0.03479	-0.06073
-0.0695801	-0.0592041
-0.0759888	-0.0515747
-0.062561	-0.0430298
-0.0296021	-0.03479
0.00518799	-0.0274658
0.017395	-0.0216675
0.010376	-0.0183105
-0.010376	-0.0164795
-0.0308228	-0.0106812
-0.0476074	-0.00213623
-0.0692749	0.00274658
-0.0894165	0.00305176
-0.0985718	0.00244141
-0.0949097	0.00488281
-0.0769043	0.010376
-0.0616455	0.0143433
-0.0372314	0.0128174
0.00396729	0.00549316
0.0720215	-0.00335693
0.131531	-0.0146484
0.148926	-0.0308228
0.127563	-0.0476074
0.0900269	-0.0616455
0.0424194	-0.0720215
-0.0213623	-0.0802612
-0.0823975	-0.0817871
-0.112915	-0.0698853
-0.0869751	-0.0457764
-0.0115967	-0.0119019
0.0808716	0.0350952
0.140381	0.0952148
0.13855	0.1651
0.101013	0.24353
0.0598145	0.332336
0.0152588	0.428467
-0.0411987	0.52063
-0.108643	0.603027
-0.163574	0.670166
-0.19165	0.713501
-0.212708	0.726013
-0.198059	0.703125
-0.133057	0.643005
0.00671387	0.552063
0.152588	0.442505
0.254517	0.319214
0.252991	0.189819
0.198059	0.0683594
0.124512	-0.0363159
0.0839233	-0.119629
0.0454712	-0.178833
0.0134277	-0.213013
-0.0588989	-0.223694
0.0424194	-0.215759
-0.114441	-0.194702
-0.449524	-0.165405
-0.707092	-0.134583
-0.658264	-0.107727
-0.352783	-0.0875854
-0.00762939	-0.0750732
0.330811	-0.0680542
0.602722	-0.0637817
0.842896	-0.06073
1.02264	-0.055542
1.08154	-0.0491333
0.92865	-0.045166
0.5896	-0.043335
-0.171509	-0.0384521
-1.31683	-0.0286865
-2.14905	-0.0195313
-1.79077	-0.0143433
-0.588989	-0.0128174
0.424194	-0.0137329
0.620117	-0.0146484
0.319214	-0.0161743
0.0921631	-0.0189209
0.147705	-0.0231934
0.342407	-0.027771
0.395203	-0.0302124
0.312195	-0.0283813
0.146179	-0.0250244
-0.0628662	-0.0265503
0.123901	-0.0323486
0.388489	-0.0350952
0.406494	-0.0335693
-0.0286865	-0.0338745
-0.587158	-0.0372314
-0.855713	-0.0430298
-0.700684	-0.0485229
-0.225525	-0.050354
0.193787	-0.0473022
0.382996	-0.0372314
0.357666	-0.0241089
0.273132	-0.0112915
0.188904	0.0012207
0.101624	0.012207
0.017395	0.0210571
0.0134277	0.0289917
0.167847	0.0375366
0.397644	0.0448608
0.284729	0.0469971
-0.101013	0.0436401
-0.539856	0.0354004
-0.756531	0.0228882
-0.74585	0.0115967
-0.505066	0.00396729
-0.234985	-0.000915527
0.300293	-0.00610352
0.72937	-0.0134277
0.874023	-0.0228882
0.560303	-0.0308228
0.0323486	-0.0326538
-0.368042	-0.0265503
-0.487366	-0.0177002
-0.383911	-0.0112915
-0.282898	-0.00793457
-0.195007	-0.00762939
0.00152588	-0.00579834
0.315247	-0.0012207
0.379944	0.00427246
0.290833	0.0106812
0.202332	0.0192261
0.238342	0.0253296
0.154114	0.0247192
-0.246277	0.0183105
-0.785828	0.00976563
-0.749207	0.00488281
-0.0704956	0.00915527
0.742493	0.0180054
1.09558	0.0247192
0.845947	0.0283813
0.291443	0.0326538
-0.211487	0.0375366
-0.505371	0.0430298
-0.544128	0.0491333
-0.454407	0.0564575
-0.27832	0.0646973
-0.0921631	0.0701904
0.0424194	0.0668335
0.0927734	0.0579834
0.0701904	0.0494385
0.0158691	0.0415039
-0.0448608	0.0372314
-0.0357056	0.039978
0.0299072	0.0497437
0.0964355	0.0640869
0.0592041	0.0802612
-0.0674438	0.09552
-0.193787	0.107422
-0.237122	0.117493
-0.190125	0.127563
-0.121765	0.137329
-0.0415039	0.147095
0.0549316	0.154724
0.201721	0.158386
0.38269	0.159302
0.45166	0.158081
0.220947	0.15686
-0.108337	0.154114
-0.289917	0.152283
-0.227051	0.155945
-0.0930786	0.162048
-0.0332642	0.167542
0.0259399	0.170593
0.0985718	0.17395
0.270386	0.175476
0.116882	0.172119
-0.239258	0.167236
-0.596924	0.160828
-0.534363	0.154114
-0.139465	0.14801
0.305786	0.142517
0.57373	0.135498
0.603333	0.126648
0.426636	0.117188
0.14679	0.109253
-0.0912476	0.10498
-0.217896	0.105286
-0.236511	0.106201
-0.187988	0.102539
-0.0912476	0.0927734
0.0674438	0.0820923
0.265198	0.0772095
0.456848	0.0772095
0.515747	0.0726318
0.301208	0.0610352
-0.0845337	0.0527954
-0.489502	0.0518799
-0.692444	0.0518799
-0.6604	0.0485229
-0.448914	0.0427246
-0.160217	0.0360107
0.0930786	0.0271606
0.239563	0.0195313
0.282898	0.0158691
0.264893	0.0140381
0.214844	0.0106812
0.120239	0.00427246
-0.0338745	-0.00213623
0.0506592	-0.00396729
-0.0479126	-0.00213623
-0.186462	-0.000915527
-0.670471	-0.00396729
-1.0611	-0.0088501
-1.05743	-0.0119019
-0.572205	-0.00915527
0.185242	-0.000915527
0.792542	0.00518799
1.07239	0.00701904
0.910339	0.00579834
0.641479	0.00457764
0.407715	0.00335693
0.175171	0
0.0213623	-0.00610352
-0.0357056	-0.0167847
0.00823975	-0.0292969
0.0698853	-0.0405884
0.0524902	-0.0476074
-0.057373	-0.0509644
-0.100098	-0.0549316
-0.0964355	-0.0579834
-0.00579834	-0.0552368
0.032959	-0.0454712
-0.088501	-0.0332642
-0.305481	-0.0253296
-0.397339	-0.0250244
-0.270386	-0.0265503
-0.1297	-0.0247192
-0.0457764	-0.0219727
-0.065918	-0.0213623
-0.0405884	-0.0216675
0.0463867	-0.022583
0.168762	-0.0247192
0.254822	-0.0259399
0.26062	-0.0247192
0.183411	-0.0201416
0.039978	-0.0140381
-0.125122	-0.00854492
-0.261536	-0.00335693
-0.322266	0.00213623
-0.292969	0.0115967
-0.192566	0.020752
-0.0592041	0.0244141
0.0714111	0.0250244
0.183411	0.0259399
0.268555	0.0231934
0.317383	0.0195313
0.32196	0.0204468
0.259705	0.0222778
0.151672	0.020752
-0.0106812	0.0180054
-0.115356	0.0158691
-0.186157	0.0128174
-0.231323	0.00823975
-0.267029	0.00244141
-0.319519	-0.00427246
-0.0662231	-0.0109863
0.660706	-0.0149536
0.950928	-0.0180054
0.455017	-0.0244141
-0.517273	-0.0296021
-1.22467	-0.0305176
-1.19568	-0.0274658
-0.603943	-0.0262451
0.0320435	-0.0317383
0.365601	-0.0369263
0.457458	-0.0323486
0.53009	-0.0186157
0.647278	-0.00579834
0.628967	0.0012207
0.429688	0.00335693
0.116882	0.00640869
-0.141602	0.0164795
-0.229492	0.0314331
-0.276184	0.0454712
-0.346375	0.0546265
-0.368042	0.0561523
-0.352478	0.050354
-0.304871	0.0393677
-0.205994	0.0259399
-0.0140381	0.0134277
0.176392	0.00518799
0.244446	0.00244141
0.221558	0.00335693
0.159607	0.00518799
0.145264	0.00640869
0.123901	0.00793457
0.0927734	0.0106812
0.0445557	0.0134277
0.00946045	0.0170898
-0.020752	0.0189209
-0.0601196	0.0146484
-0.090332	0.0100708
-0.0830078	0.0100708
-0.0424194	0.0106812
-0.0292969	0.00610352
-0.0515747	0.00183105
-0.0695801	0.000915527
-0.0286865	0.00518799
0.06073	0.0109863
0.148315	0.0152588
0.205688	0.0198364
0.240479	0.0241089
0.237732	0.0241089
0.0961304	0.0213623
-0.187683	0.0186157
-0.4422	0.0140381
-0.448608	0.00762939
-0.254517	-0.000610352
0.0259399	-0.0088501
0.65033	-0.0149536
0.559692	-0.0204468
0.505066	-0.027771
0.062561	-0.0326538
-0.446167	-0.0323486
-0.96405	-0.0302124
-1.22345	-0.0286865
-0.918579	-0.0244141
-0.308838	-0.0158691
0.307922	-0.00518799
0.680237	0.00488281
0.8078	0.0143433
0.757141	0.0201416
0.53894	0.020752
0.270081	0.0189209
0.0601196	0.017395
-0.0592041	0.0167847
-0.121765	0.0152588
-0.140076	0.0100708
-0.138855	0.000305176
-0.141907	-0.0109863
-0.149841	-0.020752
-0.116272	-0.0271606
-0.0320435	-0.0250244
0.0479126	-0.0158691
0.0701904	-0.00488281
0.022583	0.00671387
-0.0332642	0.0189209
-0.0637817	0.0302124
-0.0485229	0.039978
-0.00793457	0.0491333
0.0292969	0.0567627
0.0311279	0.0564575
0.15564	0.0448608
0.350342	0.0350952
0.413818	0.0335693
0.180664	0.0308228
-0.213013	0.0222778
-0.527649	0.0137329
-0.641479	0.00762939
-0.558777	0.00335693
-0.311279	0.0012207
0.0228882	0.000305176
0.318298	-0.00244141
0.4599	-0.00610352
0.444336	-0.0100708
0.310059	-0.0167847
0.139465	-0.027771
-0.0115967	-0.0369263
-0.111694	-0.0396729
-0.221558	-0.0357056
-0.350952	-0.0274658
-0.450134	-0.0189209
-0.382996	-0.0128174
-0.263062	-0.00793457
-0.166016	0.00213623
0.20813	0.0167847
0.787964	0.0308228
1.20758	0.0369263
1.09222	0.0320435
0.507813	0.0228882
-0.194092	0.0186157
-0.774841	0.0158691
-1.01746	0.010376
-0.925293	0.00579834
-0.606995	0.00396729
-0.263062	0.00549316
0.0558472	0.0125122
0.319824	0.0216675
0.415344	0.0292969
0.290833	0.0338745
0.0595093	0.0366211
-0.0497437	0.0360107
0.0784302	0.0341797
0.345764	0.0271606
0.540466	0.010376
0.52948	-0.00976563
0.278931	-0.0244141
-0.117493	-0.0305176
-0.492859	-0.0308228
-0.682983	-0.0250244
-0.643921	-0.0164795
-0.432129	-0.0100708
-0.167236	-0.010376
0.0671387	-0.0119019
0.241699	-0.00488281
0.345764	0.00732422
0.364075	0.0192261
0.278931	0.0283813
0.128174	0.0344849
-0.0115967	0.0378418
-0.0900269	0.0375366
-0.0628662	0.0387573
0.0131226	0.0415039
-0.0402832	0.0421143
-0.248413	0.0408936
-0.426636	0.039978
-0.380554	0.0378418
-0.124512	0.03479
0.159302	0.0326538
0.350647	0.0314331
0.407104	0.032959
0.352783	0.038147
0.242615	0.0424194
0.116577	0.039978
-0.0222778	0.0344849
-0.171814	0.0296021
-0.292053	0.0234985
-0.337219	0.0152588
-0.29541	0.00732422
-0.161743	0.000305176
0.0350952	-0.00610352
0.208435	-0.00976563
0.299072	-0.00823975
0.306702	-0.00427246
0.27771	-0.000305176
0.195923	0.00640869
-0.0112915	0.015564
-0.270691	0.0238037
-0.405579	0.0256348
-0.314026	0.0244141
-0.0665283	0.0280762
0.169067	0.0341797
0.283508	0.0366211
0.28595	0.0357056
0.218506	0.0314331
0.106201	0.0231934
-0.0289917	0.0164795
-0.154724	0.012207
-0.228882	0.0125122
-0.256958	0.0192261
-0.244446	0.0299072
-0.157471	0.043335
0.0131226	0.0592041
0.220642	0.0735474
0.190735	0.0836182
-0.263367	0.0912476
-0.579834	0.098877
-0.492554	0.10498
0.0640869	0.105286
0.678101	0.0985718
0.902405	0.0869751
0.570068	0.0750732
0.0701904	0.0637817
-0.288391	0.0540161
-0.293274	0.0494385
0.0512695	0.0494385
0.314026	0.0509644
0.0643921	0.0515747
-0.707397	0.0500488
-1.315	0.0454712
-1.34583	0.0396729
-0.610046	0.03479
0.433044	0.032959
1.22101	0.0314331
1.5448	0.0256348
1.45752	0.015564
1.03973	0.00579834
0.257263	-0.00274658
-0.660706	-0.0128174
-1.31927	-0.0210571
-1.3678	-0.0238037
-0.883789	-0.0228882
-0.194702	-0.0216675
0.442505	-0.022583
0.779724	-0.0231934
0.803833	-0.020752
0.554504	-0.0137329
0.14801	-0.00640869
-0.198059	-0.00183105
-0.39093	0
-0.375977	0.00213623
-0.288391	0.00579834
-0.122375	0.00732422
0.03479	0.00396729
0.10437	-0.00335693
0.027771	-0.00823975
-0.0860596	-0.00793457
-0.0567627	-0.00640869
0.0485229	-0.00549316
0.109863	-0.00701904
0.0445557	-0.00976563
-0.0924683	-0.00946045
-0.10376	-0.00549316
0.0628662	0.000610352
0.259399	0.00518799
0.325928	0.00854492
0.187988	0.0100708
-0.102539	0.0106812
-0.392456	0.00762939
-0.516663	-0.000305176
-0.379333	-0.00732422
-0.0637817	-0.0112915
0.240173	-0.017395
0.362244	-0.0292969
0.278015	-0.0436401
0.0479126	-0.0531006
-0.190735	-0.0570679
-0.312805	-0.0549316
-0.295715	-0.0460815
-0.15564	-0.0280762
0.0665283	-0.000915527
0.319214	0.0375366
0.505981	0.0924683
0.504456	0.163879
0.311584	0.250244
0.0732422	0.350037
-0.0344849	0.4599
-0.0253296	0.571899
-0.0195313	0.674438
-0.104675	0.753479
-0.288086	0.800476
-0.427551	0.815735
-0.436401	0.797119
-0.384827	0.739136
-0.284119	0.645752
-0.108948	0.527344
0.174255	0.395813
0.471191	0.26123
0.643311	0.1297
0.539551	0.010376
0.105286	-0.0814819
-0.323181	-0.139771
-0.462341	-0.17334
-0.323181	-0.185547
-0.0686646	-0.178223
0.145569	-0.159607
0.227966	-0.13855
0.0637817	-0.119629
-0.283813	-0.101624
-0.575562	-0.0842285
-0.574341	-0.0686646
-0.254517	-0.0585938
0.261841	-0.0518799
0.821228	-0.0476074
1.30005	-0.0463867
1.53839	-0.0448608
1.33911	-0.0430298
0.678711	-0.0436401
-0.210876	-0.0411987
-0.956726	-0.0363159
-1.33881	-0.0354004
-1.36414	-0.0363159
-1.19232	-0.0350952
-0.966797	-0.0289917
-0.711975	-0.0186157
-0.385132	-0.00854492
0.020752	-0.0012207
0.426025	0.00366211
0.722351	0.00732422
0.823364	0.0115967
0.713806	0.015564
0.466003	0.015564
0.175171	0.00915527
-0.0796509	-0.00335693
-0.296936	-0.0170898
-0.800781	-0.0289917
-0.775757	-0.0375366
-0.359802	-0.043335
0.396729	-0.0494385
0.809326	-0.0546265
0.819092	-0.0543213
0.58075	-0.0442505
0.316772	-0.0265503
0.0921631	-0.00579834
-0.108948	0.0128174
-0.234375	0.0265503
-0.227356	0.0372314
-0.0830078	0.0469971
0.103149	0.0534058
0.248108	0.0552368
0.30426	0.0540161
0.0479126	0.0509644
-0.28595	0.0436401
-0.438538	0.0320435
-0.319214	0.0177002
-0.175171	0.00732422
-0.175476	0.00457764
-0.253601	0.00640869
-0.272217	0.00762939
-0.110168	0.00335693
0.194397	-0.00427246
0.357971	-0.0088501
0.228577	-0.00946045
-0.0585938	-0.00671387
-0.24292	-0.0012207
-0.253601	0.00793457
-0.185852	0.0183105
-0.117493	0.0262451
-0.0494385	0.0332642
0.0427246	0.0384521
0.142517	0.0418091
0.228882	0.0421143
0.292969	0.0393677
0.326538	0.0335693
0.300903	0.0238037
0.188599	0.00854492
0.0201416	-0.0100708
-0.120239	-0.0265503
-0.172424	-0.0317383
-0.1474	-0.0289917
-0.0772095	-0.0241089
-0.015564	-0.0152588
0.00366211	-0.00183105
0.00671387	0.0137329
-0.0161743	0.0308228
-0.0421143	0.0497437
0.0463867	0.067749
0.144348	0.0845337
0.0747681	0.098877
-0.174561	0.105896
-0.416565	0.105591
-0.437012	0.109253
-0.237122	0.119629
0.0354004	0.131836
0.220337	0.143433
0.262451	0.150452
0.209961	0.151367
0.140381	0.148621
0.0897217	0.148315
0.0643921	0.145874
0.0631714	0.13916
0.0695801	0.132751
0.0564575	0.127563
0.0140381	0.12146
-0.0170898	0.113831
0.00518799	0.109863
0.0576782	0.112
0.083313	0.119324
0.0662231	0.13092
0.017395	0.142212
-0.0460815	0.152893
-0.107727	0.162964
-0.145264	0.169983
-0.142822	0.171814
-0.0906372	0.170288
-0.0369263	0.168152
-0.0509644	0.169067
-0.0875854	0.17395
-0.093689	0.181274
-0.0460815	0.186768
0.0012207	0.19043
0.0112915	0.194397
-0.0152588	0.198364
-0.0344849	0.201111
0.0643921	0.199585
0.467834	0.19104
0.470886	0.176697
-0.0500488	0.159302
-0.670166	0.141296
-0.775757	0.124207
-0.367737	0.108337
0.0958252	0.0933838
0.356445	0.0808716
0.487976	0.0717163
0.492859	0.0662231
0.269775	0.0637817
-0.114746	0.0646973
-0.405884	0.0646973
-0.415955	0.0637817
-0.209656	0.0622559
0.0326538	0.0576782
0.173035	0.0476074
0.197754	0.0335693
0.171814	0.0222778
0.162964	0.0170898
0.19165	0.0143433
0.253296	0.00946045
0.285034	-0.0012207
0.242004	-0.015564
0.135498	-0.0247192
0.00671387	-0.0274658
-0.0970459	-0.0280762
-0.174866	-0.027771
-0.245361	-0.0286865
-0.274963	-0.0283813
-0.220337	-0.0241089
-0.0881958	-0.0167847
0.0466919	-0.0109863
0.118408	-0.00823975
0.0967407	-0.00457764
-0.00823975	0.00152588
-0.174561	0.00610352
-0.344849	0.00549316
-0.470886	-0.000915527
-0.505981	-0.0088501
-0.394287	-0.0146484
-0.163879	-0.0192261
0.170288	-0.0228882
0.458679	-0.0219727
0.546265	-0.0180054
0.366516	-0.0128174
0.0817871	-0.00823975
-0.0918579	-0.00244141
-0.0854492	0.00457764
0.00244141	0.00976563
0.0961304	0.0115967
0.179138	0.00915527
0.138245	0.00610352
-0.10498	0.00274658
-0.410767	-0.00366211
-0.503845	-0.0149536
-0.248718	-0.0241089
0.185852	-0.0286865
0.536499	-0.0305176
0.661926	-0.0314331
0.575867	-0.0308228
0.353088	-0.0292969
0.0799561	-0.0234985
-0.161438	-0.0131226
-0.306091	-0.00183105
-0.338745	0.00610352
-0.290833	0.00915527
-0.205994	0.00823975
-0.102844	0.00488281
0.00213623	-0.00152588
0.093689	-0.00549316
0.156555	-0.00488281
0.179443	-0.00488281
0.151672	-0.00671387
0.0897217	-0.010376
0.0302124	-0.0106812
-0.00946045	-0.00793457
-0.0564575	-0.00549316
-0.117188	-0.00335693
-0.170288	0.000915527
-0.196228	0.00610352
-0.180664	0.00854492
-0.141296	0.00579834
-0.11261	-0.0012207
-0.0958252	-0.00579834
-0.0683594	-0.00305176
-0.0274658	0.00396729
0.0167847	0.0100708
0.0567627	0.0134277
0.0857544	0.0137329
0.0921631	0.0115967
0.0808716	0.0112915
0.050354	0.0119019
-0.0115967	0.010376
-0.101013	0.00335693
-0.137634	-0.00793457
-0.0668335	-0.0186157
0.0799561	-0.0244141
0.215759	-0.0274658
0.288391	-0.0292969
0.261841	-0.0305176
0.149536	-0.0323486
-0.00671387	-0.032959
-0.126648	-0.0289917
-0.168457	-0.0198364
-0.144043	-0.0106812
-0.085144	-0.00396729
-0.0210571	0.000610352
0.0241089	0
0.0485229	-0.00579834
0.050354	-0.0112915
0.0473022	-0.012207
0.0390625	-0.0128174
0.0390625	-0.0143433
0.043335	-0.0125122
0.0546265	-0.00671387
0.0653076	0.00274658
0.0396729	0.015564
-0.0411987	0.0302124
-0.146484	0.0457764
-0.205688	0.0582886
-0.194397	0.065918
-0.119629	0.0680542
-0.0296021	0.0619507
0.0271606	0.0439453
0.0445557	0.0213623
0.0518799	0.0012207
0.0805664	-0.0140381
0.133667	-0.0247192
0.157776	-0.0305176
0.112915	-0.0305176
0.0012207	-0.0262451
-0.116577	-0.0183105
-0.188904	-0.00671387
-0.194397	0.00640869
-0.147705	0.0164795
-0.0805664	0.0231934
-0.0262451	0.0268555
0.0177002	0.0247192
0.0442505	0.0158691
0.0708008	0.00671387
0.0942993	0.00396729
0.0909424	0.00396729
0.0579834	0.00335693
0.0106812	0.00427246
-0.0369263	0.0100708
-0.0405884	0.017395
0.00946045	0.0198364
0.0778198	0.0140381
0.12085	0.00488281
0.121155	-0.00610352
0.0811768	-0.0192261
0.0274658	-0.0292969
-0.0100708	-0.0338745
-0.0311279	-0.0357056
-0.0402832	-0.0366211
-0.0354004	-0.0335693
-0.0109863	-0.0244141
0.022583	-0.0088501
0.0549316	0.00701904
0.0653076	0.0183105
0.0521851	0.0253296
0.0268555	0.0286865
-0.00640869	0.0268555
-0.0222778	0.0177002
-0.0158691	0.00701904
0.00457764	-0.00152588
0.0012207	-0.00762939
-0.0390625	-0.0128174
-0.110474	-0.017395
-0.166016	-0.0213623
-0.155945	-0.0274658
-0.0839233	-0.0341797
0.00518799	-0.0384521
0.0671387	-0.0350952
0.0701904	-0.0244141
0.00610352	-0.0143433
-0.0985718	-0.00915527
-0.180664	-0.0088501
-0.185242	-0.00823975
-0.0985718	-0.000305176
0.0335693	0.0152588
0.148315	0.0305176
0.191956	0.0405884
0.14679	0.0460815
0.0418091	0.0491333
-0.0515747	0.0512695
-0.0839233	0.0512695
-0.0527954	0.0479126
-0.00396729	0.0430298
0.027771	0.0384521
0.032959	0.0311279
0.015564	0.0216675
0.00213623	0.012207
0.00396729	0.00488281
0.027771	0
0.0582886	-0.00335693
0.0747681	-0.00488281
0.0775146	-0.00366211
0.0680542	0.000305176
0.0604248	0.00762939
0.0424194	0.0146484
0.00671387	0.0177002
-0.0289917	0.0149536
-0.055542	0.00549316
-0.0613403	-0.00946045
-0.0390625	-0.022583
0.00579834	-0.0335693
0.0546265	-0.0463867
0.0823975	-0.0579834
0.0869751	-0.0668335
0.0665283	-0.0668335
0.0396729	-0.0540161
0.0143433	-0.03479
-0.0195313	-0.0137329
-0.0750732	0.00610352
-0.131836	0.0234985
-0.154724	0.0378418
-0.13916	0.0466919
-0.0964355	0.0512695
-0.0341797	0.0494385
0.0445557	0.0405884
0.112305	0.0247192
0.118103	0.00762939
0.0643921	-0.00396729
-0.0161743	-0.00976563
-0.0881958	-0.012207
-0.133057	-0.0131226
-0.145264	-0.010376
-0.119019	-0.00427246
-0.0595093	0.00732422
0.0213623	0.0216675
0.0860596	0.0323486
0.100708	0.038147
0.0744629	0.038147
0.0366211	0.0350952
0.00976563	0.0323486
-0.00762939	0.0296021
-0.00640869	0.0271606
0.00549316	0.0247192
0.0152588	0.0231934
0.0274658	0.0234985
0.0314331	0.0244141
0.0415039	0.0238037
0.0537109	0.0210571
0.0631714	0.0183105
0.0634766	0.0164795
0.0619507	0.0140381
0.0634766	0.0115967
0.0485229	0.00854492
0.00427246	0.00274658
-0.0570679	-0.00244141
-0.107117	-0.00244141
-0.122986	-0.000305176
-0.106506	0
-0.0662231	-0.00549316
-0.0228882	-0.0125122
0.00518799	-0.0152588
0.00640869	-0.0158691
-0.0119019	-0.0140381
-0.0241089	-0.00854492
-0.0112915	-0.000610352
0.0280762	0.00946045
0.0793457	0.0195313
0.115662	0.0302124
0.130615	0.0411987
0.115662	0.0518799
0.0592041	0.0613403
-0.0180054	0.067749
-0.0756836	0.0704956
-0.0888062	0.0689697
-0.0698853	0.0671387
-0.050354	0.0689697
-0.0457764	0.0723267
-0.0637817	0.078125
-0.0964355	0.0860596
-0.125122	0.0924683
-0.122986	0.0973511
-0.0927734	0.101013
-0.045166	0.101929
0.00518799	0.098877
0.0500488	0.0933838
0.0872803	0.0869751
0.107422	0.078125
0.102844	0.0668335
0.0860596	0.0582886
0.0759888	0.0543213
0.0790405	0.0527954
0.0811768	0.0482178
0.055542	0.0415039
-0.00152588	0.0344849
-0.0714111	0.027771
-0.112915	0.0189209
-0.108032	0.00579834
-0.0650024	-0.00732422
-0.0100708	-0.0186157
0.0384521	-0.0280762
0.0769043	-0.0372314
0.105286	-0.0454712
0.117493	-0.0509644
0.0961304	-0.0534058
0.0463867	-0.0521851
-0.00915527	-0.0482178
-0.0405884	-0.0405884
-0.0415039	-0.0305176
-0.0289917	-0.0201416
-0.0222778	-0.0125122
-0.0131226	-0.0100708
-0.0131226	-0.0112915
-0.0219727	-0.0109863
-0.0320435	-0.00579834
-0.0234985	0.00335693
0.0137329	0.0119019
0.0448608	0.0167847
0.0320435	0.0198364
-0.0274658	0.0219727
-0.098877	0.0241089
-0.130615	0.0283813
-0.126343	0.032959
-0.107117	0.0344849
-0.0942993	0.0289917
-0.0823975	0.0177002
-0.0210571	0.00671387
0.123291	-0.000610352
0.194092	-0.00701904
0.105286	-0.0146484
-0.0485229	-0.0213623
-0.177002	-0.0238037
-0.166931	-0.0219727
-0.0613403	-0.017395
0.078125	-0.0131226
0.175171	-0.0112915
0.180969	-0.00915527
0.121765	-0.00518799
0.0585938	0.00274658
0.0204468	0.020752
0.0216675	0.0518799
0.0323486	0.0970459
0.0393677	0.159302
0.0341797	0.238342
0.0201416	0.327759
0.0280762	0.422058
0.0430298	0.52002
0.0396729	0.617676
-0.00549316	0.704346
-0.0765991	0.765991
-0.139465	0.785828
-0.180664	0.759277
-0.172729	0.700989
-0.113831	0.620117
-0.0198364	0.516968
0.0738525	0.393372
0.130005	0.257874
0.134277	0.124207
0.0952148	0.00305176
0.0585938	-0.0985718
0.0366211	-0.177002
0.0494385	-0.229797
0.0247192	-0.252991
-0.0421143	-0.248718
-0.0668335	-0.224304
-0.00518799	-0.190735
0.0598145	-0.15564
-0.0436401	-0.12085
-0.315552	-0.0869751
-0.59082	-0.0567627
-0.631714	-0.0289917
-0.371399	-0.00579834
0.13031	0.00946045
0.712585	0.0134277
1.18927	0.00823975
1.3501	0.000610352
1.05377	-0.00549316
0.377808	-0.00762939
-0.404053	-0.00518799
-0.959167	0.000305176
-1.15265	0.00671387
-1.02478	0.0125122
-0.77179	0.0183105
-0.513306	0.020752
-0.289307	0.0180054
-0.0479126	0.0115967
0.226135	0.00518799
0.512695	-0.00244141
0.726929	-0.0137329
0.784302	-0.0256348
0.632019	-0.0357056
0.312805	-0.0460815
-0.0979614	-0.0558472
-0.480347	-0.0598145
-0.743103	-0.0576782
-0.793152	-0.0549316
-0.620728	-0.0549316
-0.271912	-0.0515747
0.131836	-0.0396729
0.484314	-0.0244141
0.703125	-0.0109863
0.778809	0.00152588
0.706177	0.0140381
0.509033	0.0265503
0.232239	0.038147
-0.027771	0.0473022
-0.19043	0.0506592
-0.23468	0.0463867
-0.193176	0.0384521
-0.125122	0.0289917
-0.0701904	0.0146484
-0.0292969	-0.00183105
0.0146484	-0.0140381
0.0372314	-0.0183105
-0.00579834	-0.0164795
-0.114746	-0.0100708
-0.244446	-0.0012207
-0.360718	0.0112915
-0.431519	0.0302124
-0.447388	0.0482178
-0.385742	0.0601196
-0.263977	0.0671387
-0.118103	0.0698853
0.0100708	0.0674438
0.114136	0.0613403
0.19989	0.0543213
0.265503	0.0469971
0.305481	0.038147
0.317078	0.0292969
0.296936	0.0213623
0.233154	0.0143433
0.136108	0.0100708
0.0357056	0.00793457
-0.0305176	0.0088501
-0.0500488	0.0134277
-0.0354004	0.0189209
-0.010376	0.0201416
0.00244141	0.0158691
-0.012207	0.00915527
-0.0537109	0.00457764
-0.0930786	0.00793457
-0.100708	0.0186157
-0.0680542	0.0296021
-0.017395	0.0366211
0.0262451	0.0421143
0.0454712	0.0476074
0.0473022	0.0549316
0.0357056	0.0643921
0.00793457	0.0765991
-0.0305176	0.0857544
-0.0588989	0.0891113
-0.0613403	0.0906372
-0.045166	0.0942993
-0.0268555	0.098877
-0.00457764	0.102844
0.0268555	0.10437
0.0613403	0.105286
0.085144	0.107422
0.0842285	0.108032
0.0723267	0.107422
0.0674438	0.111694
0.0762939	0.119324
0.0735474	0.124512
0.039978	0.130615
-0.0183105	0.142212
-0.0732422	0.159302
-0.110779	0.176392
-0.128784	0.189514
-0.130615	0.197449
-0.112915	0.203247
-0.083313	0.209656
-0.0588989	0.216064
-0.055542	0.215759
-0.062561	0.207825
-0.0537109	0.197144
-0.0183105	0.189209
0.0228882	0.187683
0.0466919	0.188599
0.0491333	0.187988
0.0430298	0.185852
0.0488281	0.186157
0.072937	0.186157
0.105591	0.184631
0.116882	0.18219
0.0866699	0.177002
0.0228882	0.171509
-0.0415039	0.16571
-0.0765991	0.158386
-0.0808716	0.150146
-0.071106	0.144043
-0.0637817	0.142822
-0.0466919	0.144043
-0.00793457	0.142212
0.039978	0.134277
0.0695801	0.12085
0.0723267	0.106201
0.0592041	0.0915527
0.0485229	0.0750732
0.0418091	0.0543213
0.0262451	0.0317383
0.000305176	0.0119019
-0.0247192	-0.00244141
-0.0372314	-0.0115967
-0.0317383	-0.0170898
-0.00305176	-0.0189209
0.0430298	-0.0158691
0.0775146	-0.0109863
0.0793457	-0.00732422
0.0454712	-0.00305176
-0.00946045	-0.000305176
-0.0482178	-0.00366211
-0.0427246	-0.0109863
0.00152588	-0.0115967
0.0332642	-0.0088501
0.0183105	-0.00793457
-0.0308228	-0.010376
-0.0604248	-0.0119019
-0.0415039	-0.00640869
-0.0088501	0.00396729
-0.0210571	0.0146484
-0.085144	0.0219727
-0.161438	0.0228882
-0.203857	0.0177002
-0.193176	0.012207
-0.121155	0.00762939
0.0088501	0.00457764
0.208435	0.00549316
0.381165	0.0100708
0.391846	0.0146484
0.169983	0.0164795
-0.124512	0.0186157
-0.290527	0.0250244
-0.26001	0.03479
-0.151367	0.0439453
-0.0946045	0.050354
-0.0973511	0.0524902
-0.111084	0.0506592
-0.107422	0.0469971
-0.0753784	0.0439453
-0.00213623	0.0411987
0.118713	0.0393677
0.256042	0.0384521
0.358582	0.0378418
0.392456	0.0350952
0.353088	0.0299072
0.242615	0.0234985
0.0689697	0.0183105
-0.137329	0.0149536
-0.3125	0.00854492
-0.382996	-0.000610352
-0.324707	-0.00549316
-0.180359	-0.00701904
-0.0274658	-0.00976563
0.0872803	-0.0131226
0.164185	-0.0167847
0.209045	-0.0186157
0.215149	-0.0177002
0.181274	-0.0158691
0.127258	-0.0128174
0.0796509	-0.00854492
0.0302124	-0.00457764
-0.0378418	0.00152588
-0.119934	0.00946045
-0.186157	0.017395
-0.206909	0.0253296
-0.174866	0.0326538
-0.0982666	0.0378418
-0.0292969	0.0396729
-0.0201416	0.0369263
-0.071106	0.0332642
-0.119019	0.0341797
-0.108948	0.0372314
-0.0335693	0.0402832
0.0723267	0.0448608
0.159302	0.0515747
0.180969	0.0595093
0.126038	0.0662231
0.0311279	0.0723267
-0.0387573	0.078125
-0.0570679	0.0823975
-0.0372314	0.0817871
-0.0161743	0.0762939
-0.0149536	0.0683594
-0.0384521	0.0582886
-0.0704956	0.0466919
-0.0888062	0.0369263
-0.0735474	0.0320435
-0.0308228	0.0308228
0.0128174	0.0289917
0.0427246	0.0265503
0.0653076	0.0241089
0.0848389	0.0219727
0.0985718	0.0201416
0.106506	0.0204468
0.0979614	0.022583
0.0680542	0.0244141
0.0125122	0.0234985
-0.0506592	0.0213623
-0.0979614	0.0195313
-0.101929	0.0177002
-0.0671387	0.0170898
-0.0131226	0.0152588
0.0271606	0.0125122
0.0512695	0.0106812
0.067749	0.00762939
0.0796509	0.00305176
0.0827026	0.00427246
0.0732422	0.00854492
0.0558472	0.0125122
0.03479	0.0180054
0.022583	0.0247192
0.0177002	0.0320435
0.00854492	0.0372314
-0.022583	0.0390625
-0.0747681	0.0378418
-0.106201	0.0350952
-0.100098	0.0341797
-0.0708008	0.03479
-0.0479126	0.0375366
-0.0448608	0.0408936
-0.0479126	0.0430298
-0.0491333	0.0411987
-0.0509644	0.0369263
-0.057373	0.0357056
-0.0601196	0.0384521
-0.0411987	0.0415039
0.000305176	0.0408936
0.0292969	0.038147
0.0274658	0.0360107
0.0231934	0.0344849
0.0540161	0.0338745
0.116577	0.0338745
0.150757	0.0357056
0.0939941	0.0396729
0.0177002	0.0442505
-0.0387573	0.0479126
-0.0485229	0.0488281
-0.0460815	0.0454712
-0.0384521	0.038147
-0.0326538	0.0317383
-0.022583	0.0286865
-0.0012207	0.0274658
0.0189209	0.0271606
0.0216675	0.0244141
0.0119019	0.0170898
-0.00305176	0.00701904
-0.015564	-0.000610352
-0.00946045	-0.00518799
0.00610352	-0.0088501
0.0405884	-0.0140381
0.0790405	-0.0189209
0.098877	-0.0195313
0.0668335	-0.0167847
0.000610352	-0.0158691
-0.0567627	-0.0161743
-0.078125	-0.0152588
-0.0564575	-0.0125122
-0.0152588	-0.00762939
0.0280762	-0.00213623
0.0476074	0.00152588
0.0497437	0.00366211
0.0427246	0.00518799
0.0436401	0.00579834
0.0357056	0.00823975
0.00549316	0.0152588
-0.0463867	0.0222778
-0.0939941	0.0250244
-0.119019	0.0247192
-0.101624	0.0250244
-0.0546265	0.0265503
-0.00244141	0.0296021
0.0216675	0.032959
-0.0106812	0.0338745
-0.0524902	0.0360107
-0.0683594	0.0387573
-0.123596	0.0421143
-0.127869	0.0494385
-0.0860596	0.0616455
-0.00671387	0.0720215
0.0286865	0.0753784
0.0280762	0.0717163
0.0323486	0.0665283
0.0689697	0.0619507
0.130615	0.0585938
0.184021	0.0564575
0.195313	0.0543213
0.149231	0.0521851
0.0622559	0.0509644
-0.0244141	0.050354
-0.0628662	0.0491333
-0.0494385	0.0448608
-0.0109863	0.0390625
0.0140381	0.03479
0.015564	0.0323486
0.0134277	0.027771
0.000305176	0.0201416
-0.00396729	0.0131226
-0.00549316	0.00976563
0.00640869	0.00640869
0.0112915	0.00213623
-0.00274658	0.000610352
-0.0265503	0.00183105
-0.0497437	0.00183105
-0.0558472	-0.00305176
-0.0466919	-0.00946045
-0.0204468	-0.0112915
0.0241089	-0.0100708
0.0668335	-0.00762939
0.0698853	0
0.0192261	0.0125122
-0.0726318	0.0241089
-0.162964	0.0357056
-0.19043	0.0512695
-0.144653	0.0668335
-0.0497437	0.0787354
0.0482178	0.0845337
0.111084	0.0863647
0.131836	0.090332
0.113831	0.0958252
0.0765991	0.0982666
0.0250244	0.0949097
-0.0265503	0.0888062
-0.0720215	0.0857544
-0.0927734	0.0875854
-0.0897217	0.0924683
-0.0753784	0.0970459
-0.0497437	0.101318
-0.0146484	0.101929
0.0317383	0.0961304
0.0726318	0.0863647
0.100708	0.0784302
0.101013	0.0756836
0.0765991	0.0778198
0.0402832	0.0793457
0.0106812	0.0765991
0.00915527	0.0714111
0.0140381	0.0662231
0.0219727	0.0637817
0.0219727	0.0662231
0.00579834	0.0717163
-0.0311279	0.0735474
-0.0668335	0.0708008
-0.0817871	0.0653076
-0.0805664	0.0588989
-0.0704956	0.0546265
-0.0552368	0.0509644
-0.0152588	0.0457764
0.0317383	0.039978
0.0778198	0.0357056
0.100403	0.0299072
0.0997925	0.0210571
0.0762939	0.0152588
0.0332642	0.012207
-0.0177002	0.0088501
-0.0579834	0.00579834
-0.0634766	0.00274658
-0.0488281	0.000305176
-0.0314331	-0.00152588
-0.0369263	0.000305176
-0.0305176	0.00701904
0.00396729	0.015564
0.0668335	0.022583
0.110474	0.0259399
0.110779	0.0271606
0.0747681	0.0234985
0.0158691	0.0125122
-0.0280762	-0.00305176
-0.0543213	-0.0186157
-0.0460815	-0.0292969
-0.0436401	-0.0326538
-0.055542	-0.0317383
-0.0878906	-0.0259399
-0.107117	-0.0149536
-0.101013	0.000915527
-0.0857544	0.0204468
-0.0665283	0.0411987
-0.0570679	0.0595093
-0.0320435	0.0723267
-0.00732422	0.0765991
0.0308228	0.0720215
0.057373	0.0613403
0.0808716	0.0476074
0.0924683	0.0335693
0.0830078	0.0201416
0.0543213	0.00915527
0.0204468	0.0012207
0.0125122	-0.00488281
0.0119019	-0.0100708
0.0219727	-0.012207
0.020752	-0.0106812
0.0305176	-0.0088501
0.050354	-0.00488281
0.0817871	0.00213623
0.105896	0.0210571
0.0881958	0.0564575
0.0424194	0.108032
-0.0183105	0.175781
-0.0424194	0.259399
-0.0369263	0.355225
-0.00610352	0.456848
0.00183105	0.556641
-0.0234985	0.647278
-0.0741577	0.722961
-0.136414	0.770874
-0.19043	0.780029
-0.213623	0.751953
-0.187073	0.690613
-0.136414	0.602112
-0.0650024	0.49408
-0.00396729	0.372925
0.065918	0.245972
0.1297	0.125732
0.18158	0.0198364
0.098877	-0.0674438
-0.179749	-0.130615
-0.378113	-0.171204
-0.186462	-0.190125
0.4245	-0.186768
0.97168	-0.167236
1.14929	-0.140381
0.855408	-0.111389
0.26062	-0.0823975
-0.475464	-0.0558472
-1.11359	-0.0323486
-1.42853	-0.0128174
-1.27655	0.00152588
-0.697632	0.0115967
0.0949097	0.0177002
0.845032	0.0195313
1.27716	0.0192261
1.23627	0.0186157
0.723267	0.0195313
0.00396729	0.0213623
-0.574951	0.0238037
-0.792847	0.0228882
-0.698242	0.0143433
-0.457458	0.00335693
-0.236816	-0.00427246
-0.117188	-0.00946045
-0.0491333	-0.0143433
0.0134277	-0.0201416
0.131836	-0.0256348
0.30365	-0.0262451
0.466309	-0.0195313
0.499268	-0.0088501
0.340881	0.0012207
0.0219727	0.00701904
-0.32196	0.00946045
-0.576477	0.0146484
-0.663452	0.020752
-0.58136	0.022583
-0.337524	0.0216675
0.00366211	0.0186157
0.333252	0.0146484
0.557556	0.0131226
0.648193	0.0161743
0.627441	0.0219727
0.500488	0.0292969
0.305786	0.0366211
0.0854492	0.0427246
-0.0778198	0.0445557
-0.15686	0.0421143
-0.143738	0.0378418
-0.0930786	0.0338745
-0.00213623	0.0292969
0.0820923	0.0210571
0.12085	0.0140381
0.0683594	0.0128174
-0.0466919	0.0128174
-0.1828	0.0140381
-0.303955	0.020752
-0.388794	0.0320435
-0.417786	0.0442505
-0.378113	0.0534058
-0.308228	0.06073
-0.235901	0.0683594
-0.163574	0.0732422
-0.0598145	0.0686646
0.0564575	0.0582886
0.157776	0.0518799
0.213013	0.0506592
0.238953	0.0491333
0.227661	0.0430298
0.191956	0.032959
0.13855	0.0231934
0.121765	0.0170898
0.12146	0.0164795
0.117798	0.0189209
0.0701904	0.0216675
0.0177002	0.0253296
-0.0244141	0.0280762
-0.0396729	0.0292969
-0.0588989	0.0338745
-0.0708008	0.0421143
-0.0830078	0.0534058
-0.0717163	0.0662231
-0.0552368	0.0790405
-0.0311279	0.0897217
-0.0112915	0.0949097
0.00152588	0.0958252
0.00305176	0.0924683
0.0109863	0.0854492
0.0302124	0.0796509
0.0488281	0.0759888
0.0418091	0.0741577
0.0234985	0.0756836
0.0265503	0.083313
0.0515747	0.0927734
0.0735474	0.103455
0.0747681	0.114746
0.071106	0.125732
0.0335693	0.136414
-0.0521851	0.145264
-0.14679	0.150757
-0.177307	0.151672
-0.128174	0.146484
-0.0335693	0.13855
0.0527954	0.132446
0.10498	0.128784
0.104675	0.126038
0.067749	0.124817
0.0210571	0.126953
-0.0100708	0.133972
-0.0350952	0.143738
-0.0698853	0.157776
-0.0979614	0.17334
-0.104065	0.186462
-0.0930786	0.195007
-0.0909424	0.2005
-0.0927734	0.206299
-0.0726318	0.213013
-0.0228882	0.217285
0.0341797	0.21759
0.0906372	0.212708
0.119629	0.203857
0.117493	0.193481
0.0869751	0.188599
0.0500488	0.186157
0.0143433	0.181885
-0.00823975	0.17334
-0.0146484	0.161133
0.0149536	0.149231
0.0442505	0.141296
0.0735474	0.137634
0.0750732	0.137329
0.0683594	0.131531
0.0375366	0.118408
-0.00488281	0.10437
-0.0509644	0.0924683
-0.0744629	0.0808716
-0.0784302	0.0708008
-0.0653076	0.0634766
-0.0350952	0.0561523
-0.00518799	0.0448608
0.0119019	0.0296021
0.017395	0.0152588
0.017395	0.00518799
-0.000305176	0.000305176
-0.0311279	-0.00335693
-0.0531006	-0.00579834
-0.0506592	-0.00823975
-0.0158691	-0.0115967
0.0387573	-0.0146484
0.0820923	-0.0167847
0.0949097	-0.017395
0.0701904	-0.0134277
0.0314331	-0.00915527
-0.0161743	-0.0112915
-0.0457764	-0.0167847
-0.0256348	-0.0198364
0.00274658	-0.020752
-0.0363159	-0.0210571
-0.176392	-0.0201416
-0.328369	-0.0189209
-0.431213	-0.0195313
-0.392761	-0.0231934
-0.260925	-0.0238037
-0.0143433	-0.0201416
0.268555	-0.0152588
0.552063	-0.0131226
0.732727	-0.0149536
0.752563	-0.0170898
0.576172	-0.0186157
0.267944	-0.0201416
-0.0585938	-0.0213623
-0.289917	-0.0238037
-0.400696	-0.0311279
-0.447693	-0.039978
-0.479431	-0.0460815
-0.497742	-0.0488281
-0.455322	-0.050354
-0.310669	-0.0497437
-0.0744629	-0.0473022
0.194092	-0.0448608
0.403442	-0.0393677
0.498352	-0.0283813
0.458069	-0.0128174
0.307922	0.00305176
0.110779	0.0177002
-0.0720215	0.0317383
-0.195618	0.0415039
-0.232849	0.0463867
-0.183411	0.0476074
-0.0747681	0.0469971
0.125732	0.0460815
0.328369	0.0424194
0.232544	0.0366211
0.0183105	0.0274658
-0.185547	0.0164795
-0.191345	0.00732422
-0.101929	0.00274658
-0.0354004	0.00183105
-0.0100708	0.00335693
-0.0198364	0.00488281
-0.0534058	0.00488281
-0.0997925	0.00305176
-0.125122	0.0012207
-0.121155	-0.00183105
-0.098877	-0.00549316
-0.0549316	-0.00823975
0.00671387	-0.0109863
0.065918	-0.0119019
0.102844	-0.0137329
0.11322	-0.0189209
0.105591	-0.0262451
0.0918579	-0.0341797
0.0912476	-0.0390625
0.101624	-0.0372314
0.093689	-0.0314331
0.0518799	-0.027771
-0.000305176	-0.0241089
-0.0372314	-0.0180054
-0.06073	-0.0134277
-0.0714111	-0.0100708
-0.0619507	-0.00244141
-0.0378418	0.00701904
-0.0189209	0.0106812
-0.00549316	0.00762939
0.0115967	0.00366211
0.0170898	0.00213623
0.00244141	0.00152588
-0.0238037	0
-0.039978	-0.00335693
-0.0457764	-0.00640869
-0.0482178	-0.00976563
-0.0268555	-0.0128174
0.0170898	-0.0137329
0.0784302	-0.0115967
0.0979614	-0.00640869
0.0708008	0.00213623
0.00396729	0.0119019
-0.0656128	0.022583
-0.0967407	0.032959
-0.0820923	0.0396729
-0.0250244	0.0424194
0.0332642	0.0418091
0.0909424	0.0436401
0.103455	0.0479126
0.0561523	0.0476074
-0.0314331	0.0390625
-0.102234	0.0256348
-0.124207	0.0134277
-0.119629	0.00335693
-0.0857544	-0.00335693
-0.0320435	-0.00549316
0.0152588	-0.00396729
0.0305176	-0.00244141
0.0393677	-0.00579834
0.0772095	-0.0125122
0.122375	-0.0167847
0.134888	-0.0158691
0.110474	-0.0149536
0.0582886	-0.0158691
0.00183105	-0.0167847
-0.0506592	-0.0161743
-0.078125	-0.015564
-0.0656128	-0.0170898
-0.0390625	-0.0186157
-0.0115967	-0.0183105
0.012207	-0.0161743
0.0137329	-0.0158691
-0.0146484	-0.0204468
-0.0643921	-0.0283813
-0.100403	-0.0350952
-0.0939941	-0.0378418
-0.0305176	-0.038147
0.0753784	-0.0354004
0.170288	-0.0292969
0.216675	-0.0204468
0.212708	-0.00854492
0.170288	0.00366211
0.0875854	0.0131226
-0.0241089	0.020752
-0.114746	0.0289917
-0.146484	0.0354004
-0.126343	0.0390625
-0.0961304	0.0421143
-0.0732422	0.0421143
-0.0708008	0.0366211
-0.0842285	0.0259399
-0.0897217	0.0125122
-0.0756836	0.00305176
-0.0448608	0
-0.0128174	0.00335693
0.00518799	0.0088501
0.0280762	0.00946045
0.0326538	0.00732422
0.0146484	0.0088501
-0.0137329	0.0137329
-0.0512695	0.0177002
-0.0857544	0.0210571
-0.0970459	0.0256348
-0.0723267	0.0292969
-0.0289917	0.0262451
0.0170898	0.0180054
0.0683594	0.0100708
0.113831	0.00549316
0.12085	0.00183105
0.10498	-0.00183105
0.0778198	-0.00457764
0.0549316	-0.00793457
0.0326538	-0.0149536
0.0271606	-0.0234985
0.043335	-0.0262451
0.0531006	-0.0228882
0.0442505	-0.0177002
0.0283813	-0.0152588
0.0131226	-0.0137329
0.00396729	-0.0115967
-0.012207	-0.00946045
-0.0231934	-0.00701904
-0.0100708	-0.00427246
0.0296021	-0.00274658
0.045166	-0.000305176
0.0387573	0.000305176
0.017395	0.00244141
-0.0128174	0.0106812
-0.0372314	0.022583
-0.0714111	0.032959
-0.100708	0.0402832
-0.105286	0.0424194
-0.071106	0.0366211
-0.00427246	0.0338745
0.0509644	0.0418091
0.0775146	0.055542
0.0750732	0.0650024
0.0473022	0.0680542
0.000305176	0.0717163
-0.065918	0.0799561
-0.124207	0.0900269
-0.155029	0.0991821
-0.146484	0.104065
-0.109558	0.103149
-0.0698853	0.0982666
-0.0231934	0.0900269
0.0357056	0.0787354
0.106506	0.0653076
0.148621	0.0509644
0.145874	0.0372314
0.114441	0.0247192
0.0723267	0.0164795
0.0460815	0.0164795
-0.00244141	0.0241089
-0.0497437	0.0314331
-0.0949097	0.0341797
-0.127258	0.03479
-0.129089	0.0363159
-0.100708	0.0387573
-0.0415039	0.0387573
0.0134277	0.0375366
0.0561523	0.0384521
0.0714111	0.0411987
0.06073	0.0427246
0.0454712	0.0378418
0.0430298	0.0262451
0.0656128	0.0115967
0.0915527	-0.00244141
0.0897217	-0.0149536
0.0534058	-0.0253296
-0.0100708	-0.0357056
-0.0570679	-0.0491333
-0.0759888	-0.057373
-0.0463867	-0.0558472
0.00946045	-0.0491333
0.0570679	-0.0402832
0.0650024	-0.0311279
0.0405884	-0.022583
0.022583	-0.0158691
0.0125122	-0.00701904
0.0125122	0.00366211
0.00640869	0.0119019
-0.00488281	0.0161743
-0.0262451	0.0167847
-0.0588989	0.017395
-0.0839233	0.0192261
-0.0918579	0.0222778
-0.0708008	0.0274658
-0.0448608	0.0305176
-0.022583	0.0271606
-0.017395	0.0219727
-0.0131226	0.0198364
0.00488281	0.0186157
0.0195313	0.0152588
0.0219727	0.00762939
-0.0106812	-0.00244141
-0.0598145	-0.0109863
-0.105286	-0.0158691
-0.113525	-0.020752
-0.0759888	-0.0283813
-0.0170898	-0.0357056
0.045166	-0.0405884
0.0848389	-0.043335
0.112305	-0.043335
0.114746	-0.0390625
0.0979614	-0.0280762
0.0808716	-0.00701904
0.071106	0.0256348
0.0637817	0.0704956
0.0415039	0.124512
0.020752	0.187683
0.0238037	0.261841
0.164185	0.343018
0.256653	0.426941
0.164185	0.509033
-0.0918579	0.582581
-0.276794	0.639343
-0.270691	0.672607
-0.198364	0.67688
-0.177917	0.651245
-0.206299	0.595398
-0.218811	0.513306
-0.166016	0.415955
-0.0717163	0.314636
0.0488281	0.211487
0.171204	0.108032
0.271606	0.00854492
0.334167	-0.0747681
0.321655	-0.132141
0.245361	-0.162354
0.138245	-0.170593
0.0369263	-0.166321
-0.126038	-0.155334
-0.32074	-0.13916
-0.412292	-0.120544
-0.335999	-0.102234
-0.188904	-0.0860596
-0.11322	-0.0714111
-0.130005	-0.0595093
-0.136719	-0.0527954
-0.0595093	-0.0469971
0.138245	-0.0390625
0.429382	-0.0311279
0.75531	-0.0256348
0.998535	-0.0216675
0.993042	-0.0161743
0.662231	-0.00671387
0.11261	0.00549316
-0.457153	0.0170898
-0.862122	0.0271606
-1.05377	0.0357056
-1.10107	0.0411987
-1.0675	0.0436401
-0.934753	0.0457764
-0.62439	0.0469971
-0.113831	0.0445557
0.507202	0.039978
1.05194	0.0344849
1.33087	0.0280762
1.24939	0.0201416
0.844116	0.0115967
0.267639	0.00488281
-0.320435	0.000305176
-0.79071	-0.00366211
-1.06018	-0.00976563
-1.0672	-0.017395
-0.804749	-0.022583
-0.343018	-0.0234985
0.184937	-0.0201416
0.626831	-0.0140381
0.873413	-0.00701904
0.888977	0
0.703125	0.0088501
0.401001	0.0198364
0.0869751	0.027771
-0.13031	0.027771
-0.195007	0.0219727
-0.126038	0.0161743
0.00610352	0.0140381
0.114746	0.00946045
0.136414	-0.000915527
0.0622559	-0.0119019
-0.0686646	-0.0170898
-0.202637	-0.0115967
-0.329895	0.00274658
-0.439148	0.0201416
-0.494995	0.0366211
-0.449829	0.0497437
-0.312805	0.0592041
-0.151978	0.0662231
-0.0338745	0.072937
0.0253296	0.0753784
0.0518799	0.0723267
0.0744629	0.0610352
0.10498	0.0411987
0.128784	0.0234985
0.141602	0.0192261
0.14679	0.0283813
0.151978	0.0411987
0.160217	0.0521851
0.153809	0.0616455
0.128479	0.0698853
0.0854492	0.0790405
0.0524902	0.0875854
0.0488281	0.0921631
0.0546265	0.0909424
0.0521851	0.0857544
0.0473022	0.0784302
0.0457764	0.065918
0.0296021	0.0482178
-0.0125122	0.032959
-0.0872803	0.0268555
-0.164185	0.0302124
-0.205078	0.0369263
-0.195618	0.0436401
-0.15686	0.0476074
-0.115662	0.0491333
-0.083313	0.0518799
-0.0527954	0.055542
-0.0140381	0.0592041
0.0408936	0.0650024
0.093689	0.072937
0.129395	0.0823975
0.145569	0.0927734
0.141907	0.101929
0.111084	0.110779
0.071106	0.121765
0.045166	0.135498
0.0396729	0.1474
0.0350952	0.154419
0.0146484	0.15625
-0.0143433	0.157471
-0.0350952	0.162048
-0.0344849	0.167542
-0.0192261	0.169678
-0.0100708	0.171814
-0.00244141	0.17395
0.0143433	0.176392
0.0253296	0.181274
0.00213623	0.186768
-0.0534058	0.192566
-0.113525	0.198975
-0.144043	0.202942
-0.130005	0.205078
-0.09552	0.206299
-0.0634766	0.204468
-0.0418091	0.2005
-0.00549316	0.198669
0.0448608	0.200806
0.0726318	0.202942
0.0579834	0.202637
0.0283813	0.197754
0.0234985	0.19043
0.0509644	0.181274
0.0784302	0.169983
0.0765991	0.158386
0.0418091	0.145264
0.000610352	0.1297
-0.022583	0.113831
-0.0170898	0.0982666
0.00274658	0.0836182
0.0204468	0.0708008
0.0393677	0.0570679
0.0546265	0.0396729
0.0469971	0.0250244
0.0216675	0.0189209
-0.00823975	0.0183105
-0.0152588	0.0192261
0.00244141	0.0213623
0.0265503	0.0253296
0.0335693	0.0280762
0.00946045	0.0289917
-0.0454712	0.0320435
-0.110779	0.0350952
-0.158386	0.0354004
-0.170593	0.0332642
-0.145874	0.0292969
-0.0985718	0.0253296
-0.0326538	0.022583
0.0372314	0.0234985
0.0918579	0.0268555
0.123596	0.0299072
0.124512	0.0317383
0.104065	0.0341797
0.0701904	0.0393677
0.0170898	0.0466919
-0.0512695	0.0506592
-0.126038	0.0476074
-0.1828	0.039978
-0.192566	0.0296021
-0.109253	0.0183105
0.0872803	0.00732422
0.35614	-0.00366211
0.544739	-0.0131226
0.482178	-0.0183105
0.152893	-0.0183105
-0.240173	-0.0189209
-0.464783	-0.0210571
-0.453186	-0.0189209
-0.324097	-0.0088501
-0.208435	-0.000610352
-0.137024	0.0012207
-0.0854492	0.00152588
-0.0231934	0.00518799
0.067749	0.0128174
0.184937	0.0213623
0.307617	0.027771
0.392151	0.0341797
0.396118	0.0387573
0.317993	0.0411987
0.195313	0.0415039
0.0653076	0.0369263
-0.0543213	0.0302124
-0.15686	0.0271606
-0.243835	0.0274658
-0.307312	0.0274658
-0.328674	0.0253296
-0.297546	0.022583
-0.223083	0.0219727
-0.115051	0.0231934
0.00579834	0.0274658
0.117493	0.0314331
0.196838	0.0335693
0.232544	0.0341797
0.221252	0.0344849
0.169067	0.0357056
0.0906372	0.0387573
0.00518799	0.0411987
-0.0704956	0.0393677
-0.116577	0.0366211
-0.125427	0.038147
-0.0900269	0.0421143
-0.0259399	0.0436401
0.032959	0.0418091
0.0582886	0.0360107
0.0216675	0.0262451
-0.0418091	0.015564
-0.0912476	0.00640869
-0.09552	-0.000305176
-0.067749	-0.00427246
-0.0360107	-0.00427246
-0.00457764	0
0.0274658	0.0088501
0.0534058	0.020752
0.0650024	0.0286865
0.0637817	0.0317383
0.0567627	0.0369263
0.0430298	0.043335
0.0308228	0.0500488
0.0262451	0.0564575
0.0192261	0.0604248
-0.00396729	0.06073
-0.0469971	0.0582886
-0.0924683	0.0546265
-0.106812	0.0500488
-0.0698853	0.0442505
0.000305176	0.0363159
0.0735474	0.0286865
0.11322	0.0228882
0.109253	0.0170898
0.0717163	0.010376
0.0250244	0.00549316
-0.0134277	0.00305176
-0.0369263	0.00274658
-0.0390625	0.00152588
-0.020752	-0.00457764
0.0170898	-0.00762939
0.0695801	-0.00183105
0.0997925	0.00640869
0.06073	0.0100708
-0.0415039	0.00671387
-0.160217	0.000305176
-0.242004	-0.00183105
-0.434265	0.00305176
-0.264587	0.012207
0.19928	0.0198364
0.577087	0.0241089
0.501404	0.0231934
0.107727	0.017395
-0.203247	0.0100708
-0.267944	0.00305176
-0.178833	0
-0.0973511	0.00335693
-0.0689697	0.00915527
-0.0750732	0.0137329
-0.0878906	0.0161743
-0.0869751	0.017395
-0.0543213	0.0210571
0.0109863	0.0238037
0.0900269	0.0222778
0.156555	0.0219727
0.194397	0.0262451
0.19928	0.0292969
0.169373	0.0274658
0.116272	0.0247192
0.0561523	0.0253296
-0.00671387	0.0274658
-0.0634766	0.0286865
-0.0979614	0.0311279
-0.100403	0.0335693
-0.0717163	0.03479
-0.0378418	0.0308228
-0.0332642	0.0195313
-0.0582886	0.00640869
-0.0799561	-0.00244141
-0.0714111	-0.00793457
-0.032959	-0.0125122
0.0100708	-0.0161743
0.0326538	-0.0180054
0.0268555	-0.0192261
0.0119019	-0.0195313
0.0183105	-0.0164795
0.0509644	-0.0134277
0.088501	-0.00976563
0.114746	-0.00854492
0.112305	-0.00793457
0.088501	-0.00610352
0.0521851	-0.00762939
0.012207	-0.00793457
-0.0170898	-0.000610352
-0.0366211	0.010376
-0.0576782	0.0192261
-0.0952148	0.0231934
-0.145569	0.0234985
-0.187988	0.0234985
-0.188293	0.0244141
-0.143433	0.0256348
-0.0689697	0.0262451
0.0119019	0.0286865
0.0808716	0.0311279
0.111389	0.0314331
0.10376	0.0317383
0.0784302	0.032959
0.038147	0.0350952
-0.0119019	0.0387573
-0.0634766	0.0445557
-0.0808716	0.0479126
-0.0494385	0.0454712
0.00732422	0.0390625
0.0482178	0.0305176
0.0570679	0.0180054
0.0610352	0.00610352
0.0909424	-0.00183105
0.136108	-0.00610352
0.168457	-0.0088501
0.136108	-0.0106812
0.0891113	-0.0119019
0.0598145	-0.0112915
-0.104675	-0.0112915
-0.314331	-0.0115967
-0.397949	-0.0106812
-0.244751	-0.00305176
-0.0509644	0.012207
0.0805664	0.0271606
0.132141	0.032959
0.13855	0.0308228
0.116882	0.0259399
0.0866699	0.0256348
0.0741577	0.0280762
0.0744629	0.0271606
0.0769043	0.0265503
0.0598145	0.0292969
0.0198364	0.0317383
-0.0244141	0.0323486
-0.0552368	0.0323486
-0.0683594	0.0332642
-0.0616455	0.0375366
-0.0393677	0.0469971
-0.0180054	0.0579834
-0.00366211	0.0622559
-0.00396729	0.0613403
-0.010376	0.0598145
-0.0283813	0.0622559
-0.0604248	0.065918
-0.0888062	0.0704956
-0.0924683	0.0772095
-0.0631714	0.0820923
-0.0088501	0.0820923
0.0482178	0.0820923
0.093689	0.0869751
0.107727	0.0924683
0.0848389	0.0942993
0.038147	0.0918579
-0.0161743	0.088501
-0.0601196	0.0848389
-0.085144	0.0778198
-0.0814819	0.0714111
-0.0421143	0.0708008
0.0152588	0.0747681
0.0622559	0.078125
0.0769043	0.0802612
0.0787354	0.0811768
0.083313	0.0762939
0.0839233	0.0680542
0.0650024	0.0631714
0.00671387	0.0631714
-0.0527954	0.0634766
-0.0866699	0.0604248
-0.083313	0.0521851
-0.0650024	0.0341797
-0.0439453	0.0109863
-0.0180054	-0.00732422
0.0100708	-0.0195313
0.0344849	-0.0317383
0.0424194	-0.0460815
0.032959	-0.0567627
0.0106812	-0.0585938
-0.0219727	-0.0531006
-0.0482178	-0.0436401
-0.0662231	-0.0302124
-0.0338745	-0.017395
0.0296021	-0.00701904
0.0894165	0.00152588
0.100403	0.00823975
0.0628662	0.0152588
0.012207	0.0210571
-0.0259399	0.0210571
-0.0485229	0.0149536
-0.0634766	0.00701904
-0.0805664	-0.000915527
-0.10498	-0.00823975
-0.113831	-0.0140381
-0.0869751	-0.0167847
-0.0228882	-0.0177002
0.0405884	-0.0183105
0.0720215	-0.0189209
0.0750732	-0.0198364
0.0564575	-0.0228882
0.0402832	-0.027771
0.0137329	-0.0308228
-0.017395	-0.0341797
-0.0418091	-0.0411987
-0.0396729	-0.0524902
0.00274658	-0.065918
0.0640869	-0.0772095
0.111694	-0.0875854
0.109253	-0.0961304
0.0561523	-0.101929
-0.0112915	-0.0997925
-0.0506592	-0.0784302
-0.0411987	-0.0387573
0.00396729	0.0106812
0.0683594	0.0668335
0.131836	0.135498
0.174561	0.221252
0.178528	0.32135
0.125427	0.425415
0.0271606	0.523987
-0.0891113	0.609741
-0.205383	0.677185
-0.319519	0.721436
-0.40863	0.736084
-0.422974	0.715027
-0.339966	0.658569
-0.192566	0.574951
-0.0427246	0.46936
0.0646973	0.346375
0.150757	0.21698
0.315857	0.0894165
0.388184	-0.0250244
0.398865	-0.119324
0.312195	-0.190125
0.194092	-0.232239
0.0558472	-0.249939
-0.155945	-0.249634
-0.354919	-0.234375
-0.410461	-0.20874
-0.281677	-0.175476
-0.0387573	-0.141907
0.0775146	-0.113525
-0.0698853	-0.0912476
-0.376282	-0.0762939
-0.510559	-0.0674438
-0.19928	-0.0622559
0.487671	-0.0616455
1.20514	-0.0650024
1.59088	-0.0714111
1.44501	-0.078125
0.810852	-0.0857544
-0.0320435	-0.0918579
-0.761719	-0.0906372
-1.15997	-0.0848389
-1.21033	-0.0772095
-1.02966	-0.0686646
-0.774231	-0.0610352
-0.535278	-0.0524902
-0.299377	-0.0442505
-0.0177002	-0.0396729
0.331421	-0.0384521
0.652466	-0.0396729
0.81665	-0.0427246
0.771179	-0.0491333
0.518188	-0.0585938
0.100708	-0.0680542
-0.413208	-0.0701904
-0.834351	-0.0646973
-0.982056	-0.0546265
-0.915222	-0.0466919
-0.672913	-0.0402832
-0.281372	-0.0274658
0.215759	-0.0119019
0.70343	0.00213623
0.978394	0.0119019
1.01959	0.0170898
0.853577	0.0198364
0.593262	0.0204468
0.28717	0.0177002
0.0119019	0.0134277
-0.19165	0.00823975
-0.320435	0.000305176
-0.375366	-0.0128174
-0.350647	-0.0265503
-0.24231	-0.0372314
-0.0753784	-0.0442505
0.0747681	-0.0497437
0.112915	-0.055542
0.0445557	-0.0601196
-0.0961304	-0.0592041
-0.232849	-0.0524902
-0.301819	-0.0424194
-0.292969	-0.0323486
-0.20752	-0.0222778
-0.0888062	-0.0140381
0.0271606	-0.00854492
0.108337	-0.00549316
0.131226	-0.00457764
0.114746	-0.00549316
0.0866699	-0.00701904
0.0622559	-0.0100708
0.0500488	-0.017395
0.0396729	-0.0244141
0.0280762	-0.0241089
0.0234985	-0.015564
0.0222778	-0.00671387
0.0183105	-0.00183105
0.00152588	0.000915527
-0.0442505	0.00152588
-0.163574	0.000915527
-0.299377	0.00305176
-0.307617	0.0100708
-0.0726318	0.0186157
0.328674	0.0234985
0.723267	0.0238037
0.914612	0.0222778
0.779114	0.0213623
0.358582	0.0216675
-0.184326	0.0216675
-0.641174	0.0195313
-0.910645	0.0183105
-0.944519	0.020752
-0.767212	0.0231934
-0.422363	0.0256348
-0.0143433	0.0320435
0.335693	0.0460815
0.539551	0.0646973
0.541992	0.0836182
0.371094	0.100708
0.129395	0.115051
-0.0616455	0.126038
-0.164795	0.134277
-0.174561	0.13916
-0.125122	0.140991
-0.0460815	0.139465
0.0296021	0.133667
0.0772095	0.125427
0.0946045	0.116272
0.0952148	0.108948
0.100403	0.105286
0.10498	0.103149
0.0921631	0.107422
0.0628662	0.117493
0.0183105	0.128174
-0.0280762	0.140076
-0.0698853	0.151062
-0.102234	0.160522
-0.115967	0.169983
-0.100098	0.180054
-0.0631714	0.186462
-0.0228882	0.186768
0.0146484	0.183105
0.0476074	0.177917
0.0701904	0.171509
0.0720215	0.162659
0.0466919	0.152588
0.00396729	0.143738
-0.0497437	0.137634
-0.101929	0.133972
-0.135803	0.130005
-0.137634	0.123596
-0.0918579	0.115967
-0.0180054	0.105591
0.065918	0.0915527
0.137634	0.0732422
0.17334	0.0534058
0.15686	0.0408936
0.0982666	0.0326538
0.0259399	0.0219727
-0.0250244	0.0088501
-0.0546265	-0.00274658
-0.0662231	-0.00579834
-0.0570679	-0.000305176
-0.0268555	0.00854492
0.00640869	0.0177002
0.0238037	0.0241089
0.0140381	0.027771
-0.010376	0.0283813
-0.0326538	0.0259399
-0.0418091	0.0183105
-0.0375366	0.00640869
-0.0189209	-0.00366211
0.00793457	-0.0134277
0.0192261	-0.0253296
-0.00152588	-0.0372314
-0.0338745	-0.0466919
-0.0445557	-0.0515747
-0.0222778	-0.0512695
0.0228882	-0.0463867
0.0662231	-0.0402832
0.085144	-0.0375366
0.0701904	-0.0363159
0.0128174	-0.0360107
-0.0897217	-0.0378418
-0.205078	-0.0424194
-0.291138	-0.0466919
-0.276184	-0.0482178
-0.146484	-0.0500488
0.104065	-0.0543213
0.401917	-0.0598145
0.599976	-0.0646973
0.567017	-0.0643921
0.303955	-0.0610352
-0.0109863	-0.0558472
-0.213013	-0.0488281
-0.289612	-0.0411987
-0.32135	-0.03479
-0.362854	-0.0286865
-0.377502	-0.020752
-0.334167	-0.0143433
-0.22644	-0.00976563
-0.0567627	-0.00823975
0.144958	-0.00946045
0.311584	-0.0125122
0.357056	-0.0143433
0.296021	-0.0143433
0.180969	-0.0161743
0.0817871	-0.0186157
0.022583	-0.0167847
0.00946045	-0.0112915
0.0274658	-0.00518799
0.0531006	0.000915527
0.0646973	0.00518799
0.0531006	0.0106812
0.0228882	0.0158691
-0.0128174	0.0177002
-0.0485229	0.0143433
-0.0817871	0.00610352
-0.111084	-0.00244141
-0.127258	-0.0088501
-0.133057	-0.015564
-0.140686	-0.022583
-0.153809	-0.0286865
-0.162964	-0.0326538
-0.145569	-0.0338745
-0.0942993	-0.0302124
-0.022583	-0.0238037
0.0543213	-0.0201416
0.122986	-0.0192261
0.169067	-0.0167847
0.192871	-0.0143433
0.197449	-0.0125122
0.195313	-0.0109863
0.19043	-0.0112915
0.165405	-0.0140381
0.0964355	-0.0183105
-0.0180054	-0.0213623
-0.142822	-0.0198364
-0.227661	-0.0164795
-0.249023	-0.0158691
-0.214539	-0.0201416
-0.149841	-0.0250244
-0.0741577	-0.0219727
-0.00488281	-0.0125122
0.0469971	-0.00701904
0.0857544	-0.00854492
0.120544	-0.0119019
0.144043	-0.0106812
0.14801	-0.00305176
0.115662	0.00579834
0.0292969	0.0119019
-0.0790405	0.0152588
-0.160217	0.0164795
-0.174255	0.0152588
-0.124817	0.0106812
-0.0479126	0.00640869
0.0222778	0.00488281
0.0601196	0.00152588
0.0628662	-0.00396729
0.057373	-0.00793457
0.065918	-0.00915527
0.0720215	-0.0088501
0.0421143	-0.00823975
-0.0259399	-0.00732422
-0.0872803	-0.00335693
-0.109558	0.00396729
-0.0872803	0.0088501
-0.0390625	0.0100708
0.00732422	0.010376
0.043335	0.0109863
0.0622559	0.0119019
0.0790405	0.012207
0.0671387	0.0100708
0.045166	0.00366211
0.0180054	-0.00946045
0.00610352	-0.0231934
0.00396729	-0.0289917
-0.00671387	-0.0289917
-0.0222778	-0.0311279
-0.0265503	-0.0357056
-0.0192261	-0.039978
-0.0131226	-0.0424194
-0.0167847	-0.0424194
-0.0222778	-0.043335
-0.0137329	-0.0463867
0.00518799	-0.0491333
0.0219727	-0.0515747
0.0204468	-0.0521851
0.00152588	-0.0491333
-0.00762939	-0.0445557
0.0125122	-0.0436401
0.0534058	-0.0405884
0.0866699	-0.0302124
0.0924683	-0.0167847
0.0735474	-0.00518799
0.0363159	0.00274658
-0.00762939	0.0088501
-0.0564575	0.0131226
-0.0991821	0.0125122
-0.117188	0.00854492
-0.109863	0.00549316
-0.0900269	0.00183105
-0.0741577	-0.00732422
-0.0732422	-0.020752
-0.0671387	-0.0320435
-0.0354004	-0.0357056
0.0241089	-0.0335693
0.0860596	-0.0311279
0.11261	-0.0311279
0.0906372	-0.0296021
0.0546265	-0.0216675
0.027771	-0.0088501
0.0112915	0.0012207
-0.00152588	0.00335693
-0.00823975	0.00366211
0.00549316	0.00671387
0.0302124	0.010376
0.0427246	0.00976563
0.0140381	0.00335693
-0.0421143	-0.00488281
-0.0814819	-0.012207
-0.0811768	-0.0180054
-0.0500488	-0.0213623
-0.0146484	-0.0244141
0.012207	-0.0302124
0.0311279	-0.0369263
0.0375366	-0.0405884
0.0256348	-0.0408936
0.000915527	-0.0424194
-0.0146484	-0.0454712
-0.00640869	-0.0454712
0.0088501	-0.0430298
0.00305176	-0.0390625
-0.0198364	-0.03479
-0.0341797	-0.0338745
-0.0283813	-0.0357056
0.00244141	-0.0363159
0.0756836	-0.0320435
0.136108	-0.0256348
0.135498	-0.0210571
0.0619507	-0.0177002
-0.0238037	-0.015564
-0.0845337	-0.012207
-0.105286	-0.00640869
-0.0930786	0.000305176
-0.0656128	0.00640869
-0.0408936	0.0100708
-0.0210571	0.0106812
-0.00305176	0.0088501
0.00976563	0.00366211
0.010376	-0.00396729
-0.00915527	-0.0125122
-0.0317383	-0.0192261
-0.0289917	-0.020752
0.00488281	-0.0170898
0.0476074	-0.0100708
0.0765991	-0.00152588
0.0802612	0.00732422
0.0708008	0.0149536
0.0546265	0.0234985
0.0280762	0.032959
-0.00640869	0.0354004
-0.0305176	0.0308228
-0.032959	0.0247192
-0.00427246	0.0189209
0.0228882	0.012207
0.0195313	0.00366211
-0.015564	-0.00488281
-0.0582886	-0.0119019
-0.0769043	-0.0128174
-0.065918	-0.00640869
-0.0360107	0.00701904
-0.00366211	0.0262451
0.0231934	0.0442505
0.0427246	0.0564575
0.0476074	0.0628662
0.0274658	0.0665283
-0.00640869	0.0689697
-0.0283813	0.0656128
-0.03479	0.0579834
-0.0320435	0.0485229
-0.020752	0.0396729
0.0119019	0.0317383
0.0708008	0.0262451
0.122375	0.0262451
0.0949097	0.0320435
-0.0143433	0.0396729
-0.131226	0.0457764
-0.186462	0.0469971
-0.164795	0.043335
-0.0939941	0.03479
-0.0140381	0.0238037
0.0512695	0.0112915
0.0811768	0.000305176
0.0793457	-0.00854492
0.0616455	-0.0186157
0.0408936	-0.0332642
0.0271606	-0.0454712
0.0338745	-0.0476074
0.0579834	-0.0418091
0.0900269	-0.0299072
0.0973511	-0.0180054
0.0515747	-0.0125122
-0.0341797	-0.0125122
-0.11322	-0.0137329
-0.134583	-0.0149536
-0.09552	-0.0158691
-0.0442505	-0.0164795
-0.0149536	-0.0189209
-0.00305176	-0.0234985
0.0164795	-0.0296021
0.0442505	-0.0350952
0.0628662	-0.0369263
0.0601196	-0.0363159
0.0494385	-0.0375366
0.0473022	-0.0384521
0.0506592	-0.038147
0.0442505	-0.0375366
0.020752	-0.0360107
-0.0128174	-0.0341797
-0.0445557	-0.0314331
-0.0720215	-0.0280762
-0.0976563	-0.0250244
-0.116882	-0.0219727
-0.114441	-0.0177002
-0.0772095	-0.0146484
-0.0140381	-0.012207
0.0509644	-0.0088501
0.0799561	-0.00762939
0.0500488	-0.0109863
-0.0128174	-0.0180054
-0.0704956	-0.0280762
-0.0820923	-0.0421143
-0.03479	-0.0582886
0.0482178	-0.071106
0.129089	-0.0784302
0.180054	-0.0805664
0.189819	-0.0741577
0.158386	-0.0570679
0.0994873	-0.0268555
0.0271606	0.0201416
-0.0424194	0.0854492
-0.0854492	0.169067
-0.0765991	0.267639
-0.0320435	0.374451
-0.00854492	0.481873
-0.0469971	0.584412
-0.140686	0.673523
-0.23468	0.736389
-0.277405	0.764771
-0.254822	0.754089
-0.1828	0.700378
-0.0759888	0.610962
0.0579834	0.501709
0.184631	0.383606
0.272827	0.257874
0.316162	0.128784
0.322876	0.00732422
0.270386	-0.0930786
0.138855	-0.167236
-0.0192261	-0.214233
-0.137024	-0.232849
-0.255432	-0.231934
-0.343628	-0.224609
-0.30365	-0.213623
-0.110779	-0.195618
0.0671387	-0.17334
0.0674438	-0.147705
-0.0888062	-0.121765
-0.231323	-0.0952148
-0.221863	-0.065918
-0.0302124	-0.0384521
0.305786	-0.015564
0.709229	0.0012207
1.03455	0.0140381
1.08856	0.0250244
0.774841	0.0299072
0.206604	0.0250244
-0.381775	0.0131226
-0.792542	-0.000915527
-0.98999	-0.0152588
-1.05499	-0.0268555
-1.06171	-0.0350952
-0.98175	-0.0411987
-0.715942	-0.0463867
-0.238037	-0.0476074
0.357666	-0.0439453
0.883789	-0.0366211
1.16882	-0.0268555
1.14655	-0.0177002
0.859375	-0.00823975
0.404968	0.00244141
-0.11322	0.0100708
-0.587463	0.0119019
-0.908813	0.00671387
-0.99823	-0.00335693
-0.817261	-0.0128174
-0.424805	-0.0177002
0.0622559	-0.0210571
0.492249	-0.0265503
0.750122	-0.0299072
0.794067	-0.0238037
0.65033	-0.00946045
0.396118	0.00762939
0.132141	0.0228882
-0.0701904	0.0354004
-0.177002	0.0448608
-0.198364	0.0524902
-0.140076	0.0561523
-0.0292969	0.0512695
0.0787354	0.0393677
0.119324	0.0262451
0.078125	0.0146484
-0.00671387	0.00396729
-0.0866699	-0.00549316
-0.142517	-0.00976563
-0.186157	-0.0100708
-0.230408	-0.0088501
-0.259399	-0.010376
-0.252991	-0.012207
-0.209961	-0.00946045
-0.143127	-0.00366211
-0.0796509	0.00488281
-0.0500488	0.0167847
-0.0497437	0.0283813
-0.0518799	0.0372314
-0.0296021	0.0448608
0.0219727	0.0531006
0.101318	0.0616455
0.184326	0.0680542
0.24292	0.0695801
0.262756	0.0640869
0.237122	0.0537109
0.173035	0.0427246
0.0933838	0.0360107
0.0262451	0.0335693
-0.00640869	0.0317383
-0.017395	0.0274658
-0.0396729	0.0213623
-0.0640869	0.012207
-0.0765991	0.00457764
-0.0585938	0.00732422
-0.0332642	0.0161743
-0.0296021	0.0222778
-0.0561523	0.0265503
-0.0912476	0.032959
-0.0970459	0.0430298
-0.0732422	0.0564575
-0.0436401	0.0720215
-0.0140381	0.0872803
0.0244141	0.102234
0.067749	0.11322
0.0808716	0.118103
0.0506592	0.118408
0.00427246	0.115051
-0.00854492	0.110168
0.0283813	0.106201
0.0863647	0.10376
0.109253	0.10437
0.071106	0.108643
-0.0012207	0.116272
-0.06073	0.125427
-0.0863647	0.135498
-0.0799561	0.148315
-0.0564575	0.161438
-0.0250244	0.173035
-0.00274658	0.18219
-0.00305176	0.189819
-0.022583	0.196228
-0.0335693	0.202942
-0.0170898	0.20874
0.0115967	0.210266
0.0259399	0.209045
0.020752	0.20752
0.0112915	0.207214
0.00305176	0.205078
-0.000915527	0.19928
0.00640869	0.19165
0.0183105	0.185242
0.0253296	0.180664
0.0198364	0.176086
-0.000610352	0.169678
-0.0323486	0.159912
-0.0512695	0.147095
-0.0411987	0.139771
-0.0143433	0.140076
0.0106812	0.140991
0.0234985	0.136414
0.0286865	0.127869
0.0289917	0.117798
0.0210571	0.107117
0.00274658	0.0967407
-0.0222778	0.0881958
-0.0427246	0.0805664
-0.0390625	0.0686646
-0.00701904	0.0540161
0.0469971	0.0442505
0.0921631	0.039978
0.0921631	0.0384521
0.0485229	0.03479
-0.00457764	0.0259399
-0.0338745	0.0158691
-0.0286865	0.00915527
0.00396729	0.00640869
0.0500488	0.00488281
0.0802612	0.000610352
0.0753784	-0.00823975
0.0408936	-0.0131226
0.00305176	-0.0112915
-0.0283813	-0.00854492
-0.0561523	-0.00823975
-0.0823975	-0.00976563
-0.101624	-0.0119019
-0.110168	-0.0170898
-0.10437	-0.0244141
-0.0805664	-0.0314331
-0.0421143	-0.038147
-0.00915527	-0.0445557
0.0088501	-0.0497437
0.0186157	-0.0515747
0.00213623	-0.0473022
-0.0741577	-0.038147
-0.197754	-0.0280762
-0.289307	-0.0186157
-0.230103	-0.00579834
0.027771	0.00915527
0.386963	0.0213623
0.649719	0.0280762
0.63385	0.0289917
0.354614	0.0274658
-0.00396729	0.0259399
-0.258789	0.022583
-0.370178	0.0164795
-0.40741	0.00793457
-0.412903	-0.0012207
-0.38208	-0.00976563
-0.306091	-0.015564
-0.174866	-0.0192261
0.0119019	-0.0228882
0.231628	-0.0253296
0.43335	-0.022583
0.56427	-0.0158691
0.576172	-0.00976563
0.45105	-0.00579834
0.229187	-0.00274658
-0.0134277	0.0012207
-0.209045	0.00732422
-0.327454	0.0146484
-0.349121	0.0186157
-0.275574	0.0195313
-0.134583	0.0189209
0.00488281	0.0180054
0.104065	0.0146484
0.152588	0.010376
0.1651	0.00640869
0.149231	0.00305176
0.109253	0.0012207
0.0427246	-0.000610352
-0.0595093	-0.00152588
-0.183105	-0.000915527
-0.296631	0.00274658
-0.356445	0.010376
-0.344849	0.0204468
-0.274353	0.0296021
-0.167236	0.03479
-0.0384521	0.0363159
0.105591	0.0369263
0.239258	0.039978
0.323181	0.0393677
0.331421	0.0317383
0.274048	0.0201416
0.181274	0.00610352
0.0814819	-0.00762939
-0.00579834	-0.0146484
-0.072937	-0.0149536
-0.117493	-0.0119019
-0.133972	-0.00701904
-0.123291	-0.000610352
-0.104065	0.00976563
-0.0830078	0.0247192
-0.0634766	0.0396729
-0.0463867	0.0500488
-0.0283813	0.0561523
-0.00366211	0.0585938
0.0286865	0.0552368
0.0653076	0.0460815
0.090332	0.0344849
0.0930786	0.0216675
0.0888062	0.00732422
0.09552	-0.00549316
0.0964355	-0.0119019
0.0695801	-0.0128174
0	-0.00915527
-0.0772095	-0.00183105
-0.126038	0.00671387
-0.117188	0.0137329
-0.0686646	0.0198364
-0.00518799	0.0286865
0.0479126	0.0372314
0.0613403	0.0387573
0.03479	0.0338745
-0.012207	0.0259399
-0.0469971	0.0186157
-0.0512695	0.0125122
-0.0350952	0.00823975
-0.0177002	0.00671387
0.000305176	0.00732422
0.0195313	0.0109863
0.0411987	0.015564
0.0485229	0.0210571
0.0302124	0.0292969
-0.00823975	0.0396729
-0.045166	0.0469971
-0.0564575	0.0491333
-0.0314331	0.0509644
0.00640869	0.0540161
0.0305176	0.0552368
0.0152588	0.0540161
-0.00793457	0.0521851
-0.022583	0.0524902
-0.0115967	0.0531006
-0.00640869	0.055542
-0.0222778	0.0582886
-0.0613403	0.0592041
-0.0723267	0.0585938
-0.0302124	0.0588989
0.038147	0.0588989
0.0866699	0.0595093
0.103149	0.0582886
0.0921631	0.0527954
0.0689697	0.0442505
0.0463867	0.0326538
0.0256348	0.0216675
0.0119019	0.0125122
-0.00366211	0.00457764
-0.0305176	-0.00183105
-0.0610352	-0.00488281
-0.0732422	-0.00671387
-0.0595093	-0.00762939
-0.0418091	-0.00518799
-0.0369263	0.000610352
-0.0408936	0.00946045
-0.027771	0.0198364
0.0131226	0.0292969
0.0616455	0.0363159
0.0854492	0.0408936
0.0744629	0.0448608
0.0518799	0.0457764
0.0366211	0.0411987
0.0286865	0.0302124
0.0289917	0.0216675
0.0271606	0.0167847
0.0186157	0.0119019
-0.0100708	0.00793457
-0.0512695	0.00518799
-0.0790405	0.00213623
-0.0949097	-0.000610352
-0.0997925	0
-0.0912476	0.00457764
-0.078125	0.0109863
-0.06073	0.0177002
-0.0421143	0.0231934
-0.00854492	0.0286865
0.027771	0.0363159
0.0531006	0.0460815
0.0704956	0.0558472
0.0772095	0.0665283
0.0683594	0.0775146
0.0482178	0.0854492
0.0424194	0.088501
0.050354	0.0875854
0.0515747	0.085144
0.0265503	0.0805664
-0.0198364	0.0726318
-0.0588989	0.0622559
-0.0759888	0.0488281
-0.0720215	0.0341797
-0.0640869	0.022583
-0.0521851	0.0134277
-0.0311279	0.00732422
-0.000305176	0.00610352
0.0244141	0.00854492
0.0357056	0.012207
0.03479	0.0161743
0.0292969	0.0201416
0.0192261	0.0231934
0.0125122	0.022583
-0.00457764	0.0177002
-0.0213623	0.0109863
-0.0241089	0.00396729
-0.00854492	-0.000305176
0.0167847	-0.0012207
0.0384521	-0.00152588
0.0479126	-0.0012207
0.0454712	-0.000915527
0.0466919	0.00244141
0.0509644	0.00640869
0.0408936	0.00762939
0.0137329	0.0112915
-0.0125122	0.0177002
-0.0192261	0.0189209
-0.0112915	0.0125122
0.00152588	0.00762939
0.0088501	0.00762939
-0.00244141	0.0112915
-0.0341797	0.0189209
-0.0769043	0.0289917
-0.0958252	0.0396729
-0.0662231	0.0524902
-0.0195313	0.067749
-0.017395	0.0820923
-0.0338745	0.0930786
-0.0436401	0.0982666
-0.0332642	0.0967407
-0.0180054	0.0918579
0.0134277	0.0869751
0.0662231	0.0808716
0.0964355	0.0732422
0.0878906	0.0656128
0.0592041	0.0622559
0.0500488	0.0616455
0.0769043	0.0631714
0.0894165	0.0692749
0.0460815	0.0784302
-0.038147	0.0894165
-0.110779	0.0997925
-0.133362	0.105896
-0.108948	0.107727
-0.0552368	0.106506
-0.0012207	0.101624
0.0253296	0.093689
0.00854492	0.0857544
-0.0253296	0.0820923
-0.0448608	0.0799561
-0.03479	0.078125
-0.00915527	0.0775146
0.0213623	0.078125
0.0415039	0.0808716
0.0457764	0.0848389
0.0350952	0.0897217
0.017395	0.0933838
0.00823975	0.0921631
0.0158691	0.085144
0.0234985	0.0723267
0.0195313	0.0570679
0.00640869	0.0430298
-0.00488281	0.0296021
-0.0134277	0.0146484
-0.0204468	-0.00152588
-0.0286865	-0.0170898
-0.0360107	-0.0271606
-0.0323486	-0.0308228
-0.0119019	-0.0302124
0.0146484	-0.0292969
0.0228882	-0.0286865
0.00274658	-0.0250244
-0.0289917	-0.0164795
-0.0418091	-0.00457764
-0.0253296	0.00793457
0.0100708	0.0180054
0.0430298	0.0250244
0.0561523	0.0311279
0.0521851	0.0372314
0.0460815	0.0411987
0.0494385	0.0418091
0.0531006	0.0375366
0.0469971	0.0289917
0.0241089	0.0195313
-0.00274658	0.0128174
-0.0302124	0.00701904
-0.0543213	-0.0012207
-0.0714111	-0.00854492
-0.0747681	-0.0131226
-0.0656128	-0.0134277
-0.0479126	-0.010376
-0.0320435	-0.00640869
-0.0268555	-0.000915527
-0.0238037	0.00610352
-0.0158691	0.0134277
0.00152588	0.0195313
0.0292969	0.0247192
0.0527954	0.0259399
0.0576782	0.0210571
0.0524902	0.012207
0.0494385	-0.00183105
0.0497437	-0.0186157
0.0430298	-0.0357056
0.022583	-0.0540161
-0.0131226	-0.0708008
-0.043335	-0.0811768
-0.0427246	-0.0827026
-0.0149536	-0.072937
0.0231934	-0.0485229
0.0592041	-0.00579834
0.0906372	0.0564575
0.111694	0.136414
0.112	0.230713
0.0891113	0.333557
0.0445557	0.440674
-0.00915527	0.551758
-0.067749	0.657349
-0.144043	0.742798
-0.234985	0.799866
-0.3125	0.82428
-0.3302	0.813904
-0.276184	0.768738
-0.185242	0.69458
-0.112305	0.598145
-0.0509644	0.481567
0.0216675	0.351563
0.128479	0.219421
0.238647	0.0982666
0.303345	-0.00274658
0.2948	-0.083313
0.260925	-0.145874
0.168762	-0.188599
0.0561523	-0.208435
-0.0378418	-0.208435
-0.0888062	-0.193481
-0.161133	-0.170593
-0.328064	-0.14679
-0.530396	-0.122375
-0.597229	-0.09552
-0.383301	-0.0668335
0.0970459	-0.0393677
0.693665	-0.0177002
1.20789	-0.00305176
1.49597	0.00488281
1.43463	0.00854492
0.995178	0.010376
0.288696	0.0106812
-0.467834	0.0088501
-1.03638	0.00427246
-1.31042	-0.00274658
-1.3266	-0.0115967
-1.18286	-0.017395
-0.955811	-0.0183105
-0.661926	-0.0177002
-0.297546	-0.0170898
0.133972	-0.015564
0.558472	-0.0109863
0.847778	-0.00732422
0.923462	-0.00732422
0.782471	-0.00823975
0.484314	-0.00946045
0.106812	-0.00854492
-0.274658	-0.00335693
-0.585022	0.00396729
-0.749207	0.00640869
-0.710449	0.00396729
-0.458069	0.00274658
-0.0738525	0.00579834
0.330505	0.0128174
0.638733	0.0222778
0.775757	0.0320435
0.722961	0.0390625
0.523376	0.0436401
0.255432	0.0466919
-0.0167847	0.0491333
-0.210266	0.0506592
-0.284729	0.0527954
-0.249023	0.0552368
-0.17334	0.0582886
-0.057373	0.06073
0.0375366	0.06073
0.0137329	0.0601196
-0.121765	0.0598145
-0.329285	0.0567627
-0.430298	0.0509644
-0.367432	0.045166
-0.162659	0.0415039
0.0726318	0.0375366
0.237732	0.0283813
0.279236	0.0109863
0.210266	-0.00915527
0.0793457	-0.0259399
-0.0201416	-0.0360107
-0.0543213	-0.0402832
-0.043335	-0.0390625
-0.0283813	-0.03479
-0.0112915	-0.0292969
0.00427246	-0.0231934
0.0341797	-0.0137329
0.083313	-0.00213623
0.140076	0.0143433
0.163269	0.0344849
0.132141	0.0537109
0.0622559	0.0665283
-0.00213623	0.0726318
-0.0344849	0.0732422
-0.0341797	0.0732422
-0.0296021	0.0747681
-0.0445557	0.0778198
-0.0769043	0.0811768
-0.105591	0.0836182
-0.119324	0.0823975
-0.128174	0.0787354
-0.137939	0.0778198
-0.144043	0.0814819
-0.12146	0.088501
-0.10376	0.0949097
-0.128784	0.0973511
-0.259399	0.09552
-0.302734	0.0909424
-0.0738525	0.0830078
0.437012	0.0775146
0.940247	0.0778198
1.15112	0.0805664
0.969238	0.0836182
0.470886	0.0900269
-0.158691	0.102844
-0.679321	0.116882
-0.954895	0.128784
-0.976868	0.137939
-0.744324	0.143127
-0.326233	0.14679
0.115356	0.149841
0.407715	0.150452
0.458679	0.150452
0.333252	0.151978
0.152893	0.154724
0.0170898	0.158081
-0.0534058	0.163879
-0.0671387	0.170898
-0.0622559	0.176086
-0.0784302	0.180054
-0.116272	0.188293
-0.132446	0.198975
-0.0900269	0.20752
-0.0167847	0.210266
0.0378418	0.209351
0.0656128	0.206909
0.0704956	0.203552
0.0445557	0.199585
-0.00762939	0.194397
-0.0488281	0.190125
-0.0357056	0.186768
0.020752	0.183105
0.0762939	0.177612
0.0942993	0.168152
0.0814819	0.155945
0.0561523	0.150146
0.0335693	0.150452
0.0244141	0.149231
0.0366211	0.143738
0.0531006	0.134583
0.0506592	0.126648
0.022583	0.119324
-0.0192261	0.109558
-0.0469971	0.09552
-0.0497437	0.0747681
-0.0387573	0.0524902
-0.0158691	0.0335693
0.0183105	0.0231934
0.0518799	0.0201416
0.0671387	0.0167847
0.0500488	0.00915527
0.0128174	-0.00305176
-0.0253296	-0.0119019
-0.0524902	-0.010376
-0.0610352	-0.00366211
-0.0588989	0.00518799
-0.0689697	0.0152588
-0.09552	0.0244141
-0.115051	0.0280762
-0.0909424	0.0244141
-0.0146484	0.0177002
0.0747681	0.0115967
0.133362	0.00579834
0.141602	0
0.0967407	-0.00640869
0.0198364	-0.0149536
-0.062561	-0.0244141
-0.117493	-0.0305176
-0.132446	-0.0317383
-0.123291	-0.0299072
-0.127563	-0.0256348
-0.169678	-0.0183105
-0.2005	-0.0125122
-0.169067	-0.0109863
-0.0186157	-0.00946045
0.230103	-0.00610352
0.501709	-0.00305176
0.647583	-0.00427246
0.552673	-0.00823975
0.272522	-0.00976563
-0.0228882	-0.00610352
-0.215759	0.0012207
-0.317078	0.00671387
-0.393677	0.00976563
-0.4245	0.0119019
-0.438538	0.0134277
-0.422974	0.0134277
-0.367432	0.0106812
-0.222168	0.00732422
0.0180054	0.0012207
0.265503	-0.0115967
0.428162	-0.0219727
0.476379	-0.0244141
0.438843	-0.0213623
0.345764	-0.0177002
0.226135	-0.0167847
0.116882	-0.0177002
0.0405884	-0.0177002
0.000305176	-0.0161743
-0.00610352	-0.0100708
-0.000610352	-0.00366211
-0.0100708	0
-0.0344849	-0.000610352
-0.0549316	-0.00244141
-0.0765991	-0.00427246
-0.125732	-0.00488281
-0.209351	-0.000610352
-0.288696	0.00793457
-0.307617	0.0164795
-0.251465	0.0228882
-0.151978	0.0256348
-0.0592041	0.0241089
-0.00457764	0.0189209
0.0198364	0.0134277
0.0387573	0.0106812
0.0750732	0.00823975
0.133362	0.00762939
0.184021	0.0100708
0.206604	0.012207
0.19928	0.0109863
0.168457	0.0106812
0.122375	0.012207
0.0622559	0.0137329
-0.0088501	0.0134277
-0.067749	0.0128174
-0.0848389	0.0143433
-0.0640869	0.0146484
-0.0378418	0.0134277
-0.0320435	0.0115967
-0.0537109	0.010376
-0.0866699	0.0109863
-0.123901	0.0109863
-0.134277	0.0088501
-0.0863647	0.00793457
0.00396729	0.00823975
0.0769043	0.00701904
0.0921631	0.00274658
0.0668335	-0.00183105
0.0372314	-0.00488281
0.0204468	-0.00579834
0.012207	-0.00579834
0.0115967	-0.00579834
0.0234985	-0.00549316
0.0396729	-0.00457764
0.0466919	-0.00732422
0.0460815	-0.0161743
0.0360107	-0.0268555
0.0143433	-0.0302124
-0.00518799	-0.0262451
-0.017395	-0.020752
-0.0231934	-0.017395
0.0186157	-0.0152588
0.0878906	-0.0112915
-0.0192261	-0.00762939
-0.265198	-0.00488281
-0.41687	-0.00244141
-0.329285	-0.00305176
-0.09552	-0.00671387
0.0946045	-0.0115967
0.174255	-0.0164795
0.185242	-0.0204468
0.179749	-0.020752
0.172729	-0.0152588
0.148926	-0.00579834
0.105591	0.00305176
0.0521851	0.0088501
0.00518799	0.0146484
-0.039978	0.0210571
-0.0765991	0.0234985
-0.093689	0.0198364
-0.0930786	0.0112915
-0.0845337	0.00213623
-0.0650024	-0.00640869
-0.020752	-0.0164795
0.0393677	-0.0256348
0.0946045	-0.0302124
0.120239	-0.032959
0.106201	-0.0363159
0.0616455	-0.0375366
0.0143433	-0.0344849
-0.0131226	-0.0302124
-0.0192261	-0.0268555
-0.012207	-0.0231934
-0.010376	-0.0189209
-0.0198364	-0.0170898
-0.0430298	-0.0189209
-0.0714111	-0.0219727
-0.085144	-0.0213623
-0.0634766	-0.0164795
-0.00396729	-0.0125122
0.0753784	-0.012207
0.106812	-0.0140381
0.0622559	-0.0167847
-0.0436401	-0.0216675
-0.151978	-0.0265503
-0.183105	-0.0289917
-0.108643	-0.0302124
0.0213623	-0.0314331
0.1297	-0.0311279
0.178833	-0.0292969
0.169373	-0.0253296
0.122986	-0.0228882
0.0610352	-0.0198364
-0.0152588	-0.0137329
-0.0881958	-0.00549316
-0.137329	0.00152588
-0.148315	0.00213623
-0.127563	-0.00427246
-0.085144	-0.0146484
-0.0350952	-0.0228882
0.0128174	-0.0292969
0.0424194	-0.0357056
0.0506592	-0.0424194
0.0460815	-0.0485229
0.0360107	-0.0534058
0.0213623	-0.0558472
0.0106812	-0.055542
0.00518799	-0.0512695
0.00701904	-0.0463867
0.0158691	-0.0418091
0.0396729	-0.0344849
0.0683594	-0.022583
0.0848389	-0.0112915
0.0848389	-0.00427246
0.0643921	0
0.0216675	0.00335693
-0.0344849	0.00396729
-0.0909424	0
-0.123596	-0.00762939
-0.129089	-0.0158691
-0.11322	-0.0244141
-0.0930786	-0.0317383
-0.0656128	-0.0378418
-0.0350952	-0.0427246
-0.00183105	-0.0424194
0.0344849	-0.0378418
0.0518799	-0.0332642
0.0387573	-0.027771
0.0192261	-0.0192261
0.0494385	-0.00946045
0.0933838	-0.00457764
0.116577	-0.00640869
0.085144	-0.0106812
0.0286865	-0.0143433
-0.00823975	-0.017395
-0.015564	-0.0213623
-0.00915527	-0.0250244
-0.00549316	-0.0280762
-0.012207	-0.0311279
-0.0210571	-0.0299072
-0.0265503	-0.0231934
-0.032959	-0.0134277
-0.0320435	-0.00396729
-0.0119019	0.00427246
0.022583	0.0115967
0.0286865	0.0158691
0	0.0128174
-0.0234985	0.00518799
-0.00610352	-0.000915527
0.0323486	-0.00823975
0.0473022	-0.0201416
0.0238037	-0.0344849
-0.0250244	-0.0482178
-0.0497437	-0.0576782
-0.0296021	-0.0616455
0.00549316	-0.0610352
0.0128174	-0.0564575
-0.0170898	-0.0488281
-0.0418091	-0.0396729
-0.038147	-0.0296021
-0.0112915	-0.0201416
0.0189209	-0.0137329
0.045166	-0.0119019
0.0570679	-0.0131226
0.0466919	-0.0140381
0.0100708	-0.0158691
-0.0393677	-0.020752
-0.0775146	-0.0262451
-0.088501	-0.0302124
-0.0772095	-0.0320435
-0.0546265	-0.032959
-0.0326538	-0.0326538
-0.0183105	-0.0286865
-0.00671387	-0.0234985
0.00366211	-0.0213623
0.010376	-0.0216675
0.0109863	-0.0238037
0.0125122	-0.0253296
0.0268555	-0.0231934
0.0601196	-0.0177002
0.0836182	-0.0134277
0.0759888	-0.0152588
0.038147	-0.0164795
0.0112915	-0.0106812
0.010376	-0.00183105
0.022583	0.00640869
0.0146484	0.010376
0.00183105	0.00946045
-0.0146484	0.00671387
-0.0317383	0.00488281
-0.0814819	0.00366211
-0.11322	0.00213623
-0.0756836	0.000610352
0.0411987	0.000610352
0.169067	0.00549316
0.22522	0.0134277
0.19165	0.0204468
0.10437	0.0250244
0.0222778	0.0274658
-0.032959	0.0314331
-0.0604248	0.0354004
-0.172424	0.0366211
-0.366516	0.0341797
-0.457458	0.0265503
-0.296631	0.0167847
0.0970459	0.00854492
0.502625	0.00762939
0.738525	0.0134277
0.694885	0.0204468
0.400696	0.0250244
-0.017395	0.0308228
-0.392761	0.0387573
-0.6073	0.0457764
-0.640869	0.0521851
-0.543213	0.0595093
-0.39093	0.0643921
-0.211182	0.0650024
-0.0720215	0.0619507
0.0561523	0.0540161
0.13031	0.0421143
0.181885	0.0305176
0.2005	0.0210571
0.197144	0.0125122
0.175781	0.00244141
0.146484	-0.00854492
0.107422	-0.017395
0.0564575	-0.0219727
-0.00244141	-0.022583
-0.0415039	-0.0219727
-0.0384521	-0.0231934
-0.00518799	-0.0228882
0.0509644	-0.0198364
0.107727	-0.017395
0.128784	-0.0183105
0.109558	-0.0210571
0.0689697	-0.0247192
0.0271606	-0.0283813
-0.0244141	-0.0335693
-0.0595093	-0.0405884
-0.0579834	-0.0469971
-0.0463867	-0.0527954
-0.0402832	-0.0576782
-0.0350952	-0.0595093
-0.00396729	-0.0613403
0.0335693	-0.0656128
0.0570679	-0.0704956
0.0717163	-0.0704956
0.0448608	-0.0640869
-0.0323486	-0.0561523
-0.117493	-0.0491333
-0.137024	-0.0445557
-0.0949097	-0.0408936
-0.0384521	-0.0332642
-0.00671387	-0.0259399
0.00732422	-0.0250244
0.0183105	-0.0289917
0.0271606	-0.0332642
0.0268555	-0.0375366
0.0158691	-0.0415039
0.0012207	-0.0476074
-0.0119019	-0.0543213
-0.0259399	-0.0628662
-0.0256348	-0.0747681
0.000305176	-0.0857544
0.0497437	-0.0866699
0.0994873	-0.0698853
0.126038	-0.0408936
0.10376	-0.00701904
0.0393677	0.0323486
-0.06073	0.0845337
-0.105896	0.15686
-0.0900269	0.250854
-0.0289917	0.357361
-0.010376	0.463867
-0.0720215	0.563965
-0.180054	0.653381
-0.26062	0.725098
-0.263367	0.769653
-0.193481	0.780945
-0.085144	0.753479
0.0186157	0.691223
0.0897217	0.602722
0.13092	0.492859
0.162964	0.366516
0.190125	0.231934
0.187073	0.101013
0.154419	-0.0161743
0.12146	-0.111694
0.0933838	-0.182495
0.0268555	-0.229187
-0.0280762	-0.251465
-0.0357056	-0.254517
-0.0012207	-0.244446
0.00579834	-0.224609
-0.0720215	-0.198975
-0.231018	-0.173035
-0.318604	-0.149231
-0.236511	-0.128479
0.0204468	-0.113831
0.343018	-0.101929
0.647278	-0.0921631
0.838318	-0.0830078
0.811157	-0.0735474
0.516663	-0.0674438
0.0524902	-0.0653076
-0.385437	-0.0631714
-0.647888	-0.0579834
-0.717163	-0.0524902
-0.671692	-0.0494385
-0.596619	-0.0466919
-0.531616	-0.0424194
-0.435791	-0.0384521
-0.233765	-0.03479
0.057373	-0.0296021
0.335693	-0.0238037
0.507813	-0.0177002
0.573425	-0.00915527
0.562744	-0.000305176
0.462952	0.00610352
0.233154	0.00946045
-0.108337	0.00854492
-0.454102	0.00488281
-0.671692	0.00213623
-0.688477	-0.00183105
-0.52002	-0.00793457
-0.248108	-0.0143433
0.0460815	-0.0195313
0.26886	-0.0234985
0.419312	-0.0265503
0.45929	-0.0302124
0.42572	-0.0338745
0.345764	-0.0375366
0.230713	-0.0402832
0.13031	-0.0384521
0.0686646	-0.0338745
0.0500488	-0.0305176
0.0518799	-0.0292969
0.0390625	-0.027771
0.0231934	-0.022583
-0.0445557	-0.0146484
-0.118408	-0.00823975
-0.164185	-0.00579834
-0.134277	-0.00762939
-0.0747681	-0.0131226
-0.0393677	-0.0198364
-0.0445557	-0.0308228
-0.0799561	-0.0424194
-0.119934	-0.0488281
-0.14801	-0.050354
-0.161438	-0.0476074
-0.160828	-0.0424194
-0.157471	-0.038147
-0.13855	-0.0354004
-0.0842285	-0.0317383
0.00427246	-0.0256348
0.0994873	-0.0177002
0.164185	-0.0109863
0.179443	-0.00793457
0.16449	-0.00671387
0.139771	-0.00640869
0.118408	-0.00579834
0.100403	-0.00335693
0.0720215	0.0012207
0.0299072	0.00823975
-0.0192261	0.0143433
-0.057373	0.015564
-0.0793457	0.0161743
-0.0775146	0.0216675
-0.0891113	0.0317383
-0.106506	0.0408936
-0.136108	0.0454712
-0.132751	0.0500488
-0.0921631	0.0570679
-0.03479	0.0668335
0.0262451	0.0775146
0.072937	0.0860596
0.101318	0.0912476
0.108643	0.0921631
0.0964355	0.088501
0.0869751	0.0811768
0.0842285	0.0723267
0.0683594	0.0680542
0.0350952	0.0717163
0.00366211	0.0778198
-0.00518799	0.0823975
0.00396729	0.0860596
0.0131226	0.090332
-0.0250244	0.0942993
-0.0924683	0.0973511
-0.0109863	0.101013
0.243835	0.107117
0.105896	0.112915
-0.236511	0.116882
-0.204468	0.116882
-0.00305176	0.11261
0.0137329	0.108337
-0.0335693	0.108643
-0.0231934	0.112915
-0.0222778	0.119324
-0.0283813	0.125732
0.00854492	0.133057
0.0427246	0.142822
0.0265503	0.153809
-0.0219727	0.160522
-0.0561523	0.162964
-0.0509644	0.168457
-0.00854492	0.177612
0.0442505	0.183411
0.0756836	0.185852
0.0817871	0.186768
0.0790405	0.184021
0.0689697	0.178833
0.043335	0.171509
-0.000610352	0.162659
-0.0445557	0.154114
-0.104065	0.144653
-0.135498	0.133057
-0.144653	0.121155
-0.108337	0.110779
-0.0512695	0.100098
0.00488281	0.0866699
0.03479	0.0692749
0.0390625	0.0527954
0.0418091	0.0393677
0.0546265	0.0265503
0.0595093	0.0143433
0.0436401	0.00396729
0.0256348	-0.00274658
0.0222778	-0.010376
0.03479	-0.0210571
0.0527954	-0.0262451
0.0604248	-0.0241089
0.0567627	-0.020752
0.0479126	-0.020752
0.0378418	-0.0228882
0.0149536	-0.0274658
-0.0241089	-0.0357056
-0.0634766	-0.0473022
-0.0765991	-0.0579834
-0.0521851	-0.0631714
-0.00701904	-0.0643921
0.0421143	-0.0646973
0.085144	-0.0656128
0.109558	-0.067749
0.105286	-0.0689697
0.0723267	-0.0662231
0.0265503	-0.057373
-0.0250244	-0.045166
-0.0808716	-0.0360107
-0.146179	-0.0326538
-0.211792	-0.0335693
-0.261536	-0.0335693
-0.303955	-0.0308228
-0.336914	-0.0271606
-0.331421	-0.0241089
-0.206604	-0.0216675
0.0662231	-0.0210571
0.448914	-0.0231934
0.736084	-0.0268555
0.724487	-0.0326538
0.438843	-0.0378418
0.050354	-0.0418091
-0.235596	-0.045166
-0.384521	-0.0485229
-0.437622	-0.0527954
-0.442505	-0.0546265
-0.404968	-0.0540161
-0.310364	-0.0537109
-0.144043	-0.0540161
0.0732422	-0.0527954
0.256653	-0.0494385
0.341492	-0.0439453
0.336914	-0.0415039
0.299683	-0.0463867
0.267944	-0.0534058
0.238037	-0.0531006
0.196838	-0.0482178
0.159302	-0.0436401
0.144958	-0.0421143
0.13916	-0.0405884
0.113525	-0.0332642
0.0506592	-0.0183105
-0.0549316	-0.00244141
-0.183716	0.0100708
-0.297241	0.0189209
-0.375061	0.0213623
-0.411987	0.015564
-0.405273	0.00549316
-0.33783	-0.00274658
-0.206604	-0.0106812
-0.0415039	-0.0213623
0.109558	-0.0350952
0.203247	-0.050354
0.214844	-0.0616455
0.179749	-0.0656128
0.128784	-0.0668335
0.0750732	-0.0665283
0.0299072	-0.0634766
0.0112915	-0.0592041
0.0259399	-0.0546265
0.0500488	-0.0485229
0.0512695	-0.0427246
0.0192261	-0.0369263
-0.0396729	-0.0292969
-0.0979614	-0.0186157
-0.131836	-0.00610352
-0.130005	0.00518799
-0.0790405	0.0161743
-0.0250244	0.0271606
-0.000610352	0.032959
0.0161743	0.0326538
0.0268555	0.0274658
0.0680542	0.0219727
0.0897217	0.0177002
0.112305	0.012207
0.120239	0.00549316
0.124512	-0.00213623
0.126038	-0.00976563
0.130615	-0.0158691
0.0952148	-0.017395
0.0479126	-0.0119019
-0.0549316	-0.00366211
-0.204773	0.00366211
-0.352478	0.00793457
-0.369568	0.00823975
-0.213013	0.00244141
0.0463867	-0.00793457
0.274048	-0.0161743
0.379944	-0.0201416
0.357971	-0.0231934
0.231323	-0.0296021
0.0473022	-0.038147
-0.121155	-0.0448608
-0.219727	-0.0454712
-0.238647	-0.0418091
-0.193787	-0.0354004
-0.13092	-0.0265503
-0.0805664	-0.015564
-0.0497437	-0.0088501
-0.0286865	-0.0112915
-0.00305176	-0.0158691
0.0253296	-0.017395
0.0515747	-0.0192261
0.0637817	-0.0234985
0.062561	-0.0311279
0.0442505	-0.0405884
0.0100708	-0.0466919
-0.0234985	-0.0454712
-0.0335693	-0.039978
-0.0158691	-0.032959
0.0125122	-0.0259399
0.0308228	-0.0192261
0.0375366	-0.0131226
0.0372314	-0.00946045
0.0274658	-0.00793457
0.0128174	-0.00823975
-0.00335693	-0.010376
-0.0167847	-0.0131226
-0.0204468	-0.0180054
-0.0100708	-0.0250244
0.0149536	-0.0357056
0.0390625	-0.050354
0.0592041	-0.0613403
0.0686646	-0.0631714
0.0735474	-0.0576782
0.0720215	-0.0506592
0.0457764	-0.0454712
-0.00640869	-0.0405884
-0.0534058	-0.0369263
-0.0671387	-0.0354004
-0.0466919	-0.0326538
-0.0204468	-0.0292969
0.00152588	-0.0289917
0.00976563	-0.0292969
0.00915527	-0.0296021
-0.00762939	-0.0311279
-0.045166	-0.032959
-0.0866699	-0.0338745
-0.107117	-0.0344849
-0.0973511	-0.0332642
-0.065918	-0.0289917
-0.0241089	-0.0234985
0.0164795	-0.020752
0.0274658	-0.0210571
0.00854492	-0.022583
-0.0299072	-0.0253296
-0.0616455	-0.0253296
-0.0839233	-0.0201416
-0.0787354	-0.0125122
-0.0616455	-0.00610352
-0.0241089	-0.00427246
0.0485229	-0.00488281
0.148621	-0.00579834
0.24353	-0.00549316
0.288696	-0.00640869
0.256348	-0.010376
0.153503	-0.0167847
0.0228882	-0.0250244
-0.093689	-0.0299072
-0.162964	-0.0299072
-0.177612	-0.0292969
-0.151367	-0.0320435
-0.112	-0.0390625
-0.0720215	-0.0457764
-0.0332642	-0.045166
0.00854492	-0.038147
0.0549316	-0.0311279
0.101013	-0.0289917
0.128479	-0.027771
0.101929	-0.0253296
0.0259399	-0.0250244
-0.0656128	-0.0256348
-0.117798	-0.0234985
-0.116577	-0.0170898
-0.0839233	-0.0106812
-0.0534058	-0.0100708
-0.0357056	-0.0158691
-0.03479	-0.0228882
-0.0341797	-0.0259399
-0.0335693	-0.0274658
-0.0244141	-0.0320435
-0.00579834	-0.0375366
0.020752	-0.0387573
0.0827026	-0.0375366
0.187988	-0.0357056
0.307312	-0.032959
0.362854	-0.0302124
0.297546	-0.0271606
0.128174	-0.0231934
-0.0860596	-0.0131226
-0.267944	0.00213623
-0.379944	0.0152588
-0.405884	0.0244141
-0.316467	0.0320435
-0.176392	0.0378418
-0.0131226	0.0369263
0.0790405	0.0286865
0.115051	0.0192261
0.0970459	0.0131226
0.06073	0.00823975
0.0299072	0.00457764
0.00946045	0.00488281
0.00610352	0.00610352
0.0140381	0.00701904
0.0341797	0.0134277
0.0460815	0.0274658
0.0335693	0.0430298
0.00244141	0.0546265
-0.0131226	0.06073
0.0112915	0.0616455
0.0628662	0.0567627
0.108337	0.0463867
0.122986	0.0366211
0.106812	0.0286865
0.0598145	0.0189209
-0.0109863	0.00610352
-0.0704956	-0.00427246
-0.0872803	-0.00671387
-0.0643921	-0.00274658
-0.0436401	0.00274658
-0.0390625	0.00579834
-0.0338745	0.00671387
-0.0125122	0.00701904
0.0109863	0.00640869
0.0170898	0.00427246
0.00823975	-0.0012207
-0.00152588	-0.00488281
-0.0125122	-0.00518799
-0.0268555	-0.0100708
-0.0411987	-0.0238037
-0.0317383	-0.0405884
0.0119019	-0.0506592
0.0738525	-0.0531006
0.102234	-0.0521851
0.0750732	-0.0534058
0.00732422	-0.057373
-0.0637817	-0.0604248
-0.100098	-0.0592041
-0.098877	-0.0540161
-0.0704956	-0.0430298
-0.0344849	-0.0311279
-0.00213623	-0.0213623
0.0289917	-0.0134277
0.0457764	-0.00732422
0.0418091	-0.00579834
0.0128174	-0.00915527
-0.0311279	-0.0158691
-0.0750732	-0.0250244
-0.0927734	-0.0360107
-0.0753784	-0.0454712
-0.0363159	-0.0509644
0	-0.0564575
0.00640869	-0.0646973
-0.00762939	-0.0698853
-0.0177002	-0.0665283
-0.0106812	-0.0567627
0.00457764	-0.045166
0.027771	-0.0344849
0.0640869	-0.0253296
0.107117	-0.0186157
0.137329	-0.0161743
0.148621	-0.0186157
0.142822	-0.0256348
0.125427	-0.0357056
0.0939941	-0.0454712
0.0521851	-0.0534058
0.00854492	-0.0588989
-0.0384521	-0.0631714
-0.100098	-0.0668335
-0.157776	-0.0650024
-0.186768	-0.0518799
-0.175171	-0.0265503
-0.119324	0.00671387
-0.0283813	0.0491333
0.0769043	0.10376
0.162354	0.167236
0.197449	0.238342
0.176392	0.319519
0.115967	0.407104
0.043335	0.492249
-0.0152588	0.567932
-0.0558472	0.630188
-0.101929	0.668335
-0.167542	0.674438
-0.244141	0.646362
-0.304871	0.587158
-0.319214	0.499573
-0.269775	0.391541
-0.140991	0.272522
0.0500488	0.150757
0.236206	0.0366211
0.340881	-0.0610352
0.337219	-0.137329
0.26123	-0.189819
0.174866	-0.219421
0.055542	-0.228577
-0.108337	-0.223083
-0.235901	-0.20752
-0.238953	-0.184021
-0.133972	-0.157471
-0.0448608	-0.132141
-0.0466919	-0.112
-0.121155	-0.0979614
-0.198059	-0.0827026
-0.196228	-0.0646973
-0.0723267	-0.0460815
0.198669	-0.0292969
0.570679	-0.0164795
0.917664	-0.00823975
1.05347	-0.00427246
0.855713	-0.00427246
0.35553	-0.00793457
-0.271606	-0.015564
-0.799255	-0.0262451
-1.09558	-0.0390625
-1.1554	-0.0521851
-1.02386	-0.06073
-0.743103	-0.0628662
-0.339661	-0.0595093
0.136719	-0.0506592
0.589294	-0.0378418
0.895691	-0.0228882
0.960999	-0.0109863
0.797119	-0.00488281
0.496521	-0.00244141
0.167542	-0.00305176
-0.102234	-0.00549316
-0.284424	-0.00518799
-0.389709	-0.00457764
-0.436096	-0.00701904
-0.425415	-0.0134277
-0.36499	-0.020752
-0.264893	-0.0247192
-0.133667	-0.0213623
0.0152588	-0.0131226
0.154419	-0.00274658
0.248413	0.00671387
0.273132	0.0109863
0.238037	0.010376
0.167236	0.00915527
0.0848389	0.0106812
0.0106812	0.0152588
-0.0363159	0.0198364
-0.0378418	0.0228882
-0.00946045	0.0244141
0.0363159	0.0259399
0.0646973	0.0280762
0.0656128	0.0317383
0.0201416	0.0338745
-0.0799561	0.0305176
-0.210266	0.0219727
-0.278015	0.012207
-0.257263	0.00610352
-0.190125	0.00396729
-0.132141	0.00244141
-0.0982666	-0.0012207
-0.0546265	-0.00640869
0.00366211	-0.0088501
0.0598145	-0.00854492
0.0970459	-0.00610352
0.116882	-0.000610352
0.127869	0.00793457
0.131836	0.0143433
0.132446	0.0189209
0.134277	0.022583
0.142822	0.0253296
0.154114	0.0253296
0.15625	0.0222778
0.133057	0.0192261
0.0921631	0.0180054
0.0476074	0.0180054
0.000915527	0.0192261
-0.0466919	0.0213623
-0.0991821	0.0241089
-0.142212	0.0274658
-0.163269	0.0323486
-0.144958	0.0375366
-0.0994873	0.0415039
-0.0393677	0.045166
0.0131226	0.0479126
0.0537109	0.0479126
0.0778198	0.0473022
0.078125	0.0476074
0.0497437	0.0506592
0.0106812	0.0582886
-0.0405884	0.0656128
-0.072937	0.0704956
-0.100403	0.0756836
-0.100098	0.0793457
-0.0976563	0.083313
-0.0778198	0.0921631
-0.0622559	0.103149
-0.0338745	0.115967
-0.000610352	0.130615
0.0320435	0.143738
0.0476074	0.15564
0.0442505	0.166931
0.0311279	0.180054
0.0170898	0.192871
0.00579834	0.202332
-0.00610352	0.206299
-0.0149536	0.203857
-0.0234985	0.196533
-0.0320435	0.188599
-0.0320435	0.183105
-0.0170898	0.178528
0.0137329	0.172729
0.045166	0.167236
0.0650024	0.163879
0.067749	0.162354
0.0582886	0.161743
0.0442505	0.157471
0.0247192	0.150146
0.0109863	0.142212
0.00640869	0.134888
0.00671387	0.128479
0.00396729	0.12146
0.0012207	0.114136
0.00579834	0.106812
0.00671387	0.098877
-0.000610352	0.090332
-0.00488281	0.0860596
0.0158691	0.0863647
0.0473022	0.0888062
0.0613403	0.0875854
0.0460815	0.0802612
0.00762939	0.0717163
-0.0442505	0.0656128
-0.0952148	0.0631714
-0.110779	0.0637817
-0.0683594	0.0610352
0.0152588	0.0558472
0.101929	0.0463867
0.142212	0.0360107
0.123901	0.0274658
0.065918	0.0201416
0.00366211	0.0149536
-0.0473022	0.0125122
-0.0808716	0.010376
-0.102539	0.00793457
-0.113831	0.00549316
-0.10376	0.00671387
-0.0796509	0.0106812
-0.0558472	0.0140381
-0.0531006	0.0161743
-0.0579834	0.020752
-0.0485229	0.0274658
-0.0268555	0.0311279
0.00518799	0.0308228
0.0268555	0.0299072
0.0222778	0.0280762
-0.00213623	0.0244141
-0.0241089	0.0186157
-0.0158691	0.0112915
0.00610352	0.00335693
0.00183105	-0.00549316
-0.0671387	-0.0143433
-0.130005	-0.0222778
-0.090332	-0.0271606
0.125732	-0.0311279
0.445557	-0.03479
0.644531	-0.0366211
0.510254	-0.0366211
0.100708	-0.0357056
-0.31311	-0.0354004
-0.509338	-0.0369263
-0.487976	-0.0366211
-0.380554	-0.0326538
-0.277405	-0.0274658
-0.202637	-0.0216675
-0.139771	-0.0137329
-0.0576782	-0.00579834
0.0735474	0.000305176
0.249023	0.00579834
0.429382	0.0088501
0.546875	0.012207
0.562134	0.015564
0.482178	0.0161743
0.345764	0.0125122
0.198059	0.0088501
0.0540161	0.00732422
-0.0894165	0.00732422
-0.24292	0.0100708
-0.407104	0.0152588
-0.538025	0.0192261
-0.582581	0.0195313
-0.50415	0.0167847
-0.339355	0.0149536
-0.148315	0.0161743
0.015564	0.0177002
0.135193	0.0170898
0.207825	0.0152588
0.227661	0.0131226
0.20813	0.00976563
0.162964	0.00854492
0.106506	0.0125122
0.0543213	0.0201416
0.00732422	0.0292969
-0.0274658	0.0393677
-0.0390625	0.0473022
-0.017395	0.0515747
0.0198364	0.0531006
0.0408936	0.0540161
0.0299072	0.055542
-0.00274658	0.055542
-0.038147	0.050354
-0.0650024	0.039978
-0.0805664	0.0271606
-0.0805664	0.012207
-0.0637817	-0.0012207
-0.0311279	-0.0119019
0.00396729	-0.0201416
0.0405884	-0.0268555
0.0762939	-0.0314331
0.10437	-0.0311279
0.114441	-0.0241089
0.101929	-0.0137329
0.0717163	-0.00244141
0.0375366	0.00854492
0.00427246	0.0161743
-0.0280762	0.0204468
-0.0549316	0.0234985
-0.0650024	0.0283813
-0.0588989	0.0335693
-0.0408936	0.0366211
-0.0177002	0.03479
0.00610352	0.0271606
0.0320435	0.0143433
0.0753784	0.00244141
0.142822	0.00152588
0.19165	0.00946045
0.153809	0.0149536
0.0238037	0.0143433
-0.135193	0.0128174
-0.238953	0.0140381
-0.241699	0.0183105
-0.177612	0.0256348
-0.0820923	0.03479
-0.00518799	0.0408936
-0.00549316	0.0402832
-0.0338745	0.0360107
0.00152588	0.032959
0.027771	0.0302124
0.00274658	0.0280762
-0.0180054	0.0280762
-0.0088501	0.0283813
0.0125122	0.027771
0.0213623	0.0271606
-0.000915527	0.0259399
-0.043335	0.0253296
-0.0692749	0.0244141
-0.050354	0.0216675
-0.00671387	0.017395
0.0231934	0.0125122
0.0335693	0.00762939
0.0234985	0.000915527
0.0256348	-0.00701904
0.0527954	-0.0131226
0.103149	-0.0161743
0.146484	-0.0161743
0.152893	-0.0128174
0.0982666	-0.00640869
0.0262451	0.00244141
-0.0228882	0.00976563
-0.0286865	0.0134277
-0.00823975	0.0119019
0.010376	0.00793457
0.0222778	0.00396729
0.0262451	-0.000610352
0.0222778	-0.00549316
0.0152588	-0.00793457
0.0128174	-0.00793457
0.0119019	-0.00854492
0.00518799	-0.00946045
-0.0012207	-0.0088501
0.00457764	-0.00671387
0.0134277	-0.00244141
0.0167847	0.00366211
0.0195313	0.00671387
0.0338745	0.00183105
0.0469971	-0.00549316
0.0305176	-0.00701904
-0.0473022	-0.00488281
-0.150452	-0.00274658
-0.246582	-0.00152588
-0.262756	0.00183105
-0.227051	0.0088501
-0.167847	0.0186157
-0.204468	0.0274658
-0.209045	0.0311279
-0.157776	0.0341797
0.0909424	0.0387573
0.430603	0.039978
0.61676	0.0366211
0.535278	0.0299072
0.192871	0.020752
-0.175171	0.0106812
-0.385437	0.00579834
-0.375061	0.00366211
-0.266113	-0.000915527
-0.155029	-0.00732422
-0.0634766	-0.0143433
0.0250244	-0.0198364
0.110779	-0.0228882
0.164795	-0.0222778
0.172424	-0.0192261
0.15564	-0.015564
0.1297	-0.0119019
0.10498	-0.00823975
0.0759888	-0.00579834
0.0454712	-0.00244141
0.0189209	0.00213623
-0.00457764	0.00732422
-0.0210571	0.010376
-0.0244141	0.010376
-0.0177002	0.0109863
-0.00762939	0.012207
0.00274658	0.012207
0.0149536	0.012207
0.0189209	0.00915527
0.00579834	0.00274658
-0.0158691	-0.00427246
-0.0323486	-0.0088501
-0.0393677	-0.0128174
-0.0357056	-0.0189209
-0.017395	-0.0253296
0.0128174	-0.0244141
0.0363159	-0.0167847
0.0402832	-0.00762939
0.0302124	0.00274658
0.0183105	0.0125122
0.00305176	0.0192261
-0.0387573	0.0234985
-0.0930786	0.0259399
-0.137024	0.0259399
-0.140686	0.027771
-0.119324	0.0314331
-0.0921631	0.0308228
-0.071106	0.0238037
-0.0527954	0.0146484
-0.0296021	0.0119019
0.0186157	0.017395
0.0805664	0.0283813
0.103455	0.03479
0.0842285	0.0335693
0.0402832	0.0305176
0.00732422	0.027771
-0.00915527	0.0253296
-0.0012207	0.022583
0.0201416	0.0180054
0.0238037	0.0115967
0.0100708	0.00610352
-0.0115967	0.00518799
-0.0164795	0.0106812
0.00579834	0.017395
0.0491333	0.0210571
0.0839233	0.0241089
0.102539	0.027771
0.0985718	0.0314331
0.0662231	0.0332642
0.00946045	0.0338745
-0.0473022	0.0335693
-0.0820923	0.0332642
-0.0894165	0.0338745
-0.0747681	0.0344849
-0.0442505	0.0350952
-0.00488281	0.0350952
0.0314331	0.0357056
0.0598145	0.0372314
0.0769043	0.0369263
0.0836182	0.0354004
0.0701904	0.0341797
0.0372314	0.0323486
0.00518799	0.0299072
-0.00946045	0.0268555
-0.00671387	0.0247192
-0.00518799	0.0265503
-0.0186157	0.0305176
-0.0384521	0.03479
-0.0604248	0.0378418
-0.0732422	0.039978
-0.0836182	0.0424194
-0.0869751	0.0442505
-0.0680542	0.0469971
-0.0320435	0.050354
0.00457764	0.0540161
0.0128174	0.0582886
-0.012207	0.0637817
-0.0546265	0.0704956
-0.0750732	0.0744629
-0.0549316	0.0778198
0	0.0845337
0.0527954	0.0930786
0.0753784	0.0979614
0.0631714	0.0967407
0.0311279	0.0918579
-0.0012207	0.0869751
-0.0213623	0.083313
-0.0247192	0.0772095
-0.00366211	0.0662231
0.0323486	0.0537109
0.0582886	0.0418091
0.0424194	0.0302124
0.00427246	0.0192261
-0.0216675	0.00946045
-0.0140381	-0.000305176
0.015564	-0.00915527
0.0418091	-0.0158691
0.0488281	-0.0189209
0.0366211	-0.0189209
0.0228882	-0.0213623
0.0134277	-0.0262451
0.0128174	-0.0317383
0.027771	-0.0350952
0.0524902	-0.0372314
0.0628662	-0.0393677
0.0384521	-0.043335
-0.00976563	-0.0485229
-0.0506592	-0.0512695
-0.0592041	-0.0531006
-0.0457764	-0.0552368
-0.0332642	-0.0537109
-0.0363159	-0.0491333
-0.0357056	-0.0411987
-0.0341797	-0.0308228
-0.0308228	-0.0228882
-0.0256348	-0.0177002
-0.0595093	-0.0128174
-0.13855	-0.0088501
-0.124512	-0.00488281
-0.118408	-0.00274658
0.127258	-0.00335693
0.481262	-0.00518799
0.623779	-0.00457764
0.373535	0.000915527
-0.122375	0.00579834
-0.473938	0.00762939
-0.519714	0.00854492
-0.3479	0.00518799
-0.142822	-0.00396729
-0.0112915	-0.0170898
0.0384521	-0.0292969
0.0375366	-0.0375366
0.0357056	-0.039978
0.0473022	-0.0354004
0.055542	-0.0228882
0.0524902	0.00335693
0.0537109	0.050354
0.0802612	0.119629
0.115356	0.209045
0.12207	0.312805
0.0900269	0.422974
0.0485229	0.529175
0.0125122	0.622864
-0.0289917	0.700073
-0.0894165	0.753479
-0.15686	0.778503
-0.208435	0.767822
-0.221252	0.723877
-0.177002	0.653992
-0.0915527	0.560913
-0.00396729	0.448914
0.0701904	0.326538
0.142212	0.204163
0.194397	0.0912476
0.209656	-0.00976563
0.19928	-0.0976563
0.158691	-0.166931
0.0982666	-0.215149
0.0683594	-0.24292
0.0646973	-0.255127
0.0256348	-0.254517
-0.13031	-0.239868
-0.378723	-0.213928
-0.58075	-0.183411
-0.567322	-0.153809
-0.26886	-0.123291
0.24231	-0.0906372
0.8078	-0.0564575
1.25031	-0.0259399
1.41327	-0.00579834
1.16943	0.0012207
0.527344	0.000610352
-0.286865	-0.00244141
-0.982971	-0.00701904
-1.35254	-0.0134277
-1.38855	-0.0216675
-1.22437	-0.0283813
-0.99884	-0.0311279
-0.737305	-0.0308228
-0.405884	-0.0311279
0.00793457	-0.032959
0.439148	-0.0338745
0.804749	-0.0344849
1.02386	-0.0372314
1.02631	-0.0424194
0.78949	-0.0405884
0.392761	-0.0326538
-0.0744629	-0.0280762
-0.454102	-0.0271606
-0.654297	-0.0241089
-0.634766	-0.0152588
-0.432739	-0.00152588
-0.119019	0.012207
0.220032	0.0210571
0.482788	0.0234985
0.568848	0.0210571
0.477905	0.0158691
0.299683	0.00793457
0.111389	0.000610352
-0.0250244	-0.00732422
-0.116577	-0.0149536
-0.192871	-0.0216675
-0.230408	-0.0256348
-0.19989	-0.0280762
-0.101318	-0.0289917
0.0292969	-0.0268555
0.130005	-0.0228882
0.161133	-0.0213623
0.125732	-0.0247192
0.0668335	-0.0289917
0.00946045	-0.0317383
-0.0372314	-0.0323486
-0.0793457	-0.0314331
-0.123901	-0.0311279
-0.163879	-0.0302124
-0.176697	-0.0259399
-0.16449	-0.0216675
-0.133057	-0.0201416
-0.0878906	-0.0198364
-0.0384521	-0.0177002
0.0161743	-0.0128174
0.0668335	-0.00244141
0.085144	0.012207
0.0494385	0.0241089
-0.0250244	0.0323486
-0.0942993	0.039978
-0.126953	0.0482178
-0.125732	0.0582886
-0.0921631	0.0683594
-0.0320435	0.0750732
0.0402832	0.0793457
0.10498	0.078125
0.160522	0.0686646
0.198669	0.0543213
0.212097	0.0430298
0.178833	0.0363159
0.10376	0.0317383
0.0378418	0.0289917
-0.0183105	0.0268555
-0.0540161	0.0234985
-0.0909424	0.0210571
-0.101624	0.0238037
-0.0891113	0.0302124
-0.0671387	0.0366211
-0.0488281	0.0439453
-0.0204468	0.0558472
0.0198364	0.0680542
0.0531006	0.0775146
0.0628662	0.0848389
0.0527954	0.0930786
0.0344849	0.102234
0.0143433	0.111389
-0.00244141	0.117188
-0.0195313	0.119629
-0.0354004	0.118103
-0.0378418	0.112915
-0.00427246	0.108337
0.0543213	0.109558
0.119629	0.117188
0.144348	0.124207
0.098877	0.127563
0.022583	0.129395
-0.0588989	0.133057
-0.111389	0.143127
-0.12085	0.159302
-0.11322	0.172729
-0.0921631	0.18158
-0.0735474	0.189819
-0.0546265	0.19928
-0.0488281	0.209351
-0.0610352	0.218506
-0.085144	0.220947
-0.0894165	0.215454
-0.0656128	0.209656
-0.0195313	0.207825
0.0146484	0.203552
0.0259399	0.190125
0.0222778	0.169678
0.0357056	0.151672
0.0759888	0.141602
0.120544	0.137939
0.120544	0.135498
0.0799561	0.130615
0.0253296	0.122986
-0.0198364	0.115967
-0.0494385	0.110168
-0.0326538	0.10376
0.0491333	0.0942993
0.163879	0.0836182
0.246582	0.0744629
0.234375	0.0646973
0.0863647	0.0509644
-0.131836	0.0350952
-0.317993	0.0234985
-0.380249	0.0195313
-0.275879	0.0183105
-0.085144	0.0152588
0.088501	0.0115967
0.172119	0.0106812
0.18158	0.010376
0.169678	0.00946045
0.158691	0.00701904
0.113525	0.00183105
0.055542	-0.00488281
0.00640869	-0.0125122
-0.0183105	-0.0250244
-0.0271606	-0.0369263
-0.032959	-0.0445557
-0.0369263	-0.0494385
-0.0537109	-0.0500488
-0.0570679	-0.0485229
-0.0350952	-0.0457764
-0.015564	-0.0421143
-0.0283813	-0.0384521
-0.0622559	-0.0332642
-0.0811768	-0.0289917
-0.0735474	-0.0311279
-0.0631714	-0.0393677
-0.0488281	-0.0469971
-0.06073	-0.050354
-0.0842285	-0.0509644
-0.128174	-0.0506592
-0.195313	-0.0497437
-0.274353	-0.045166
-0.262451	-0.0350952
-0.0592041	-0.0213623
0.308533	-0.00854492
0.682068	-0.000610352
0.832214	0.00213623
0.654602	0.00183105
0.270691	-0.000610352
-0.0912476	-0.00640869
-0.317383	-0.0146484
-0.429382	-0.0244141
-0.482178	-0.0338745
-0.482178	-0.0415039
-0.430298	-0.0445557
-0.345764	-0.0430298
-0.245667	-0.0418091
-0.133972	-0.0442505
0.00579834	-0.0469971
0.161133	-0.0479126
0.325012	-0.0485229
0.458374	-0.0497437
0.52063	-0.0476074
0.491028	-0.0427246
0.387878	-0.0384521
0.254517	-0.03479
0.118408	-0.027771
-0.0131226	-0.0180054
-0.124512	-0.00915527
-0.195313	-0.000915527
-0.220947	0.00671387
-0.216064	0.0112915
-0.205078	0.0112915
-0.194702	0.00488281
-0.177612	-0.00457764
-0.152283	-0.0134277
-0.121765	-0.0219727
-0.0869751	-0.0320435
-0.0564575	-0.0424194
-0.0262451	-0.0485229
0.0192261	-0.0518799
0.0689697	-0.0549316
0.0967407	-0.057373
0.090332	-0.0561523
0.0738525	-0.0524902
0.078125	-0.0466919
0.0970459	-0.0366211
0.101318	-0.0250244
0.0799561	-0.0158691
0.0521851	-0.0146484
0.0213623	-0.0170898
-0.0161743	-0.0152588
-0.0518799	-0.00946045
-0.0680542	-0.00335693
-0.0582886	-0.000610352
-0.0292969	-0.00274658
-0.00701904	-0.00427246
-0.0247192	0
-0.0653076	0.00701904
-0.0964355	0.012207
-0.0927734	0.0128174
-0.0543213	0.0109863
-0.00213623	0.00732422
0.0305176	0.0012207
0.0427246	-0.00549316
0.0482178	-0.0106812
0.0622559	-0.0152588
0.0878906	-0.0198364
0.113525	-0.0231934
0.108032	-0.0234985
0.0476074	-0.0189209
-0.0439453	-0.0109863
-0.121765	-0.00305176
-0.140991	0.00213623
-0.101929	0.00427246
-0.0430298	0.00457764
0.00762939	0.000610352
0.0430298	-0.00762939
0.0692749	-0.0189209
0.072937	-0.0308228
0.0448608	-0.0384521
-0.00915527	-0.0424194
-0.0588989	-0.0430298
-0.0720215	-0.043335
-0.0469971	-0.0439453
0	-0.0421143
0.0305176	-0.0357056
0.0363159	-0.0262451
0.0195313	-0.0183105
0	-0.0152588
-0.00518799	-0.0164795
0.0149536	-0.0180054
0.0564575	-0.0186157
0.0927734	-0.0198364
0.0985718	-0.020752
0.0723267	-0.0213623
0.0320435	-0.0244141
-0.0183105	-0.0299072
-0.0790405	-0.0350952
-0.136414	-0.0350952
-0.151672	-0.0283813
-0.108032	-0.0195313
-0.043335	-0.0158691
-0.00305176	-0.0180054
0.00701904	-0.0180054
0.0195313	-0.0125122
0.0491333	-0.00640869
0.0811768	-0.00488281
0.0811768	-0.00640869
0.045166	-0.00854492
0.00335693	-0.012207
-0.015564	-0.0158691
-0.00488281	-0.017395
0.0189209	-0.0167847
0.0442505	-0.0161743
0.0524902	-0.017395
0.0415039	-0.0183105
0.0231934	-0.0180054
0.00427246	-0.0180054
-0.0128174	-0.0164795
-0.0338745	-0.0170898
-0.0540161	-0.0222778
-0.0686646	-0.0299072
-0.0784302	-0.0369263
-0.0717163	-0.0427246
-0.0289917	-0.0469971
0.0265503	-0.0488281
0.0473022	-0.0515747
0.00976563	-0.057373
-0.0482178	-0.0610352
-0.0772095	-0.0570679
-0.0601196	-0.0509644
-0.020752	-0.0463867
0.010376	-0.0408936
0.0234985	-0.0335693
0.0375366	-0.0271606
0.0570679	-0.0241089
0.0726318	-0.0231934
0.0671387	-0.0201416
0.0448608	-0.0140381
0.0387573	-0.00915527
0.0521851	-0.00823975
0.062561	-0.0100708
0.0466919	-0.00915527
-0.00152588	-0.00457764
-0.0534058	-0.000610352
-0.0769043	0
-0.0601196	-0.00183105
-0.0195313	-0.00274658
0.0216675	-0.00366211
0.0408936	-0.00793457
0.0326538	-0.0164795
-0.00274658	-0.0262451
-0.0674438	-0.0332642
-0.143127	-0.0372314
-0.192261	-0.0387573
-0.1828	-0.0369263
-0.128174	-0.032959
-0.0613403	-0.0271606
-0.00488281	-0.0195313
0.039978	-0.0106812
0.0784302	-0.00305176
0.111389	-0.000305176
0.130615	-0.00183105
0.126953	-0.00366211
0.105896	-0.00640869
0.0750732	-0.0131226
0.0424194	-0.0231934
0.0161743	-0.032959
0.00488281	-0.0372314
0.00671387	-0.0357056
0.0088501	-0.0320435
-0.00427246	-0.0262451
-0.027771	-0.017395
-0.039978	-0.00732422
-0.0308228	0.00213623
-0.0112915	0.00946045
-0.0180054	0.03479
0.187073	0.0228882
0.192871	0.0198364
0.160217	0.0228882
0.170898	0.0244141
0.130615	0.0222778
0.0167847	0.0164795
-0.0845337	0.012207
-0.114441	0.0180054
-0.055542	0.0360107
0.0341797	0.0582886
0.0476074	0.0784302
0.0222778	0.0958252
0.022583	0.110779
0.0170898	0.120544
-0.0424194	0.12146
-0.0778198	0.119019
-0.0680542	0.118713
-0.00640869	0.119019
0.098877	0.116882
0.167542	0.110779
0.128784	0.0997925
0.00701904	0.0848389
-0.0393677	0.0717163
-0.010376	0.062561
-0.000610352	0.0521851
0.00213623	0.0369263
0.00274658	0.0213623
-0.00549316	0.0149536
-0.0259399	0.0198364
-0.0219727	0.0341797
0	0.0521851
0.00701904	0.0671387
0.0219727	0.0802612
0.00762939	0.0952148
-0.065918	0.112915
-0.116882	0.1297
-0.0921631	0.143433
-0.00488281	0.152588
0.0924683	0.15564
0.115051	0.151367
0.0506592	0.143127
-0.0115967	0.13916
-0.0372314	0.143433
-0.0286865	0.150146
-0.0354004	0.154419
-0.06073	0.158081
-0.0256348	0.163269
0.0567627	0.168457
0.0985718	0.172119
0.0601196	0.175781
-0.00946045	0.180664
-0.0579834	0.184937
-0.0683594	0.187378
-0.0668335	0.188904
-0.0527954	0.192871
0.00579834	0.196228
0.0735474	0.195007
0.0918579	0.193481
0.0396729	0.193787
-0.0213623	0.197144
-0.0662231	0.198669
-0.0656128	0.192566
-0.0259399	0.181274
0.0308228	0.169983
0.0546265	0.159607
0.0445557	0.149536
0.0204468	0.140381
0.00305176	0.137634
0.0109863	0.13916
0.0115967	0.136719
-0.0204468	0.124817
-0.0537109	0.108032
-0.0598145	0.0967407
-0.0390625	0.0915527
0.00183105	0.0869751
0.0637817	0.0827026
0.115356	0.0836182
0.110168	0.0912476
0.0448608	0.101624
-0.0344849	0.108643
-0.0869751	0.112
-0.102539	0.115051
-0.0775146	0.118103
-0.0497437	0.117493
-0.0262451	0.108643
-0.000610352	0.0906372
0.0186157	0.065918
0.0302124	0.0439453
-0.00366211	0.0259399
-0.0894165	0.0140381
-0.0738525	0.00946045
0.067749	0.00854492
0.124512	0.0100708
0.101318	0.0161743
0.176086	0.0256348
0.263672	0.0363159
0.155334	0.0439453
-0.132751	0.0494385
-0.30426	0.0604248
-0.285339	0.0784302
-0.284424	0.093689
-0.28717	0.100098
-0.148315	0.0991821
0.085144	0.0982666
0.274658	0.0982666
0.338745	0.0900269
0.297546	0.0717163
0.19928	0.0491333
0.0708008	0.0256348
-0.0326538	0.00152588
-0.0842285	-0.0222778
-0.11261	-0.0405884
-0.126648	-0.0457764
-0.131836	-0.0369263
-0.100708	-0.0183105
-0.0292969	0.00335693
0.0463867	0.0289917
0.0689697	0.0576782
0.0268555	0.0784302
-0.0283813	0.0888062
-0.0518799	0.0888062
-0.0320435	0.0744629
0.0231934	0.0527954
0.0628662	0.0375366
0.0631714	0.0296021
0.0402832	0.0259399
0.0204468	0.0274658
0.0192261	0.0344849
-0.00579834	0.045166
-0.0427246	0.0595093
-0.0610352	0.078125
-0.065918	0.0982666
-0.0296021	0.115356
0.0186157	0.121765
0.0378418	0.117798
0.0402832	0.112
0.0350952	0.103455
0.0100708	0.0897217
-0.0177002	0.072937
-0.0396729	0.0552368
-0.0405884	0.0408936
-0.00793457	0.0302124
0.0384521	0.020752
0.0332642	0.0119019
-0.0219727	0.00335693
-0.0482178	-0.00244141
-0.0808716	-0.00274658
-0.0088501	0
0.113831	0.00457764
0.105286	0.0180054
0.0128174	0.0405884
-0.0527954	0.0588989
-0.0750732	0.0668335
0.0289917	0.0680542
0.105896	0.0656128
-0.000305176	0.055542
-0.0280762	0.0393677
-0.0570679	0.0231934
-0.0720215	0.012207
-0.00183105	0.00701904
0.0717163	0.00213623
0.0961304	-0.00305176
0.0372314	-0.00854492
-0.0738525	-0.0143433
-0.136108	-0.0152588
-0.0802612	-0.00640869
0.0244141	0.00823975
0.062561	0.0186157
0.0360107	0.0204468
0.0134277	0.0204468
0.000915527	0.0234985
-0.0088501	0.0320435
-0.00457764	0.0460815
-0.0140381	0.06073
-0.0311279	0.0698853
-0.0405884	0.072937
-0.00396729	0.072937
0.0314331	0.0717163
0.0524902	0.072937
0.055542	0.0750732
0.0286865	0.0759888
-0.0186157	0.0802612
-0.0686646	0.0869751
-0.0827026	0.0958252
-0.0387573	0.108643
0.0210571	0.122375
0.0634766	0.132446
0.0857544	0.13855
0.0671387	0.143127
0.0195313	0.144653
-0.0256348	0.143127
-0.0393677	0.136108
-0.0378418	0.12207
-0.0286865	0.105591
0.00579834	0.0915527
0.0265503	0.0811768
0.0238037	0.0701904
0.0161743	0.0543213
0.00946045	0.0326538
-0.00732422	0.0088501
-0.0305176	-0.00946045
-0.0393677	-0.0219727
-0.0100708	-0.0296021
0.0201416	-0.0360107
0.00762939	-0.0469971
-0.0106812	-0.057373
-0.0274658	-0.0622559
-0.0494385	-0.0588989
-0.0476074	-0.0488281
-0.0204468	-0.038147
0.0167847	-0.0332642
0.0317383	-0.0311279
0.0540161	-0.0244141
0.0765991	-0.0119019
0.0747681	0.00152588
0.0216675	0.0112915
-0.0418091	0.0164795
-0.0726318	0.0192261
-0.0808716	0.0238037
-0.0701904	0.0308228
-0.0390625	0.0375366
-0.0357056	0.043335
-0.0317383	0.045166
0.0473022	0.045166
0.110779	0.0427246
0.0656128	0.0369263
-0.0454712	0.0268555
-0.0842285	0.0152588
-0.0228882	0.00396729
0.0778198	-0.00823975
0.161133	-0.0189209
0.167847	-0.0262451
0.105286	-0.0323486
-0.00762939	-0.0372314
-0.0949097	-0.0405884
-0.101624	-0.0369263
-0.0839233	-0.0219727
-0.0515747	0.00183105
0.00457764	0.0354004
0.0778198	0.0762939
0.124817	0.121155
0.0946045	0.178223
-0.0158691	0.256653
-0.13855	0.344238
-0.214844	0.422058
-0.238037	0.487061
-0.224609	0.531921
-0.186768	0.54657
-0.0921631	0.527954
0.050354	0.474548
0.181274	0.391846
0.22583	0.291138
0.167542	0.181885
0.115051	0.071106
0.0436401	-0.0338745
0.0592041	-0.126038
0.448303	-0.196533
0.0692749	-0.239258
-0.98999	-0.253906
-1.0202	-0.252991
0.275269	-0.244141
1.92841	-0.229492
2.64709	-0.216675
1.31531	-0.206909
-1.36169	-0.194092
-3.13293	-0.177917
-2.80273	-0.158081
-0.880127	-0.131531
1.06293	-0.0997925
1.83563	-0.0656128
1.11023	-0.0296021
-0.406494	0.00213623
-1.26648	0.0289917
-0.696106	0.0485229
0.561523	0.0601196
1.21277	0.065918
0.921631	0.0622559
0.250854	0.0460815
-0.233154	0.022583
-0.366211	-0.00213623
-0.203552	-0.0268555
0.0512695	-0.0485229
0.18219	-0.0646973
0.127563	-0.0726318
-0.0689697	-0.0753784
-0.292969	-0.0765991
-0.422668	-0.072937
-0.420227	-0.0634766
-0.283203	-0.0546265
-0.0479126	-0.0463867
0.137329	-0.038147
0.180054	-0.0302124
0.170898	-0.0228882
0.202026	-0.0170898
0.204773	-0.0143433
0.0811768	-0.0137329
-0.0836182	-0.00946045
-0.13916	-0.00152588
-0.0726318	0.00640869
0.0408936	0.0189209
0.128784	0.0384521
0.0930786	0.0631714
-0.0231934	0.0900269
-0.113525	0.11261
-0.0894165	0.123291
0.0256348	0.123291
0.109863	0.114746
0.0958252	0.0997925
0.0491333	0.0805664
0.0161743	0.0634766
-0.0402832	0.0506592
-0.0689697	0.0424194
-0.0125122	0.0332642
0.0402832	0.0231934
0.0344849	0.0234985
0.00427246	0.0408936
-0.0115967	0.0631714
-0.0274658	0.0787354
-0.0570679	0.0900269
-0.0604248	0.102234
-0.062561	0.114746
-0.0650024	0.119934
-0.0186157	0.12085
0.0177002	0.118713
0.0238037	0.114441
0.0393677	0.115051
0.0112915	0.122986
0.00396729	0.132141
-0.00152588	0.140076
-0.0402832	0.144653
-0.0302124	0.147095
-0.022583	0.150757
-0.0250244	0.151672
0.0653076	0.149536
0.144043	0.145264
0.108643	0.139771
0.010376	0.137024
-0.0469971	0.138855
-0.0247192	0.142517
-0.0088501	0.147705
-0.0256348	0.15564
-0.0540161	0.168152
-0.06073	0.186157
-0.0610352	0.207825
-0.0622559	0.226135
-0.0534058	0.235596
-0.0262451	0.235596
0.0531006	0.230713
0.123291	0.226135
0.13092	0.223999
0.0756836	0.221558
-0.0164795	0.215759
-0.0823975	0.206299
-0.071106	0.199585
-0.020752	0.195007
0.0244141	0.187073
0.0415039	0.1828
0.0527954	0.185242
0.0338745	0.19043
-0.0149536	0.19043
-0.0610352	0.180054
-0.0518799	0.163269
0.00457764	0.149231
0.0671387	0.144348
0.0790405	0.145264
0.0375366	0.14801
-0.020752	0.147095
-0.072937	0.140991
-0.0701904	0.136719
-0.020752	0.138245
0.0216675	0.139771
0.0204468	0.137329
-0.0317383	0.13092
-0.0723267	0.119019
-0.0436401	0.102844
-0.000305176	0.0863647
0.0125122	0.0720215
-0.00152588	0.0576782
-0.0628662	0.0439453
-0.137939	0.032959
-0.0775146	0.0244141
0.0894165	0.0195313
0.150757	0.0186157
0.162659	0.0222778
0.197144	0.0274658
0.233459	0.0305176
0.125427	0.0335693
-0.0842285	0.0357056
-0.223389	0.0375366
-0.338745	0.0375366
-0.403137	0.0360107
-0.298767	0.0354004
-0.0201416	0.0344849
0.246582	0.0311279
0.345764	0.0280762
0.30426	0.0250244
0.258484	0.0219727
0.124207	0.0198364
0.0195313	0.0198364
0.0289917	0.0216675
-0.0265503	0.0231934
-0.106201	0.0241089
-0.17334	0.0228882
-0.18219	0.0186157
-0.128174	0.0137329
-0.0561523	0.015564
-0.0088501	0.0210571
-0.00427246	0.0222778
-0.0918579	0.0195313
-0.123901	0.0198364
-0.0338745	0.0228882
0.0790405	0.0228882
0.192261	0.0152588
0.233459	0.00610352
0.13031	0.0012207
-0.0369263	0.000915527
-0.105286	0.00671387
-0.0186157	0.0119019
-0.00457764	0.0131226
-0.179138	0.012207
-0.26001	0.0115967
-0.0991821	0.012207
0.185547	0.0119019
0.337524	0.012207
0.24231	0.0134277
0.0143433	0.0149536
-0.183716	0.0152588
-0.213013	0.00915527
-0.0823975	-0.00213623
0.0726318	-0.00915527
0.134583	-0.0143433
0.0836182	-0.0204468
-0.0128174	-0.0268555
-0.093689	-0.0311279
-0.121765	-0.0308228
-0.0793457	-0.0314331
-0.0238037	-0.0378418
0.0292969	-0.0488281
0.0674438	-0.0595093
0.0775146	-0.0683594
0.0567627	-0.0683594
0.0149536	-0.0564575
-0.00793457	-0.0393677
0.0119019	-0.0222778
0.03479	-0.00854492
0.0393677	0.00335693
-0.0088501	0.012207
-0.0857544	0.017395
-0.11261	0.0228882
-0.0756836	0.032959
-0.012207	0.0415039
0.0616455	0.0378418
0.0878906	0.0271606
0.0579834	0.0177002
0.0100708	0.0134277
0.00183105	0.0134277
-0.00854492	0.0177002
-0.0592041	0.0283813
-0.106201	0.0457764
-0.085144	0.0622559
-0.0128174	0.0717163
0.0537109	0.0808716
0.0653076	0.0909424
0.0473022	0.0982666
0.0274658	0.105591
0.0119019	0.112
0.00457764	0.115967
0.0186157	0.117493
0.0418091	0.115662
0.0326538	0.114746
-0.00579834	0.119629
-0.0537109	0.126953
-0.10437	0.129395
-0.112	0.123901
-0.0622559	0.112915
0.0195313	0.0973511
0.072937	0.0805664
0.0930786	0.0662231
0.0854492	0.0537109
0.0488281	0.0396729
0.0143433	0.0280762
-0.00183105	0.0158691
0.0012207	-0.00366211
0.0143433	-0.0192261
0.0152588	-0.0247192
-0.000610352	-0.0244141
-0.0311279	-0.0256348
-0.0473022	-0.0326538
-0.0445557	-0.0396729
-0.0469971	-0.0402832
-0.0418091	-0.0387573
-0.0164795	-0.0378418
0.0286865	-0.038147
0.0509644	-0.0354004
0.0540161	-0.0216675
0.0314331	-0.000305176
-0.0149536	0.017395
-0.0640869	0.0222778
-0.107117	0.0161743
-0.113831	0.00610352
-0.0613403	-0.00244141
0.0241089	-0.00854492
0.093689	-0.0143433
0.0933838	-0.0198364
0.0570679	-0.0271606
0.0454712	-0.0387573
0.0317383	-0.0531006
-0.00823975	-0.0640869
-0.0485229	-0.065918
-0.06073	-0.0613403
-0.0418091	-0.0582886
0.00854492	-0.0604248
0.0515747	-0.0671387
0.0827026	-0.0747681
0.0827026	-0.0769043
0.072937	-0.0704956
0.0946045	-0.0588989
0.11322	-0.0442505
0.0915527	-0.0198364
0.0286865	0.0219727
-0.071106	0.0808716
-0.184326	0.148621
-0.264587	0.218811
-0.271301	0.290527
-0.194397	0.358887
-0.0747681	0.41626
0.00183105	0.458374
0.00305176	0.479736
-0.0531006	0.472717
-0.107117	0.43396
-0.0759888	0.366211
0.0802612	0.278015
0.308228	0.177307
0.460205	0.0793457
0.522156	-0.0106812
0.377808	-0.0927734
0.36438	-0.157166
0.154419	-0.19989
-1.50482	-0.226746
-3.02856	-0.247498
-2.23419	-0.261841
0.475769	-0.260315
3.29346	-0.240479
4.40704	-0.212708
3.00995	-0.187988
0.446472	-0.166016
-1.59698	-0.140991
-2.54059	-0.109558
-2.34039	-0.0732422
-1.78375	-0.0378418
-1.42303	-0.00854492
-0.519104	0.0112915
1.09619	0.0210571
2.17438	0.0189209
1.83167	0.00366211
0.502319	-0.0189209
-0.896912	-0.0424194
-1.45752	-0.0637817
-0.889587	-0.0820923
0.122986	-0.0909424
0.92865	-0.0906372
1.20209	-0.0842285
0.854187	-0.0708008
0.128174	-0.0546265
-0.531311	-0.0439453
-0.852356	-0.0424194
-0.784912	-0.043335
-0.4776	-0.0427246
-0.137329	-0.0390625
0.111694	-0.0332642
0.256042	-0.0274658
0.295715	-0.022583
0.210571	-0.0143433
0.0656128	-0.00183105
-0.0476074	0.0146484
-0.0836182	0.0317383
-0.0460815	0.0469971
0.0457764	0.0619507
0.115662	0.0750732
0.113831	0.0823975
-0.0723267	0.083313
-0.19165	0.0811768
-0.11322	0.0787354
0.122375	0.0814819
0.264893	0.0909424
0.257263	0.103149
0.140991	0.116272
0.00213623	0.128174
-0.0540161	0.133972
-0.0427246	0.13031
0.0100708	0.119934
0.0292969	0.107422
-0.015564	0.0967407
-0.114136	0.0863647
-0.145264	0.0695801
-0.0842285	0.0463867
-0.0524902	0.0262451
-0.0491333	0.0164795
-0.0189209	0.0234985
0.0177002	0.0488281
0.0012207	0.083313
-0.0469971	0.115356
-0.0979614	0.143433
-0.147095	0.168762
-0.148315	0.187683
-0.0689697	0.197449
0.0701904	0.195313
0.178528	0.18219
0.172119	0.161743
0.0811768	0.140076
0.0100708	0.125122
-0.00305176	0.120239
0.00183105	0.122681
0.0131226	0.128479
0.0228882	0.137024
0.0436401	0.149841
0.057373	0.16449
0.0460815	0.176086
0.0106812	0.1828
-0.0311279	0.185852
-0.050354	0.184631
-0.055542	0.183716
-0.0402832	0.187683
-0.00213623	0.193481
0.0216675	0.19928
0.00671387	0.204163
-0.0125122	0.209045
-0.0100708	0.214844
0.00976563	0.220032
0.0140381	0.224609
-0.00732422	0.226746
-0.0244141	0.22583
-0.0234985	0.218506
-0.00640869	0.206299
0.0183105	0.198059
0.0418091	0.196838
0.0457764	0.195007
0.0213623	0.186462
0.0012207	0.173645
-0.00671387	0.161743
-0.0088501	0.153503
-0.0128174	0.14801
-0.0167847	0.141602
-0.0100708	0.130615
-0.00152588	0.116577
-0.00579834	0.104065
-0.0131226	0.0949097
0.00579834	0.09552
0.0442505	0.108948
0.0704956	0.127258
0.0494385	0.135803
-0.0213623	0.128174
-0.0939941	0.111084
-0.120544	0.0939941
-0.106506	0.0808716
-0.0723267	0.0692749
-0.0366211	0.0534058
-0.0253296	0.0323486
-0.0714111	0.00976563
-0.101318	-0.00640869
-0.0183105	-0.0109863
0.0588989	-0.00793457
0.117188	-0.00152588
0.160217	0.00457764
0.281067	0.0106812
0.367126	0.0195313
0.239563	0.0320435
0.0494385	0.0448608
-0.109863	0.0567627
-0.274658	0.0640869
-0.440979	0.0604248
-0.472412	0.0488281
-0.300903	0.043335
-0.0241089	0.0491333
0.234375	0.0585938
0.380249	0.0628662
0.379944	0.0613403
0.271606	0.0576782
0.0875854	0.0546265
-0.15686	0.0534058
-0.316467	0.0497437
-0.276184	0.0439453
-0.0811768	0.0402832
0.1297	0.0415039
0.229187	0.0445557
0.200806	0.0442505
0.106201	0.0411987
0.0177002	0.0408936
-0.0308228	0.0460815
-0.0521851	0.0564575
-0.0686646	0.0686646
-0.101318	0.0750732
-0.141907	0.0686646
-0.157776	0.0549316
-0.124207	0.0442505
-0.0460815	0.038147
0.0302124	0.0326538
0.0741577	0.0253296
0.0796509	0.0219727
0.0549316	0.0265503
0.0286865	0.0354004
0.0250244	0.0439453
0.0268555	0.0521851
0.0234985	0.0616455
0.0201416	0.0695801
0.00366211	0.072937
-0.00701904	0.0695801
-0.0119019	0.0585938
-0.00274658	0.0436401
0.0167847	0.0305176
0.0201416	0.0198364
0.0146484	0.00396729
0.0164795	-0.0161743
0.0125122	-0.0292969
-0.0106812	-0.0256348
-0.0463867	-0.00762939
-0.0610352	0.0134277
-0.0460815	0.0296021
-0.0256348	0.039978
-0.0125122	0.0488281
-0.0189209	0.0634766
-0.0393677	0.0790405
-0.0314331	0.0839233
0.0247192	0.0796509
0.0753784	0.0738525
0.083313	0.0698853
0.0646973	0.0646973
0.0378418	0.057373
0.00518799	0.0524902
-0.0213623	0.0552368
-0.0341797	0.0671387
-0.0366211	0.0836182
-0.0241089	0.100098
0.00671387	0.116272
0.0454712	0.13031
0.0637817	0.141296
0.0509644	0.150146
0.0106812	0.154114
-0.0482178	0.150146
-0.0985718	0.138245
-0.100098	0.123596
-0.0531006	0.110779
0.0189209	0.100098
0.0817871	0.0927734
0.090332	0.0888062
0.0463867	0.0918579
-0.00762939	0.106201
-0.0415039	0.123596
-0.0518799	0.136108
-0.0396729	0.140076
-0.0204468	0.135803
-0.0186157	0.13092
-0.0158691	0.127258
-0.00823975	0.119324
-0.00213623	0.0994873
-0.00183105	0.067749
-0.00366211	0.0335693
-0.00976563	0.00518799
-0.0158691	-0.0180054
-0.00305176	-0.0390625
0.043335	-0.0570679
0.100708	-0.067749
0.115051	-0.071106
0.0665283	-0.0698853
-0.00488281	-0.0650024
-0.0436401	-0.0531006
-0.0531006	-0.0396729
-0.0561523	-0.0326538
-0.0299072	-0.0314331
0.0296021	-0.0228882
0.0759888	-0.00640869
0.0674438	0.0106812
-0.00762939	0.0213623
-0.0927734	0.0213623
-0.126343	0.0140381
-0.119934	0.00640869
-0.0878906	0.000610352
-0.0296021	-0.00305176
0.0375366	-0.00762939
0.0836182	-0.017395
0.0808716	-0.0286865
0.0289917	-0.0430298
-0.0250244	-0.062561
-0.0604248	-0.0787354
-0.0570679	-0.0878906
0.00732422	-0.0927734
0.0912476	-0.0973511
0.130005	-0.101624
0.115356	-0.10498
0.0698853	-0.105591
0.0213623	-0.103149
0.0158691	-0.0946045
0.0674438	-0.0790405
0.105286	-0.055542
0.0692749	-0.0274658
-0.0228882	0.00671387
-0.126648	0.0527954
-0.206299	0.111389
-0.22583	0.178833
-0.18219	0.248718
-0.125122	0.315247
-0.0869751	0.374451
-0.0775146	0.419312
-0.0863647	0.437622
-0.0750732	0.420837
-0.039978	0.372009
0.0396729	0.300903
0.142822	0.211182
0.276184	0.107727
0.378723	0
0.415649	-0.106812
0.387268	-0.205078
0.294189	-0.281372
0.0222778	-0.32959
-1.33026	-0.349426
-2.43591	-0.347595
-1.45569	-0.328369
0.974426	-0.298767
3.30933	-0.26825
3.99841	-0.239258
2.18323	-0.20874
-0.899353	-0.171204
-2.94922	-0.127563
-3.1308	-0.0891113
-1.9397	-0.0643921
-0.594177	-0.0540161
-0.0445557	-0.0524902
0.071106	-0.0515747
0.580444	-0.0497437
1.43097	-0.0540161
1.69739	-0.0714111
0.98114	-0.100708
-0.122986	-0.133362
-0.819092	-0.154114
-0.802002	-0.159302
-0.292969	-0.153503
0.313721	-0.141296
0.681152	-0.126038
0.618286	-0.106506
0.175781	-0.0842285
-0.353699	-0.0650024
-0.721741	-0.0515747
-0.783691	-0.0408936
-0.553894	-0.0308228
-0.18219	-0.0244141
0.148315	-0.0259399
0.341187	-0.0326538
0.336304	-0.0402832
0.192261	-0.0488281
0.0769043	-0.0576782
0.057373	-0.0643921
0.0958252	-0.0662231
0.0747681	-0.0656128
0.0259399	-0.0646973
-0.00946045	-0.062561
-0.0479126	-0.0592041
-0.109863	-0.0509644
-0.135193	-0.0354004
-0.104675	-0.0189209
-0.072937	-0.00671387
-0.0509644	0.00610352
-0.0497437	0.0231934
0.140381	0.0393677
0.375366	0.0469971
0.384216	0.0421143
0.161133	0.0268555
-0.137939	0.00976563
-0.327148	-0.00183105
-0.290527	-0.00823975
-0.108643	-0.0125122
0.0643921	-0.015564
0.168457	-0.0119019
0.164795	0.000305176
0.045166	0.0186157
-0.083313	0.0360107
-0.115356	0.0460815
-0.0686646	0.0537109
0.0231934	0.0604248
0.100708	0.0656128
0.0762939	0.0689697
-0.0189209	0.0695801
-0.100403	0.06073
-0.133362	0.0445557
-0.105591	0.0332642
-0.0579834	0.0344849
0.000915527	0.0442505
0.0259399	0.0540161
0.0308228	0.0643921
0.0366211	0.0741577
0.0326538	0.0772095
0.0378418	0.0747681
0.0622559	0.0756836
0.0900269	0.0799561
0.0714111	0.0808716
-0.000305176	0.0756836
-0.090332	0.0674438
-0.145569	0.065918
-0.126343	0.072937
-0.0360107	0.0811768
0.0424194	0.0881958
0.0424194	0.093689
0.010376	0.101013
0.0247192	0.110474
0.0643921	0.116577
0.0775146	0.116272
0.038147	0.111084
-0.0326538	0.103455
-0.083313	0.098877
-0.0637817	0.100098
0.015564	0.103455
0.0942993	0.109253
0.11322	0.117493
0.0579834	0.128784
-0.0415039	0.137939
-0.114441	0.140381
-0.088501	0.134277
-0.010376	0.123596
0.0790405	0.111389
0.123596	0.0933838
0.071106	0.0665283
-0.0161743	0.038147
-0.0570679	0.0177002
-0.0292969	0.00579834
0.015564	-0.000915527
0.0384521	0.000915527
0.0326538	0.0112915
-0.0088501	0.0234985
-0.0628662	0.032959
-0.0967407	0.0372314
-0.11261	0.0387573
-0.0991821	0.0375366
-0.0527954	0.0299072
0.0186157	0.0186157
0.0521851	0.00549316
-0.015564	-0.00854492
-0.0891113	-0.0219727
-0.000610352	-0.0323486
0.151367	-0.0357056
0.150452	-0.0311279
0.141296	-0.0234985
0.140991	-0.0183105
0.0796509	-0.0189209
-0.0918579	-0.0204468
-0.179138	-0.0210571
-0.133362	-0.0231934
-0.100403	-0.0262451
-0.114746	-0.0253296
-0.123901	-0.0189209
-0.0692749	-0.00976563
0.0228882	-0.0012207
0.0924683	0.00213623
0.106201	0.0012207
0.0726318	0.0012207
0.0631714	0.00427246
0.0897217	0.0100708
0.124207	0.0143433
0.131226	0.0158691
0.0738525	0.0164795
-0.0335693	0.0222778
-0.107727	0.0317383
-0.0918579	0.0430298
-0.0375366	0.0509644
0.010376	0.0537109
0.0387573	0.0552368
0.00671387	0.0506592
-0.020752	0.0375366
0.00305176	0.0183105
0.0146484	0.000915527
-0.0183105	-0.0109863
-0.071106	-0.0228882
-0.0839233	-0.0335693
-0.0552368	-0.038147
-0.0219727	-0.0296021
0.00427246	-0.00732422
0.0222778	0.022583
0.0158691	0.0512695
0	0.072937
-0.00518799	0.088501
-0.0106812	0.0976563
-0.0152588	0.0967407
-0.00244141	0.0872803
0.0131226	0.0735474
0.0149536	0.0564575
0.000305176	0.0369263
-0.0186157	0.017395
-0.0335693	0.000305176
-0.0180054	-0.0112915
0.0292969	-0.0134277
0.0628662	-0.00549316
0.0524902	0.010376
0.0250244	0.0296021
0.0152588	0.0494385
0.0219727	0.0683594
0.0375366	0.083313
0.0256348	0.0930786
-0.00671387	0.0994873
-0.0411987	0.102234
-0.0518799	0.100098
-0.0262451	0.093689
0.0320435	0.0839233
0.0314331	0.0714111
-0.106506	0.0579834
-0.151978	0.0448608
-0.043335	0.0354004
0.0964355	0.0320435
0.174255	0.032959
0.144653	0.0350952
0.0454712	0.0384521
-0.0540161	0.0476074
-0.0982666	0.0631714
-0.0946045	0.0769043
-0.0689697	0.0839233
-0.0335693	0.0854492
-0.0131226	0.0836182
0.0222778	0.0793457
0.0674438	0.0744629
0.071106	0.0683594
0.0204468	0.0653076
-0.0372314	0.0643921
-0.0622559	0.0628662
-0.0473022	0.065918
-0.0146484	0.0787354
0.00976563	0.0952148
0.0427246	0.112305
0.0701904	0.1297
0.065918	0.143127
0.045166	0.150452
-0.00366211	0.15564
-0.0509644	0.158386
-0.0445557	0.154419
-0.0308228	0.143127
-0.0183105	0.127563
0.0143433	0.115662
0.0485229	0.11322
0.0497437	0.114746
0.0189209	0.115356
-0.0186157	0.117798
-0.0491333	0.118713
-0.0509644	0.117493
-0.0137329	0.115967
0.0231934	0.114136
0.0292969	0.113525
0.0131226	0.114746
-0.0396729	0.116577
-0.103455	0.115662
-0.130005	0.108337
-0.100708	0.0991821
-0.0152588	0.0888062
0.0842285	0.0802612
0.13031	0.0714111
0.098877	0.057373
0.00976563	0.0320435
-0.0561523	0.000305176
-0.055542	-0.0283813
-0.0473022	-0.0488281
-0.00244141	-0.0616455
0.122375	-0.0698853
0.241699	-0.0747681
0.228577	-0.0756836
0.067749	-0.0701904
-0.151978	-0.0588989
-0.311279	-0.045166
-0.25177	-0.0344849
-0.0299072	-0.0308228
0.131531	-0.0341797
0.125122	-0.0387573
-0.000305176	-0.0418091
-0.128479	-0.0454712
-0.15686	-0.0491333
-0.0698853	-0.0534058
0.0933838	-0.0558472
0.261841	-0.0552368
0.285645	-0.0524902
0.141907	-0.0476074
-0.0283813	-0.0445557
-0.139771	-0.045166
-0.183105	-0.0482178
-0.133362	-0.0512695
0.00183105	-0.0540161
0.149841	-0.0558472
0.19043	-0.0561523
0.10498	-0.0512695
-0.0454712	-0.0302124
-0.152283	0.010376
-0.166931	0.06073
-0.102844	0.121765
-0.00671387	0.19043
0.0106812	0.261841
-0.0485229	0.333252
-0.126343	0.401611
-0.172424	0.462646
-0.135193	0.504456
-0.0689697	0.519104
-0.00854492	0.50415
0.0372314	0.456543
0.0689697	0.377808
0.0634766	0.274048
0.0186157	0.157166
-0.00549316	0.0393677
0.121155	-0.071106
0.19989	-0.172424
0.46814	-0.262756
0.233154	-0.333252
-0.708008	-0.379333
-0.873413	-0.398865
0.323792	-0.391541
1.77948	-0.364075
2.23755	-0.327454
1.11633	-0.290527
-1.00891	-0.254822
-2.4292	-0.223999
-2.32208	-0.201721
-1.00983	-0.183411
0.440979	-0.163574
0.62561	-0.144348
-0.174866	-0.128784
-0.557861	-0.116272
-0.137024	-0.106506
0.626526	-0.100403
1.11786	-0.0961304
1.08398	-0.0888062
0.63385	-0.0778198
-0.0259399	-0.0689697
-0.502319	-0.0662231
-0.558167	-0.0671387
-0.244446	-0.0646973
0.179749	-0.0592041
0.414124	-0.0482178
0.300598	-0.0357056
-0.0387573	-0.0283813
-0.379028	-0.0274658
-0.549316	-0.0268555
-0.472717	-0.0222778
-0.223999	-0.0189209
0.0427246	-0.0213623
0.185242	-0.0335693
0.196228	-0.0506592
0.137939	-0.0674438
0.0811768	-0.0830078
0.0552368	-0.0949097
0.0509644	-0.103455
0.0241089	-0.106201
-0.00762939	-0.101929
-0.0531006	-0.0912476
-0.0747681	-0.0744629
-0.0552368	-0.0546265
0.000305176	-0.0408936
0.0201416	-0.03479
-0.0201416	-0.0320435
-0.0628662	-0.0292969
0.00671387	-0.0238037
0.108032	-0.0189209
0.131226	-0.0201416
0.0604248	-0.0271606
-0.0582886	-0.0341797
-0.101929	-0.0350952
-0.00946045	-0.0302124
0.120239	-0.0259399
0.153809	-0.0201416
0.0820923	-0.010376
0.00366211	0.00183105
-0.0250244	0.0158691
-0.0280762	0.0256348
-0.0317383	0.0234985
-0.0619507	0.0106812
-0.0891113	-0.00213623
-0.085144	-0.00701904
-0.0515747	-0.00640869
-0.0186157	-0.00244141
-0.00213623	0.00396729
0.0274658	0.00976563
0.0668335	0.0134277
0.0671387	0.0158691
-0.0125122	0.0189209
-0.078125	0.0256348
-0.0515747	0.0360107
0.012207	0.0436401
0.03479	0.045166
0.00701904	0.0466919
-0.0180054	0.0518799
-0.0335693	0.0616455
-0.00823975	0.0759888
0.0134277	0.0927734
0.0234985	0.106201
0.0308228	0.111389
0.03479	0.110779
0.0506592	0.108643
0.13031	0.108032
-0.185547	0.110779
-0.551147	0.114746
-0.0964355	0.115356
0.397644	0.112305
0.452881	0.105896
0.11261	0.0970459
-0.14679	0.0915527
-0.117798	0.0930786
-0.0588989	0.0952148
-0.0283813	0.0946045
-0.0939941	0.0909424
-0.0198364	0.0842285
0.0973511	0.0765991
0.116577	0.0708008
0.0814819	0.0680542
0.0213623	0.0689697
-0.0350952	0.0738525
-0.083313	0.0805664
-0.0997925	0.0836182
-0.105591	0.0775146
-0.0466919	0.0622559
-0.0106812	0.043335
0.0512695	0.027771
0.104065	0.0186157
0.125122	0.0140381
0.183105	0.0143433
0.152283	0.0161743
-0.0186157	0.0134277
-0.202026	0.00457764
-0.282593	-0.00518799
-0.216064	-0.0137329
-0.0415039	-0.0253296
0.12146	-0.0396729
0.173035	-0.055542
0.105896	-0.0741577
-0.0244141	-0.0924683
-0.14679	-0.101013
-0.20813	-0.0967407
-0.119324	-0.085144
0.0820923	-0.0753784
0.292053	-0.0674438
0.408936	-0.0567627
0.357056	-0.0445557
0.135803	-0.0363159
-0.223389	-0.03479
-0.457153	-0.038147
-0.429077	-0.0436401
-0.237427	-0.0479126
-0.0405884	-0.0506592
0.0564575	-0.0488281
0.0634766	-0.0448608
0.0463867	-0.0442505
0.0796509	-0.0469971
0.157166	-0.0515747
0.225525	-0.0570679
0.229187	-0.0683594
0.128784	-0.0854492
-0.0100708	-0.0970459
-0.125427	-0.0979614
-0.165405	-0.0897217
-0.1297	-0.0750732
-0.0930786	-0.0592041
-0.067749	-0.045166
0.00793457	-0.0302124
0.0952148	-0.0106812
0.113831	0.00946045
0.0653076	0.0222778
0.0112915	0.0234985
-0.0378418	0.0140381
-0.0863647	0.000610352
-0.0961304	-0.0088501
-0.0802612	-0.012207
-0.0463867	-0.0140381
0.0128174	-0.0170898
0.065918	-0.0198364
0.0650024	-0.017395
0.0292969	-0.0088501
0.00213623	0.000610352
-0.0100708	0.00396729
-0.0222778	-0.0012207
-0.0274658	-0.0125122
-0.0170898	-0.0222778
0.00274658	-0.0259399
0.0338745	-0.0302124
0.0823975	-0.038147
0.100098	-0.050354
0.0500488	-0.0592041
-0.0387573	-0.0595093
-0.11322	-0.0531006
-0.131531	-0.043335
-0.0814819	-0.0332642
0.022583	-0.0274658
0.104065	-0.0289917
0.131226	-0.0354004
0.0875854	-0.0421143
-0.00244141	-0.0485229
-0.105591	-0.0585938
-0.133057	-0.0744629
-0.0640869	-0.0921631
-0.00671387	-0.104065
0.017395	-0.105896
0.0262451	-0.102844
0.0375366	-0.0994873
0.0631714	-0.09552
0.0842285	-0.0897217
0.0878906	-0.0839233
0.0296021	-0.078125
-0.0582886	-0.0723267
-0.0756836	-0.067749
-0.0543213	-0.0613403
-0.0369263	-0.0531006
0.00732422	-0.0469971
0.0558472	-0.0454712
0.0442505	-0.0469971
-0.0167847	-0.0488281
-0.0839233	-0.0494385
-0.0827026	-0.0466919
-0.03479	-0.0384521
0.00701904	-0.0311279
0.0567627	-0.0314331
0.0567627	-0.039978
0.0552368	-0.050354
0.0445557	-0.0564575
-0.0463867	-0.0588989
-0.0891113	-0.0561523
-0.0341797	-0.0543213
0.0473022	-0.0564575
0.0436401	-0.0592041
-0.0610352	-0.0610352
-0.113525	-0.0622559
0.0686646	-0.0646973
0.108032	-0.0686646
0.027771	-0.0732422
-0.0546265	-0.0750732
-0.122681	-0.0698853
-0.0845337	-0.0585938
0.015564	-0.0476074
0.0811768	-0.0402832
0.0805664	-0.0335693
0.0762939	-0.0262451
0.0717163	-0.017395
0.017395	-0.00823975
-0.0302124	0.0012207
-0.0222778	0.0109863
-0.0320435	0.0164795
-0.0634766	0.015564
-0.0534058	0.0134277
0.00213623	0.0112915
0.0244141	0.00976563
0.0210571	0.0128174
0.0308228	0.0161743
0.0436401	0.0167847
0.0387573	0.0158691
0.0369263	0.0161743
0.0186157	0.0164795
-0.0192261	0.0222778
-0.0308228	0.0335693
-0.0262451	0.0448608
-0.0170898	0.0552368
0.0128174	0.0616455
0.00152588	0.0628662
-0.0177002	0.0610352
-0.0234985	0.0643921
-0.0585938	0.071106
-0.0811768	0.0735474
-0.0830078	0.0668335
-0.0265503	0.0512695
0.00579834	0.0323486
0.00427246	0.0125122
0.00457764	-0.00762939
0.0323486	-0.0259399
0.0726318	-0.0436401
0.0723267	-0.0622559
0.0338745	-0.0787354
0.000915527	-0.0891113
-0.00579834	-0.0961304
0.00732422	-0.102539
0.0292969	-0.108032
0.0479126	-0.112
0.0170898	-0.112
-0.0210571	-0.108948
-0.0488281	-0.109863
-0.0604248	-0.118408
-0.0515747	-0.127563
-0.0164795	-0.1297
0.0360107	-0.124207
0.0650024	-0.116577
0.0585938	-0.111389
0.0259399	-0.111694
-0.0106812	-0.115051
-0.0115967	-0.117188
0	-0.115356
0.0100708	-0.110168
-0.0115967	-0.101013
-0.0250244	-0.100098
-0.0100708	-0.104675
-0.0262451	-0.106812
-0.0512695	-0.105896
-0.0531006	-0.106506
-0.0418091	-0.104675
-0.000915527	-0.0958252
0.0662231	-0.078125
0.130615	-0.0494385
0.132141	-0.017395
0.0531006	0.0192261
-0.0390625	0.0683594
-0.137939	0.128479
-0.177002	0.193176
-0.130005	0.257568
-0.0741577	0.317078
-0.0418091	0.36499
-0.00640869	0.401611
0.0360107	0.423279
0.0518799	0.416565
0.00244141	0.377502
-0.0515747	0.314941
-0.0299072	0.23468
0.0698853	0.146484
0.146484	0.0604248
0.193787	-0.0213623
0.0326538	-0.102539
-0.0210571	-0.181274
0.256958	-0.249023
-0.102234	-0.297852
-0.700684	-0.325623
-0.410767	-0.337219
0.588989	-0.33783
1.58844	-0.331421
1.75415	-0.317993
0.247498	-0.301208
-1.90308	-0.281677
-2.58057	-0.259094
-1.31805	-0.236511
0.25116	-0.213318
1.1853	-0.189514
1.25458	-0.166321
0.20752	-0.147095
-1.06262	-0.1297
-1.09589	-0.110168
0.162354	-0.090332
1.33209	-0.0750732
1.3858	-0.0650024
0.558472	-0.0540161
-0.367737	-0.0448608
-0.838623	-0.0436401
-0.700378	-0.0494385
-0.19165	-0.0552368
0.306091	-0.0567627
0.449829	-0.0564575
0.272827	-0.0588989
-0.00671387	-0.0637817
-0.229187	-0.0656128
-0.345154	-0.0643921
-0.341187	-0.0595093
-0.220337	-0.0500488
-0.0704956	-0.043335
0.0482178	-0.0402832
0.13916	-0.0378418
0.169373	-0.0332642
0.13031	-0.0262451
0.0723267	-0.017395
-0.0140381	-0.00915527
-0.0466919	0.0012207
0.0344849	0.0140381
0.105591	0.0241089
0.112915	0.0280762
0.0634766	0.0234985
-0.0372314	0.0125122
-0.146484	0
-0.162964	-0.0125122
-0.0845337	-0.022583
0.0186157	-0.0311279
0.0900269	-0.0369263
0.0741577	-0.0415039
-0.00183105	-0.0460815
-0.0323486	-0.0439453
0.0192261	-0.0326538
0.0427246	-0.0140381
0.0448608	0.00701904
0.0585938	0.0216675
0.0289917	0.0231934
0.00183105	0.0186157
-0.000915527	0.0177002
-0.0177002	0.0201416
-0.0387573	0.0201416
-0.0680542	0.0180054
-0.0616455	0.020752
-0.0363159	0.0314331
-0.00427246	0.0430298
0.0186157	0.0521851
0.000305176	0.0637817
-0.0268555	0.0796509
-0.0286865	0.0970459
-0.0283813	0.114136
-0.00305176	0.127563
0.0387573	0.135803
0.0509644	0.138245
0.0570679	0.136414
0.0592041	0.132446
0.0527954	0.129395
0.00701904	0.1297
-0.0640869	0.135498
-0.0695801	0.144043
-0.0131226	0.150757
0.022583	0.152588
-0.00610352	0.150146
-0.0405884	0.14801
-0.0393677	0.148621
-0.0317383	0.148926
-0.0302124	0.144653
-0.0143433	0.137024
0.0476074	0.129089
0.0759888	0.120239
0.0653076	0.110474
0.0100708	0.105896
-0.0631714	0.109863
-0.0784302	0.116272
-0.0308228	0.117188
0.0265503	0.114441
0.0674438	0.116882
0.0869751	0.127258
0.0604248	0.13855
0.0112915	0.140991
0.00366211	0.141296
0.0158691	0.1474
-0.0210571	0.15686
-0.0820923	0.159912
-0.088501	0.155334
-0.0613403	0.152893
-0.0164795	0.151367
0.0650024	0.144043
0.122681	0.127869
0.114746	0.10498
0.0564575	0.0857544
-0.0384521	0.0747681
-0.114441	0.0732422
-0.118713	0.0802612
-0.0784302	0.088501
-0.0567627	0.0915527
-0.0457764	0.0927734
-0.00152588	0.0942993
0.045166	0.0930786
0.0448608	0.0869751
0.0119019	0.0738525
-0.0259399	0.0543213
-0.0646973	0.0320435
-0.109253	0.0088501
-0.0363159	-0.00793457
0.119629	-0.0167847
0.190125	-0.0201416
0.202332	-0.0210571
0.186768	-0.0186157
0.153809	-0.0106812
0.00610352	0.000305176
-0.203247	0.00793457
-0.245667	0.00976563
-0.171509	0.00701904
-0.13031	-0.00152588
-0.195313	-0.0146484
-0.230713	-0.0286865
-0.110779	-0.0375366
0.12207	-0.0387573
0.349426	-0.0332642
0.430298	-0.0192261
0.343933	0.0012207
0.155029	0.0195313
-0.0088501	0.0292969
-0.0799561	0.0302124
-0.104065	0.0283813
-0.126648	0.0250244
-0.136108	0.017395
-0.106201	0.00488281
-0.0915527	-0.00274658
-0.108337	-0.00183105
-0.115662	0.0012207
-0.0991821	-0.000305176
-0.0408936	0.00396729
0.0378418	0.0201416
0.0961304	0.0415039
0.0982666	0.0622559
0.10376	0.0787354
0.117188	0.088501
0.0878906	0.0906372
0.0354004	0.0866699
-0.0247192	0.0775146
-0.0460815	0.0674438
-0.032959	0.0595093
-0.0134277	0.0595093
0.00335693	0.0704956
-0.00671387	0.0842285
-0.0250244	0.0897217
-0.0292969	0.0836182
-0.0344849	0.0732422
-0.0396729	0.0631714
-0.032959	0.0488281
-0.0384521	0.0308228
-0.0360107	0.0134277
-0.0253296	0.00152588
-0.0262451	-0.00762939
-0.0320435	-0.0192261
-0.00976563	-0.0274658
0.0286865	-0.0271606
0.0369263	-0.0210571
0.0231934	-0.0152588
0.0228882	-0.00762939
0.0289917	0.00427246
0.0497437	0.0125122
0.0759888	0.0140381
0.0714111	0.0131226
0.0460815	0.0143433
-0.00152588	0.0170898
-0.0473022	0.022583
-0.0567627	0.0289917
-0.0314331	0.0338745
0.0247192	0.0408936
0.0665283	0.0454712
0.0250244	0.0457764
-0.0753784	0.0448608
-0.114441	0.0415039
-0.0692749	0.0335693
-0.000915527	0.0268555
0.0912476	0.020752
0.132141	0.0125122
0.0799561	0.00762939
0.0167847	0.00518799
-0.107422	0.00396729
-0.147095	0.00732422
-0.0601196	0.0186157
0.0268555	0.03479
0.0698853	0.0469971
0.0640869	0.055542
0.0283813	0.0634766
-0.00762939	0.0708008
-0.0402832	0.0778198
-0.0265503	0.0848389
0.0247192	0.0891113
0.0448608	0.0894165
0.0131226	0.0878906
-0.0585938	0.0878906
-0.122681	0.0863647
-0.138855	0.0863647
-0.0805664	0.093689
0.0219727	0.106506
0.106812	0.118408
0.124817	0.128479
0.0845337	0.131531
0.0473022	0.129395
0.0216675	0.128174
-0.00396729	0.126953
-0.0238037	0.121155
-0.0119019	0.114136
0.0100708	0.107422
0.0204468	0.100403
0.00823975	0.0946045
-0.015564	0.0939941
-0.0253296	0.09552
-0.0247192	0.0915527
-0.015564	0.0799561
-0.015564	0.0634766
-0.0253296	0.0482178
-0.0369263	0.0360107
-0.0198364	0.027771
-0.00610352	0.0167847
-0.0088501	0.0012207
-0.00366211	-0.0137329
0.00915527	-0.0228882
0.0216675	-0.0195313
0.039978	-0.00793457
0.0653076	0.00152588
0.0738525	0.00488281
0.0247192	0.00183105
-0.0418091	-0.00366211
-0.0958252	-0.00854492
-0.108643	-0.0109863
-0.0610352	-0.0140381
0.00732422	-0.0231934
0.0421143	-0.0369263
0.0219727	-0.0497437
0.00854492	-0.0604248
0.0234985	-0.0695801
0.0546265	-0.0720215
0.0784302	-0.0628662
0.0723267	-0.0469971
0.0106812	-0.0311279
-0.0759888	-0.0192261
-0.115356	-0.012207
-0.0888062	-0.00946045
-0.0280762	-0.0100708
0.0320435	-0.0149536
0.0674438	-0.0238037
0.0866699	-0.0354004
0.0588989	-0.0512695
0.0115967	-0.0695801
-0.00915527	-0.0845337
-0.0247192	-0.0942993
-0.0268555	-0.0973511
0.00244141	-0.0894165
0.0723267	-0.0656128
0.125732	-0.032959
0.108337	0.00335693
0.038147	0.0509644
-0.0665283	0.115967
-0.167847	0.195923
-0.210876	0.278931
-0.187378	0.350342
-0.122986	0.40741
-0.0772095	0.457764
-0.0714111	0.495911
-0.0750732	0.508423
-0.0564575	0.487671
0.0228882	0.430603
0.15686	0.342102
0.317993	0.232849
0.409851	0.117493
0.447693	0.0119019
0.249939	-0.0784302
0.177917	-0.152893
-0.253906	-0.205688
-1.63696	-0.230713
-2.43652	-0.228577
-1.2204	-0.205994
1.23871	-0.175476
3.28705	-0.144958
3.53119	-0.117798
1.63513	-0.0979614
-0.779724	-0.0869751
-2.10114	-0.0817871
-2.06146	-0.0799561
-1.1911	-0.0799561
-0.574341	-0.0814819
-0.675049	-0.0860596
-0.578918	-0.090332
0.415649	-0.0872803
1.57959	-0.0756836
1.72913	-0.0622559
0.735474	-0.0506592
-0.595093	-0.0424194
-1.35681	-0.0354004
-1.15875	-0.0271606
-0.264282	-0.0186157
0.700378	-0.0125122
1.1911	-0.00762939
0.998535	-0.00549316
0.355225	-0.00915527
-0.310364	-0.0119019
-0.704956	-0.0119019
-0.770874	-0.0106812
-0.542297	-0.012207
-0.169678	-0.0146484
0.178528	-0.015564
0.327148	-0.0143433
0.238342	-0.0106812
0.0814819	-0.00274658
-0.0579834	0.0100708
-0.119019	0.022583
-0.065918	0.0320435
0.0564575	0.0378418
0.1297	0.0415039
0.09552	0.0424194
0.0152588	0.0439453
-0.0375366	0.0488281
-0.0344849	0.0601196
-0.00610352	0.0714111
0.0372314	0.0772095
0.0469971	0.0775146
0.00457764	0.0796509
-0.0100708	0.0848389
0.0256348	0.088501
0.0445557	0.0891113
0.0158691	0.0906372
-0.0332642	0.09552
-0.0402832	0.0973511
-0.000305176	0.0939941
0.0436401	0.0897217
0.0216675	0.0891113
-0.0271606	0.0921631
-0.0320435	0.0921631
-0.0390625	0.0909424
-0.0698853	0.0909424
-0.0784302	0.0933838
-0.0393677	0.0976563
0.0195313	0.101013
0.0500488	0.102234
0.0320435	0.102844
-0.0119019	0.10437
-0.0518799	0.107422
-0.0793457	0.112915
-0.0640869	0.120239
-0.00152588	0.124512
0.0561523	0.123596
0.0646973	0.117188
0.0469971	0.11261
0.0402832	0.11261
0.0726318	0.113525
0.105286	0.116882
0.0778198	0.126648
0.00915527	0.141602
-0.0576782	0.155029
-0.11261	0.162964
-0.108337	0.166626
-0.0473022	0.170288
0.0210571	0.179138
0.0787354	0.188904
0.0869751	0.19165
0.0323486	0.189514
-0.038147	0.188904
-0.0909424	0.19104
-0.0912476	0.196838
-0.0457764	0.20874
-0.00671387	0.22522
0.0146484	0.241699
0.0244141	0.254211
0.0210571	0.261536
0.0158691	0.263977
0.0125122	0.262146
0.0167847	0.256958
0.0314331	0.243835
0.0311279	0.220337
0.0192261	0.19104
-0.00366211	0.161133
-0.0338745	0.133972
-0.0537109	0.113525
-0.038147	0.102234
-0.00183105	0.100098
0.0436401	0.100098
0.0735474	0.0970459
0.071106	0.0946045
0.0405884	0.0976563
-0.00823975	0.100708
-0.045166	0.0970459
-0.0454712	0.090332
-0.0216675	0.0836182
0.00671387	0.0753784
0.020752	0.0686646
0.0198364	0.0671387
0.00427246	0.065918
-0.0253296	0.0579834
-0.0439453	0.0418091
-0.0512695	0.0271606
-0.0622559	0.017395
-0.0765991	0.0109863
-0.127258	0.00671387
-0.105286	-0.000610352
0.06073	-0.0152588
0.142212	-0.0341797
0.108948	-0.0460815
0.123596	-0.0430298
0.222168	-0.0299072
0.231934	-0.0158691
0.0570679	-0.00427246
-0.0717163	0.00762939
-0.134277	0.0167847
-0.231018	0.020752
-0.327759	0.0195313
-0.309143	0.0195313
-0.15625	0.027771
0.0357056	0.03479
0.192871	0.0314331
0.296936	0.0231934
0.320129	0.0177002
0.198364	0.0183105
-0.0643921	0.0222778
-0.253601	0.0256348
-0.243225	0.0265503
-0.0665283	0.0241089
0.150757	0.0241089
0.265198	0.0250244
0.213318	0.0231934
0.0576782	0.0183105
-0.0708008	0.017395
-0.0897217	0.0201416
-0.0424194	0.0222778
-0.015564	0.0256348
-0.045166	0.0296021
-0.111084	0.0326538
-0.159607	0.0335693
-0.14679	0.0341797
-0.0750732	0.0378418
0.0201416	0.0457764
0.0888062	0.0567627
0.105591	0.065918
0.0848389	0.0680542
0.0521851	0.0674438
0.00671387	0.0698853
-0.0372314	0.0732422
-0.0567627	0.0717163
-0.0335693	0.0643921
0.0195313	0.0521851
0.0637817	0.0375366
0.0750732	0.0198364
0.0488281	0.00701904
0.00823975	0.00366211
-0.0201416	0.00549316
-0.0390625	0.00671387
-0.0494385	0.00732422
-0.0463867	0.0112915
-0.0262451	0.0216675
-0.00488281	0.0369263
0.0112915	0.0460815
0.0204468	0.0427246
0.0186157	0.0314331
0.0115967	0.017395
0.0115967	0.00244141
0.017395	-0.00610352
-0.00244141	-0.00488281
-0.0326538	-0.00305176
-0.0457764	-0.00701904
-0.0296021	-0.0152588
-0.0012207	-0.0198364
0.0140381	-0.0152588
0.00274658	-0.00488281
-0.0149536	0.00579834
-0.00457764	0.0146484
0.0311279	0.0192261
0.0592041	0.0189209
0.0610352	0.0192261
0.0393677	0.0265503
0.00640869	0.0408936
-0.0222778	0.0588989
-0.0311279	0.0753784
-0.0238037	0.0878906
-0.00671387	0.098877
0.00335693	0.11261
0.00793457	0.127563
0.00305176	0.133972
-0.0143433	0.132751
-0.0259399	0.131836
-0.0262451	0.133972
-0.0274658	0.139465
-0.0204468	0.142517
-0.000915527	0.137939
0.00915527	0.13031
-0.00915527	0.125122
-0.017395	0.123596
-0.000610352	0.122375
0.0317383	0.119019
0.0402832	0.111389
0.0289917	0.102844
0.0167847	0.0973511
-0.00579834	0.0897217
-0.0088501	0.0756836
-0.00274658	0.0558472
0.0128174	0.0280762
-0.00274658	-0.00732422
-0.0314331	-0.0363159
-0.0161743	-0.0515747
0.0158691	-0.0613403
0.0286865	-0.0714111
0.0088501	-0.0802612
-0.0170898	-0.0836182
-0.0265503	-0.0817871
-0.0286865	-0.0769043
-0.0186157	-0.0680542
0.00549316	-0.0549316
0.0308228	-0.0457764
0.0445557	-0.0442505
0.0411987	-0.0479126
0.0167847	-0.0540161
-0.0170898	-0.0579834
-0.0473022	-0.0546265
-0.0674438	-0.0460815
-0.0753784	-0.0372314
-0.0665283	-0.0286865
-0.0234985	-0.0213623
0.0354004	-0.0180054
0.0640869	-0.020752
0.0561523	-0.0274658
0.0308228	-0.0357056
0.00732422	-0.0445557
0	-0.0521851
0.010376	-0.0610352
0.0234985	-0.0714111
0.0228882	-0.0796509
0.0112915	-0.0796509
-0.00396729	-0.0735474
-0.0305176	-0.0708008
-0.0375366	-0.0765991
-0.00640869	-0.0875854
0.0442505	-0.0970459
0.108337	-0.100403
0.143127	-0.0994873
0.134888	-0.098877
0.0735474	-0.100098
-0.0317383	-0.0930786
-0.143127	-0.0668335
-0.211792	-0.0198364
-0.222778	0.0396729
-0.167542	0.106506
-0.0756836	0.177307
-0.000915527	0.248413
0.0201416	0.31311
-0.00396729	0.360413
-0.0482178	0.382996
-0.0897217	0.377502
-0.0778198	0.34729
0.0164795	0.299377
0.159302	0.228882
0.302734	0.13916
0.347595	0.039978
0.365906	-0.0610352
0.2005	-0.149841
0.0671387	-0.21637
-0.215149	-0.264282
-1.38062	-0.299683
-1.99707	-0.319824
-0.749817	-0.321655
1.539	-0.309143
3.35938	-0.289001
3.32245	-0.264587
1.03607	-0.237427
-1.94366	-0.208435
-3.45947	-0.178223
-2.81036	-0.14801
-0.809326	-0.119629
0.952759	-0.0973511
1.09772	-0.0802612
0.137024	-0.0689697
-0.334473	-0.0619507
0.328674	-0.0570679
1.17279	-0.0546265
1.11359	-0.0558472
0.25177	-0.062561
-0.631104	-0.0717163
-0.988464	-0.0802612
-0.680847	-0.0869751
0.010376	-0.0915527
0.622864	-0.0930786
0.84198	-0.0921631
0.593262	-0.0918579
0.0366211	-0.0906372
-0.512695	-0.0918579
-0.750427	-0.0952148
-0.623779	-0.0958252
-0.307312	-0.090332
0.00946045	-0.0805664
0.237732	-0.0656128
0.299683	-0.0442505
0.184326	-0.027771
0.0494385	-0.0189209
0.0106812	-0.00854492
0.03479	0.00457764
0.0720215	0.0134277
0.0857544	0.0131226
0.0540161	0.00305176
-0.0109863	-0.0115967
-0.0817871	-0.0241089
-0.103149	-0.0320435
-0.0442505	-0.038147
0.0283813	-0.0439453
0.0274658	-0.0476074
-0.017395	-0.0506592
-0.0354004	-0.0549316
-0.00762939	-0.0576782
0.0265503	-0.0521851
0.038147	-0.0393677
0.0393677	-0.027771
0.0549316	-0.0216675
0.0552368	-0.0210571
0.0302124	-0.0183105
0.00518799	-0.010376
-0.0137329	-0.00183105
-0.0216675	0.00640869
-0.00823975	0.0125122
0.0115967	0.015564
0.00793457	0.0180054
-0.0610352	0.0219727
-0.132141	0.0253296
-0.110779	0.0296021
-0.0521851	0.0384521
-0.000610352	0.0494385
0.050354	0.0585938
0.0695801	0.0704956
0.0442505	0.0854492
-0.0134277	0.0949097
-0.0628662	0.0952148
-0.0595093	0.090332
-0.00518799	0.0817871
0.0497437	0.0695801
0.0735474	0.0567627
0.0692749	0.0454712
-0.0109863	0.0387573
-0.0704956	0.03479
-0.0732422	0.0320435
0.00976563	0.03479
0.107727	0.0411987
0.0860596	0.0457764
-0.00854492	0.0488281
-0.0674438	0.0518799
-0.0448608	0.0579834
0.0213623	0.0653076
0.0494385	0.0680542
0.00915527	0.0680542
-0.0405884	0.0723267
-0.0402832	0.0839233
-0.00579834	0.0964355
0.0228882	0.104065
0.0262451	0.106812
-0.000915527	0.110474
-0.039978	0.115967
-0.0473022	0.117798
-0.00549316	0.11322
0.0482178	0.105896
0.0595093	0.101318
0.0317383	0.0921631
-0.0088501	0.0762939
-0.0366211	0.0646973
-0.0189209	0.0570679
0.0320435	0.0524902
0.057373	0.0518799
0.039978	0.0488281
0.00488281	0.0387573
-0.0241089	0.0253296
-0.0457764	0.0109863
-0.0415039	0.000305176
-0.00701904	-0.00488281
0.0213623	-0.00640869
0.0241089	-0.0088501
0.020752	-0.0119019
0.00976563	-0.0167847
-0.0100708	-0.0231934
-0.0335693	-0.0289917
-0.0592041	-0.0354004
-0.0808716	-0.0405884
-0.0991821	-0.0460815
-0.093689	-0.0527954
-0.0820923	-0.0585938
-0.0778198	-0.0610352
-0.00518799	-0.0570679
0.127258	-0.0527954
0.18219	-0.0515747
0.176392	-0.0473022
0.179443	-0.0354004
0.223999	-0.0198364
0.152893	-0.00854492
-0.0350952	-0.00518799
-0.16449	-0.010376
-0.231323	-0.0201416
-0.296631	-0.0323486
-0.328979	-0.0424194
-0.228577	-0.0457764
0.0167847	-0.0454712
0.250854	-0.0479126
0.324402	-0.0558472
0.214539	-0.0619507
0.0564575	-0.0582886
-0.0198364	-0.0460815
-0.00946045	-0.0335693
0.0527954	-0.0234985
0.0939941	-0.0161743
0.0692749	-0.00854492
-0.00610352	0.00213623
-0.0894165	0.0140381
-0.136108	0.0192261
-0.105591	0.0152588
-0.0473022	0.00976563
-0.0198364	0.00701904
-0.0241089	0.00488281
-0.0457764	-0.000610352
-0.0543213	-0.0131226
-0.0332642	-0.0344849
0.012207	-0.055542
0.0631714	-0.0653076
0.083313	-0.065918
0.0692749	-0.0646973
0.0390625	-0.0628662
0.00457764	-0.06073
-0.0250244	-0.0570679
-0.0411987	-0.0491333
-0.0463867	-0.0393677
-0.0494385	-0.0311279
-0.0421143	-0.0259399
-0.0115967	-0.0234985
0.0241089	-0.0204468
0.0460815	-0.0149536
0.0595093	-0.00640869
0.0656128	-0.000610352
0.0439453	-0.00152588
-0.00671387	-0.00396729
-0.0421143	-0.00457764
-0.0674438	-0.000915527
-0.0991821	0.00579834
-0.111694	0.0143433
-0.067749	0.0247192
0.0177002	0.0335693
0.0805664	0.0357056
0.120544	0.03479
0.131531	0.0387573
0.0976563	0.0442505
0.0292969	0.0457764
-0.0485229	0.0402832
-0.0964355	0.0296021
-0.088501	0.020752
-0.0317383	0.0180054
0.0119019	0.0201416
0.0170898	0.0219727
0.160217	0.0186157
0.20752	0.0088501
-0.144348	-0.00335693
-0.240784	-0.0115967
0.00823975	-0.0152588
-0.357666	-0.0198364
-0.525208	-0.0280762
0.367126	-0.0411987
0.918884	-0.0567627
0.705872	-0.0689697
0.0802612	-0.0738525
-0.487976	-0.0698853
-0.663147	-0.0579834
-0.492859	-0.0421143
-0.139771	-0.0250244
0.187988	-0.010376
0.331116	-0.000305176
0.265503	0.00549316
0.093689	0.00915527
-0.0375366	0.0088501
-0.0561523	0.00701904
-0.0231934	0.00946045
-0.00305176	0.0170898
-0.0256348	0.0274658
-0.0735474	0.0369263
-0.106201	0.0448608
-0.090332	0.0564575
-0.0149536	0.0769043
0.0750732	0.101013
0.128174	0.117798
0.132751	0.118408
0.0875854	0.110168
0.00976563	0.102844
-0.0610352	0.0967407
-0.100708	0.0900269
-0.113525	0.0811768
-0.114746	0.0680542
-0.100708	0.0509644
-0.0494385	0.0292969
0.0286865	0.0100708
0.0961304	0.00152588
0.112305	0.00366211
0.0769043	0.00823975
0.0250244	0.00762939
0.00274658	0.00244141
0.00640869	-0.000915527
0.0265503	-0.00152588
0.0363159	0
0	0
-0.057373	-0.00457764
-0.10498	-0.0115967
-0.107422	-0.020752
-0.0631714	-0.0314331
-0.00640869	-0.0402832
0.0650024	-0.045166
0.127563	-0.0469971
0.118713	-0.050354
0.0125122	-0.0552368
-0.127563	-0.0564575
-0.183716	-0.0524902
-0.0942993	-0.0457764
0.0759888	-0.0378418
0.226135	-0.0326538
0.263977	-0.0296021
0.183411	-0.0314331
0.0405884	-0.0396729
-0.0976563	-0.0482178
-0.158997	-0.0540161
-0.146484	-0.0619507
-0.113525	-0.0714111
-0.0842285	-0.0796509
-0.0619507	-0.0863647
-0.0280762	-0.0933838
0.0109863	-0.102539
0.0527954	-0.11322
0.0656128	-0.119934
0.0369263	-0.116577
0.00732422	-0.105286
0.0296021	-0.0933838
0.0738525	-0.0799561
0.0985718	-0.0601196
0.0836182	-0.0332642
0.0430298	-0.00366211
-0.00701904	0.0305176
-0.0656128	0.0738525
-0.107117	0.127869
-0.127258	0.190125
-0.145874	0.25116
-0.131226	0.303955
-0.093689	0.349731
-0.0512695	0.392151
-0.0192261	0.427856
0.0012207	0.447388
0.00610352	0.44342
0.0296021	0.41687
0.0616455	0.371094
0.0656128	0.308228
0.0439453	0.232849
0.0189209	0.148926
0.108032	0.0564575
0.175171	-0.0357056
0.43396	-0.116272
0.406189	-0.182495
-0.71167	-0.232544
-1.46576	-0.263367
-0.610352	-0.274963
1.14471	-0.270996
2.55646	-0.256958
2.43378	-0.237732
0.455627	-0.209656
-2.00623	-0.169678
-3.03497	-0.130005
-2.17163	-0.101013
-0.403748	-0.0827026
0.92865	-0.0732422
0.946045	-0.0692749
0.0631714	-0.0665283
-0.418091	-0.062561
0.0979614	-0.0628662
0.906372	-0.0665283
1.11938	-0.0686646
0.640564	-0.0637817
-0.130615	-0.0512695
-0.691528	-0.03479
-0.692444	-0.0158691
-0.310059	0.0012207
0.169373	0.0125122
0.512695	0.0189209
0.516052	0.0201416
0.19165	0.0125122
-0.215149	0.00183105
-0.471191	-0.00701904
-0.52948	-0.00976563
-0.38269	-0.00671387
-0.125427	-0.00183105
0.123291	-0.00183105
0.231018	-0.00579834
0.187683	-0.00823975
0.0921631	-0.00305176
0.0515747	0.0106812
0.0338745	0.0247192
0.0817871	0.0311279
0.0915527	0.0308228
0.0604248	0.0268555
-0.0201416	0.022583
-0.0805664	0.0222778
-0.0582886	0.0271606
-0.0109863	0.03479
0.0561523	0.0396729
0.0283813	0.043335
-0.126038	0.045166
-0.19989	0.039978
-0.0976563	0.0253296
0.090332	0.0115967
0.186768	0.00579834
0.133667	0.00579834
0.0338745	0.0088501
-0.0326538	0.0152588
-0.0616455	0.0253296
-0.062561	0.0363159
-0.012207	0.0494385
0.0238037	0.0619507
0.0250244	0.0708008
0.0341797	0.0793457
0.0561523	0.0912476
0.0247192	0.103149
-0.0396729	0.111084
-0.072937	0.11322
-0.0372314	0.108948
-0.000915527	0.101013
-0.0164795	0.0949097
-0.0344849	0.0967407
-0.0274658	0.108337
0.0167847	0.128174
0.0408936	0.149536
0.00762939	0.1651
-0.00762939	0.171814
-0.0161743	0.177307
-0.0454712	0.183105
-0.0289917	0.186462
0.012207	0.185242
0.06073	0.179138
0.0970459	0.169067
0.0531006	0.161133
-0.0231934	0.15686
-0.0750732	0.153503
-0.078125	0.151672
-0.0149536	0.151978
0.067749	0.15625
0.108643	0.164795
0.0872803	0.176086
0.00244141	0.186768
-0.0741577	0.193176
-0.118103	0.194702
-0.116882	0.187988
-0.0469971	0.172729
0.0253296	0.155334
0.039978	0.143127
0.0314331	0.137634
0.0305176	0.136719
0.0234985	0.133362
0.0131226	0.125732
0.0186157	0.121155
0.0540161	0.118713
0.0946045	0.117188
0.0827026	0.119934
-0.0320435	0.125427
-0.0814819	0.125122
-0.0476074	0.118103
-0.0167847	0.114136
-0.0320435	0.112
-0.0982666	0.105286
-0.0897217	0.0939941
0.0320435	0.0811768
0.137634	0.0653076
0.14679	0.0497437
0.0671387	0.0408936
-0.0570679	0.0350952
-0.173645	0.0204468
-0.211487	0.00183105
-0.151978	-0.00366211
-0.0643921	0.00244141
-0.0561523	0.00732422
-0.00457764	0.00427246
0.502319	-0.000915527
0.663757	0.0012207
0.12085	0.0112915
-0.42511	0.0201416
-0.61676	0.0186157
-0.448608	0.00488281
-0.0656128	-0.0125122
0.340576	-0.0256348
0.540466	-0.0341797
0.429993	-0.0418091
0.221558	-0.0531006
-0.112305	-0.0656128
-0.546875	-0.0714111
-0.554199	-0.0674438
-0.213013	-0.0540161
0.144043	-0.0338745
0.309753	-0.0161743
0.191345	-0.00610352
-0.0646973	0.00152588
-0.201721	0.00793457
-0.10437	0.0137329
0.149536	0.0143433
0.336609	0.0100708
0.317383	0.00396729
0.130005	0.00213623
-0.085144	0.00579834
-0.199585	0.0119019
-0.194397	0.0192261
-0.108643	0.0296021
-0.00366211	0.0448608
0.0314331	0.0552368
-0.000305176	0.0592041
-0.0280762	0.0631714
-0.0268555	0.0665283
-0.00518799	0.0646973
0.00976563	0.0570679
0.00244141	0.0463867
-0.0088501	0.0357056
0.00274658	0.0253296
0.022583	0.0149536
0.0228882	0.00427246
-0.00946045	-0.00549316
-0.0485229	-0.00854492
-0.045166	-0.00457764
-0.0219727	-0.000610352
0.0161743	-0.00152588
0.0604248	-0.00549316
0.0558472	-0.00762939
0.00183105	-0.00610352
-0.0393677	-0.00274658
-0.0216675	0.00305176
0.00549316	0.00671387
0.0280762	0.00640869
0.0418091	0.0088501
0.0177002	0.0149536
-0.0164795	0.0152588
-0.0134277	0.00976563
-0.0012207	0.00640869
0.0131226	0.0119019
0.0164795	0.0259399
-0.0088501	0.0344849
-0.0479126	0.0265503
-0.0576782	0.00701904
-0.0378418	-0.0131226
0.00793457	-0.0259399
0.0558472	-0.0311279
0.0628662	-0.0350952
0.0183105	-0.0405884
-0.0320435	-0.0515747
-0.0460815	-0.0653076
-0.0170898	-0.0753784
0.0152588	-0.078125
0.0195313	-0.0680542
0.027771	-0.0491333
0.0411987	-0.0283813
0.0247192	-0.00946045
0.0140381	0.00701904
-0.00579834	0.0198364
-0.0561523	0.0268555
-0.09552	0.0305176
-0.0900269	0.032959
-0.00701904	0.0338745
0.0646973	0.0323486
0.0924683	0.0274658
0.0927734	0.0198364
0.0561523	0.012207
-0.0198364	0.00549316
-0.0854492	-0.000305176
-0.0918579	-0.00366211
-0.0323486	-0.00335693
0.0311279	-0.00274658
0.0701904	-0.00793457
0.0732422	-0.0198364
0.0509644	-0.032959
-0.00701904	-0.0439453
-0.0585938	-0.0543213
-0.0769043	-0.0643921
-0.078125	-0.0750732
-0.0439453	-0.083313
-0.00244141	-0.0854492
0.0109863	-0.0820923
0.0372314	-0.0720215
0.0479126	-0.0561523
0.0241089	-0.0393677
0.000915527	-0.0250244
-0.012207	-0.0112915
-0.0131226	0.000610352
-0.00579834	0.00976563
-0.00823975	0.0137329
-0.0210571	0.0115967
-0.017395	0.0088501
0.00671387	0.0149536
0.0262451	0.0305176
0.0265503	0.0421143
0.0253296	0.0442505
0.0341797	0.0469971
0.0250244	0.0601196
0.00335693	0.0830078
-0.015564	0.107422
-0.0305176	0.123596
-0.0344849	0.128784
-0.0338745	0.133057
-0.0274658	0.137329
-0.0198364	0.137329
-0.0231934	0.133667
-0.0253296	0.126343
-0.0012207	0.114746
0.0436401	0.0997925
0.0708008	0.0811768
0.0643921	0.0579834
0.027771	0.0341797
-0.0161743	0.0146484
-0.0366211	-0.00244141
-0.0357056	-0.0180054
-0.012207	-0.0332642
0.00549316	-0.0479126
0.000610352	-0.0592041
-0.00976563	-0.065918
-0.0167847	-0.067749
-0.00610352	-0.0680542
0.0314331	-0.0653076
0.0601196	-0.0588989
0.0463867	-0.0552368
0.00579834	-0.0570679
-0.0228882	-0.0631714
-0.0146484	-0.067749
0.00396729	-0.0686646
0.00518799	-0.0692749
-0.00732422	-0.0744629
-0.0186157	-0.0827026
-0.0238037	-0.0891113
-0.03479	-0.0949097
-0.0506592	-0.0985718
-0.0521851	-0.101013
-0.0241089	-0.104065
0.0231934	-0.100098
0.0289917	-0.0875854
0.00152588	-0.0723267
-0.0289917	-0.0619507
-0.0485229	-0.0588989
-0.0283813	-0.0619507
0.0228882	-0.0674438
0.0814819	-0.0744629
0.130615	-0.0827026
0.136719	-0.0924683
0.0973511	-0.106506
0.0296021	-0.12085
-0.0286865	-0.124817
-0.0582886	-0.114746
-0.0537109	-0.0930786
-0.0335693	-0.0588989
-0.0323486	-0.0149536
-0.0619507	0.0408936
-0.0933838	0.110779
-0.105896	0.192261
-0.10437	0.279846
-0.101624	0.363159
-0.0875854	0.432129
-0.0701904	0.484009
-0.0430298	0.515442
0.0167847	0.518799
0.120239	0.489807
0.245056	0.434265
0.290833	0.354309
0.165405	0.250854
-0.149841	0.132751
-0.36377	0.0131226
-0.250549	-0.100708
0.219727	-0.203552
0.751343	-0.289612
0.518188	-0.350037
-0.205078	-0.382385
-0.334473	-0.395813
0.167847	-0.395508
0.605774	-0.381775
0.54657	-0.35614
-0.288391	-0.322876
-1.2796	-0.288086
-1.3031	-0.253601
-0.413818	-0.219727
0.513611	-0.184937
0.860901	-0.152588
0.272827	-0.126648
-0.888367	-0.101929
-1.43341	-0.0732422
-0.79071	-0.0463867
0.582275	-0.0292969
1.70135	-0.0238037
1.79901	-0.0253296
1.02173	-0.0259399
-0.0512695	-0.0250244
-0.823364	-0.0280762
-0.982971	-0.0378418
-0.623779	-0.050354
-0.0405884	-0.0628662
0.386353	-0.0704956
0.479736	-0.0683594
0.28656	-0.0546265
-0.0634766	-0.0384521
-0.343018	-0.0296021
-0.439148	-0.0280762
-0.346985	-0.0244141
-0.127563	-0.0158691
0.0662231	-0.00549316
0.144043	0.00183105
0.0991821	0.00244141
0.0390625	-0.00671387
0.0326538	-0.0210571
0.0396729	-0.0314331
0.0485229	-0.0305176
0.0518799	-0.0222778
0.00457764	-0.015564
-0.0241089	-0.0152588
0.00305176	-0.0192261
0.0341797	-0.0216675
-0.0134277	-0.0234985
-0.0671387	-0.0289917
-0.0769043	-0.0344849
-0.0674438	-0.038147
0.00640869	-0.0375366
0.105286	-0.0311279
0.159607	-0.0244141
0.105896	-0.0219727
0.0131226	-0.0186157
-0.0274658	-0.00946045
-0.0463867	0.00671387
-0.0408936	0.0271606
-0.0134277	0.0418091
-0.0292969	0.0427246
-0.0482178	0.0305176
-0.00976563	0.0112915
0.0405884	-0.00549316
0.0509644	-0.010376
0.0234985	-0.00488281
-0.0491333	0.00579834
-0.0814819	0.0201416
-0.0161743	0.0390625
0.0534058	0.0637817
0.0500488	0.0985718
-0.00640869	0.139771
-0.045166	0.180359
-0.0598145	0.213623
-0.06073	0.231934
-0.00762939	0.229492
0.0570679	0.212402
0.0918579	0.19165
0.093689	0.169373
0.0378418	0.143127
-0.0424194	0.116272
-0.0814819	0.0958252
-0.055542	0.0857544
-0.0265503	0.0875854
-0.0274658	0.0976563
-0.0250244	0.111389
0.00976563	0.126343
0.057373	0.141907
0.101013	0.155945
0.0933838	0.166931
0.00732422	0.170288
-0.0909424	0.165405
-0.105286	0.157471
-0.0564575	0.150757
-0.0161743	0.145264
0.0299072	0.137939
0.0592041	0.13031
0.0753784	0.127563
0.0527954	0.130005
-0.0180054	0.133972
-0.065918	0.137024
-0.0628662	0.139771
-0.050354	0.140991
-0.027771	0.139465
0.00701904	0.134888
0.0256348	0.128479
0.027771	0.125122
0.0253296	0.128479
0.00823975	0.136108
0.0210571	0.13916
0.0457764	0.136719
0.06073	0.1297
0.0506592	0.116882
-0.0167847	0.101318
-0.0646973	0.0842285
-0.0704956	0.067749
-0.0534058	0.0494385
-0.0167847	0.0271606
-0.00396729	0.00549316
-0.00518799	-0.0106812
-0.0195313	-0.0222778
-0.0375366	-0.0302124
-0.0109863	-0.0344849
0.0125122	-0.0357056
0.0271606	-0.0320435
0.0262451	-0.0192261
-0.0341797	0.0012207
-0.133972	0.0210571
-0.111389	0.0317383
0.0167847	0.0320435
0.209961	0.0299072
0.386047	0.0350952
0.380249	0.0457764
0.177307	0.0549316
-0.231628	0.057373
-0.553284	0.0534058
-0.517578	0.045166
-0.257874	0.0338745
0.0296021	0.0238037
0.212097	0.0164795
0.285645	0.00762939
0.253601	-0.00335693
0.15686	-0.012207
0.0973511	-0.0192261
0.0527954	-0.0234985
0.00183105	-0.0247192
-0.0421143	-0.0228882
-0.0796509	-0.0192261
-0.102539	-0.0195313
-0.108948	-0.0238037
-0.0878906	-0.0262451
-0.067749	-0.0219727
-0.0497437	-0.0119019
-0.00335693	-0.00152588
0.0415039	0.00366211
0.0637817	0.00549316
0.0561523	0.0106812
0.0198364	0.0192261
-0.0393677	0.0262451
-0.0701904	0.0302124
-0.0405884	0.0338745
0.0228882	0.0393677
0.0778198	0.0460815
0.0872803	0.0537109
0.043335	0.0628662
-0.0088501	0.0689697
-0.0521851	0.0674438
-0.0488281	0.0592041
-0.00823975	0.0527954
0.0430298	0.0506592
0.0784302	0.0497437
0.0576782	0.0442505
-0.0088501	0.0320435
-0.0634766	0.0167847
-0.0708008	0.00610352
-0.0531006	-0.000610352
-0.0189209	0.000305176
0.0161743	0.0106812
0.0408936	0.0241089
0.0338745	0.0338745
0.00640869	0.0369263
-0.00244141	0.0320435
-0.0100708	0.0222778
-0.0088501	0.0125122
0.00457764	0.000305176
0.00976563	-0.0152588
-0.00305176	-0.032959
-0.0323486	-0.0491333
-0.0469971	-0.062561
-0.0442505	-0.0720215
-0.0561523	-0.0726318
-0.0500488	-0.0619507
-0.00488281	-0.0424194
0.0427246	-0.0177002
0.0747681	0.00579834
0.0759888	0.0216675
0.0534058	0.0314331
0.0177002	0.0402832
-0.0204468	0.0476074
-0.0256348	0.0473022
-0.00854492	0.0369263
-0.0109863	0.0204468
-0.0280762	0.00671387
-0.0247192	0
-0.0271606	0.000610352
-0.0164795	0.00396729
0.0180054	0.00244141
0.050354	-0.00488281
0.072937	-0.0128174
0.0585938	-0.0183105
0.0119019	-0.0189209
-0.022583	-0.0161743
-0.0280762	-0.0119019
-0.0326538	-0.00976563
-0.0332642	-0.0131226
-0.0222778	-0.0204468
-0.00579834	-0.0247192
0.0143433	-0.0222778
0.0265503	-0.0137329
0.017395	-0.00152588
-0.0192261	0.0109863
-0.0476074	0.0195313
-0.0317383	0.0201416
0.015564	0.0180054
0.039978	0.0186157
0.0463867	0.0210571
0.032959	0.0241089
-0.0143433	0.0271606
-0.0628662	0.0292969
-0.0714111	0.0271606
-0.0302124	0.0213623
0.0280762	0.015564
0.0476074	0.0128174
0.0140381	0.012207
-0.0140381	0.0100708
-0.00274658	0.0112915
0.0128174	0.0177002
0.0494385	0.0296021
0.0723267	0.045166
0.0302124	0.0570679
-0.0473022	0.0634766
-0.0872803	0.0726318
-0.0744629	0.0842285
-0.0231934	0.093689
0.00579834	0.0985718
0.00915527	0.0979614
0.0137329	0.0927734
0.0131226	0.0863647
0.0158691	0.0808716
-0.00335693	0.0778198
-0.0326538	0.0762939
0.0466919	0.0769043
0.0683594	0.0811768
-0.108337	0.0909424
-0.122681	0.101929
0.0387573	0.10376
0.213623	0.0946045
0.232544	0.0784302
0.0149536	0.0579834
-0.193176	0.0384521
-0.212402	0.0231934
-0.114746	0.0131226
-0.0164795	0.00274658
0.0567627	-0.0149536
0.0961304	-0.0354004
0.133972	-0.0485229
-0.0317383	-0.0540161
-0.10437	-0.0579834
0.0195313	-0.06073
0.112305	-0.0643921
0.177002	-0.0732422
0.120239	-0.0802612
-0.0137329	-0.0836182
-0.174866	-0.0842285
-0.288086	-0.0827026
-0.21759	-0.0762939
-0.0119019	-0.0613403
0.159912	-0.0469971
0.227966	-0.0402832
0.152893	-0.0360107
-0.0323486	-0.0311279
-0.156555	-0.0265503
-0.184937	-0.0271606
-0.127258	-0.0363159
-0.0228882	-0.0512695
0.0628662	-0.0662231
0.105896	-0.0823975
0.102844	-0.0949097
0.0778198	-0.0982666
0.0442505	-0.0924683
0.0274658	-0.0817871
0.0228882	-0.0726318
0.0247192	-0.0650024
-0.000305176	-0.0588989
-0.0558472	-0.0494385
-0.072937	-0.0289917
-0.0198364	0.000610352
0.067749	0.0366211
0.100403	0.0811768
0.0622559	0.13916
-0.0186157	0.206299
-0.0930786	0.274048
-0.133667	0.340576
-0.138245	0.402527
-0.106812	0.454102
-0.0598145	0.488892
-0.0259399	0.497131
0.010376	0.476379
0.0201416	0.42572
0.00366211	0.345764
0.0146484	0.241089
0.0857544	0.129395
0.224609	0.0286865
0.406189	-0.0592041
0.307922	-0.135498
0.275879	-0.197754
-0.0674438	-0.241089
-1.4917	-0.260925
-2.40021	-0.262756
-1.33331	-0.254517
1.02875	-0.237732
3.29315	-0.220032
3.95782	-0.207825
2.08008	-0.195313
-1.10748	-0.175781
-3.27026	-0.155334
-3.09723	-0.13855
-1.23291	-0.127258
0.432434	-0.119019
0.71228	-0.111389
0.1828	-0.100403
0.0448608	-0.0823975
0.602112	-0.0595093
1.10657	-0.038147
0.943909	-0.0241089
0.222778	-0.0192261
-0.582581	-0.0201416
-0.987549	-0.020752
-0.812988	-0.0180054
-0.210266	-0.0128174
0.445557	-0.00793457
0.779419	-0.00793457
0.655518	-0.012207
0.194092	-0.0164795
-0.333252	-0.020752
-0.647278	-0.0244141
-0.603943	-0.0250244
-0.319214	-0.020752
-0.0247192	-0.017395
0.176697	-0.0164795
0.242004	-0.00854492
0.171509	0.00610352
0.0900269	0.0195313
0.0793457	0.0308228
0.0985718	0.0344849
0.0735474	0.0320435
0.00335693	0.0305176
-0.038147	0.0314331
-0.0341797	0.0317383
-0.0231934	0.027771
-0.0500488	0.0189209
-0.0521851	0.00549316
-0.0167847	-0.00854492
0.0253296	-0.0189209
0.0674438	-0.0210571
0.0820923	-0.0158691
0.0354004	-0.00762939
0.00152588	0.0012207
0.0137329	0.0134277
0.0137329	0.0259399
0.00671387	0.0375366
-0.0180054	0.0485229
-0.0253296	0.0570679
-0.0119019	0.0579834
-0.055542	0.0485229
-0.142212	0.0363159
-0.144653	0.0302124
-0.0253296	0.032959
0.0976563	0.0350952
0.115051	0.0308228
0.0765991	0.0256348
0.0506592	0.0265503
0.0335693	0.038147
-0.0149536	0.0531006
-0.103455	0.0613403
-0.157166	0.0637817
-0.100403	0.0643921
0.0234985	0.0671387
0.0683594	0.0720215
0.072937	0.0820923
0.0857544	0.0961304
0.0796509	0.107117
0.0527954	0.113831
-0.0137329	0.121765
-0.0738525	0.136719
-0.0979614	0.157471
-0.0848389	0.179138
-0.00335693	0.194397
0.102234	0.197144
0.143738	0.189819
0.078125	0.177917
-0.0418091	0.168457
-0.0845337	0.163269
-0.0180054	0.162048
0.0610352	0.161438
0.0463867	0.158386
-0.0637817	0.158386
-0.181885	0.169983
-0.187988	0.189209
-0.0732422	0.197449
0.090332	0.189209
0.211182	0.17334
0.194092	0.15686
0.0692749	0.140381
-0.0259399	0.115051
-0.0518799	0.0823975
-0.140381	0.0546265
-0.13031	0.0360107
-0.0628662	0.0274658
0.00579834	0.0302124
0.0976563	0.0405884
0.16571	0.0537109
0.121765	0.062561
0.0280762	0.0665283
-0.038147	0.0720215
-0.0500488	0.0820923
-0.180359	0.0897217
-0.265808	0.0900269
-0.065918	0.0827026
0.20874	0.0720215
0.319519	0.0656128
0.239868	0.065918
0.0268555	0.0726318
-0.181885	0.083313
-0.256348	0.0918579
-0.171814	0.0961304
-0.027771	0.09552
0.0778198	0.0918579
0.0939941	0.083313
0.0231934	0.0686646
-0.0756836	0.0521851
-0.144043	0.0354004
-0.0442505	0.0195313
0.128174	0.00366211
0.126038	-0.0134277
0.057373	-0.0299072
0.0982666	-0.0411987
0.186768	-0.0408936
0.0784302	-0.0314331
-0.115662	-0.0195313
-0.195007	-0.00610352
-0.213928	0.00732422
-0.233154	0.0210571
-0.202332	0.0360107
-0.0720215	0.0497437
0.0796509	0.0564575
0.202332	0.0518799
0.307617	0.0402832
0.319824	0.027771
0.176086	0.0137329
-0.0515747	-0.000610352
-0.188293	-0.0158691
-0.154419	-0.0317383
-0.0167847	-0.0415039
0.0775146	-0.0415039
0.0891113	-0.0323486
0.0473022	-0.0167847
0.00671387	-0.00152588
0.00640869	0.00854492
0.0384521	0.0164795
0.0546265	0.0250244
-0.00610352	0.0335693
-0.128784	0.039978
-0.234375	0.0469971
-0.267029	0.0592041
-0.20752	0.0689697
-0.0631714	0.0744629
0.0820923	0.0765991
0.154419	0.0750732
0.141296	0.0735474
0.10376	0.0769043
0.0817871	0.0827026
0.0393677	0.0866699
-0.0177002	0.0891113
-0.0509644	0.0866699
-0.0350952	0.0775146
0.0265503	0.0680542
0.0732422	0.0646973
0.0634766	0.0680542
0.00457764	0.0726318
-0.0552368	0.0704956
-0.0891113	0.0616455
-0.0985718	0.0531006
-0.0717163	0.0491333
-0.0177002	0.0531006
0.022583	0.0631714
0.055542	0.0726318
0.0875854	0.0762939
0.0717163	0.0735474
0.0201416	0.0656128
-0.0241089	0.0576782
-0.0418091	0.0509644
-0.0326538	0.0421143
-0.00915527	0.0271606
0.0311279	0.00427246
0.0549316	-0.0216675
0.0421143	-0.0393677
0.00518799	-0.0411987
-0.0375366	-0.0308228
-0.0601196	-0.0140381
-0.0485229	0.000305176
-0.0128174	0.012207
0.0320435	0.0244141
0.0662231	0.0372314
0.0872803	0.045166
0.072937	0.0494385
0.0177002	0.0546265
-0.045166	0.0585938
-0.0979614	0.0558472
-0.12207	0.0515747
-0.0952148	0.0515747
-0.027771	0.0549316
0.0326538	0.0598145
0.0570679	0.0622559
0.0531006	0.0646973
0.0402832	0.071106
0.0338745	0.085144
0.032959	0.102234
0.017395	0.115662
-0.0112915	0.126038
-0.0473022	0.138245
-0.0527954	0.158997
-0.0189209	0.187073
0.00732422	0.209961
0.00793457	0.21637
-0.00579834	0.211487
-0.00305176	0.204163
0.0192261	0.197144
0.0265503	0.183105
0.0253296	0.158691
0.0177002	0.132751
-0.00305176	0.112915
-0.0210571	0.098877
-0.027771	0.0845337
-0.017395	0.0708008
-0.0158691	0.062561
-0.0289917	0.0640869
-0.0372314	0.071106
-0.0305176	0.078125
-0.0213623	0.0817871
-0.00579834	0.083313
0.0177002	0.0842285
0.0531006	0.0848389
0.0793457	0.0875854
0.0628662	0.0912476
0.0106812	0.0881958
-0.0332642	0.0747681
-0.0491333	0.0543213
-0.0292969	0.0326538
0.0131226	0.0106812
0.0543213	-0.0131226
0.0671387	-0.03479
0.0415039	-0.0494385
-0.0119019	-0.0598145
-0.0796509	-0.0683594
-0.118103	-0.0759888
-0.0952148	-0.0805664
-0.0360107	-0.0769043
0.0262451	-0.0637817
0.0543213	-0.0439453
0.0271606	-0.0228882
-0.0195313	-0.00579834
-0.0372314	0.00671387
-0.0119019	0.0146484
0.0418091	0.0192261
0.125427	0.0201416
0.158386	0.015564
0.103455	0.00854492
-0.00152588	0.00427246
-0.0994873	-0.00213623
-0.133362	-0.0152588
-0.0952148	-0.0350952
-0.0164795	-0.055542
0.0616455	-0.0686646
0.0942993	-0.0704956
0.0735474	-0.0637817
0.0204468	-0.0543213
-0.020752	-0.0460815
-0.0305176	-0.0338745
-0.0204468	-0.0109863
0.00274658	0.0238037
0.0137329	0.0708008
-0.0158691	0.128784
-0.0723267	0.193787
-0.116882	0.258789
-0.129089	0.319519
-0.101318	0.376892
-0.0604248	0.429077
-0.0506592	0.466309
-0.0805664	0.4776
-0.123596	0.457458
-0.112	0.409241
-0.000610352	0.341187
0.213928	0.266113
0.458984	0.184326
0.58136	0.0924683
0.513	-0.00183105
0.220337	-0.0921631
0.0762939	-0.169678
-0.280762	-0.224304
-1.5921	-0.255432
-2.51862	-0.271301
-1.3855	-0.279846
1.17798	-0.279846
3.39447	-0.271912
3.75946	-0.256653
1.85455	-0.23407
-0.740356	-0.207825
-2.23755	-0.183105
-2.4408	-0.159912
-1.83594	-0.135803
-1.02325	-0.110779
-0.491638	-0.0875854
-0.0567627	-0.0720215
0.666504	-0.0634766
1.58051	-0.057373
1.87531	-0.0512695
1.04523	-0.0454712
-0.354309	-0.0411987
-1.30737	-0.038147
-1.30676	-0.0354004
-0.535889	-0.0305176
0.438232	-0.0222778
1.02661	-0.0131226
0.999146	-0.00549316
0.487366	-0.00183105
-0.156555	-0.000610352
-0.61676	0.000610352
-0.702515	0
-0.434875	-0.00488281
-0.367126	-0.0131226
-0.371399	-0.017395
0.0198364	-0.015564
0.412292	-0.00701904
0.588989	0.00274658
0.439453	0.00701904
0.0680542	0.00915527
-0.222778	0.010376
-0.296631	0.00762939
-0.17334	-0.0012207
0.0167847	-0.0167847
0.12085	-0.0338745
0.0762939	-0.0442505
-0.00488281	-0.045166
-0.015564	-0.0415039
0.0183105	-0.0378418
0.0424194	-0.0378418
0.0765991	-0.0344849
0.108643	-0.0241089
0.0973511	-0.00640869
0.045166	0.015564
0.0213623	0.0338745
0.00549316	0.0460815
-0.0476074	0.0491333
-0.118713	0.0445557
-0.152283	0.0402832
-0.0976563	0.0408936
0.00854492	0.0424194
0.0683594	0.0411987
0.0564575	0.0363159
0	0.0311279
-0.0296021	0.0302124
-0.0201416	0.0326538
-0.0308228	0.0366211
-0.0695801	0.043335
-0.0830078	0.0521851
-0.0656128	0.0610352
-0.0250244	0.071106
0.012207	0.0848389
0.0201416	0.102539
-0.015564	0.123901
-0.0354004	0.14801
-0.00976563	0.1651
0.022583	0.168457
0.0497437	0.16449
0.0814819	0.162659
0.103149	0.166016
0.105591	0.168152
0.09552	0.166626
0.0723267	0.161743
0.0439453	0.15564
0.00946045	0.148621
-0.0402832	0.140076
-0.0924683	0.132751
-0.122375	0.130005
-0.124207	0.13031
-0.106506	0.131226
-0.0686646	0.131531
-0.0143433	0.133667
0.039978	0.139465
0.072937	0.148315
0.0845337	0.154114
0.0817871	0.155334
0.0637817	0.155029
0.0265503	0.15686
-0.0308228	0.161133
-0.0619507	0.162964
-0.0335693	0.158081
0.00823975	0.146179
0.0088501	0.130615
-0.0265503	0.116577
-0.0457764	0.104065
-0.0253296	0.0909424
0.012207	0.0787354
0.032959	0.0708008
0.0201416	0.067749
-0.00244141	0.0695801
-0.00823975	0.072937
0.017395	0.0698853
0.0521851	0.0622559
0.0698853	0.0546265
0.0741577	0.0460815
0.0640869	0.0396729
0.0341797	0.0350952
-0.0115967	0.0302124
-0.0793457	0.0231934
-0.118408	0.0161743
-0.116577	0.0125122
-0.0918579	0.0143433
-0.0537109	0.0213623
-0.0296021	0.0314331
-0.0167847	0.0427246
-0.010376	0.050354
-0.0274658	0.0485229
-0.0698853	0.0363159
-0.0601196	0.0189209
0.0909424	0.000305176
0.182495	-0.0180054
0.0775146	-0.032959
0.10498	-0.0436401
0.270996	-0.0515747
0.300293	-0.0601196
0.039978	-0.0695801
-0.195618	-0.0738525
-0.254517	-0.0683594
-0.296021	-0.0585938
-0.345154	-0.0558472
-0.279236	-0.0610352
-0.0579834	-0.0662231
0.202332	-0.0668335
0.352783	-0.062561
0.36499	-0.055542
0.28595	-0.0485229
0.119934	-0.0387573
-0.1474	-0.0231934
-0.362244	-0.00366211
-0.352478	0.00915527
-0.145264	0.00946045
0.118103	0.00274658
0.269775	-0.00518799
0.253906	-0.0125122
0.143127	-0.0198364
0.0189209	-0.0259399
-0.0628662	-0.0308228
-0.088501	-0.0363159
-0.0869751	-0.0387573
-0.0820923	-0.03479
-0.0894165	-0.0219727
-0.0848389	-0.00518799
-0.0564575	0.00854492
-0.0201416	0.0134277
0.00579834	0.00976563
0.0115967	0.00274658
0.0125122	-0.00823975
0.0198364	-0.0274658
0.045166	-0.0469971
0.0714111	-0.0588989
0.0817871	-0.0601196
0.0732422	-0.0524902
0.0411987	-0.0421143
0.00518799	-0.0332642
-0.0332642	-0.0216675
-0.0750732	-0.0012207
-0.0875854	0.0247192
-0.0561523	0.0488281
-0.0134277	0.062561
0.00610352	0.0637817
0.00457764	0.0546265
0.00152588	0.0402832
-0.00183105	0.0231934
-0.0158691	0.00640869
-0.0262451	-0.00823975
-0.015564	-0.0228882
0.0115967	-0.0357056
0.0436401	-0.0463867
0.0524902	-0.0512695
0.0384521	-0.0494385
0.0234985	-0.0418091
0.00610352	-0.0326538
-0.0128174	-0.0253296
-0.0274658	-0.0238037
-0.0369263	-0.0292969
-0.0259399	-0.0378418
0.00518799	-0.0427246
0.0302124	-0.0421143
0.0219727	-0.0405884
-0.0115967	-0.038147
-0.0326538	-0.0320435
-0.027771	-0.0186157
0.00732422	-0.000915527
0.0439453	0.0149536
0.0561523	0.0265503
0.0418091	0.0357056
0.00305176	0.039978
-0.0299072	0.0369263
-0.0256348	0.0296021
0.00396729	0.0250244
0.0265503	0.0259399
0.0244141	0.0280762
0.00732422	0.0280762
-0.0149536	0.0253296
-0.0280762	0.0247192
-0.0244141	0.032959
-0.0131226	0.0485229
-0.00732422	0.0665283
-0.00366211	0.0811768
-0.000610352	0.0942993
-0.000610352	0.106812
-0.00518799	0.111084
-0.00762939	0.105286
-0.00183105	0.0958252
0.0183105	0.0848389
0.0357056	0.0750732
0.0280762	0.0662231
0.000305176	0.0567627
-0.0283813	0.0479126
-0.0439453	0.0384521
-0.0454712	0.0283813
-0.0393677	0.015564
-0.0323486	0.000610352
-0.0296021	-0.012207
-0.0216675	-0.0195313
0.000915527	-0.0244141
0.0198364	-0.0299072
0.0375366	-0.0378418
0.0558472	-0.0494385
0.0491333	-0.0613403
0.0198364	-0.0689697
-0.00854492	-0.0741577
-0.00915527	-0.0769043
0.0244141	-0.0775146
0.0534058	-0.0784302
0.0463867	-0.0820923
-0.000305176	-0.0897217
-0.0689697	-0.0967407
-0.121155	-0.100708
-0.126038	-0.102844
-0.0805664	-0.103455
-0.0115967	-0.0991821
0.0338745	-0.0869751
0.0485229	-0.0686646
0.0454712	-0.0500488
0.0421143	-0.0408936
0.0570679	-0.0408936
0.0857544	-0.0473022
0.104065	-0.0604248
0.0863647	-0.0805664
0.0408936	-0.10437
-0.0158691	-0.130005
-0.06073	-0.15686
-0.072937	-0.176697
-0.0524902	-0.185852
-0.0137329	-0.188293
0.0320435	-0.184631
0.0720215	-0.170288
0.0802612	-0.14679
0.0656128	-0.117798
0.0244141	-0.083313
-0.0308228	-0.0390625
-0.0839233	0.0143433
-0.129395	0.0726318
-0.167542	0.133362
-0.177612	0.195007
-0.145569	0.256653
-0.071106	0.315552
0.00549316	0.371094
0.0405884	0.415955
0.0201416	0.436707
-0.0216675	0.423279
-0.0421143	0.378113
-0.00823975	0.311279
0.0604248	0.228577
0.130005	0.137329
0.151978	0.0448608
0.175781	-0.0442505
0.240173	-0.126648
0.233459	-0.19928
0.279846	-0.257263
-0.378113	-0.295715
-1.64734	-0.315552
-1.5387	-0.322266
0.302429	-0.319824
2.3465	-0.310059
3.27637	-0.298462
2.2403	-0.282898
-0.254822	-0.264282
-2.35413	-0.245056
-2.97241	-0.221558
-2.29004	-0.190735
-0.73761	-0.152893
0.508728	-0.117493
0.649719	-0.093689
0.370483	-0.0787354
0.471802	-0.0692749
0.840454	-0.0622559
0.9552	-0.0592041
0.596008	-0.0616455
0.00823975	-0.0668335
-0.495911	-0.0704956
-0.670471	-0.0704956
-0.402222	-0.0680542
0.0964355	-0.0643921
0.516357	-0.0570679
0.627441	-0.0430298
0.367737	-0.022583
-0.0808716	-0.00427246
-0.512085	0.00732422
-0.723267	0.0112915
-0.612488	0.00976563
-0.285645	0.00640869
0.0787354	0.00244141
0.301208	-0.0012207
0.317688	-0.00640869
0.202026	-0.0149536
0.0613403	-0.0241089
-0.0436401	-0.0292969
-0.0634766	-0.0314331
-0.0271606	-0.0326538
-0.0241089	-0.0354004
-0.0143433	-0.0421143
0.0350952	-0.0469971
0.105286	-0.0454712
0.142212	-0.0393677
0.0952148	-0.0299072
-0.00366211	-0.0201416
-0.114136	-0.0119019
-0.158691	-0.00518799
-0.0784302	0.00640869
0.0567627	0.0228882
0.114441	0.038147
0.0732422	0.0509644
0.038147	0.0595093
0.0335693	0.0582886
0.0134277	0.0512695
-0.0540161	0.0448608
-0.111389	0.0466919
-0.093689	0.0567627
-0.03479	0.0668335
0.00640869	0.0708008
0.0387573	0.0695801
0.0857544	0.0686646
0.0817871	0.0708008
0.00976563	0.0787354
-0.06073	0.0891113
-0.0592041	0.098877
0.00244141	0.10498
0.0521851	0.107117
0.0500488	0.109253
-0.0112915	0.11261
-0.0753784	0.113525
-0.0753784	0.112305
-0.0231934	0.110474
0.0326538	0.107422
0.0436401	0.101929
0.0183105	0.0961304
-0.0128174	0.0961304
-0.0424194	0.101929
-0.0308228	0.109558
0.0152588	0.119934
0.0299072	0.135193
0.000610352	0.157166
-0.0335693	0.180359
-0.0445557	0.199585
-0.0296021	0.214233
0.0131226	0.224915
0.0552368	0.232239
0.0836182	0.235291
0.0839233	0.230408
0.0473022	0.217285
-0.00762939	0.204163
-0.055542	0.197144
-0.078125	0.193176
-0.0741577	0.186157
-0.0469971	0.176392
-0.00915527	0.16571
0.0164795	0.153503
0.020752	0.141907
0.0161743	0.138245
0.0149536	0.137329
0.0326538	0.134277
0.0598145	0.131531
0.0592041	0.133972
0.0259399	0.141296
-0.0274658	0.14679
-0.0524902	0.147095
-0.0360107	0.13855
-0.00183105	0.122375
0.0405884	0.103455
0.0622559	0.0878906
0.0442505	0.0772095
-0.00305176	0.0704956
-0.0656128	0.0646973
-0.106201	0.0582886
-0.0979614	0.0537109
-0.0445557	0.0521851
0.0228882	0.0506592
0.0497437	0.0466919
0.0183105	0.0405884
-0.0402832	0.0335693
-0.0860596	0.0274658
-0.0778198	0.020752
-0.0164795	0.0106812
0.0469971	0.000915527
0.0488281	-0.00671387
-0.0354004	-0.00976563
-0.0570679	-0.00610352
0.0320435	0.00152588
0.112915	0.0109863
0.233154	0.0189209
0.327148	0.0219727
0.316467	0.0210571
0.132141	0.0158691
-0.167236	0.00915527
-0.34668	0.00427246
-0.369568	0.00213623
-0.307312	0
-0.20874	-0.00183105
-0.122375	0.00244141
-0.071106	0.0128174
0.0280762	0.0234985
0.195923	0.0308228
0.343018	0.0354004
0.394592	0.0357056
0.317383	0.0302124
0.119629	0.0222778
-0.0656128	0.0137329
-0.1651	0.00549316
-0.200806	-0.00152588
-0.186157	-0.00488281
-0.146179	-0.00427246
-0.0979614	0.00213623
-0.057373	0.0137329
-0.022583	0.0286865
0.0131226	0.045166
0.0326538	0.0576782
0.0360107	0.0637817
0.0305176	0.065918
0.0259399	0.0665283
0.0219727	0.0650024
0.0299072	0.0585938
0.043335	0.0482178
0.0454712	0.0372314
0.0466919	0.0259399
0.015564	0.0167847
-0.0491333	0.0161743
-0.0915527	0.0213623
-0.0686646	0.0231934
0.0170898	0.0231934
0.102844	0.0244141
0.138855	0.0280762
0.114136	0.0299072
0.0384521	0.027771
-0.0436401	0.0238037
-0.106812	0.0234985
-0.138245	0.0241089
-0.116882	0.0189209
-0.0717163	0.0134277
-0.0238037	0.0106812
0.0238037	0.0109863
0.050354	0.0140381
0.0445557	0.020752
0.0250244	0.0296021
0.0241089	0.0369263
0.020752	0.0415039
0.00274658	0.0457764
-0.0195313	0.0512695
-0.0317383	0.0567627
-0.0170898	0.0598145
-0.00305176	0.0588989
-0.00244141	0.0524902
0.00244141	0.0411987
0.0326538	0.0280762
0.0479126	0.020752
0.0341797	0.0201416
0.0115967	0.0244141
0.00183105	0.0286865
0.00183105	0.0283813
-0.000305176	0.0238037
-0.0195313	0.017395
-0.0372314	0.0143433
-0.0390625	0.0131226
-0.0274658	0.00518799
0.0100708	-0.00976563
0.072937	-0.0234985
0.101013	-0.0311279
0.0668335	-0.0338745
-0.0177002	-0.0320435
-0.119629	-0.0241089
-0.169067	-0.0088501
-0.126343	0.00427246
-0.0228882	0.0125122
0.0744629	0.0198364
0.119019	0.0259399
0.107727	0.0296021
0.0650024	0.0338745
0.0274658	0.0439453
-0.000610352	0.0570679
-0.0311279	0.0695801
-0.0473022	0.0769043
-0.0341797	0.0811768
-0.0146484	0.0872803
-0.0112915	0.100708
-0.00976563	0.12146
-0.0189209	0.140686
-0.0119019	0.148315
0.0216675	0.143433
0.0473022	0.134277
0.0457764	0.126343
0.0183105	0.124817
-0.0357056	0.126953
-0.0939941	0.125732
-0.109253	0.12146
-0.0692749	0.117188
0.0137329	0.112305
0.0814819	0.108032
0.0900269	0.103455
0.0595093	0.0952148
-0.000610352	0.0814819
-0.0537109	0.0650024
-0.0552368	0.0485229
-0.00854492	0.0335693
0.032959	0.020752
0.0518799	0.0112915
0.0280762	0.00457764
-0.0250244	0.000915527
-0.0506592	-0.00183105
-0.0137329	-0.00305176
0.0549316	-0.0012207
0.114746	-0.00152588
0.124512	-0.00213623
0.055542	-0.000610352
-0.0543213	-0.00152588
-0.142517	-0.0088501
-0.167236	-0.0177002
-0.111084	-0.0219727
-0.0143433	-0.0216675
0.0582886	-0.0216675
0.0674438	-0.0247192
0.0262451	-0.0256348
-0.0289917	-0.020752
-0.0585938	-0.0152588
-0.0366211	-0.0137329
0.0152588	-0.0161743
0.045166	-0.0183105
0.0363159	-0.0170898
0.0115967	-0.0140381
0.0198364	-0.010376
0.0457764	-0.00549316
0.0616455	0.0012207
0.0604248	0.00762939
0.0305176	0.0125122
-0.0201416	0.0125122
-0.0469971	0.00854492
-0.0457764	-0.000305176
-0.0299072	-0.0143433
-0.00152588	-0.0335693
0.0280762	-0.0558472
0.0360107	-0.0784302
0.00274658	-0.098877
-0.0378418	-0.113831
-0.0491333	-0.116272
-0.0161743	-0.100708
0.045166	-0.0686646
0.0839233	-0.0228882
0.0720215	0.0357056
0.0247192	0.108643
-0.0427246	0.194092
-0.11261	0.284729
-0.174561	0.36499
-0.195618	0.430603
-0.153503	0.48645
-0.0598145	0.524597
0.0161743	0.532837
0.0476074	0.504761
0.078125	0.440979
0.117493	0.354309
0.116272	0.257263
0.0109863	0.154419
-0.0726318	0.0457764
-0.0415039	-0.0668335
0.098877	-0.172424
0.464478	-0.257263
0.231934	-0.317078
-0.545959	-0.353699
-0.483093	-0.371094
0.505981	-0.368652
1.43982	-0.348511
1.60431	-0.32074
0.664368	-0.286865
-1.08856	-0.245972
-2.29797	-0.20752
-1.96838	-0.178528
-0.690918	-0.152893
0.519409	-0.12207
0.81604	-0.0881958
0.0827026	-0.0585938
-0.723572	-0.0369263
-0.745239	-0.0216675
0.0750732	-0.0128174
1.06415	-0.0112915
1.44562	-0.0128174
1.0965	-0.0140381
0.315552	-0.0158691
-0.410767	-0.020752
-0.688477	-0.0299072
-0.497131	-0.0421143
-0.0848389	-0.0576782
0.256348	-0.0765991
0.361938	-0.0915527
0.223999	-0.0979614
-0.0875854	-0.0961304
-0.375671	-0.0875854
-0.450439	-0.0741577
-0.308838	-0.0585938
-0.11322	-0.0445557
0.0119019	-0.0363159
0.0662231	-0.0323486
0.120239	-0.0238037
0.154419	-0.0112915
0.162964	-0.00427246
0.127563	-0.00671387
0.0469971	-0.0125122
-0.0509644	-0.0201416
-0.0952148	-0.032959
-0.0088501	-0.0442505
0.111084	-0.0491333
0.120239	-0.0448608
0.0286865	-0.0302124
-0.0793457	-0.0115967
-0.150452	0.00335693
-0.170898	0.0119019
-0.141602	0.0164795
-0.067749	0.0213623
0.0219727	0.027771
0.109558	0.0366211
0.183716	0.0396729
0.179138	0.0344849
0.0802612	0.0222778
-0.0109863	0.00427246
-0.055542	-0.0164795
-0.0958252	-0.0332642
-0.0930786	-0.0402832
-0.0491333	-0.0390625
-0.0158691	-0.03479
-0.0216675	-0.0305176
-0.0567627	-0.022583
-0.0512695	-0.00823975
0.0314331	0.00793457
0.104065	0.0265503
0.0897217	0.0473022
0.0344849	0.0631714
-0.010376	0.0689697
-0.039978	0.0698853
-0.0396729	0.0686646
-0.0222778	0.0695801
0.00457764	0.0759888
0.0253296	0.0888062
0.0558472	0.10437
0.0512695	0.119324
-0.00793457	0.131836
-0.0592041	0.145874
-0.0634766	0.166321
-0.0186157	0.19104
0.0262451	0.211487
0.0418091	0.219727
0.0326538	0.211182
0.0115967	0.19104
0.00732422	0.167236
0.017395	0.145874
0.00671387	0.127869
-0.0241089	0.112305
-0.0509644	0.0985718
-0.0427246	0.0869751
-0.0256348	0.0814819
-0.0106812	0.0839233
0.00549316	0.0933838
0.0106812	0.105896
0.020752	0.120544
0.0180054	0.136719
-0.012207	0.151367
-0.00793457	0.157776
0.0302124	0.155945
0.0488281	0.1474
0.0262451	0.133667
-0.0100708	0.117493
-0.0100708	0.0952148
0.0222778	0.0680542
0.0299072	0.0473022
0.00366211	0.032959
-0.022583	0.0219727
-0.0213623	0.015564
-0.0311279	0.0186157
-0.0698853	0.0274658
-0.0674438	0.0350952
-0.00671387	0.0466919
0.0521851	0.0570679
0.101624	0.0601196
0.0802612	0.0604248
-0.012207	0.0564575
-0.114441	0.0466919
-0.183411	0.0338745
-0.150757	0.0238037
-0.0286865	0.0177002
0.0878906	0.0164795
0.12146	0.0183105
0.085144	0.0131226
-0.012207	-0.0012207
-0.0592041	-0.015564
0.0253296	-0.0222778
0.11261	-0.020752
0.0848389	-0.0170898
0.0216675	-0.0189209
0.00732422	-0.0244141
0.113525	-0.0262451
0.197754	-0.0201416
0.0894165	-0.00976563
-0.15625	0.000915527
-0.331726	0.010376
-0.365295	0.0167847
-0.272217	0.0183105
-0.0878906	0.0152588
0.121765	0.00915527
0.289917	-0.00152588
0.314331	-0.0140381
0.173035	-0.0259399
0.0012207	-0.0378418
-0.072937	-0.0500488
-0.0332642	-0.0588989
0.0512695	-0.0616455
0.090332	-0.062561
0.0601196	-0.0643921
0.000915527	-0.0631714
-0.0823975	-0.0588989
-0.148621	-0.0564575
-0.136719	-0.0558472
-0.0811768	-0.0509644
-0.0296021	-0.0402832
0.0115967	-0.0265503
0.0631714	-0.0183105
0.124207	-0.0167847
0.143127	-0.0137329
0.101624	-0.00396729
0.0131226	0.00915527
-0.100098	0.0158691
-0.181885	0.00976563
-0.205994	-0.0012207
-0.134583	-0.00701904
-0.0143433	-0.00579834
0.0961304	-0.00366211
0.155029	-0.00152588
0.120544	0.00335693
0.045166	0.00640869
-0.0256348	0.00854492
-0.0680542	0.012207
-0.0704956	0.0189209
-0.0469971	0.0292969
0.0152588	0.0402832
0.0323486	0.0491333
-0.00762939	0.0543213
0.00152588	0.0515747
0.0372314	0.0378418
0.0537109	0.0219727
0.0665283	0.00732422
0.0549316	-0.00701904
0.022583	-0.0201416
-0.0112915	-0.0311279
-0.0344849	-0.0411987
-0.0415039	-0.0512695
-0.0323486	-0.0643921
-0.0268555	-0.0799561
-0.0320435	-0.0897217
-0.0189209	-0.0921631
-0.0128174	-0.0973511
0.000305176	-0.102844
0.0219727	-0.101318
0.0219727	-0.0949097
0.0231934	-0.0891113
0.0192261	-0.0854492
-0.00457764	-0.0820923
-0.0296021	-0.0769043
-0.0509644	-0.0732422
-0.0570679	-0.0701904
-0.0189209	-0.0610352
0.0204468	-0.0485229
0.0283813	-0.0396729
0.0268555	-0.0375366
0.0595093	-0.0415039
0.109558	-0.050354
0.115967	-0.057373
0.0866699	-0.055542
0.0292969	-0.0448608
-0.0424194	-0.0357056
-0.103149	-0.0341797
-0.13092	-0.0372314
-0.118103	-0.0366211
-0.0924683	-0.0314331
-0.0662231	-0.0238037
-0.0415039	-0.0152588
-0.00244141	-0.00915527
0.0534058	-0.00915527
0.0796509	-0.0158691
0.0686646	-0.0238037
0.0283813	-0.0314331
-0.00732422	-0.0405884
0	-0.0482178
0.0323486	-0.0527954
0.020752	-0.0543213
-0.0396729	-0.0543213
-0.0689697	-0.0543213
-0.0363159	-0.0537109
0.0146484	-0.0509644
0.0457764	-0.0457764
0.0585938	-0.0408936
0.0424194	-0.0384521
0.00610352	-0.0405884
-0.0305176	-0.0491333
-0.0595093	-0.062561
-0.0576782	-0.0772095
-0.0289917	-0.0894165
0.0109863	-0.0982666
0.0512695	-0.105591
0.0799561	-0.114136
0.0891113	-0.121155
0.0704956	-0.12085
0.0170898	-0.111389
-0.0375366	-0.0967407
-0.0588989	-0.0793457
-0.0671387	-0.0570679
-0.0817871	-0.0305176
-0.0759888	-0.00488281
-0.0454712	0.0198364
-0.00946045	0.0415039
0.0247192	0.0506592
0.0604248	0.0457764
0.0836182	0.0296021
0.0775146	0.00610352
0.0588989	-0.0149536
0.0552368	-0.0274658
0.032959	-0.0338745
-0.00976563	-0.0363159
-0.0564575	-0.0308228
-0.0918579	-0.0177002
-0.102539	0.00396729
-0.0854492	0.0299072
-0.0476074	0.0546265
0	0.0747681
0.0411987	0.0881958
0.0592041	0.0967407
0.0436401	0.100098
0.0164795	0.09552
0.00610352	0.0823975
0.0164795	0.067749
0.0341797	0.0585938
0.020752	0.0537109
-0.0234985	0.0497437
-0.0631714	0.0463867
-0.0692749	0.0436401
-0.0448608	0.0378418
-0.00823975	0.0265503
0.0213623	0.0106812
0.0262451	-0.00732422
0.015564	-0.0253296
-0.00244141	-0.0418091
-0.00762939	-0.0537109
0.00427246	-0.0616455
0.0213623	-0.0720215
0.0360107	-0.0860596
0.0344849	-0.0970459
0.0375366	-0.10498
0.0354004	-0.112305
0.0256348	-0.114746
0.015564	-0.112915
-0.0149536	-0.115051
-0.0610352	-0.12207
-0.0933838	-0.130615
-0.0836182	-0.136414
-0.0146484	-0.133362
0.0570679	-0.121765
0.0738525	-0.107422
0.0540161	-0.0927734
0.00946045	-0.0778198
-0.0396729	-0.071106
-0.0567627	-0.0744629
-0.0222778	-0.0775146
0.0326538	-0.0720215
0.0686646	-0.0604248
0.0601196	-0.0512695
0.0189209	-0.0479126
-0.00823975	-0.0469971
-0.0527954	-0.0454712
-0.114441	-0.039978
-0.113525	-0.0296021
-0.0588989	-0.0192261
0.0463867	-0.0128174
0.139465	-0.0128174
0.163879	-0.0170898
0.131531	-0.0219727
0.0418091	-0.0265503
-0.0411987	-0.0253296
-0.0839233	-0.00854492
-0.126343	0.0259399
-0.158386	0.0717163
-0.0952148	0.12207
-0.0317383	0.176392
0.00213623	0.237732
-0.0170898	0.303345
-0.0524902	0.364075
-0.0473022	0.40802
0.00610352	0.42511
0.0769043	0.40741
0.114746	0.357056
0.105896	0.281067
0.0588989	0.187683
-0.0604248	0.0839233
-0.0912476	-0.0256348
-0.0143433	-0.133972
0.382996	-0.228271
0.58075	-0.299072
-0.06073	-0.343628
-0.726013	-0.362549
-0.450439	-0.359497
0.465698	-0.337219
1.13617	-0.306091
1.08124	-0.2771
-0.055542	-0.249634
-1.44012	-0.222168
-1.68274	-0.196533
-0.815125	-0.174866
0.174561	-0.158691
0.632324	-0.148621
0.298462	-0.142212
-0.480957	-0.136719
-0.811768	-0.129089
-0.297852	-0.114441
0.679321	-0.0985718
1.3913	-0.0872803
1.41418	-0.0790405
0.825195	-0.0738525
-0.0738525	-0.0717163
-0.733948	-0.0695801
-0.864258	-0.0616455
-0.595703	-0.0515747
-0.19989	-0.0460815
0.161743	-0.0442505
0.365601	-0.038147
0.357971	-0.0234985
0.133057	-0.00610352
-0.285645	0.00488281
-0.630188	0.00396729
-0.552368	-0.00610352
-0.158997	-0.0183105
0.234375	-0.0268555
0.432129	-0.0308228
0.374146	-0.0338745
0.158997	-0.039978
-0.0637817	-0.0485229
-0.116882	-0.057373
-0.0479126	-0.0668335
0.0378418	-0.0765991
0.0799561	-0.0845337
0.0341797	-0.0909424
0.0195313	-0.0912476
-0.00305176	-0.0857544
-0.0949097	-0.0756836
-0.127869	-0.0631714
-0.0915527	-0.0491333
-0.0726318	-0.0363159
-0.0390625	-0.022583
0.0369263	-0.00579834
0.0579834	0.0088501
0.106201	0.0183105
0.168762	0.0189209
0.137634	0.00671387
0.0186157	-0.0088501
-0.0912476	-0.0180054
-0.117493	-0.0213623
-0.0967407	-0.022583
-0.0671387	-0.0228882
0.00335693	-0.0222778
0.0524902	-0.020752
-0.000915527	-0.015564
-0.0436401	0.00244141
0.00427246	0.0286865
0.0747681	0.0509644
0.088501	0.067749
0.055542	0.0836182
-0.00183105	0.101318
-0.106812	0.119019
-0.171204	0.1297
-0.142212	0.134583
-0.0680542	0.136719
0.0115967	0.133362
0.083313	0.125427
0.140991	0.119324
0.150146	0.115051
0.0973511	0.109253
0.0350952	0.103149
-0.00305176	0.098877
-0.0158691	0.0994873
-0.0476074	0.105591
-0.0949097	0.111694
-0.0921631	0.115051
-0.0390625	0.117798
0.0292969	0.120544
0.0585938	0.119629
0.071106	0.114441
0.06073	0.109558
0.0201416	0.106201
-0.0369263	0.102844
-0.0628662	0.102234
-0.0680542	0.106201
-0.0558472	0.115662
-0.03479	0.131226
-0.00549316	0.147095
0.0250244	0.152893
0.0640869	0.145569
0.0894165	0.137634
0.0860596	0.134277
0.0463867	0.131836
-0.0256348	0.128479
-0.088501	0.121765
-0.0759888	0.108948
-0.0140381	0.0918579
0.0396729	0.0741577
0.0500488	0.0628662
0.00793457	0.0570679
-0.0442505	0.0543213
-0.0628662	0.0552368
-0.0631714	0.0588989
-0.0747681	0.0622559
-0.0683594	0.0616455
-0.00396729	0.0582886
0.0805664	0.0552368
0.128174	0.0604248
0.112305	0.0738525
0.0512695	0.0863647
-0.0283813	0.0927734
-0.0683594	0.093689
-0.0665283	0.0930786
-0.0366211	0.0942993
0.000610352	0.0964355
0.0112915	0.0949097
-0.00274658	0.0839233
-0.0524902	0.0662231
-0.158081	0.045166
-0.168457	0.0192261
0.0219727	-0.0100708
0.235596	-0.0415039
0.361023	-0.0704956
0.326843	-0.0939941
0.204468	-0.108643
-0.00213623	-0.108337
-0.236816	-0.0979614
-0.402527	-0.0863647
-0.501099	-0.0799561
-0.401917	-0.0747681
-0.155945	-0.0680542
0.151062	-0.0598145
0.392151	-0.0485229
0.415344	-0.0402832
0.324402	-0.039978
0.232239	-0.0457764
0.152588	-0.0485229
0.00823975	-0.0415039
-0.0906372	-0.0250244
-0.162964	-0.00488281
-0.218811	0.0109863
-0.233154	0.0201416
-0.204468	0.0268555
-0.13031	0.03479
-0.0512695	0.0408936
0.0201416	0.0393677
0.0799561	0.0280762
0.10498	0.00671387
0.0900269	-0.015564
0.0714111	-0.0296021
0.0570679	-0.0335693
0.0189209	-0.0308228
-0.0289917	-0.0231934
-0.0497437	-0.0109863
-0.0393677	0.00396729
-0.00274658	0.0195313
0.0320435	0.0338745
0.0445557	0.0485229
0.032959	0.0613403
-0.00427246	0.065918
-0.0448608	0.062561
-0.0515747	0.0494385
-0.00732422	0.0296021
0.0424194	0.00946045
0.0628662	-0.00671387
0.0497437	-0.0195313
0.0296021	-0.0274658
0.0186157	-0.0289917
-0.00152588	-0.0231934
-0.0408936	-0.0112915
-0.0744629	0.00396729
-0.0759888	0.0177002
-0.0537109	0.027771
-0.0161743	0.0335693
0.0183105	0.0332642
0.0469971	0.0296021
0.0726318	0.0216675
0.0576782	0.00976563
0.00823975	-0.00335693
-0.0497437	-0.0131226
-0.0942993	-0.0213623
-0.0918579	-0.032959
-0.0411987	-0.0473022
0.0222778	-0.0595093
0.0753784	-0.0665283
0.0900269	-0.0741577
0.0531006	-0.0863647
0.0106812	-0.102844
-0.0100708	-0.117188
-0.00518799	-0.117798
-0.0183105	-0.102539
-0.0482178	-0.0796509
-0.055542	-0.0534058
-0.0192261	-0.0292969
0.0170898	-0.00823975
0.0204468	0.0119019
0.0128174	0.0326538
-0.015564	0.0485229
-0.0219727	0.0540161
0.0128174	0.0527954
0.0564575	0.0473022
0.0698853	0.0384521
0.0476074	0.0259399
-0.0204468	0.0112915
-0.0570679	-0.00183105
-0.0366211	-0.0100708
-0.00915527	-0.0131226
0.00823975	-0.0140381
0.015564	-0.0170898
-0.0164795	-0.0234985
-0.0408936	-0.0317383
-0.0167847	-0.0375366
0.0271606	-0.0415039
0.03479	-0.0393677
0.0112915	-0.027771
0.0241089	-0.0134277
-0.00762939	-0.00274658
-0.0222778	0.00457764
-0.00183105	0.00946045
0.0088501	0.0125122
0.00457764	0.0112915
-0.0180054	0.00244141
-0.0421143	-0.0146484
-0.0531006	-0.0335693
-0.0280762	-0.0469971
0.0106812	-0.0540161
0.0292969	-0.0543213
0.0296021	-0.0460815
0.0222778	-0.0326538
0.0222778	-0.0158691
0.0296021	0.00701904
0.0363159	0.0305176
0.0302124	0.0506592
0.0119019	0.0665283
-0.0210571	0.0753784
-0.0537109	0.0741577
-0.071106	0.0689697
-0.0564575	0.0640869
-0.020752	0.0570679
0.00518799	0.0485229
0.0170898	0.0430298
0.0411987	0.0427246
0.0488281	0.050354
0.00976563	0.0665283
-0.0454712	0.0860596
-0.0845337	0.101013
-0.0958252	0.105896
-0.0534058	0.102234
0.0335693	0.0967407
0.107117	0.0897217
0.134583	0.0811768
0.111694	0.0692749
0.0650024	0.0515747
0.0198364	0.0228882
-0.00610352	-0.0140381
-0.0350952	-0.0476074
-0.0796509	-0.072937
-0.131836	-0.0930786
-0.0238037	-0.106506
0.111389	-0.115051
0.137634	-0.123596
0.0466919	-0.132751
-0.0891113	-0.137329
-0.19165	-0.130615
-0.214233	-0.112
-0.123901	-0.0894165
0.0460815	-0.0717163
0.194397	-0.0610352
0.245361	-0.0552368
0.164185	-0.0540161
0.00579834	-0.0558472
-0.0750732	-0.0592041
-0.169678	-0.0643921
-0.399475	-0.0708008
-0.220337	-0.0759888
0.222778	-0.0772095
0.443726	-0.0750732
0.358582	-0.0759888
0.0723267	-0.0823975
-0.202026	-0.0909424
-0.319214	-0.0994873
-0.246887	-0.0997925
-0.0546265	-0.090332
0.116272	-0.0814819
0.160217	-0.0811768
0.0839233	-0.0888062
-0.00274658	-0.0970459
-0.0317383	-0.0930786
0.00915527	-0.0689697
0.078125	-0.032959
0.111389	0.00640869
0.0808716	0.0488281
0.00823975	0.100098
-0.0741577	0.161133
-0.144958	0.227051
-0.182495	0.297852
-0.175781	0.36377
-0.129089	0.415649
-0.0650024	0.448303
-0.015564	0.454712
0.0149536	0.430603
0.038147	0.377502
0.078125	0.299683
0.1474	0.202942
0.260925	0.09552
0.409851	-0.0140381
0.375061	-0.116882
0.224304	-0.206299
0.110168	-0.278015
-1.00281	-0.3302
-1.96106	-0.359497
-1.74652	-0.367432
-0.149536	-0.358887
1.46271	-0.339355
2.67517	-0.313721
2.98645	-0.282898
1.83899	-0.249329
-0.464783	-0.222778
-2.19116	-0.202637
-2.17102	-0.179138
-1.30432	-0.150757
-0.843201	-0.123901
-0.792542	-0.0994873
-0.466003	-0.0802612
0.354309	-0.0698853
1.25336	-0.0628662
1.60675	-0.0512695
1.138	-0.0363159
0.188904	-0.0250244
-0.674133	-0.0222778
-1.02325	-0.0259399
-0.732727	-0.0311279
-0.0662231	-0.0384521
0.536194	-0.0463867
0.798645	-0.0515747
0.641479	-0.0537109
0.181274	-0.0552368
-0.332947	-0.0558472
-0.730286	-0.0549316
-0.797119	-0.0527954
-0.468445	-0.0534058
-0.0354004	-0.0561523
0.291443	-0.0582886
0.416565	-0.0576782
0.343628	-0.0604248
0.202332	-0.0662231
0.062561	-0.0665283
-0.0402832	-0.0595093
-0.0576782	-0.0534058
0.010376	-0.0509644
0.0741577	-0.0442505
0.039978	-0.0326538
-0.0375366	-0.0192261
-0.0769043	-0.00671387
-0.0595093	0.00244141
-0.0473022	0.00762939
-0.113525	0.00823975
-0.195007	0.00396729
-0.0796509	-0.00396729
0.175476	-0.010376
0.28656	-0.00640869
0.212402	0.00854492
-0.119324	0.0280762
-0.280762	0.0393677
-0.148926	0.0415039
0.0796509	0.0439453
0.256653	0.0497437
0.274048	0.055542
0.101013	0.0576782
-0.177612	0.0567627
-0.362549	0.0531006
-0.325012	0.043335
-0.0814819	0.0311279
0.129395	0.0241089
0.32196	0.0247192
0.144348	0.0253296
-0.14679	0.0268555
-0.0674438	0.0323486
-0.0268555	0.0396729
0.0546265	0.045166
0.0915527	0.0488281
-0.0546265	0.0534058
-0.193787	0.0601196
-0.198364	0.067749
-0.0454712	0.0765991
0.167542	0.0869751
0.292053	0.0946045
0.314331	0.101624
0.245056	0.112305
-0.0485229	0.126343
-0.364075	0.141602
-0.437927	0.154724
-0.242615	0.16449
0.0662231	0.173645
0.309143	0.183716
0.371399	0.194092
0.290527	0.2005
0.062561	0.198975
-0.236206	0.192261
-0.359802	0.183411
-0.232849	0.172119
-0.0411987	0.158081
0.0869751	0.143433
0.137329	0.126648
0.103455	0.104065
0.0170898	0.0817871
-0.0518799	0.0680542
-0.0750732	0.0628662
-0.0473022	0.0616455
-0.00366211	0.0668335
0.0286865	0.0796509
0.0454712	0.0970459
0.0396729	0.114441
0.0222778	0.134277
0.00854492	0.152283
-0.00579834	0.163574
-0.00183105	0.16449
-0.00366211	0.15686
-0.0201416	0.137024
-0.0210571	0.108032
-0.0012207	0.0753784
0.0408936	0.0415039
0.0735474	0.00793457
0.0646973	-0.0195313
0.022583	-0.0338745
-0.0244141	-0.0332642
-0.0564575	-0.0250244
-0.0588989	-0.0198364
-0.0512695	-0.0167847
-0.0561523	-0.0119019
-0.0552368	-0.00854492
-0.0378418	-0.0131226
-0.00579834	-0.0253296
0.0146484	-0.0415039
0.00823975	-0.0567627
0.0717163	-0.0634766
0.146484	-0.0558472
0.0616455	-0.0424194
-0.108643	-0.0311279
-0.127258	-0.0170898
0.0683594	0.00488281
0.146484	0.0283813
-0.00762939	0.0479126
-0.102234	0.0622559
-0.101929	0.0686646
-0.115967	0.0665283
-0.150757	0.0552368
-0.11322	0.0338745
0.0234985	0.00854492
0.165405	-0.00976563
0.232239	-0.0192261
0.238953	-0.0219727
0.1828	-0.0238037
0.0997925	-0.0271606
0.00366211	-0.0335693
-0.134277	-0.039978
-0.276794	-0.0393677
-0.301208	-0.0317383
-0.181274	-0.0228882
0.0305176	-0.0164795
0.218506	-0.0112915
0.286255	-0.00610352
0.229797	-0.00366211
0.106201	-0.00274658
-0.012207	-0.00396729
-0.085144	-0.00701904
-0.118713	-0.00915527
-0.127869	-0.0106812
-0.125732	-0.0180054
-0.118408	-0.0317383
-0.0973511	-0.0439453
-0.055542	-0.0460815
-0.00152588	-0.0378418
0.0427246	-0.0253296
0.0714111	-0.0134277
0.0720215	0.00152588
0.0448608	0.0241089
0.00244141	0.0454712
-0.0320435	0.0576782
-0.0439453	0.0640869
-0.0219727	0.0683594
0.0250244	0.0695801
0.0732422	0.0653076
0.100098	0.0588989
0.0854492	0.0518799
0.027771	0.0436401
-0.0320435	0.0320435
-0.0558472	0.0186157
-0.0372314	0.00305176
0.000610352	-0.012207
0.0286865	-0.0189209
0.0183105	-0.0170898
-0.0289917	-0.0131226
-0.0753784	-0.0115967
-0.0958252	-0.0106812
-0.0842285	-0.00640869
-0.027771	-0.00183105
0.0476074	0.000610352
0.102539	0.00610352
0.126648	0.0164795
0.109863	0.0262451
0.0640869	0.0292969
-0.00457764	0.020752
-0.0881958	0.00274658
-0.131836	-0.0119019
-0.123291	-0.0167847
-0.0891113	-0.0131226
-0.0405884	-0.00579834
0.0109863	0.000610352
0.0531006	0.00518799
0.0787354	0.00915527
0.0775146	0.0161743
0.0515747	0.022583
0.0247192	0.0241089
0.00732422	0.0195313
-0.00244141	0.00946045
-0.00762939	-0.00305176
-0.0192261	-0.0149536
-0.0341797	-0.0219727
-0.0302124	-0.0216675
-0.00244141	-0.0125122
0.0311279	0.00183105
0.0491333	0.015564
0.039978	0.0299072
0.00640869	0.0473022
-0.0341797	0.0656128
-0.0549316	0.0811768
-0.0506592	0.0869751
-0.0286865	0.0869751
0.000305176	0.0857544
0.0253296	0.0814819
0.0317383	0.0772095
0.0125122	0.0738525
-0.0213623	0.0689697
-0.0402832	0.0634766
-0.0274658	0.0637817
-0.00152588	0.0750732
0.0192261	0.0918579
0.0320435	0.10498
0.0372314	0.111694
0.0408936	0.114136
0.0408936	0.118408
0.0326538	0.123596
0.00488281	0.12207
-0.0378418	0.111694
-0.0732422	0.100098
-0.0665283	0.0875854
-0.0256348	0.0738525
0.0189209	0.0622559
0.0418091	0.0534058
0.0299072	0.0442505
-0.010376	0.0320435
-0.050354	0.0183105
-0.0622559	0.00823975
-0.0393677	0.00854492
0.00854492	0.0128174
0.0415039	0.0146484
0.0485229	0.0158691
0.0332642	0.0177002
-0.000610352	0.0195313
-0.0192261	0.0216675
-0.00640869	0.0186157
0.0170898	0.00762939
0.0210571	-0.0131226
-0.00610352	-0.0424194
-0.0393677	-0.071106
-0.0592041	-0.0906372
-0.0354004	-0.101624
0.0402832	-0.107727
0.109863	-0.108337
0.123901	-0.103149
0.0689697	-0.0949097
-0.00976563	-0.0854492
-0.0732422	-0.071106
-0.0970459	-0.0506592
-0.0653076	-0.032959
-0.00183105	-0.0234985
0.0341797	-0.0228882
0.0189209	-0.0332642
-0.0186157	-0.0500488
-0.0466919	-0.0662231
-0.0506592	-0.0765991
-0.020752	-0.0802612
0.020752	-0.0802612
0.0357056	-0.0814819
0.0241089	-0.0827026
0.0213623	-0.0814819
0.0366211	-0.0823975
0.0598145	-0.0881958
0.0656128	-0.0933838
0.0436401	-0.090332
0.0170898	-0.0762939
0.012207	-0.0491333
0.00610352	-0.00854492
-0.0134277	0.0384521
-0.0430298	0.0930786
-0.0842285	0.15686
-0.1297	0.224609
-0.142517	0.290833
-0.105286	0.351257
-0.0436401	0.396423
0.010376	0.417786
0.0241089	0.40802
-0.012207	0.365601
-0.0405884	0.302124
-0.0244141	0.226746
0.045166	0.141602
0.150452	0.050354
0.269165	-0.0372314
0.357666	-0.113525
0.253296	-0.178223
0.183716	-0.227966
-0.11322	-0.260925
-1.19293	-0.279236
-1.92352	-0.284424
-1.14075	-0.278625
0.74707	-0.265198
2.49329	-0.248718
2.97302	-0.23407
1.84143	-0.22644
-0.174866	-0.220947
-1.88751	-0.20874
-2.26593	-0.191345
-1.34918	-0.174866
-0.389709	-0.158081
-0.224304	-0.133972
-0.43457	-0.106812
-0.223083	-0.0854492
0.555115	-0.071106
1.30402	-0.0604248
1.38763	-0.0512695
0.794678	-0.0448608
-0.0610352	-0.0424194
-0.74646	-0.0448608
-0.947876	-0.0595093
-0.613098	-0.0848389
-0.0115967	-0.108337
0.519714	-0.122375
0.71167	-0.125122
0.486755	-0.120239
0.0219727	-0.115051
-0.393372	-0.109863
-0.578613	-0.100708
-0.527039	-0.0869751
-0.322266	-0.0717163
-0.0418091	-0.0576782
0.202026	-0.0491333
0.308228	-0.0488281
0.245667	-0.0540161
0.113525	-0.0570679
0.0427246	-0.0582886
0.0112915	-0.0640869
-0.00793457	-0.0759888
-0.00152588	-0.0875854
0.0213623	-0.0921631
-0.00213623	-0.0872803
-0.0799561	-0.0778198
-0.134583	-0.0668335
-0.118408	-0.0552368
-0.062561	-0.045166
-0.0112915	-0.0375366
-0.0219727	-0.0305176
0.102539	-0.0253296
0.400085	-0.0219727
0.217896	-0.0177002
-0.163879	-0.0146484
-0.133057	-0.0149536
0.0570679	-0.0152588
0.122375	-0.0201416
0.050354	-0.0286865
-0.0585938	-0.03479
-0.159302	-0.0369263
-0.200195	-0.0357056
-0.163879	-0.0335693
-0.0701904	-0.0314331
0.0531006	-0.0271606
0.123596	-0.0210571
0.144043	-0.0161743
0.124207	-0.0143433
0.0198364	-0.0100708
-0.0939941	-0.00244141
-0.137634	0.00640869
-0.0979614	0.0195313
-0.0234985	0.0344849
0.0268555	0.0515747
0.0762939	0.0686646
0.0869751	0.0799561
0.0491333	0.0845337
-0.0146484	0.0869751
-0.0750732	0.0924683
-0.0857544	0.0994873
-0.0390625	0.101929
0.0256348	0.0970459
0.0759888	0.090332
0.0823975	0.085144
0.0701904	0.0839233
0.0479126	0.0860596
-0.0228882	0.0863647
-0.093689	0.0842285
-0.090332	0.0848389
-0.00488281	0.0912476
0.0720215	0.102234
0.0582886	0.116577
-0.0106812	0.131531
-0.0662231	0.144958
-0.071106	0.153198
-0.0247192	0.153809
0.0247192	0.149841
0.0354004	0.143433
0.00457764	0.133667
-0.0323486	0.119324
-0.0112915	0.101318
0.0469971	0.0802612
0.0906372	0.0592041
0.083313	0.0439453
0.0241089	0.0354004
-0.0357056	0.0360107
-0.0717163	0.0457764
-0.0570679	0.062561
0.00152588	0.0799561
0.0405884	0.0924683
0.0402832	0.0979614
-0.00976563	0.09552
-0.0531006	0.0912476
-0.0576782	0.0872803
-0.0289917	0.0845337
0.0268555	0.0830078
0.039978	0.0753784
0.0457764	0.0564575
0.0701904	0.0296021
0.100708	0.00244141
0.114441	-0.0183105
0.0485229	-0.0326538
-0.0750732	-0.045166
-0.219421	-0.0601196
-0.311584	-0.0769043
-0.302124	-0.0909424
-0.205383	-0.098877
-0.0585938	-0.0994873
0.0579834	-0.0949097
0.152283	-0.088501
0.276184	-0.0842285
0.304565	-0.0817871
0.178223	-0.0787354
0.119934	-0.0741577
0.175781	-0.0683594
0.169067	-0.0640869
-0.0195313	-0.0588989
-0.196228	-0.0466919
-0.244751	-0.0314331
-0.235596	-0.0180054
-0.235596	-0.00610352
-0.180664	0.00366211
-0.072937	0.0119019
0.0418091	0.017395
0.160217	0.0186157
0.25116	0.0152588
0.306396	0.00671387
0.200806	-0.00366211
-0.0476074	-0.0128174
-0.231323	-0.0180054
-0.24292	-0.022583
-0.0769043	-0.027771
0.112915	-0.0320435
0.215759	-0.0338745
0.188599	-0.0369263
0.0692749	-0.043335
-0.0479126	-0.0482178
-0.140686	-0.0448608
-0.168457	-0.0354004
-0.145569	-0.0280762
-0.104675	-0.0222778
-0.0491333	-0.0131226
-0.0201416	-0.00457764
0.00488281	-0.00366211
0.0201416	-0.00610352
0.0320435	-0.00915527
0.0411987	-0.0146484
0.0378418	-0.0210571
0.0408936	-0.027771
0.0360107	-0.0326538
0.0338745	-0.0344849
0.0314331	-0.0357056
0.0320435	-0.0378418
0.0405884	-0.0405884
0.0454712	-0.0405884
0.0427246	-0.0357056
-0.00366211	-0.0280762
-0.0668335	-0.0231934
-0.117188	-0.020752
-0.117188	-0.0183105
-0.0662231	-0.0119019
-0.015564	-0.00366211
0.0408936	0.000610352
0.071106	0.00274658
0.0674438	0.00640869
0.0567627	0.0125122
0.0231934	0.0189209
-0.00366211	0.0213623
-0.0375366	0.0161743
-0.0604248	0.00549316
-0.0491333	-0.010376
-0.0167847	-0.0305176
0.0445557	-0.0500488
0.100708	-0.0616455
0.10437	-0.0634766
0.0338745	-0.0595093
-0.0567627	-0.0534058
-0.0848389	-0.0485229
-0.0665283	-0.0430298
-0.0491333	-0.0332642
-0.0500488	-0.0189209
-0.0534058	-0.00610352
-0.0247192	0.000610352
0.022583	-0.000915527
0.0714111	-0.00854492
0.0961304	-0.0183105
0.090332	-0.0283813
0.0592041	-0.0411987
0.0128174	-0.0546265
-0.0180054	-0.0637817
-0.0332642	-0.0686646
-0.0372314	-0.0738525
-0.0231934	-0.0787354
-0.017395	-0.0793457
-0.0137329	-0.0741577
-0.0228882	-0.0723267
-0.0302124	-0.0811768
-0.0247192	-0.0927734
-0.0131226	-0.0982666
0.0112915	-0.0985718
0.0280762	-0.0946045
0.0210571	-0.0854492
-0.00244141	-0.0741577
-0.0195313	-0.0650024
-0.0119019	-0.0592041
0.020752	-0.0549316
0.0531006	-0.0479126
0.0634766	-0.0411987
0.0402832	-0.0405884
-0.0012207	-0.0439453
-0.0369263	-0.0476074
-0.0463867	-0.0518799
-0.0521851	-0.0561523
-0.0588989	-0.0552368
-0.0448608	-0.0479126
-0.0244141	-0.0335693
-0.00671387	-0.0183105
0.0189209	-0.00671387
0.0445557	0.0012207
0.0723267	0.00732422
0.0598145	0.0146484
0.0268555	0.0253296
-0.0210571	0.0396729
-0.0488281	0.0546265
-0.0372314	0.0646973
-0.0238037	0.0692749
-0.0183105	0.0714111
-0.0186157	0.0717163
-0.0164795	0.0686646
0.000915527	0.0650024
0.0192261	0.0610352
0.043335	0.0497437
0.0430298	0.0320435
0.0241089	0.0106812
0.0210571	-0.0115967
0.0241089	-0.0305176
0.010376	-0.0442505
-0.0299072	-0.0534058
-0.0759888	-0.0622559
-0.0854492	-0.0723267
-0.0756836	-0.0802612
-0.0460815	-0.0857544
0.0100708	-0.0900269
0.067749	-0.0930786
0.118713	-0.0979614
0.118713	-0.109253
0.0863647	-0.123596
0.0326538	-0.134888
-0.0259399	-0.144653
-0.0808716	-0.155029
-0.110779	-0.164185
-0.0817871	-0.16571
-0.0424194	-0.158081
0.00488281	-0.150452
0.0335693	-0.150146
0.0234985	-0.154724
-0.00549316	-0.155334
-0.0375366	-0.150146
-0.00793457	-0.141602
0.0366211	-0.134277
0.0863647	-0.1297
0.105591	-0.127258
0.0613403	-0.126038
0.0244141	-0.132141
0.00701904	-0.142822
0.0158691	-0.1474
-0.00762939	-0.143433
-0.0750732	-0.133057
-0.132141	-0.124512
-0.155945	-0.123596
-0.111084	-0.129395
-0.0366211	-0.134583
0.0592041	-0.132141
0.137634	-0.116577
0.164185	-0.0878906
0.136108	-0.0482178
0.0515747	0.00152588
-0.0421143	0.0592041
-0.126648	0.123901
-0.178833	0.194092
-0.158386	0.264282
-0.119934	0.327759
-0.0878906	0.380859
-0.0476074	0.41687
-0.00396729	0.426636
0.0485229	0.404053
0.0991821	0.350952
0.13031	0.275269
0.140991	0.183716
0.110779	0.0836182
0.0723267	-0.0183105
0.0613403	-0.115356
0.0930786	-0.2005
0.293884	-0.26947
-0.090332	-0.32135
-1.11176	-0.358887
-1.22314	-0.38147
0.166626	-0.387878
1.84265	-0.382996
2.5061	-0.372925
1.75385	-0.354919
-0.113831	-0.324402
-2.03979	-0.285645
-2.71393	-0.252075
-1.91254	-0.223389
-0.456543	-0.193787
0.677795	-0.162659
0.787964	-0.134888
0.105896	-0.110474
-0.354614	-0.0939941
0.0448608	-0.0921631
0.857544	-0.104675
1.29791	-0.120239
1.05896	-0.128784
0.309753	-0.129089
-0.539551	-0.124512
-1.00769	-0.116882
-0.864868	-0.106506
-0.281982	-0.0921631
0.350342	-0.0759888
0.65033	-0.0619507
0.544739	-0.050354
0.167847	-0.0402832
-0.254517	-0.038147
-0.513306	-0.0457764
-0.523071	-0.0601196
-0.314026	-0.0778198
-0.0512695	-0.0958252
0.123901	-0.108948
0.203247	-0.112915
0.19104	-0.109863
0.105286	-0.104675
0.00701904	-0.0970459
-0.0595093	-0.085144
-0.0637817	-0.0750732
-0.00396729	-0.0671387
0.0793457	-0.0570679
0.108032	-0.0488281
0.0762939	-0.0469971
0.0213623	-0.0482178
-0.022583	-0.0509644
-0.0482178	-0.0561523
-0.0845337	-0.0656128
-0.0958252	-0.0769043
-0.0558472	-0.085144
0.015564	-0.0854492
0.0909424	-0.0747681
0.105591	-0.0592041
-0.00152588	-0.0442505
-0.0112915	-0.0308228
0.141907	-0.020752
0.200195	-0.0109863
0.0787354	-0.00213623
-0.0912476	0.00549316
-0.185242	0.0119019
-0.202026	0.0170898
-0.159302	0.0158691
-0.0558472	0.00549316
0.0628662	-0.0106812
0.1297	-0.0241089
0.10498	-0.0311279
0.0286865	-0.0314331
-0.0177002	-0.0238037
-0.0308228	-0.0128174
-0.015564	-0.00305176
-0.0088501	0.00335693
-0.0305176	0.012207
-0.0515747	0.0299072
-0.0506592	0.0518799
-0.0164795	0.0714111
0.0305176	0.0869751
0.0531006	0.102844
0.0424194	0.118408
0.0201416	0.132751
0.0201416	0.144043
0.0088501	0.14801
-0.0195313	0.140991
-0.0308228	0.124817
-0.00335693	0.110779
0.0338745	0.100403
0.0256348	0.0912476
-0.0140381	0.0814819
-0.0378418	0.0695801
-0.00671387	0.0598145
0.050354	0.0616455
0.0415039	0.0784302
-0.0326538	0.10437
-0.109558	0.136414
-0.120239	0.166931
-0.0509644	0.188904
0.0341797	0.198364
0.0842285	0.196838
0.098877	0.187683
0.0814819	0.178528
0.0393677	0.171204
0.0125122	0.158691
0.00366211	0.141602
-0.0228882	0.124512
-0.0512695	0.113525
-0.0683594	0.114136
-0.0637817	0.126648
-0.0192261	0.141602
0.0299072	0.150757
0.067749	0.151672
0.088501	0.144043
0.0634766	0.129089
-0.00213623	0.113525
-0.0735474	0.0921631
-0.0759888	0.0643921
0.0112915	0.03479
0.085144	0.010376
0.0872803	-0.00640869
0.0131226	-0.0210571
-0.0842285	-0.0302124
-0.0924683	-0.0280762
-0.0531006	-0.0189209
-0.0357056	-0.00854492
-0.0308228	0.000305176
-0.0457764	0.00671387
-0.0500488	0.0131226
-0.0387573	0.020752
-0.0634766	0.0265503
-0.107422	0.0271606
-0.124817	0.0216675
0.0222778	0.0140381
0.216675	0.00701904
0.276489	0.000915527
0.314026	-0.00457764
0.330505	-0.00701904
0.227356	-0.00854492
-0.0839233	-0.0106812
-0.397339	-0.0112915
-0.455627	-0.00671387
-0.330505	0.000305176
-0.172729	0.00396729
-0.00396729	0.00549316
0.139465	0.00854492
0.171204	0.0115967
0.085144	0.0125122
0.00366211	0.0149536
0.0387573	0.0198364
0.176086	0.0216675
0.270996	0.0195313
0.230408	0.0170898
0.0683594	0.0177002
-0.125732	0.0216675
-0.223999	0.0265503
-0.202026	0.0238037
-0.123596	0.0109863
-0.0372314	-0.00427246
0.0119019	-0.0149536
0.0357056	-0.0149536
0.0369263	-0.00640869
-0.00701904	0.00183105
-0.0372314	0.00366211
-0.0534058	-0.000305176
-0.0537109	-0.00244141
-0.012207	0
0.0106812	0.00335693
0.0262451	0.0106812
0.0518799	0.0247192
0.0497437	0.039978
0.0552368	0.0512695
0.0726318	0.0558472
0.0634766	0.0543213
0.0320435	0.0515747
-0.0234985	0.0515747
-0.0689697	0.0567627
-0.0698853	0.0634766
-0.0411987	0.0613403
0.0109863	0.0488281
0.0296021	0.0317383
-0.00396729	0.0161743
-0.0415039	0.00305176
-0.0701904	-0.00610352
-0.0576782	-0.0109863
-0.0100708	-0.0112915
0.0308228	-0.0088501
0.0473022	-0.000610352
0.0390625	0.0152588
0.0170898	0.0332642
0.00183105	0.0466919
0.00427246	0.0534058
0.00396729	0.0546265
-0.0146484	0.0506592
-0.0341797	0.0445557
-0.045166	0.03479
-0.0210571	0.0195313
0.0265503	0.000610352
0.0460815	-0.0161743
0.045166	-0.0247192
0.015564	-0.0234985
-0.0262451	-0.0161743
-0.0283813	-0.00457764
0.0012207	0.00854492
0.0390625	0.022583
0.0653076	0.0411987
0.0415039	0.0588989
0.00183105	0.0662231
-0.0128174	0.0674438
-0.00244141	0.0634766
0.00946045	0.0491333
0.0189209	0.0286865
0.0210571	0.00946045
0.00427246	-0.00366211
-0.0180054	-0.0112915
-0.045166	-0.0180054
-0.0802612	-0.0265503
-0.0875854	-0.0372314
-0.0488281	-0.0466919
0.00976563	-0.0543213
0.0692749	-0.0588989
0.0942993	-0.0604248
0.0598145	-0.0585938
-0.00823975	-0.0521851
-0.067749	-0.0387573
-0.107727	-0.0216675
-0.0976563	-0.00671387
-0.0424194	0.00579834
0.0198364	0.0158691
0.0671387	0.0247192
0.0802612	0.0323486
0.0686646	0.0369263
0.0231934	0.0369263
-0.0195313	0.03479
-0.0393677	0.0317383
-0.0375366	0.0274658
-0.0164795	0.022583
0.000305176	0.0180054
0.0234985	0.0109863
0.0415039	0.00335693
0.0396729	-0.0012207
0.0131226	-0.00457764
-0.0308228	-0.00671387
-0.0601196	-0.0088501
-0.0601196	-0.00915527
-0.0201416	-0.00946045
0.0372314	-0.0115967
0.071106	-0.0100708
0.0686646	-0.00213623
0.0354004	0.00274658
-0.00976563	0.00579834
-0.0152588	0.0128174
0.012207	0.0216675
0.0326538	0.0262451
0.0286865	0.0314331
0.0012207	0.0411987
-0.0482178	0.0531006
-0.0808716	0.0631714
-0.0842285	0.067749
-0.0576782	0.0732422
-0.0137329	0.0863647
0.0143433	0.106201
0.0222778	0.123291
0.0317383	0.13092
0.0546265	0.130005
0.0579834	0.119629
0.0402832	0.101624
0.00457764	0.0869751
-0.039978	0.0820923
-0.0662231	0.0796509
-0.0704956	0.0704956
-0.0384521	0.0537109
-0.000305176	0.0378418
0.0350952	0.0283813
0.0601196	0.0222778
0.0588989	0.0189209
0.0305176	0.0216675
-0.0366211	0.0317383
-0.0967407	0.0454712
-0.0860596	0.0579834
-0.0378418	0.0686646
0.0201416	0.0808716
0.0671387	0.0927734
0.057373	0.0964355
0.0268555	0.0921631
0.0140381	0.0854492
0.0222778	0.0756836
0.0558472	0.0604248
0.0683594	0.038147
0.0357056	0.0112915
-0.0253296	-0.0137329
-0.088501	-0.0311279
-0.117188	-0.0415039
-0.114441	-0.0448608
-0.0753784	-0.0421143
0.0115967	-0.0335693
0.0964355	-0.0189209
0.149841	-0.00152588
0.154419	0.0146484
0.0930786	0.0283813
0.0100708	0.038147
-0.0744629	0.0436401
-0.133972	0.0424194
-0.120544	0.0366211
-0.0650024	0.0292969
-0.0161743	0.0259399
0.0192261	0.0262451
0.00427246	0.0262451
-0.0189209	0.0292969
-0.0158691	0.0350952
-0.00457764	0.0338745
0.00610352	0.0244141
0.0244141	0.00854492
0.0372314	-0.00915527
0.0384521	-0.0244141
0.0421143	-0.0369263
0.0335693	-0.0494385
0.0314331	-0.065918
0.0213623	-0.0842285
0.0161743	-0.0976563
0.0088501	-0.101929
0.00549316	-0.0976563
-0.00610352	-0.0863647
-0.0134277	-0.0720215
-0.0158691	-0.0576782
-0.038147	-0.0460815
-0.0540161	-0.0375366
-0.0497437	-0.0213623
-0.0109863	0.00915527
0.0271606	0.0518799
0.0344849	0.104065
0.00610352	0.173035
-0.0537109	0.259094
-0.0915527	0.350647
-0.0857544	0.43457
-0.0643921	0.502625
-0.0256348	0.547791
0.039978	0.566101
0.0973511	0.559692
0.100098	0.525818
0.0427246	0.461731
-0.027771	0.372009
-0.154419	0.267334
-0.232239	0.155029
-0.100708	0.0448608
0.202026	-0.0506592
0.708618	-0.122986
0.565186	-0.171204
-0.275574	-0.206909
-0.522766	-0.235291
0.180359	-0.250244
0.864258	-0.245667
0.834351	-0.227966
0.151367	-0.204163
-0.875244	-0.180969
-1.52466	-0.162659
-1.26984	-0.145874
-0.386963	-0.123901
0.330811	-0.0970459
0.384521	-0.0732422
-0.00762939	-0.06073
-0.269165	-0.0588989
-0.148621	-0.0616455
0.230408	-0.0668335
0.683594	-0.0698853
0.964966	-0.0671387
0.901489	-0.0637817
0.517883	-0.0619507
-0.00518799	-0.0579834
-0.458984	-0.050354
-0.697937	-0.0393677
-0.646667	-0.0271606
-0.308533	-0.0210571
0.148621	-0.0234985
0.463562	-0.0274658
0.417786	-0.0314331
0.0512695	-0.0411987
-0.318909	-0.0515747
-0.445557	-0.0546265
-0.339661	-0.0479126
-0.110779	-0.0350952
0.0708008	-0.0192261
0.168762	-0.00183105
0.163574	0.0134277
0.0756836	0.0238037
0.00244141	0.0314331
-0.0445557	0.0369263
-0.071106	0.0390625
-0.0424194	0.0372314
0.0170898	0.0332642
0.0778198	0.0280762
0.12207	0.0228882
0.137634	0.0189209
0.0524902	0.0204468
-0.0714111	0.0286865
-0.125122	0.0372314
-0.110474	0.0436401
-0.0738525	0.0497437
0.0283813	0.0558472
0.115662	0.0576782
0.115662	0.0540161
0.0860596	0.0491333
0.00457764	0.0473022
-0.0845337	0.0424194
-0.135193	0.0338745
-0.0689697	0.0296021
0.0558472	0.027771
0.0848389	0.0265503
0.0521851	0.0283813
-0.0195313	0.0289917
-0.0524902	0.0231934
-0.0457764	0.0131226
-0.0283813	0.00946045
0.00762939	0.0112915
0.0198364	0.0137329
0.0500488	0.0192261
0.0805664	0.0265503
0.0567627	0.0344849
-0.015564	0.045166
-0.0854492	0.0610352
-0.093689	0.0817871
-0.0689697	0.106812
-0.0576782	0.13031
-0.0189209	0.1474
0.0350952	0.156555
0.0738525	0.161438
0.0909424	0.161743
0.0564575	0.15625
0.0387573	0.154724
0.0341797	0.158997
-0.00396729	0.16571
-0.017395	0.172424
-0.0189209	0.180054
-0.0421143	0.190735
-0.0454712	0.205688
-0.0634766	0.222168
-0.0933838	0.232239
-0.0372314	0.232849
0.0228882	0.22583
0.050354	0.218506
0.0427246	0.212097
0.0158691	0.201721
0.0314331	0.185852
0.0509644	0.171204
0.0473022	0.163879
-0.0109863	0.164185
-0.112	0.166321
-0.108032	0.16571
-0.0326538	0.161438
0.0454712	0.154419
0.0961304	0.141296
0.055542	0.122681
-0.0195313	0.109253
-0.067749	0.102539
-0.0448608	0.100403
0.0363159	0.0973511
0.0985718	0.0894165
0.0820923	0.0793457
0.0402832	0.0738525
0.00396729	0.0787354
-0.0268555	0.0900269
-0.0415039	0.0985718
-0.0497437	0.0979614
-0.0326538	0.0875854
-0.0244141	0.0717163
-0.0170898	0.055542
0.00518799	0.0436401
0.0247192	0.0369263
0.00976563	0.0302124
-0.0140381	0.0219727
-0.0448608	0.0125122
-0.0268555	0.00518799
0.000610352	0
0.0140381	-0.00396729
0.0256348	-0.00549316
0.000915527	-0.00579834
-0.0762939	-0.00427246
-0.100098	-0.0012207
-0.0338745	-0.00427246
0.0845337	-0.010376
0.129395	-0.0161743
0.235596	-0.0219727
0.334778	-0.0241089
0.197144	-0.022583
-0.230713	-0.0186157
-0.54657	-0.0140381
-0.52002	-0.00946045
-0.268555	-0.00396729
0.0268555	0.00213623
0.23407	0.00671387
0.333862	0.00732422
0.31189	0.00579834
0.188599	0.0088501
0.0445557	0.0195313
-0.0125122	0.0335693
-0.00244141	0.0372314
0.0189209	0.0299072
0.0137329	0.0216675
-0.0198364	0.0177002
-0.105896	0.0170898
-0.206604	0.0137329
-0.205078	0.00396729
-0.108337	-0.00701904
-0.00762939	-0.012207
0.06073	-0.012207
0.0823975	-0.00762939
0.0808716	-0.000915527
0.0631714	0.00793457
0.0405884	0.0189209
0.0509644	0.0317383
0.0793457	0.0427246
0.0689697	0.050354
0.0299072	0.0506592
-0.0332642	0.0411987
-0.085144	0.0274658
-0.0967407	0.0164795
-0.0900269	0.0119019
-0.0619507	0.0115967
-0.0219727	0.00976563
0.010376	0.00518799
0.0323486	0.00213623
0.0305176	0.00274658
0.017395	0.0088501
0.00762939	0.0161743
0.00274658	0.0177002
0.0280762	0.0152588
0.0604248	0.012207
0.0515747	0.0100708
0.0195313	0.00946045
-0.027771	0.00976563
-0.0823975	0.0119019
-0.0967407	0.0158691
-0.0869751	0.0204468
-0.0396729	0.0256348
0.0283813	0.0308228
0.0634766	0.0320435
0.0720215	0.0299072
0.0546265	0.0262451
0.00671387	0.0210571
-0.0265503	0.015564
-0.0460815	0.0128174
-0.0357056	0.0131226
-0.0228882	0.0134277
-0.0137329	0.0164795
0.0189209	0.022583
0.038147	0.0265503
0.0350952	0.0268555
0.0415039	0.0213623
0.0424194	0.0137329
0.0390625	0.010376
0.0390625	0.0134277
0.0137329	0.0158691
-0.0164795	0.012207
-0.0262451	0.00366211
-0.0341797	-0.00366211
-0.0256348	-0.00793457
0.00305176	-0.0088501
0.0180054	-0.00854492
0.0268555	-0.0100708
0.0158691	-0.0192261
-0.0137329	-0.0335693
-0.0476074	-0.0439453
-0.0656128	-0.0457764
-0.0531006	-0.0390625
-0.0115967	-0.0286865
0.0360107	-0.0164795
0.0537109	-0.00427246
0.0308228	0.00701904
-0.00976563	0.0198364
-0.0646973	0.0366211
-0.0860596	0.0521851
-0.0375366	0.0619507
0.0256348	0.0646973
0.0631714	0.0604248
0.0564575	0.0500488
0.00366211	0.0363159
-0.0515747	0.0244141
-0.0637817	0.0186157
-0.0360107	0.0161743
0.0250244	0.0128174
0.062561	0.0140381
0.0442505	0.0167847
0.0299072	0.0164795
0.010376	0.0109863
-0.0106812	0.00640869
-0.00762939	0.00640869
0.0180054	0.00854492
0.0317383	0.00854492
0.0366211	0.00457764
0.032959	-0.00152588
0.0332642	-0.00671387
0.0146484	-0.0106812
-0.038147	-0.0140381
-0.100098	-0.0149536
-0.107727	-0.0119019
-0.045166	-0.0119019
0.00335693	-0.0161743
0.015564	-0.0167847
0.00793457	-0.0109863
-0.0228882	-0.000305176
-0.0396729	0.0158691
-0.0213623	0.0354004
0.0366211	0.0552368
0.11322	0.071106
0.143433	0.0839233
0.0942993	0.0970459
-0.00610352	0.110168
-0.083313	0.121155
-0.102234	0.126038
-0.0799561	0.119934
-0.0460815	0.103455
0.000305176	0.083313
0.027771	0.0662231
0.0198364	0.050354
0.0247192	0.0366211
0.0186157	0.0302124
-0.00335693	0.0302124
-0.00457764	0.0302124
0.0088501	0.027771
0.0198364	0.0247192
0.0222778	0.0210571
0.0112915	0.0186157
-0.0204468	0.0161743
-0.0436401	0.0125122
-0.0296021	0.00366211
-0.000610352	-0.00244141
0.0149536	-0.0012207
0.0170898	0.00152588
0.0213623	-0.00213623
0.00915527	-0.00640869
-0.0158691	-0.00427246
-0.0143433	0.00366211
0.00732422	0.0131226
0.0137329	0.0177002
-0.0088501	0.015564
-0.0271606	0.00823975
-0.0302124	-0.000610352
-0.0228882	-0.00793457
-0.0140381	-0.0177002
0.00976563	-0.0292969
0.0622559	-0.0338745
0.0970459	-0.0311279
0.0845337	-0.0271606
0.0219727	-0.0238037
-0.0518799	-0.0189209
-0.101318	-0.0106812
-0.0924683	-0.000305176
-0.0344849	0.010376
0.0219727	0.0210571
0.0350952	0.0302124
-0.017395	0.0335693
-0.0906372	0.027771
-0.0979614	0.012207
-0.0384521	-0.00701904
0.062561	-0.0222778
0.14679	-0.03479
0.161743	-0.0494385
0.124817	-0.0674438
0.0567627	-0.0854492
-0.0183105	-0.0985718
-0.0756836	-0.103149
-0.0930786	-0.101318
-0.0881958	-0.0939941
-0.0827026	-0.0814819
-0.0482178	-0.0671387
0.00915527	-0.0521851
0.0674438	-0.0384521
0.0997925	-0.022583
0.0799561	0
0.0396729	0.0283813
0.017395	0.0650024
-0.0192261	0.115662
-0.0759888	0.177002
-0.101013	0.24292
-0.0991821	0.310669
-0.0866699	0.374146
-0.0521851	0.421753
-0.0201416	0.451965
-0.0210571	0.464172
-0.0445557	0.453491
-0.0460815	0.413513
-0.00335693	0.344238
0.0827026	0.250549
0.202026	0.141907
0.354919	0.0326538
0.384827	-0.0698853
0.205688	-0.157471
0.03479	-0.229797
-0.606079	-0.287781
-1.7746	-0.323792
-1.89636	-0.338745
-0.342712	-0.334778
1.8042	-0.314026
3.14575	-0.281677
2.79144	-0.243225
0.968018	-0.202637
-1.06506	-0.166626
-2.2876	-0.135803
-1.9751	-0.105896
-0.786438	-0.0769043
-0.228271	-0.0491333
-0.407104	-0.0247192
-0.462952	-0.00762939
0.154114	0.00640869
1.04553	0.0149536
1.37634	0.0140381
0.90332	0.00915527
0.0463867	0.00579834
-0.631714	0.00335693
-0.819092	-0.000305176
-0.539246	-0.0088501
-0.0201416	-0.0213623
0.45929	-0.0338745
0.69519	-0.0427246
0.561829	-0.0476074
0.123596	-0.0527954
-0.345459	-0.0582886
-0.605774	-0.057373
-0.594482	-0.0479126
-0.379944	-0.0360107
-0.0558472	-0.0247192
0.198975	-0.012207
0.258484	0
0.219421	0.0088501
0.132446	0.015564
0.0198364	0.0195313
-0.0415039	0.0222778
-0.000915527	0.0265503
0.0772095	0.0314331
0.103149	0.0354004
0.0769043	0.0341797
0.0134277	0.0320435
-0.0408936	0.0283813
-0.0253296	0.0204468
-0.0180054	0.0158691
-0.0613403	0.0186157
-0.0701904	0.0195313
-0.0363159	0.0137329
-0.0360107	0.00488281
-0.0482178	-0.0012207
-0.0402832	0.000915527
0.0378418	0.010376
0.0973511	0.0216675
0.0708008	0.0326538
0.00274658	0.039978
-0.0170898	0.0488281
0.0280762	0.0622559
0.0466919	0.0799561
0.0427246	0.09552
-0.0445557	0.103149
-0.130005	0.103455
-0.125122	0.102539
-0.0540161	0.105896
0.045166	0.111694
0.115356	0.115356
0.116882	0.111084
0.0656128	0.101013
-0.0253296	0.0939941
-0.100403	0.0927734
-0.124207	0.0924683
-0.0726318	0.0930786
0.0088501	0.0952148
0.0463867	0.100098
0.0115967	0.107422
-0.0247192	0.115356
0.0125122	0.122986
0.0888062	0.127563
0.111694	0.130615
0.0375366	0.136414
-0.0570679	0.144653
-0.0701904	0.14801
-0.0140381	0.144043
0.0421143	0.139771
0.0244141	0.141296
-0.027771	0.149231
-0.0439453	0.162354
-0.0140381	0.17334
0.0131226	0.177307
0.00976563	0.177307
-0.0106812	0.174866
-0.0405884	0.171204
-0.0372314	0.165405
0.00976563	0.156555
0.0717163	0.144348
0.0802612	0.129395
0.03479	0.115662
-0.00213623	0.109863
-0.0112915	0.113525
-0.0204468	0.121155
-0.0537109	0.128479
-0.0802612	0.136108
-0.0762939	0.142212
-0.0244141	0.148926
0.0460815	0.154419
0.0900269	0.156555
0.098877	0.155945
0.0747681	0.152893
0.0311279	0.145874
-0.0421143	0.134583
-0.0762939	0.119324
-0.0692749	0.0994873
-0.0463867	0.0787354
-0.0100708	0.0619507
0.0357056	0.0485229
0.0561523	0.0366211
0.0268555	0.0274658
-0.015564	0.0244141
-0.0427246	0.0247192
-0.0448608	0.0259399
-0.0387573	0.0271606
-0.0128174	0.0280762
0.0198364	0.0317383
0.0393677	0.0366211
0.038147	0.0390625
0.00244141	0.0375366
-0.0466919	0.0320435
-0.107727	0.0222778
-0.115051	0.00915527
-0.0180054	-0.00183105
0.10437	-0.00488281
0.113525	-0.000915527
0.0701904	0.00335693
0.0778198	0.00244141
0.186768	-0.00488281
0.145569	-0.0158691
-0.0378418	-0.0283813
-0.124512	-0.0421143
-0.153198	-0.0567627
-0.210571	-0.0637817
-0.259094	-0.0592041
-0.202942	-0.0515747
-0.0439453	-0.0466919
0.120239	-0.0418091
0.26123	-0.0308228
0.32959	-0.0177002
0.3125	-0.00701904
0.136414	0.000610352
-0.163269	0.00640869
-0.32959	0.00518799
-0.24231	0.000610352
-0.00366211	-0.00610352
0.206909	-0.0140381
0.257263	-0.0164795
0.151672	-0.00915527
-0.00244141	0.00671387
-0.128174	0.0274658
-0.162354	0.0512695
-0.138855	0.0744629
-0.0842285	0.0949097
-0.0671387	0.112
-0.078125	0.121765
-0.0750732	0.120544
-0.0338745	0.107727
0.0393677	0.0869751
0.118103	0.0653076
0.15686	0.0445557
0.125427	0.0244141
0.0476074	0.00152588
-0.0424194	-0.0216675
-0.0744629	-0.0384521
-0.0479126	-0.045166
0.00244141	-0.0411987
0.0280762	-0.0314331
0.0271606	-0.0189209
-0.00823975	-0.00518799
-0.0424194	0.0088501
-0.0720215	0.0244141
-0.0637817	0.0384521
-0.017395	0.0497437
0.0509644	0.0610352
0.0756836	0.0708008
0.0515747	0.0769043
-0.0119019	0.0796509
-0.0579834	0.0775146
-0.065918	0.0704956
-0.022583	0.0592041
0.03479	0.0469971
0.0808716	0.0363159
0.0793457	0.0250244
0.0549316	0.0112915
0.0201416	-0.00610352
-0.0106812	-0.0222778
-0.0350952	-0.0271606
-0.0259399	-0.0289917
0	-0.038147
0.0189209	-0.0582886
0.00671387	-0.078125
-0.0262451	-0.0869751
-0.0714111	-0.0839233
-0.101929	-0.0750732
-0.0689697	-0.0643921
-0.00732422	-0.0531006
0.0506592	-0.0393677
0.0613403	-0.0201416
0.038147	0.00549316
0.00335693	0.0332642
-0.00427246	0.0531006
0.00244141	0.0656128
0.0210571	0.0744629
0.0314331	0.0775146
0.0256348	0.0744629
0.00701904	0.0668335
-0.00640869	0.0558472
-0.0213623	0.0439453
-0.0363159	0.0332642
-0.0558472	0.0256348
-0.050354	0.0177002
-0.0161743	0.0100708
0.0375366	0.00488281
0.0723267	-0.000610352
0.0695801	-0.00793457
0.0219727	-0.0134277
-0.0308228	-0.0149536
-0.057373	-0.0134277
-0.0482178	-0.0119019
-0.0134277	-0.0100708
0.0201416	-0.00793457
0.0473022	-0.00610352
0.0579834	-0.00671387
0.0479126	-0.012207
0.0152588	-0.0201416
-0.0149536	-0.020752
-0.0363159	-0.010376
-0.0500488	0.00183105
-0.0393677	0.00701904
-0.0128174	0.00732422
0.00335693	0.0109863
0.0146484	0.0204468
0.00732422	0.0323486
-0.0134277	0.0408936
-0.0292969	0.0460815
-0.0317383	0.0518799
-0.0189209	0.0521851
0.00244141	0.0442505
0.020752	0.03479
0.0350952	0.0305176
0.0344849	0.0299072
0.0238037	0.0317383
0.00183105	0.0387573
-0.0308228	0.050354
-0.0482178	0.0613403
-0.038147	0.0671387
-0.00946045	0.0662231
0.0280762	0.0592041
0.0646973	0.0521851
0.0665283	0.0476074
0.0405884	0.0445557
-0.00823975	0.0384521
-0.0552368	0.0274658
-0.0634766	0.0164795
-0.0363159	0.00671387
-0.000305176	-0.00183105
0.0250244	-0.00732422
0.0186157	-0.00915527
0.00427246	-0.00793457
-0.00549316	-0.00823975
-0.00762939	-0.0143433
-0.00305176	-0.0238037
0.0131226	-0.0350952
0.0231934	-0.0482178
0.0253296	-0.0622559
0.0418091	-0.0759888
0.0436401	-0.0888062
0.00549316	-0.0991821
-0.0457764	-0.101318
-0.0952148	-0.0921631
-0.114441	-0.0756836
-0.0628662	-0.0616455
0.0241089	-0.0531006
0.0854492	-0.0479126
0.0869751	-0.0448608
0.0296021	-0.0424194
-0.0473022	-0.0393677
-0.0875854	-0.0369263
-0.0656128	-0.0421143
0.00335693	-0.0549316
0.0747681	-0.0674438
0.111084	-0.0753784
0.112	-0.0820923
0.0836182	-0.0814819
0.0247192	-0.0735474
-0.0579834	-0.0646973
-0.124817	-0.0582886
-0.135193	-0.0543213
-0.0817871	-0.0500488
0.00610352	-0.0457764
0.0866699	-0.0427246
0.131226	-0.0360107
0.127869	-0.0204468
0.0747681	0.0012207
-0.00518799	0.0317383
-0.083313	0.0769043
-0.136414	0.138855
-0.138855	0.20813
-0.0942993	0.2771
-0.0378418	0.346375
-0.00579834	0.412598
-0.0253296	0.469666
-0.0646973	0.506592
-0.0784302	0.513306
-0.0518799	0.483398
0.00823975	0.418091
0.0933838	0.328979
0.178528	0.227356
0.248108	0.124207
0.276794	0.0198364
0.251465	-0.0811768
0.0915527	-0.171204
0.0601196	-0.245667
-0.375366	-0.297546
-1.41144	-0.324402
-1.54572	-0.330505
-0.209961	-0.324402
1.41785	-0.310364
2.22229	-0.28656
2.07062	-0.256958
0.958252	-0.227051
-0.561523	-0.2005
-1.41663	-0.173645
-1.41663	-0.141907
-1.28967	-0.106812
-1.23596	-0.0747681
-0.894165	-0.0491333
-0.135803	-0.0299072
0.773621	-0.0204468
1.43768	-0.0177002
1.53381	-0.0183105
1.01868	-0.0231934
0.153809	-0.0308228
-0.636292	-0.0396729
-0.994873	-0.0500488
-0.818176	-0.057373
-0.294495	-0.0616455
0.259705	-0.0662231
0.624084	-0.0708008
0.669861	-0.0723267
0.352783	-0.0692749
-0.106506	-0.0653076
-0.463257	-0.0653076
-0.592957	-0.0692749
-0.458374	-0.0741577
-0.178528	-0.0775146
0.0881958	-0.0772095
0.229797	-0.0683594
0.214233	-0.0506592
0.128784	-0.0280762
0.0466919	-0.00457764
-0.00640869	0.0152588
-0.0134277	0.0308228
0.0253296	0.0436401
0.0558472	0.0537109
0.0500488	0.06073
0.0125122	0.0567627
-0.027771	0.039978
-0.032959	0.0158691
-0.00366211	-0.00579834
0.0125122	-0.0192261
-0.0146484	-0.0302124
-0.0109863	-0.0408936
0.0466919	-0.0494385
0.0604248	-0.0524902
0.00213623	-0.0457764
-0.0344849	-0.0308228
-0.020752	-0.0180054
-0.00152588	-0.0131226
-0.0149536	-0.0167847
-0.00946045	-0.0219727
0.0344849	-0.022583
0.0302124	-0.0198364
-0.0195313	-0.0167847
-0.0488281	-0.0115967
-0.0375366	-0.00549316
-0.0149536	0.00213623
-0.0158691	0.0177002
-0.0247192	0.0439453
-0.0228882	0.0704956
-0.00457764	0.0900269
0.00366211	0.106812
0.0119019	0.123901
0.0109863	0.137939
-0.00701904	0.144348
-0.0354004	0.143127
-0.0427246	0.137634
-0.0012207	0.128784
0.0491333	0.119629
0.0689697	0.11261
0.0396729	0.106201
-0.0125122	0.0967407
-0.0408936	0.0881958
-0.0152588	0.0845337
0.0326538	0.0845337
0.0634766	0.0860596
0.0720215	0.0888062
0.0491333	0.0939941
-0.00549316	0.102234
-0.0827026	0.110474
-0.130615	0.120544
-0.115356	0.1297
-0.022583	0.135193
0.0872803	0.134888
0.117493	0.129089
0.0650024	0.124817
-0.0149536	0.13092
-0.039978	0.137329
-0.0161743	0.132141
0.0308228	0.124512
0.0482178	0.124207
0.0271606	0.128479
-0.0213623	0.134277
-0.057373	0.142212
-0.0588989	0.155029
-0.057373	0.171509
-0.0561523	0.177612
-0.0405884	0.169983
-0.0137329	0.153809
0.0268555	0.134888
0.0735474	0.114441
0.0958252	0.0912476
0.0863647	0.0628662
0.0537109	0.0283813
-0.00671387	-0.00488281
-0.0653076	-0.0280762
-0.0982666	-0.0384521
-0.078125	-0.0390625
-0.00823975	-0.0335693
0.0579834	-0.0234985
0.0888062	-0.0134277
0.0717163	-0.00640869
0.0241089	-0.000915527
-0.0244141	0.00946045
-0.0564575	0.0186157
-0.0558472	0.0189209
-0.0344849	0.00518799
-0.0302124	-0.015564
-0.0518799	-0.0292969
-0.0695801	-0.0320435
-0.0588989	-0.0338745
-0.0360107	-0.0405884
-0.0469971	-0.0479126
-0.0463867	-0.0537109
0.0527954	-0.0543213
0.217285	-0.0479126
0.20752	-0.0360107
0.213013	-0.0259399
0.219421	-0.0274658
0.106812	-0.0344849
-0.152588	-0.0402832
-0.346375	-0.0448608
-0.292664	-0.0473022
-0.131836	-0.0482178
-0.0408936	-0.050354
-0.0357056	-0.0527954
-0.0204468	-0.0567627
0.0244141	-0.0634766
0.0741577	-0.0698853
0.116577	-0.0704956
0.174866	-0.0637817
0.204773	-0.0570679
0.0836182	-0.0527954
-0.113831	-0.0506592
-0.196838	-0.0500488
-0.129089	-0.0463867
0.0265503	-0.0430298
0.166016	-0.0439453
0.196838	-0.045166
0.114441	-0.0436401
-0.0259399	-0.0418091
-0.116272	-0.0387573
-0.129395	-0.0314331
-0.11322	-0.0201416
-0.0918579	-0.00854492
-0.067749	0.00244141
-0.0497437	0.0128174
-0.0354004	0.0219727
-0.00427246	0.0268555
0.0393677	0.027771
0.0692749	0.022583
0.0881958	0.0131226
0.090332	0.00305176
0.0445557	-0.00488281
-0.0262451	-0.0125122
-0.0778198	-0.0222778
-0.0576782	-0.0317383
0.00488281	-0.0357056
0.0747681	-0.0311279
0.0897217	-0.0201416
0.0445557	-0.0112915
-0.0289917	-0.00793457
-0.0805664	-0.00701904
-0.0842285	-0.00610352
-0.0360107	-0.00579834
0.00640869	-0.00762939
0.0283813	-0.00915527
0.0244141	-0.0125122
0.0180054	-0.017395
0.0146484	-0.0222778
0.000915527	-0.0271606
-0.0158691	-0.0341797
0.000305176	-0.0427246
0.0320435	-0.0473022
0.0408936	-0.0506592
0.00701904	-0.0558472
-0.0247192	-0.0567627
-0.0454712	-0.0524902
-0.0534058	-0.0476074
-0.0387573	-0.0405884
-0.00854492	-0.032959
0.0299072	-0.0268555
0.0741577	-0.0189209
0.0772095	-0.0112915
0.0524902	-0.00579834
-0.00671387	-0.00427246
-0.0921631	-0.00701904
-0.140381	-0.0137329
-0.116272	-0.0268555
-0.0363159	-0.0415039
0.0558472	-0.0518799
0.128174	-0.0534058
0.148621	-0.0482178
0.102539	-0.039978
-0.00488281	-0.032959
-0.0912476	-0.0314331
-0.116272	-0.0335693
-0.0860596	-0.0344849
-0.0131226	-0.0338745
0.0570679	-0.0323486
0.0857544	-0.0320435
0.0592041	-0.0350952
0.00579834	-0.043335
-0.0466919	-0.0549316
-0.0515747	-0.0640869
-0.0167847	-0.0668335
0.00335693	-0.0622559
0.0112915	-0.0518799
0.0158691	-0.0430298
0.0299072	-0.0378418
0.0341797	-0.0354004
0.0177002	-0.0326538
-0.00427246	-0.0283813
-0.0192261	-0.0265503
-0.039978	-0.0292969
-0.050354	-0.0335693
-0.0332642	-0.0375366
-0.0088501	-0.0375366
0.0109863	-0.0326538
0.00732422	-0.0259399
0.0125122	-0.0198364
0.0256348	-0.0149536
0.020752	-0.00732422
0.000610352	0.0012207
-0.0253296	0.0106812
-0.0131226	0.0201416
0.032959	0.0204468
0.0558472	0.0112915
0.039978	-0.00274658
0.00854492	-0.0170898
-0.0198364	-0.0299072
-0.0482178	-0.0418091
-0.0848389	-0.0500488
-0.109863	-0.0497437
-0.0479126	-0.039978
0.0933838	-0.0283813
0.169983	-0.017395
0.0949097	-0.0012207
-0.0512695	0.020752
-0.145874	0.0415039
-0.157166	0.055542
-0.0778198	0.0613403
0.0354004	0.0585938
0.104675	0.0509644
0.113831	0.0402832
0.0698853	0.0274658
0.0192261	0.015564
-0.00457764	0.00640869
-0.0457764	0.000610352
-0.0588989	-0.00579834
-0.0289917	-0.0137329
0.0115967	-0.0192261
0.0512695	-0.0158691
0.0415039	-0.00762939
0.00457764	-0.000915527
-0.0119019	-0.00183105
0.000305176	-0.00946045
0.0302124	-0.0137329
0.0192261	-0.0146484
-0.0216675	-0.015564
-0.0305176	-0.020752
-0.0128174	-0.0323486
0.0195313	-0.0476074
0.0268555	-0.0650024
0.0012207	-0.0845337
-0.0125122	-0.108032
-0.0201416	-0.133667
-0.00732422	-0.151672
0.017395	-0.157471
-0.000305176	-0.15686
-0.0448608	-0.15625
-0.0939941	-0.155334
-0.104675	-0.147705
-0.0311279	-0.13092
0.0561523	-0.108948
0.0765991	-0.0881958
0.0326538	-0.0720215
-0.0302124	-0.0604248
-0.0369263	-0.0531006
0.0170898	-0.0527954
0.0796509	-0.0567627
0.109253	-0.0643921
0.0796509	-0.0723267
0.027771	-0.0848389
-0.0274658	-0.102539
-0.071106	-0.115356
-0.117493	-0.12207
-0.0921631	-0.123901
0.123901	-0.123901
0.286255	-0.122375
0.189514	-0.108948
-0.0393677	-0.0732422
-0.261841	-0.0170898
-0.38269	0.0512695
-0.311584	0.125732
-0.133972	0.205688
0.0628662	0.289612
0.158081	0.373535
0.132446	0.452271
0.167542	0.52063
0.164185	0.566406
0.0183105	0.576782
-0.141602	0.550232
-0.18158	0.493774
-0.0683594	0.413818
0.0836182	0.316162
0.155334	0.204468
0.135498	0.0863647
0.161743	-0.0253296
0.158691	-0.12207
0.182495	-0.202637
0.0106812	-0.266113
-0.680847	-0.315552
-0.812073	-0.348206
0.126038	-0.360107
1.10321	-0.358276
1.34491	-0.348816
0.964661	-0.330505
0.124207	-0.306396
-0.95459	-0.281067
-1.55273	-0.254517
-1.26434	-0.227051
-0.679932	-0.19989
-0.320129	-0.167236
-0.109558	-0.128174
0.131836	-0.0906372
0.365295	-0.0653076
0.551758	-0.0534058
0.650024	-0.0506592
0.680847	-0.0476074
0.621643	-0.0360107
0.348511	-0.0250244
-0.055542	-0.0268555
-0.375366	-0.0350952
-0.507202	-0.0375366
-0.414124	-0.0311279
-0.138245	-0.0222778
0.203857	-0.0128174
0.441589	-0.000305176
0.379333	0.0149536
0.0946045	0.0268555
-0.26062	0.0308228
-0.491028	0.0253296
-0.443115	0.0109863
-0.213623	-0.00915527
-0.00579834	-0.0338745
0.0872803	-0.0588989
0.149536	-0.0799561
0.192566	-0.0976563
0.187988	-0.109863
0.12207	-0.111694
0.00244141	-0.10498
-0.10498	-0.0933838
-0.122681	-0.0775146
-0.0527954	-0.0585938
0.0317383	-0.0405884
0.100403	-0.0213623
0.0921631	-0.00488281
0.00762939	-0.00183105
-0.0634766	-0.0100708
-0.088501	-0.020752
-0.115662	-0.0280762
-0.0918579	-0.0311279
-0.0250244	-0.032959
0.0350952	-0.0363159
0.109253	-0.0372314
0.188904	-0.0302124
0.225525	-0.0192261
0.116272	-0.0119019
-0.083313	-0.010376
-0.238037	-0.012207
-0.223083	-0.0146484
-0.0982666	-0.0149536
0.0332642	-0.00671387
0.102234	0.00305176
0.0878906	0.00366211
0.00854492	0.00366211
-0.0708008	0.0134277
-0.0512695	0.032959
0.017395	0.0546265
0.0579834	0.0732422
0.0457764	0.0878906
0.0180054	0.100403
-0.0375366	0.111084
-0.0930786	0.118713
-0.0839233	0.122375
-0.00640869	0.122986
0.112305	0.119019
0.149841	0.115967
0.0866699	0.114136
-0.0201416	0.111084
-0.088501	0.106506
-0.072937	0.103149
-0.0250244	0.104065
0.0335693	0.110474
0.0531006	0.119019
0.0466919	0.124207
0.00823975	0.126648
-0.0305176	0.129089
-0.0570679	0.131226
-0.0744629	0.13031
-0.0320435	0.126648
-0.010376	0.124207
0.0128174	0.125732
0.0323486	0.1297
0.0354004	0.132446
0.0375366	0.1297
0.0314331	0.124817
0.0115967	0.119629
-0.0088501	0.110779
-0.0143433	0.100098
-0.012207	0.0930786
-0.0323486	0.0912476
-0.0375366	0.0891113
-0.00793457	0.085144
0.0494385	0.0802612
0.0778198	0.083313
0.038147	0.0939941
-0.03479	0.102539
-0.0964355	0.104065
-0.117798	0.100708
-0.0674438	0.0939941
0.0234985	0.085144
0.107117	0.0708008
0.147095	0.0488281
0.0820923	0.022583
-0.00488281	-0.00183105
-0.0595093	-0.020752
-0.0701904	-0.0354004
-0.0601196	-0.0436401
-0.0598145	-0.0442505
-0.0448608	-0.0396729
-0.00915527	-0.0317383
0.0372314	-0.020752
0.0534058	-0.0112915
0.027771	-0.00854492
-0.000305176	-0.0140381
-0.0259399	-0.0250244
-0.012207	-0.0357056
0.0158691	-0.0430298
0.022583	-0.0448608
-0.0241089	-0.039978
-0.132141	-0.0317383
-0.119324	-0.020752
0.0219727	-0.00610352
0.131836	0.0131226
0.263977	0.0320435
0.342712	0.043335
0.276794	0.0454712
0.0128174	0.0396729
-0.357666	0.0292969
-0.491333	0.0134277
-0.36438	-0.00671387
-0.126953	-0.0296021
0.0619507	-0.0485229
0.123291	-0.0613403
0.149841	-0.0701904
0.154724	-0.0747681
0.133667	-0.072937
0.119934	-0.0668335
0.0869751	-0.0637817
0.0369263	-0.0665283
-0.00946045	-0.0683594
-0.0473022	-0.0683594
-0.0491333	-0.067749
-0.0488281	-0.0631714
-0.0894165	-0.0524902
-0.114441	-0.0439453
-0.0952148	-0.0332642
-0.0262451	-0.0140381
0.0576782	0.00457764
0.0842285	0.015564
0.0588989	0.0222778
0.00274658	0.0289917
-0.0598145	0.0311279
-0.0683594	0.0228882
-0.0350952	0.0109863
0.0247192	0.00183105
0.0842285	-0.00518799
0.0942993	-0.015564
0.0561523	-0.0274658
-0.0012207	-0.0357056
-0.0616455	-0.0338745
-0.0924683	-0.0253296
-0.0811768	-0.0170898
-0.0402832	-0.0106812
0.0253296	-0.00396729
0.0741577	0.00488281
0.0744629	0.0137329
0.0543213	0.0183105
0.0311279	0.0198364
0.00518799	0.0244141
-0.0256348	0.0274658
-0.0628662	0.0268555
-0.0802612	0.0210571
-0.0576782	0.00946045
-0.0100708	0.000610352
0.0320435	0.00183105
0.0546265	0.0112915
0.0640869	0.020752
0.0524902	0.0238037
0.012207	0.020752
-0.0216675	0.0128174
-0.0338745	0.00213623
-0.032959	-0.0100708
-0.0262451	-0.0222778
-0.0192261	-0.0332642
-0.0140381	-0.0445557
-0.00946045	-0.0558472
0.00213623	-0.0668335
0.0268555	-0.0750732
0.0344849	-0.0772095
0.00640869	-0.0735474
-0.022583	-0.0650024
-0.0183105	-0.0579834
0.00305176	-0.0570679
0.027771	-0.0588989
0.0338745	-0.0585938
0.0241089	-0.0579834
0.0268555	-0.0610352
0.0256348	-0.0701904
0.0012207	-0.0842285
-0.0259399	-0.0933838
-0.0463867	-0.0881958
-0.0518799	-0.0750732
-0.0363159	-0.0665283
-0.0128174	-0.0613403
0.0140381	-0.0521851
0.0308228	-0.0341797
0.0231934	-0.0158691
-0.00488281	-0.000305176
-0.0164795	0.0146484
-0.0195313	0.0283813
-0.0311279	0.038147
-0.0616455	0.0430298
-0.0952148	0.0390625
-0.0311279	0.0265503
0.0634766	0.0119019
0.187378	0.000610352
0.262451	-0.00488281
0.137024	-0.00946045
-0.0610352	-0.0189209
-0.238342	-0.0299072
-0.289307	-0.0378418
-0.17395	-0.0405884
0.0100708	-0.0411987
0.12207	-0.0424194
0.0997925	-0.0436401
0.098877	-0.0439453
0.258484	-0.0411987
0.348816	-0.0396729
0.0216675	-0.0421143
-0.406799	-0.0506592
-0.487366	-0.0637817
-0.235291	-0.0744629
0.0991821	-0.0778198
0.279236	-0.0744629
0.269165	-0.0704956
0.123291	-0.0720215
-0.0622559	-0.0772095
-0.174561	-0.0790405
-0.161438	-0.072937
-0.0595093	-0.0598145
0.0656128	-0.0448608
0.126953	-0.0369263
0.093689	-0.0338745
0.0238037	-0.0326538
-0.0360107	-0.0302124
-0.0497437	-0.0231934
-0.0274658	-0.015564
-0.00793457	-0.010376
0.0201416	-0.010376
0.0128174	-0.0134277
-0.0167847	-0.0152588
-0.010376	-0.0146484
-0.00457764	-0.0131226
-0.0106812	-0.00915527
-0.00488281	-0.010376
0.0183105	-0.0213623
0.0454712	-0.0366211
0.0640869	-0.0469971
0.0344849	-0.0515747
-0.0192261	-0.0518799
-0.0375366	-0.0463867
-0.050354	-0.0311279
-0.0534058	-0.00732422
-0.0564575	0.0170898
-0.0466919	0.0393677
-0.0338745	0.0582886
-0.00335693	0.0717163
0.0369263	0.0811768
0.0665283	0.0897217
0.0564575	0.0961304
0.0268555	0.0952148
0.00701904	0.0888062
-0.00610352	0.078125
-0.00488281	0.0634766
-0.0143433	0.0494385
-0.0387573	0.0393677
-0.043335	0.032959
-0.0134277	0.0283813
0.0204468	0.0222778
0.0469971	0.0149536
0.0363159	0.00915527
-0.00335693	0.00335693
-0.0216675	-0.00274658
-0.0204468	-0.010376
-0.00640869	-0.0204468
-0.00244141	-0.0305176
-0.00183105	-0.0393677
0.0164795	-0.0463867
0.0335693	-0.0506592
0.0405884	-0.0524902
0.0387573	-0.0628662
0.0308228	-0.0808716
0.0164795	-0.0930786
0.0170898	-0.0933838
0.00366211	-0.0866699
-0.0390625	-0.0805664
-0.0827026	-0.0769043
-0.0970459	-0.0738525
-0.0775146	-0.0732422
-0.0491333	-0.0717163
-0.00579834	-0.0640869
0.0338745	-0.0527954
0.0546265	-0.0460815
0.0549316	-0.0473022
0.0354004	-0.0500488
0.012207	-0.0531006
0.0146484	-0.0567627
0.0213623	-0.0601196
0.0326538	-0.0588989
0.0411987	-0.0521851
0.0128174	-0.0466919
-0.0210571	-0.045166
-0.0646973	-0.045166
-0.0973511	-0.0454712
-0.0857544	-0.0476074
-0.0430298	-0.0494385
0.00732422	-0.0482178
0.0372314	-0.0457764
0.0473022	-0.0454712
0.0671387	-0.0469971
0.0830078	-0.0466919
0.0631714	-0.0396729
0.00305176	-0.0204468
-0.0305176	0.0119019
-0.0308228	0.0531006
-0.0198364	0.101013
-0.0134277	0.153503
-0.0143433	0.213013
-0.0177002	0.278015
-0.0366211	0.339661
-0.0854492	0.393982
-0.138855	0.437622
-0.145264	0.461426
-0.0802612	0.457764
0.0231934	0.427551
0.135498	0.375671
0.202637	0.30365
0.185242	0.212097
0.088501	0.110474
0.0354004	0.0128174
0.00518799	-0.0750732
0.0906372	-0.157776
0.30304	-0.232849
-0.226135	-0.289612
-0.999756	-0.322266
-0.684509	-0.331421
0.522461	-0.322571
1.49048	-0.301208
1.56281	-0.273438
0.678406	-0.243835
-0.973816	-0.213928
-2.22443	-0.183411
-1.84906	-0.149231
-0.552979	-0.112
0.730896	-0.0787354
1.58264	-0.0521851
1.15784	-0.0317383
-0.215759	-0.0140381
-1.14685	0.00213623
-0.751038	0.0195313
0.34668	0.0289917
1.02448	0.0216675
0.942993	0.00305176
0.360718	-0.0149536
-0.254211	-0.0271606
-0.597839	-0.0344849
-0.60791	-0.0418091
-0.323486	-0.0506592
0.0253296	-0.0622559
0.256042	-0.0717163
0.336914	-0.0720215
0.215759	-0.0646973
-0.0442505	-0.0531006
-0.273743	-0.0421143
-0.304565	-0.0354004
-0.189819	-0.0354004
-0.0354004	-0.0436401
0.067749	-0.0552368
0.106812	-0.0640869
0.102234	-0.065918
0.0338745	-0.0668335
-0.0256348	-0.0720215
-0.0259399	-0.0772095
0.0326538	-0.0732422
0.119019	-0.0598145
0.141602	-0.0427246
0.0869751	-0.0219727
-0.00152588	0.0012207
-0.071106	0.0210571
-0.0894165	0.0357056
-0.0891113	0.0491333
-0.0686646	0.0601196
-0.00732422	0.0646973
0.0466919	0.0604248
0.0585938	0.0500488
0.0350952	0.0375366
0.0131226	0.0268555
-0.00946045	0.022583
-0.0549316	0.0231934
-0.062561	0.0210571
-0.00244141	0.0115967
0.0628662	-0.0012207
0.0643921	-0.00701904
0.00701904	-0.0012207
-0.0430298	0.0131226
-0.0643921	0.0283813
-0.0442505	0.0369263
-0.0164795	0.0402832
-0.00915527	0.0439453
0.00701904	0.0518799
0.027771	0.0695801
0.0695801	0.0952148
0.0842285	0.113525
0.03479	0.120544
-0.0186157	0.122986
-0.0622559	0.124512
-0.0747681	0.126038
-0.09552	0.126953
-0.119019	0.128784
-0.0628662	0.131226
0.0494385	0.131836
0.173035	0.127563
0.20752	0.121765
0.115662	0.12085
-0.0241089	0.122681
-0.104065	0.122681
-0.0646973	0.12207
-0.020752	0.121155
-0.0177002	0.119324
-0.0231934	0.117188
-0.0357056	0.118713
-0.0326538	0.124817
-0.00579834	0.134888
0.0357056	0.148926
0.0692749	0.162659
0.0805664	0.17334
0.0491333	0.181274
-0.00823975	0.184937
-0.0485229	0.178833
-0.0292969	0.162964
0.017395	0.146179
0.0219727	0.133057
-0.0326538	0.12085
-0.0906372	0.104065
-0.0958252	0.0878906
-0.0314331	0.0793457
0.062561	0.0790405
0.101013	0.0878906
0.0701904	0.101929
-0.000305176	0.118408
-0.0799561	0.133667
-0.125732	0.150757
-0.0970459	0.174255
0.00244141	0.198059
0.0964355	0.206299
0.125122	0.192566
0.0875854	0.16571
0.0140381	0.13855
-0.0485229	0.115356
-0.0772095	0.0924683
-0.0592041	0.0656128
-0.00640869	0.0354004
0.0430298	0.0100708
0.0534058	-0.00701904
0.0106812	-0.0167847
-0.0500488	-0.0204468
-0.0753784	-0.0213623
-0.0482178	-0.0219727
0.00152588	-0.0228882
0.0289917	-0.0268555
0.0442505	-0.0372314
0.0360107	-0.0506592
0.0012207	-0.0616455
-0.0512695	-0.0680542
-0.115967	-0.071106
-0.0668335	-0.067749
0.0979614	-0.0552368
0.183105	-0.0366211
0.222778	-0.017395
0.260925	-0.00213623
0.187378	0.00640869
-0.0799561	0.00793457
-0.354309	0.000610352
-0.353699	-0.0143433
-0.21637	-0.0323486
-0.172424	-0.0488281
-0.204163	-0.0588989
-0.134888	-0.0668335
0.0814819	-0.0726318
0.314331	-0.072937
0.444031	-0.0653076
0.43457	-0.0506592
0.296326	-0.0299072
0.0949097	-0.00854492
-0.0823975	0.00946045
-0.19989	0.0219727
-0.246887	0.0320435
-0.230408	0.0405884
-0.192261	0.0421143
-0.151367	0.0326538
-0.0921631	0.0164795
-0.0335693	0.000915527
0.0186157	-0.012207
0.0704956	-0.0234985
0.101318	-0.0326538
0.101624	-0.038147
0.0552368	-0.0378418
-0.000915527	-0.0317383
-0.00915527	-0.0210571
-0.00579834	-0.00701904
-0.00274658	0.00823975
0.00640869	0.0238037
0.0192261	0.038147
0.0335693	0.0466919
0.0354004	0.043335
0.043335	0.0357056
0.0100708	0.0271606
-0.0305176	0.017395
-0.0436401	0.00976563
-0.0442505	0.00457764
0.00305176	0.00244141
0.00946045	0.00366211
-0.00579834	0.00854492
-0.022583	0.0170898
-0.0415039	0.0305176
-0.0216675	0.0418091
-0.00701904	0.0445557
0.0408936	0.0427246
0.0549316	0.0411987
0.0283813	0.0402832
-0.00152588	0.0354004
-0.0454712	0.0238037
-0.032959	0.00671387
-0.00305176	-0.00946045
0.0198364	-0.0204468
0.0448608	-0.0299072
0.0424194	-0.0405884
0.043335	-0.0497437
0.0161743	-0.0537109
-0.0161743	-0.0491333
-0.0308228	-0.039978
-0.0357056	-0.0357056
-0.012207	-0.0354004
-0.0241089	-0.027771
-0.0289917	-0.0109863
-0.039978	0.00274658
-0.0650024	0.00305176
-0.0369263	-0.00671387
0.017395	-0.0216675
0.0720215	-0.0372314
0.105896	-0.0500488
0.100098	-0.0582886
0.0448608	-0.0567627
-0.0457764	-0.0479126
-0.115356	-0.0354004
-0.137024	-0.0201416
-0.0930786	-0.00518799
-0.00793457	0.00976563
0.071106	0.0228882
0.126648	0.032959
0.12146	0.0357056
0.0769043	0.0305176
0.0305176	0.0210571
-0.0274658	0.00915527
-0.0732422	-0.00335693
-0.109863	-0.0161743
-0.0997925	-0.0268555
-0.0421143	-0.0302124
0.0161743	-0.0262451
0.0723267	-0.0198364
0.0906372	-0.00915527
0.0637817	0.00579834
-0.0012207	0.0170898
-0.0695801	0.0177002
-0.0820923	0.010376
-0.0460815	0.00152588
0.00640869	-0.00488281
0.0402832	-0.00518799
0.0421143	0.0012207
0.00518799	0.00793457
-0.0436401	0.00854492
-0.0384521	0.00305176
0.00823975	-0.00335693
0.0637817	-0.00823975
0.0888062	-0.015564
0.0588989	-0.0271606
0.000305176	-0.039978
-0.0628662	-0.0491333
-0.0946045	-0.0531006
-0.093689	-0.0518799
-0.0460815	-0.0479126
0.00610352	-0.0411987
0.0253296	-0.027771
0.045166	-0.00610352
0.0643921	0.0137329
0.0741577	0.0268555
0.0558472	0.0344849
0.00488281	0.0393677
-0.0308228	0.0454712
-0.0457764	0.0521851
-0.0457764	0.057373
-0.015564	0.0634766
0.0231934	0.072937
0.0411987	0.0778198
0.0366211	0.0784302
0.0265503	0.0787354
0.00396729	0.0808716
-0.0534058	0.0827026
-0.105896	0.0814819
-0.105896	0.0765991
-0.0668335	0.0704956
-0.017395	0.0662231
0.0186157	0.0656128
0.0494385	0.0689697
0.0817871	0.072937
0.0808716	0.0720215
0.0369263	0.0662231
-0.00579834	0.0610352
-0.0250244	0.0546265
0.00305176	0.0442505
0.0488281	0.0271606
0.0579834	0.00762939
0.0271606	-0.00946045
-0.0271606	-0.0222778
-0.0762939	-0.0308228
-0.085144	-0.0366211
-0.0366211	-0.0375366
0.0216675	-0.0317383
0.0485229	-0.0238037
0.0537109	-0.0204468
0.0360107	-0.0271606
0.00457764	-0.0415039
-0.0189209	-0.0567627
-0.0326538	-0.0704956
-0.0476074	-0.0845337
-0.0588989	-0.0994873
-0.0460815	-0.112
-0.0186157	-0.118408
0.0228882	-0.116272
0.0558472	-0.107727
0.0601196	-0.0952148
0.0427246	-0.0778198
0.0183105	-0.0567627
0.00396729	-0.0387573
-0.00213623	-0.027771
-0.00549316	-0.0216675
-0.0192261	-0.0167847
-0.0448608	-0.0119019
-0.0469971	-0.0152588
-0.0341797	-0.0311279
-0.017395	-0.050354
0.00518799	-0.0616455
0.0256348	-0.0662231
0.0311279	-0.0637817
0.027771	-0.0454712
0.0170898	-0.0177002
0.015564	0.0088501
0.0256348	0.0335693
0.0415039	0.0619507
0.0415039	0.103149
0.0152588	0.160217
-0.0280762	0.227966
-0.0723267	0.292969
-0.0967407	0.348816
-0.0881958	0.398254
-0.0650024	0.444946
-0.0497437	0.481567
-0.06073	0.496216
-0.0799561	0.482178
-0.0686646	0.438232
-0.0106812	0.370789
0.0869751	0.282288
0.220947	0.177612
0.332947	0.067749
0.378418	-0.0366211
0.231323	-0.126648
0.0210571	-0.198059
-0.222778	-0.25116
-0.838928	-0.286865
-1.57532	-0.303345
-1.2854	-0.297546
0.28656	-0.270386
1.88568	-0.233459
2.51984	-0.201416
2.02301	-0.177612
0.653992	-0.157471
-0.651855	-0.135498
-1.34949	-0.111084
-1.68488	-0.0897217
-1.82953	-0.0744629
-1.48468	-0.0631714
-0.555115	-0.0534058
0.531921	-0.050354
1.27319	-0.0588989
1.46759	-0.0723267
1.1087	-0.0793457
0.377502	-0.0790405
-0.382385	-0.0753784
-0.82428	-0.0695801
-0.762939	-0.0613403
-0.297852	-0.0457764
0.263977	-0.0195313
0.631714	0.0106812
0.657654	0.0363159
0.358582	0.0518799
-0.114136	0.0604248
-0.531616	0.0631714
-0.646973	0.0576782
-0.444336	0.0411987
-0.124817	0.0210571
0.147705	0.00579834
0.26825	-0.00457764
0.228577	-0.0109863
0.0857544	-0.012207
-0.0549316	-0.00671387
-0.0961304	0.00579834
-0.0518799	0.020752
0.0259399	0.0317383
0.113831	0.0357056
0.159607	0.0326538
0.12207	0.0247192
0.0149536	0.0119019
-0.101318	-0.00732422
-0.143433	-0.0247192
-0.0698853	-0.0350952
0.0311279	-0.0411987
0.0531006	-0.0442505
0.00610352	-0.0402832
0.00579834	-0.0259399
0.0683594	-0.00244141
0.0973511	0.0253296
0.0479126	0.045166
-0.0140381	0.0521851
-0.0488281	0.0524902
-0.071106	0.0518799
-0.0476074	0.0491333
0.00793457	0.0445557
0.0180054	0.0405884
-0.0320435	0.0350952
-0.0741577	0.0231934
-0.0570679	0.00946045
-0.0219727	0.0012207
-0.0158691	0.000305176
-0.0274658	0.00823975
-0.0219727	0.0219727
0.0170898	0.0366211
0.0436401	0.0476074
0.0393677	0.057373
0.0198364	0.0683594
-0.000610352	0.0817871
-0.00946045	0.0964355
-0.012207	0.108032
-0.00183105	0.117188
0.0170898	0.126343
0.0296021	0.134583
0.0164795	0.137024
-0.0131226	0.132446
-0.0231934	0.129395
0.00396729	0.131836
0.0482178	0.135498
0.0692749	0.138855
0.0527954	0.143738
0.0152588	0.148926
-0.0247192	0.153503
-0.0393677	0.160828
-0.0262451	0.171204
-0.010376	0.180054
-0.0149536	0.183716
-0.032959	0.183716
-0.0396729	0.186768
-0.0189209	0.186157
0.0210571	0.179443
0.0524902	0.174866
0.043335	0.172729
0.00244141	0.167542
-0.0268555	0.158997
-0.00366211	0.1474
0.00396729	0.127869
-0.0509644	0.100098
-0.106201	0.0756836
-0.119324	0.0622559
-0.0088501	0.0592041
0.14679	0.062561
0.197144	0.0695801
0.122375	0.0790405
-0.0231934	0.088501
-0.146484	0.0964355
-0.177612	0.100403
-0.102234	0.0991821
0.0408936	0.0942993
0.158997	0.085144
0.181885	0.0698853
0.0967407	0.0466919
-0.0296021	0.0177002
-0.113525	-0.010376
-0.116272	-0.0296021
-0.0671387	-0.0357056
-0.0195313	-0.0308228
0.00762939	-0.0201416
0.0198364	-0.00671387
0.0396729	0.00518799
0.0543213	0.0131226
0.0323486	0.0167847
-0.0125122	0.0140381
-0.0540161	0.00427246
-0.0701904	-0.00640869
-0.0650024	-0.0134277
-0.0622559	-0.0198364
-0.065918	-0.0274658
-0.0170898	-0.0350952
0.111084	-0.0390625
0.120544	-0.0396729
0.0497437	-0.038147
0.0491333	-0.0384521
0.187988	-0.0396729
0.209351	-0.0372314
0.00183105	-0.0292969
-0.148315	-0.0238037
-0.170288	-0.0231934
-0.202942	-0.0234985
-0.249329	-0.0195313
-0.202026	-0.0119019
-0.0479126	-0.00335693
0.113831	0.00488281
0.223083	0.010376
0.270691	0.00976563
0.25177	0.00457764
0.166321	-0.0088501
0.0360107	-0.0305176
-0.141907	-0.0527954
-0.331116	-0.0723267
-0.340576	-0.0900269
-0.130615	-0.104675
0.140076	-0.110168
0.30304	-0.10437
0.283508	-0.0982666
0.145874	-0.0900269
0.00396729	-0.0717163
-0.0708008	-0.0424194
-0.0900269	-0.0137329
-0.0933838	0.00518799
-0.110779	0.0204468
-0.1474	0.0341797
-0.172729	0.0421143
-0.146484	0.043335
-0.0598145	0.0393677
0.0442505	0.0350952
0.125427	0.0344849
0.159302	0.0363159
0.135498	0.0360107
0.0775146	0.0320435
0.0128174	0.0241089
-0.0259399	0.0125122
-0.0247192	-0.000915527
-0.000915527	-0.0158691
0.0216675	-0.0317383
0.010376	-0.0482178
-0.0283813	-0.0582886
-0.0564575	-0.0561523
-0.0534058	-0.0442505
-0.0265503	-0.0311279
-0.000305176	-0.0201416
0.0216675	-0.0106812
0.0418091	-0.00274658
0.0436401	0.00244141
0.0234985	0.00305176
-0.00518799	-0.00396729
-0.0286865	-0.0170898
-0.0302124	-0.0311279
-0.0134277	-0.0436401
0.00549316	-0.055542
0.0115967	-0.067749
0.010376	-0.072937
-0.010376	-0.0671387
-0.0311279	-0.0527954
-0.0149536	-0.03479
0.0280762	-0.0177002
0.0631714	-0.00244141
0.0689697	0.00823975
0.0402832	0.0088501
-0.0210571	0.00427246
-0.0906372	-0.000305176
-0.117798	-0.00579834
-0.0784302	-0.0143433
0.000305176	-0.0262451
0.0646973	-0.0378418
0.078125	-0.0454712
0.0479126	-0.0460815
0.00915527	-0.0439453
-0.0161743	-0.0445557
-0.0250244	-0.0466919
-0.0183105	-0.0457764
0.00457764	-0.0448608
0.0286865	-0.0442505
0.0323486	-0.0424194
0.0152588	-0.0418091
-0.0134277	-0.0424194
-0.0408936	-0.0402832
-0.0418091	-0.0308228
-0.0192261	-0.0198364
-0.000610352	-0.0100708
-0.00274658	-0.00396729
-0.0119019	0
-0.0119019	0.00427246
0.0012207	0.00579834
0.0186157	0.00549316
0.0421143	0.000610352
0.0588989	-0.00976563
0.0473022	-0.0210571
0.0152588	-0.0305176
-0.0280762	-0.0369263
-0.0662231	-0.0415039
-0.0671387	-0.0457764
-0.032959	-0.0512695
0.00976563	-0.0540161
0.0418091	-0.0524902
0.0442505	-0.0473022
0.0161743	-0.0369263
-0.0216675	-0.0253296
-0.0466919	-0.0167847
-0.0390625	-0.00946045
-0.00488281	0.000305176
0.0296021	0.0152588
0.0494385	0.0265503
0.0396729	0.0299072
0.00701904	0.0292969
-0.0296021	0.0283813
-0.0637817	0.0250244
-0.0610352	0.015564
-0.0234985	0.00396729
0.0292969	-0.00457764
0.0872803	-0.00732422
0.118103	-0.00732422
0.0982666	-0.00915527
0.0357056	-0.00946045
-0.0494385	-0.00274658
-0.112	0.0137329
-0.13916	0.0341797
-0.12207	0.0482178
-0.0509644	0.0549316
0.0405884	0.0540161
0.102844	0.0436401
0.120544	0.0305176
0.083313	0.0238037
0.00671387	0.0149536
-0.0653076	-0.00152588
-0.0897217	-0.0244141
-0.0537109	-0.0497437
0.00640869	-0.0708008
0.0585938	-0.0842285
0.0689697	-0.0939941
0.0268555	-0.101318
-0.039978	-0.102539
-0.0860596	-0.0976563
-0.0839233	-0.0918579
-0.0497437	-0.0866699
-0.000610352	-0.0811768
0.0421143	-0.0765991
0.0534058	-0.0744629
0.0521851	-0.0747681
0.0714111	-0.0765991
0.0888062	-0.0784302
0.0595093	-0.0805664
-0.0210571	-0.0857544
-0.114746	-0.0970459
-0.159607	-0.107422
-0.123596	-0.112305
-0.039978	-0.110779
0.045166	-0.101929
0.0881958	-0.0881958
0.0811768	-0.0741577
0.06073	-0.0628662
0.0466919	-0.055542
0.0506592	-0.0491333
0.057373	-0.038147
0.032959	-0.0262451
-0.0112915	-0.0234985
-0.0537109	-0.0332642
-0.0662231	-0.0549316
-0.0436401	-0.0830078
0.00274658	-0.105286
0.0527954	-0.114746
0.0765991	-0.108337
0.0631714	-0.0857544
0.0137329	-0.0482178
-0.0570679	0.00335693
-0.150452	0.0668335
-0.202332	0.142212
-0.154419	0.228577
-0.0485229	0.32074
0.0473022	0.406189
0.0814819	0.476074
0.0634766	0.521851
0.0161743	0.534668
-0.0439453	0.510254
-0.0717163	0.45166
-0.0387573	0.365295
0.0439453	0.259094
0.145874	0.141907
0.211487	0.0216675
0.286865	-0.0915527
0.184326	-0.187073
0.0326538	-0.262451
-0.185242	-0.318604
-0.953979	-0.35553
-1.34399	-0.374756
-0.336304	-0.372925
1.30066	-0.353394
2.1344	-0.321655
1.64124	-0.286865
0.520935	-0.252686
-0.672913	-0.21698
-1.60828	-0.186462
-1.65802	-0.164795
-0.838928	-0.143433
-0.0500488	-0.120239
0.0976563	-0.09552
-0.0997925	-0.0726318
-0.0894165	-0.0531006
0.254211	-0.0350952
0.692749	-0.022583
0.912476	-0.0183105
0.727539	-0.0158691
0.232849	-0.0152588
-0.302734	-0.0180054
-0.620422	-0.0234985
-0.582581	-0.0292969
-0.244751	-0.0335693
0.16449	-0.0384521
0.431824	-0.0454712
0.429077	-0.0549316
0.163574	-0.06073
-0.189819	-0.0561523
-0.439148	-0.0430298
-0.459595	-0.0296021
-0.24231	-0.0210571
0.0241089	-0.0164795
0.197144	-0.0149536
0.205994	-0.0192261
0.101318	-0.0292969
0.0296021	-0.0415039
0.0512695	-0.0531006
0.0692749	-0.0640869
0.0378418	-0.0738525
-0.00610352	-0.0811768
-0.0283813	-0.0817871
-0.0332642	-0.0769043
-0.0405884	-0.0637817
-0.0445557	-0.0350952
-0.0360107	0.00152588
-0.0167847	0.0292969
0.0177002	0.039978
0.057373	0.0411987
0.0646973	0.0445557
0.0424194	0.0476074
0.0302124	0.0436401
0.0228882	0.0332642
-0.0222778	0.022583
-0.0802612	0.0149536
-0.0759888	0.00823975
-0.027771	0.00152588
0.00976563	-0.0012207
0.0326538	0.00274658
0.0463867	0.0131226
0.0256348	0.0289917
-0.0152588	0.0445557
-0.0534058	0.055542
-0.0442505	0.0598145
-0.0204468	0.0601196
-0.010376	0.0585938
0.0012207	0.0576782
0.0271606	0.057373
0.050354	0.0549316
0.0476074	0.0479126
0.0259399	0.0369263
0.0244141	0.0271606
0.00793457	0.0274658
-0.039978	0.038147
-0.0695801	0.0506592
-0.039978	0.0634766
-0.0140381	0.0805664
-0.0372314	0.0997925
-0.0759888	0.120239
-0.100708	0.142822
0.0524902	0.166321
0.284424	0.185852
0.270996	0.190735
0.0878906	0.183105
-0.139465	0.170288
-0.271606	0.158081
-0.245056	0.148926
-0.115356	0.141296
0.0299072	0.13092
0.115967	0.12085
0.143127	0.115051
0.101624	0.115356
0.0238037	0.119934
-0.0445557	0.126953
-0.0689697	0.135498
-0.043335	0.146179
0.022583	0.157471
0.0787354	0.166321
0.0915527	0.169983
0.0518799	0.169067
0.0360107	0.164795
-0.101624	0.160522
-0.177002	0.152588
-0.0665283	0.135803
0.0357056	0.115967
0.088501	0.101318
0.0640869	0.0878906
0.03479	0.071106
0.0366211	0.0521851
0.0146484	0.0350952
-0.0430298	0.022583
-0.0723267	0.0192261
-0.0616455	0.0210571
-0.0222778	0.0198364
0.0479126	0.0137329
0.0765991	0.00793457
0.0927734	0.00427246
0.0656128	-0.00396729
0.0213623	-0.0158691
-0.0509644	-0.0253296
-0.182495	-0.0317383
-0.253296	-0.0387573
-0.202026	-0.039978
-0.000610352	-0.0375366
0.151672	-0.0396729
0.175476	-0.0411987
0.113525	-0.0344849
0.0466919	-0.020752
0.0271606	-0.00518799
-0.00427246	0.00793457
-0.0701904	0.0161743
-0.256042	0.0213623
-0.238342	0.0231934
0.183105	0.017395
0.524597	0.0112915
0.473328	0.00976563
0.162354	0.00152588
-0.155029	-0.0170898
-0.406494	-0.0393677
-0.533752	-0.0601196
-0.412903	-0.0750732
-0.139465	-0.0820923
0.067749	-0.0830078
0.398254	-0.0839233
0.6427	-0.088501
0.438538	-0.0888062
0.0738525	-0.0765991
-0.355225	-0.0549316
-0.645447	-0.0305176
-0.576477	-0.00732422
-0.181274	0.00946045
0.257874	0.0177002
0.526123	0.0201416
0.540161	0.0231934
0.332031	0.0265503
0.0244141	0.0265503
-0.283203	0.0180054
-0.400391	0
-0.310364	-0.0219727
-0.0604248	-0.0439453
0.152588	-0.0671387
0.175171	-0.0875854
0.101318	-0.0970459
-0.00213623	-0.0918579
-0.0418091	-0.0772095
-0.0537109	-0.0610352
-0.0448608	-0.0485229
-0.0460815	-0.0366211
-0.0778198	-0.0180054
-0.0683594	0.0088501
-0.0140381	0.0360107
0.0921631	0.0558472
0.119629	0.0637817
0.0872803	0.0570679
0.0552368	0.0408936
0.0189209	0.0241089
-0.00518799	0.012207
-0.0756836	0.0088501
-0.109863	0.00946045
-0.0952148	0.00396729
-0.0286865	-0.0112915
0.0466919	-0.0299072
0.0598145	-0.0411987
0.0772095	-0.0445557
0.057373	-0.0427246
0.0201416	-0.0369263
-0.0265503	-0.0308228
-0.0735474	-0.0274658
-0.0637817	-0.0274658
-0.0357056	-0.0250244
0.00244141	-0.0195313
0.0320435	-0.012207
0.03479	-0.00457764
0.0241089	0.00549316
-0.00915527	0.0149536
-0.0317383	0.0189209
-0.0289917	0.0131226
0.00152588	0.000305176
0.06073	-0.0161743
0.0787354	-0.0308228
0.0546265	-0.0360107
0.0152588	-0.0350952
-0.0354004	-0.0369263
-0.0692749	-0.0421143
-0.0741577	-0.0482178
-0.0509644	-0.0527954
-0.00518799	-0.0515747
0.0198364	-0.0479126
0.00732422	-0.0506592
-0.00305176	-0.0598145
0.00488281	-0.0701904
0.0378418	-0.0802612
0.0836182	-0.0866699
0.0784302	-0.0924683
0.0390625	-0.0949097
-0.038147	-0.0909424
-0.107422	-0.0839233
-0.135193	-0.0772095
-0.117493	-0.0692749
-0.00213623	-0.055542
0.12146	-0.0357056
0.15564	-0.0198364
0.10376	-0.0119019
-0.00671387	-0.0149536
-0.0842285	-0.0259399
-0.119019	-0.0354004
-0.113525	-0.0372314
-0.0415039	-0.0326538
0.027771	-0.0256348
0.0735474	-0.0158691
0.0897217	-0.00457764
0.062561	0.000610352
0.0231934	0.00183105
-0.020752	0.00518799
-0.0427246	0.00854492
-0.0305176	0.00854492
-0.0125122	0.00518799
0.00427246	-0.00457764
0.0326538	-0.0210571
0.0408936	-0.0402832
0.0149536	-0.0524902
-0.0158691	-0.0506592
-0.0357056	-0.0418091
-0.0308228	-0.0320435
-0.0411987	-0.0222778
-0.0537109	-0.0152588
-0.0198364	-0.0115967
0.0469971	-0.0115967
0.101929	-0.015564
0.118103	-0.0250244
0.0634766	-0.038147
-0.0271606	-0.0506592
-0.0906372	-0.0650024
-0.105896	-0.0814819
-0.0790405	-0.0933838
-0.0308228	-0.0952148
0.0170898	-0.085144
0.0567627	-0.0637817
0.0527954	-0.0390625
0.0146484	-0.0195313
-0.0112915	-0.00854492
-0.015564	-0.0012207
-0.0149536	0.0088501
-0.027771	0.0167847
-0.00549316	0.0186157
0.0518799	0.0198364
-0.0540161	0.0192261
-0.0183105	0.0125122
0.0952148	0.00427246
0.108643	0
0.0579834	0.00213623
-0.0250244	0.00549316
-0.0820923	0.00732422
-0.0982666	0.0137329
-0.0888062	0.0286865
-0.06073	0.0454712
-0.0210571	0.0570679
0.0177002	0.0628662
0.0363159	0.0637817
0.0402832	0.0585938
0.0366211	0.0430298
0.0354004	0.0250244
0.0338745	0.0137329
0.0234985	0.00854492
0.0177002	-0.000610352
0.0161743	-0.0167847
0.00518799	-0.0332642
-0.0167847	-0.0430298
-0.0396729	-0.0424194
-0.0415039	-0.0320435
-0.0198364	-0.0183105
0.00396729	-0.00640869
0.0137329	0
0.00976563	0.000305176
0.0112915	-0.00671387
0.0247192	-0.0222778
0.0253296	-0.0418091
0.0100708	-0.0585938
-0.00274658	-0.0704956
-0.00976563	-0.0778198
-0.017395	-0.0830078
-0.0311279	-0.0891113
-0.0311279	-0.0939941
-0.0228882	-0.0961304
-0.0192261	-0.0958252
-0.015564	-0.093689
-0.00305176	-0.0921631
0.0137329	-0.0946045
0.0311279	-0.0997925
0.0430298	-0.104675
0.0326538	-0.109863
-0.00640869	-0.115356
-0.0576782	-0.123291
-0.0878906	-0.133057
-0.0482178	-0.139465
0.0415039	-0.138855
0.128784	-0.134583
0.169983	-0.123596
0.134888	-0.10498
0.0430298	-0.0802612
-0.0820923	-0.0567627
-0.186157	-0.039978
-0.200195	-0.0292969
-0.117188	-0.0125122
0.00976563	0.0161743
0.101013	0.0491333
0.115967	0.0799561
0.0656128	0.110779
-0.0280762	0.14679
-0.0909424	0.192871
-0.085144	0.249329
-0.043335	0.316467
-0.0186157	0.390625
-0.0323486	0.461731
-0.0473022	0.509338
-0.00701904	0.525208
0.0827026	0.516968
0.157471	0.486145
0.171509	0.430298
0.0860596	0.350647
-0.127869	0.252686
-0.246277	0.142517
-0.143127	0.0253296
0.0814819	-0.0897217
0.451355	-0.193787
0.300293	-0.276489
-0.295715	-0.328674
-0.400696	-0.352478
0.195007	-0.35614
0.691833	-0.343933
0.593262	-0.319824
0.105286	-0.287781
-0.457458	-0.250549
-0.727234	-0.211487
-0.595703	-0.175781
-0.190735	-0.148315
0.168152	-0.129395
-0.0109863	-0.117188
-0.612793	-0.111084
-0.881042	-0.105896
-0.439453	-0.0976563
0.401001	-0.0869751
1.06354	-0.0775146
1.19812	-0.0744629
0.874023	-0.0744629
0.409241	-0.0714111
-0.0466919	-0.0653076
-0.421448	-0.0595093
-0.588989	-0.0585938
-0.549622	-0.0646973
-0.358887	-0.0738525
-0.0628662	-0.0799561
0.224915	-0.0790405
0.362854	-0.0701904
0.250854	-0.0567627
-0.0317383	-0.0448608
-0.296631	-0.0405884
-0.34668	-0.043335
-0.200806	-0.0448608
-0.0177002	-0.038147
0.111694	-0.0250244
0.149231	-0.0161743
0.122986	-0.0183105
0.0656128	-0.0222778
0.0531006	-0.0189209
0.032959	-0.00946045
-0.0299072	0.00274658
-0.0656128	0.0158691
-0.0521851	0.0244141
0.00915527	0.0250244
0.0421143	0.0183105
0.0180054	0.00823975
-0.0476074	-0.000305176
-0.0585938	-0.00671387
-0.032959	-0.0115967
0.00305176	-0.0158691
0.0588989	-0.0274658
0.0582886	-0.0427246
0.0299072	-0.0506592
0.043335	-0.0494385
0.0958252	-0.0460815
0.0482178	-0.0466919
-0.0744629	-0.0482178
-0.162354	-0.045166
-0.158081	-0.0350952
-0.0344849	-0.0195313
0.0512695	-0.00152588
0.0686646	0.0146484
0.0592041	0.0262451
0.0421143	0.0344849
-0.00152588	0.0424194
-0.0161743	0.0482178
0.0161743	0.050354
0.0357056	0.0518799
0.0369263	0.0546265
-0.0119019	0.0564575
-0.0231934	0.0540161
-0.00457764	0.0497437
0.0311279	0.0518799
0.0350952	0.062561
-0.0112915	0.0784302
-0.0680542	0.0921631
-0.128479	0.0991821
-0.110168	0.0976563
-0.0527954	0.093689
0.0592041	0.0930786
0.159607	0.101013
0.15686	0.117188
0.057373	0.13031
-0.0653076	0.137329
-0.0784302	0.143738
-0.0311279	0.154114
0.0439453	0.167236
0.0570679	0.184021
0.0189209	0.198364
-0.0216675	0.206909
-0.0274658	0.209961
-0.0326538	0.204468
-0.0506592	0.193481
-0.0588989	0.180664
-0.0643921	0.168457
-0.027771	0.157166
-0.0100708	0.146484
0.0177002	0.134277
0.0393677	0.120239
0.0323486	0.105286
0.00549316	0.090332
0.0128174	0.078125
0.0518799	0.0698853
0.06073	0.0671387
0.0479126	0.0695801
-0.00732422	0.0723267
-0.0393677	0.0820923
-0.0292969	0.0976563
0.0476074	0.109558
0.0942993	0.112915
0.0540161	0.107422
-0.0180054	0.0946045
-0.0765991	0.0784302
-0.0878906	0.0634766
-0.0732422	0.0500488
-0.0427246	0.0341797
-0.0598145	0.0152588
-0.0765991	-0.00183105
-0.0430298	-0.0131226
0.0219727	-0.0161743
0.0793457	-0.00762939
0.0952148	0.00793457
0.0708008	0.0247192
0.00213623	0.0350952
-0.0601196	0.0341797
-0.0717163	0.0241089
-0.012207	0.0106812
0.0634766	-0.00274658
0.0942993	-0.015564
0.055542	-0.0268555
-0.0518799	-0.0357056
-0.114441	-0.0393677
-0.139465	-0.0350952
-0.107727	-0.0286865
0.00793457	-0.0259399
0.18219	-0.0241089
0.404663	-0.0198364
0.422363	-0.015564
0.186462	-0.0146484
-0.22583	-0.0140381
-0.554504	-0.0164795
-0.567017	-0.0259399
-0.292358	-0.0427246
0.107727	-0.0622559
0.346985	-0.0772095
0.310669	-0.085144
0.121155	-0.0869751
-0.0311279	-0.0836182
-0.0717163	-0.0732422
-0.0256348	-0.0585938
0.0665283	-0.0439453
0.117188	-0.0305176
0.0845337	-0.0183105
-0.0244141	-0.00732422
-0.126953	0.00427246
-0.167542	0.0152588
-0.137939	0.0204468
-0.055542	0.0180054
0.0131226	0.00640869
0.0595093	-0.010376
0.0787354	-0.0253296
0.0769043	-0.0357056
0.0469971	-0.0411987
0.0112915	-0.0427246
0.00366211	-0.0421143
-0.00946045	-0.0427246
-0.0338745	-0.0415039
-0.0497437	-0.03479
-0.0366211	-0.0238037
0.00793457	-0.010376
0.0408936	0.00274658
0.0418091	0.0131226
0.0262451	0.0170898
-0.00915527	0.0164795
-0.0149536	0.0146484
0.00579834	0.012207
0.0247192	0.00946045
0.0192261	0.00579834
-0.0143433	-0.000305176
-0.0314331	-0.00701904
-0.0424194	-0.012207
-0.0601196	-0.0140381
-0.0195313	-0.0119019
0.0454712	-0.00793457
0.0775146	-0.00854492
0.0637817	-0.0143433
0.0177002	-0.020752
-0.0421143	-0.0219727
-0.0854492	-0.0201416
-0.0949097	-0.0231934
-0.0592041	-0.0326538
-0.0158691	-0.0390625
0.0390625	-0.0354004
0.0872803	-0.0253296
0.0567627	-0.0119019
-0.00549316	0.000610352
-0.0479126	0.0115967
-0.0512695	0.0213623
-0.00915527	0.0299072
0.022583	0.0317383
0.0469971	0.0265503
0.0488281	0.0143433
0.0338745	-0.00488281
0.0469971	-0.0250244
0.0402832	-0.0402832
0.00457764	-0.0491333
-0.0515747	-0.0515747
-0.100403	-0.050354
-0.0738525	-0.0488281
-0.0100708	-0.0476074
0.0421143	-0.0439453
0.0656128	-0.0363159
0.0473022	-0.0244141
0.022583	-0.0131226
0.00793457	-0.00671387
0.00152588	-0.0115967
-0.00610352	-0.0222778
-0.0238037	-0.0302124
-0.0460815	-0.0344849
-0.0537109	-0.0405884
-0.039978	-0.0494385
-0.0210571	-0.0546265
-0.0137329	-0.0531006
-0.0170898	-0.0439453
-0.00823975	-0.0292969
0.0161743	-0.0143433
0.0408936	-0.00305176
0.0299072	0.00457764
0.00549316	0.00946045
0.00488281	0.012207
0.00488281	0.0134277
0.0112915	0.0112915
0.0125122	0.000610352
0.00610352	-0.0228882
0.00793457	-0.0509644
-0.0158691	-0.0720215
-0.00488281	-0.083313
0.0387573	-0.0869751
0.0802612	-0.0848389
0.0735474	-0.0775146
-0.00305176	-0.067749
-0.0793457	-0.0579834
-0.116272	-0.0485229
-0.0939941	-0.0387573
-0.0500488	-0.0265503
0.00183105	-0.0109863
0.050354	0.000915527
0.0680542	0.00640869
0.083313	0.00762939
0.0714111	0.00762939
0.0253296	0.0100708
-0.0302124	0.0143433
-0.0592041	0.0149536
-0.0521851	0.0109863
-0.0238037	0.00457764
-0.00366211	-0.000915527
-0.000915527	-0.00579834
-0.00854492	-0.0131226
-0.0256348	-0.0231934
-0.0296021	-0.0314331
-0.0213623	-0.0350952
0.00335693	-0.0375366
0.0241089	-0.0363159
0.0280762	-0.0262451
0.0360107	-0.00915527
0.0250244	0.00610352
-0.0106812	0.017395
-0.015564	0.0259399
0.0149536	0.0326538
0.0549316	0.0354004
0.0454712	0.0344849
-0.012207	0.0326538
-0.0350952	0.0292969
-0.0439453	0.0247192
-0.0311279	0.022583
0.00671387	0.0149536
-0.00152588	-0.000610352
-0.0302124	-0.010376
-0.0384521	-0.00762939
-0.0170898	-0.000610352
0.020752	0.00671387
0.0204468	0.0167847
-0.00671387	0.0299072
-0.0302124	0.0408936
-0.0286865	0.0476074
-0.000915527	0.0531006
0.0354004	0.062561
0.0619507	0.0714111
0.0631714	0.0747681
0.0567627	0.0701904
0.0341797	0.0576782
0.00427246	0.0411987
-0.0216675	0.0228882
-0.0427246	0.000915527
-0.0408936	-0.0231934
-0.0460815	-0.0421143
-0.0439453	-0.0531006
-0.0323486	-0.0582886
-0.0201416	-0.0598145
0.00732422	-0.0592041
0.0393677	-0.0558472
0.057373	-0.0466919
0.0665283	-0.0369263
0.0622559	-0.0302124
0.0326538	-0.0283813
-0.0283813	-0.0360107
-0.0610352	-0.0549316
-0.0634766	-0.0787354
-0.0427246	-0.102539
-0.0109863	-0.119629
-0.0213623	-0.122681
-0.0430298	-0.117188
-0.0552368	-0.110168
-0.043335	-0.102234
0.00823975	-0.090332
0.050354	-0.0717163
0.0531006	-0.0524902
0.043335	-0.038147
0.0497437	-0.0299072
0.0595093	-0.0305176
0.0479126	-0.0402832
0.022583	-0.0543213
-0.022583	-0.067749
-0.0408936	-0.0784302
-0.0363159	-0.0845337
-0.0366211	-0.0811768
-0.00396729	-0.0686646
0.0271606	-0.0509644
0.0595093	-0.0231934
0.0567627	0.0167847
0.0271606	0.0628662
-0.0393677	0.117188
-0.107727	0.179443
-0.12207	0.243225
-0.0805664	0.306396
0.0167847	0.362549
0.0775146	0.40802
0.0808716	0.445862
0.0238037	0.46936
-0.0497437	0.471802
-0.0952148	0.446167
-0.0970459	0.388184
-0.0445557	0.306091
0.0262451	0.217285
0.0949097	0.128174
0.182495	0.0341797
0.302124	-0.0588989
0.257263	-0.139465
0.0326538	-0.205078
-0.300598	-0.252991
-1.08795	-0.282288
-1.57776	-0.297852
-0.742188	-0.302734
0.974426	-0.296326
2.27631	-0.279846
2.27814	-0.257263
1.27441	-0.233459
-0.117188	-0.212708
-1.29181	-0.193787
-1.51398	-0.168152
-1.03577	-0.129089
-0.746155	-0.0860596
-0.801392	-0.0537109
-0.604553	-0.0338745
0.130005	-0.0201416
0.929565	-0.00610352
1.32019	0.00610352
1.04187	0.00915527
0.302734	0.00274658
-0.435486	-0.00549316
-0.890503	-0.00946045
-0.820923	-0.00946045
-0.265808	-0.0100708
0.417175	-0.0128174
0.832825	-0.0128174
0.778198	-0.00701904
0.357361	0.00244141
-0.195007	0.0100708
-0.606689	0.0119019
-0.680542	0.00488281
-0.458679	-0.00488281
-0.112	-0.00946045
0.151978	-0.0112915
0.229797	-0.0152588
0.168152	-0.0210571
0.0695801	-0.0262451
0.00305176	-0.0292969
-0.0439453	-0.0283813
-0.0390625	-0.0195313
0.0357056	-0.00701904
0.143433	0.00213623
0.1828	0.00213623
0.135498	-0.000915527
0.0393677	0.000305176
-0.0488281	0.00305176
-0.0994873	0.000915527
-0.137329	-0.00762939
-0.144653	-0.0183105
-0.0860596	-0.0274658
-0.0210571	-0.0335693
0.0375366	-0.0363159
0.088501	-0.032959
0.136719	-0.0231934
0.13916	-0.00915527
0.0561523	0.00732422
-0.0601196	0.0256348
-0.126038	0.0457764
-0.140991	0.0689697
-0.11261	0.0946045
-0.0515747	0.118713
0.00793457	0.135803
0.0375366	0.143738
0.0604248	0.13916
0.045166	0.126343
-0.00488281	0.113831
-0.0146484	0.10437
0.0219727	0.0949097
0.0427246	0.0842285
0.00915527	0.0741577
-0.0259399	0.0674438
-0.0198364	0.0662231
-0.0247192	0.0723267
-0.0439453	0.0848389
-0.0250244	0.100403
0.0408936	0.112915
0.111389	0.120239
0.118713	0.12207
0.0643921	0.120544
-0.0274658	0.118103
-0.050354	0.11261
-0.0128174	0.102234
0.00183105	0.0933838
-0.0262451	0.0933838
-0.0637817	0.0997925
-0.101624	0.106812
-0.0909424	0.115051
-0.0241089	0.130615
0.0717163	0.153503
0.152588	0.175476
0.130615	0.192566
0.0228882	0.203552
-0.0964355	0.210876
-0.144958	0.21759
-0.0875854	0.223694
0.00518799	0.227966
0.0595093	0.227661
0.050354	0.220947
0.0119019	0.211182
-0.00732422	0.199585
0.0289917	0.184937
0.0704956	0.172729
0.0616455	0.165405
0.000610352	0.157166
-0.0720215	0.146179
-0.0897217	0.131226
-0.0579834	0.115051
-0.00732422	0.101929
0.0378418	0.090332
0.0314331	0.0808716
0.00457764	0.0765991
-0.0320435	0.0796509
-0.0567627	0.0875854
-0.0308228	0.0918579
0.0305176	0.0927734
0.0991821	0.0924683
0.13092	0.088501
0.0891113	0.0796509
0.00366211	0.0701904
-0.0790405	0.0604248
-0.126953	0.0466919
-0.12085	0.0250244
-0.0723267	-0.00213623
-0.00640869	-0.0259399
0.0518799	-0.0411987
0.0857544	-0.0457764
0.0756836	-0.0418091
0.0302124	-0.0357056
-0.0228882	-0.0302124
-0.0579834	-0.0259399
-0.0439453	-0.0228882
-0.00946045	-0.0198364
-0.0415039	-0.0189209
-0.108337	-0.0219727
-0.0744629	-0.0244141
0.062561	-0.0213623
0.145264	-0.0158691
0.176392	-0.0125122
0.202332	-0.00793457
0.189514	0.00183105
0.00152588	0.0143433
-0.202942	0.022583
-0.22522	0.0192261
-0.183105	0.00793457
-0.185242	0.000915527
-0.180054	-0.000305176
-0.0695801	-0.00274658
0.0973511	-0.00732422
0.215759	-0.00946045
0.288391	-0.00732422
0.289001	-0.00366211
0.154114	0.00396729
-0.108337	0.0177002
-0.305786	0.0292969
-0.279846	0.0332642
-0.0747681	0.0344849
0.141296	0.0338745
0.235291	0.0292969
0.195618	0.0186157
0.0860596	0.0100708
-0.000305176	0.00549316
-0.050354	0.00244141
-0.107422	-0.00213623
-0.178223	-0.00640869
-0.240479	-0.00579834
-0.235291	-0.00274658
-0.139771	-0.00213623
0.00366211	-0.00305176
0.137024	-0.00457764
0.19928	-0.00579834
0.174561	-0.00396729
0.11322	0.00274658
0.0454712	0.010376
-0.000915527	0.017395
-0.00915527	0.0268555
-0.00427246	0.039978
-0.000610352	0.0509644
-0.0088501	0.0561523
-0.0140381	0.0585938
-0.022583	0.0585938
-0.0259399	0.0543213
-0.0146484	0.0491333
0.00152588	0.045166
0.0161743	0.0418091
0.00640869	0.0375366
-0.00915527	0.0350952
-0.0338745	0.0372314
-0.0494385	0.0454712
-0.0167847	0.0537109
0.0332642	0.0564575
0.0769043	0.0534058
0.0610352	0.0460815
0.00732422	0.0369263
-0.0439453	0.0283813
-0.0820923	0.0210571
-0.0759888	0.0140381
-0.0668335	0.00518799
-0.0128174	-0.00579834
0.0402832	-0.0192261
0.0869751	-0.0317383
0.0976563	-0.0360107
0.0588989	-0.0299072
0.00915527	-0.0192261
-0.0558472	-0.00854492
-0.0723267	0.00457764
-0.0958252	0.0180054
-0.0585938	0.0299072
-0.00854492	0.0396729
0.0521851	0.0445557
0.0921631	0.0405884
0.0750732	0.0296021
0.0344849	0.0189209
-0.0341797	0.00671387
-0.0463867	-0.0115967
-0.0344849	-0.0357056
0.0115967	-0.0595093
0.0265503	-0.0775146
0.03479	-0.0860596
0.0183105	-0.0872803
0.010376	-0.0857544
-0.00549316	-0.0765991
-0.0308228	-0.0558472
-0.0238037	-0.0314331
-0.0271606	-0.010376
-0.0289917	0.00335693
-0.0314331	0.012207
-0.0177002	0.0213623
-0.00640869	0.0323486
0.00823975	0.0375366
0.0213623	0.038147
0.0308228	0.0360107
0.0494385	0.0320435
0.0576782	0.027771
0.0350952	0.0247192
-0.00549316	0.0262451
-0.0552368	0.0308228
-0.0714111	0.0332642
-0.0567627	0.0326538
-0.0192261	0.032959
0.00671387	0.0372314
0.00244141	0.0476074
-0.0146484	0.057373
-0.0231934	0.0582886
0.00762939	0.0476074
0.0469971	0.0299072
0.0704956	0.0106812
0.0561523	-0.00457764
0.0210571	-0.012207
-0.0198364	-0.0158691
-0.0531006	-0.0186157
-0.0408936	-0.0180054
-0.017395	-0.0115967
0.0161743	0.00183105
0.0280762	0.0180054
0.0341797	0.0280762
0.0216675	0.0286865
-0.0109863	0.0253296
-0.0390625	0.020752
-0.0527954	0.0112915
-0.0360107	-0.00579834
0.00549316	-0.020752
0.0491333	-0.0268555
0.0616455	-0.0231934
0.0500488	-0.0131226
0.00976563	0.00305176
-0.0405884	0.0216675
-0.0704956	0.0402832
-0.0683594	0.0579834
-0.0332642	0.0738525
-0.0012207	0.0802612
0.0201416	0.0723267
0.0326538	0.0543213
0.0341797	0.0302124
0.0384521	0.00183105
0.0357056	-0.0289917
0.0250244	-0.0601196
0.00427246	-0.0900269
-0.0228882	-0.111694
-0.0460815	-0.119934
-0.0326538	-0.115662
0	-0.107117
0.0119019	-0.101624
-0.00488281	-0.098877
-0.0354004	-0.0942993
-0.03479	-0.0863647
0.00732422	-0.0769043
0.0500488	-0.072937
0.0643921	-0.0753784
0.0421143	-0.078125
-0.0198364	-0.0784302
-0.0891113	-0.0784302
-0.101929	-0.0808716
-0.050354	-0.0793457
0.0350952	-0.0778198
0.102234	-0.0753784
0.111389	-0.071106
0.0735474	-0.0668335
0.0186157	-0.0643921
-0.0231934	-0.0610352
-0.057373	-0.0546265
-0.0759888	-0.0497437
-0.0668335	-0.0476074
-0.0415039	-0.0469971
-0.0149536	-0.0469971
0.00854492	-0.0454712
0.0491333	-0.0387573
0.101013	-0.0308228
0.127563	-0.0219727
0.110779	-0.0143433
0.038147	-0.00457764
-0.0582886	0.015564
-0.124512	0.0552368
-0.142517	0.112915
-0.115051	0.180664
-0.071106	0.25238
-0.0473022	0.32196
-0.0375366	0.383606
-0.0454712	0.431519
-0.0604248	0.458984
-0.0540161	0.458984
-0.0234985	0.426331
0.0463867	0.361633
0.143738	0.270081
0.219116	0.157166
0.256348	0.0369263
0.269775	-0.0756836
0.175171	-0.170898
-0.0387573	-0.245361
-0.138855	-0.298462
-0.470276	-0.330811
-1.17462	-0.343933
-1.06506	-0.341797
0.267639	-0.325928
1.60309	-0.294189
1.88873	-0.25177
1.21552	-0.211792
0.11322	-0.1828
-0.863953	-0.162964
-1.17249	-0.143433
-0.881958	-0.124207
-0.549927	-0.106812
-0.491638	-0.0900269
-0.559692	-0.0720215
-0.362549	-0.0567627
0.189209	-0.050354
0.767212	-0.0531006
1.03638	-0.0582886
0.859985	-0.0558472
0.346069	-0.043335
-0.222473	-0.0311279
-0.574036	-0.0286865
-0.556641	-0.03479
-0.255737	-0.043335
0.113831	-0.0512695
0.386353	-0.0564575
0.42511	-0.0595093
0.235596	-0.06073
-0.0610352	-0.062561
-0.322876	-0.0656128
-0.415649	-0.071106
-0.304565	-0.0744629
-0.117798	-0.0686646
0.0247192	-0.0549316
0.116577	-0.0393677
0.149841	-0.0259399
0.105591	-0.0161743
0.00518799	-0.0115967
-0.062561	-0.00793457
-0.0262451	-0.0100708
0.0238037	-0.0222778
0.0601196	-0.0387573
0.09552	-0.050354
0.10437	-0.0549316
0.0790405	-0.0582886
0.0195313	-0.0656128
-0.0537109	-0.072937
-0.138245	-0.0753784
-0.179749	-0.0701904
-0.104065	-0.0598145
0.0186157	-0.0479126
0.108337	-0.0360107
0.126038	-0.0250244
0.0881958	-0.0152588
0.0439453	-0.00549316
0.0134277	0.00335693
-0.0213623	0.00823975
-0.0415039	0.00762939
-0.0247192	0.0012207
-0.00396729	-0.00518799
-0.000305176	-0.00335693
-0.0204468	0.00640869
-0.0234985	0.0183105
-0.015564	0.0268555
-0.0357056	0.0274658
-0.0558472	0.0265503
-0.0256348	0.0335693
0.0253296	0.0485229
0.0509644	0.0628662
0.0491333	0.0735474
0.0378418	0.0793457
0.0350952	0.0796509
0.0140381	0.0775146
-0.0476074	0.0741577
-0.0863647	0.0732422
-0.0582886	0.0808716
-0.0112915	0.0946045
-0.0088501	0.109558
-0.0354004	0.119629
-0.0250244	0.121765
0.032959	0.119934
0.0997925	0.12085
0.135498	0.124817
0.0946045	0.127258
0.0012207	0.122986
-0.101318	0.114136
-0.149231	0.10437
-0.119629	0.0979614
-0.0140381	0.0958252
0.0753784	0.0982666
0.0848389	0.102539
0.0302124	0.109558
-0.0341797	0.119324
-0.050354	0.128784
-0.00762939	0.132751
0.050354	0.129089
0.071106	0.122681
0.0674438	0.117493
0.0506592	0.113525
0.00946045	0.108643
-0.0497437	0.106506
-0.0793457	0.107727
-0.0732422	0.108643
-0.0445557	0.106812
0.010376	0.10376
0.0619507	0.0976563
0.0595093	0.0863647
0.0241089	0.0701904
-0.00732422	0.0537109
-0.0308228	0.0411987
-0.0302124	0.0268555
-0.020752	0.00762939
0.00244141	-0.0125122
0.0408936	-0.0283813
0.0445557	-0.0357056
-0.00823975	-0.0326538
-0.067749	-0.0234985
-0.0808716	-0.012207
-0.0363159	-0.00457764
0.0189209	-0.00274658
0.0585938	-0.00305176
0.0643921	-0.00305176
0.0186157	-0.00335693
-0.0552368	-0.0088501
-0.110168	-0.0201416
-0.085144	-0.0332642
0.0134277	-0.0460815
0.11322	-0.055542
0.136719	-0.0650024
0.0622559	-0.0747681
-0.0393677	-0.0762939
-0.101013	-0.0656128
-0.0979614	-0.0476074
-0.0985718	-0.0308228
-0.127869	-0.0192261
-0.0488281	-0.0134277
0.132751	-0.0100708
0.240784	-0.00854492
0.319824	-0.0109863
0.351868	-0.0210571
0.236816	-0.0387573
-0.131836	-0.06073
-0.524902	-0.0842285
-0.592651	-0.105896
-0.366821	-0.121155
-0.0671387	-0.123291
0.153503	-0.115356
0.278625	-0.10498
0.301514	-0.0930786
0.222168	-0.0775146
0.0869751	-0.0601196
-0.045166	-0.050354
-0.118713	-0.0506592
-0.0933838	-0.0549316
-0.0204468	-0.0579834
0.0610352	-0.0619507
0.122681	-0.0671387
0.114136	-0.071106
0.0112915	-0.0698853
-0.119934	-0.0631714
-0.159912	-0.0518799
-0.0979614	-0.0402832
-0.0140381	-0.0332642
0.0384521	-0.0302124
0.0448608	-0.0222778
0.0195313	-0.00671387
-0.020752	0.00457764
-0.0708008	0.00427246
-0.0726318	-0.00274658
-0.0131226	-0.0109863
0.0527954	-0.0183105
0.103455	-0.0268555
0.10498	-0.0335693
0.0497437	-0.032959
-0.0302124	-0.0292969
-0.10437	-0.0286865
-0.115051	-0.0332642
-0.0473022	-0.0384521
0.0418091	-0.0375366
0.0982666	-0.0283813
0.0830078	-0.0131226
0	0.00457764
-0.0650024	0.017395
-0.0704956	0.0250244
-0.0289917	0.0286865
0.0253296	0.0262451
0.0564575	0.0183105
0.0671387	0.00640869
0.0363159	-0.00762939
-0.039978	-0.0222778
-0.0952148	-0.0326538
-0.108337	-0.0372314
-0.0845337	-0.0393677
-0.0088501	-0.0375366
0.0640869	-0.0326538
0.0952148	-0.0311279
0.101929	-0.0317383
0.0927734	-0.0299072
0.055542	-0.0317383
-0.0234985	-0.0369263
-0.0946045	-0.043335
-0.0765991	-0.0534058
0.00244141	-0.0665283
0.062561	-0.0756836
0.06073	-0.0744629
0.0119019	-0.0643921
-0.0650024	-0.0488281
-0.149231	-0.0305176
-0.20813	-0.0146484
-0.06073	-0.00366211
0.253906	0.000305176
0.39978	-0.00366211
0.255432	-0.0100708
-0.0372314	-0.0186157
-0.27832	-0.0311279
-0.333557	-0.0448608
-0.217896	-0.0576782
-0.0302124	-0.0640869
0.121155	-0.0619507
0.175171	-0.055542
0.119019	-0.0445557
0.0134277	-0.0286865
-0.0622559	-0.0100708
-0.083313	0.00579834
-0.0537109	0.0149536
0.00793457	0.0164795
0.0531006	0.0128174
0.0405884	0.00701904
0.0158691	-0.00457764
0.0183105	-0.0213623
0.0271606	-0.0341797
0.0262451	-0.0396729
0.00610352	-0.0405884
-0.0415039	-0.039978
-0.0640869	-0.0360107
-0.027771	-0.0296021
0.0177002	-0.0238037
0.0457764	-0.0216675
0.00823975	-0.020752
-0.0518799	-0.0198364
-0.0720215	-0.0228882
-0.0427246	-0.0286865
0.0186157	-0.0338745
0.0799561	-0.0387573
0.111084	-0.0454712
0.0891113	-0.0506592
0.015564	-0.0476074
-0.0482178	-0.0360107
-0.0775146	-0.020752
-0.0854492	-0.00701904
-0.0640869	0.0012207
-0.00823975	0.00213623
0.0518799	-0.00427246
0.0692749	-0.00793457
0.0454712	-0.00274658
0.00976563	0.00854492
-0.0271606	0.0177002
-0.0595093	0.0177002
-0.0692749	0.0109863
-0.0369263	0.00579834
0.022583	0.012207
0.06073	0.0289917
0.0592041	0.045166
0.0247192	0.050354
-0.0280762	0.0491333
-0.065918	0.0497437
-0.0558472	0.0564575
-0.0186157	0.0640869
0.03479	0.0665283
0.0848389	0.0634766
0.10376	0.0576782
0.0735474	0.0506592
-0.00396729	0.0442505
-0.083313	0.0390625
-0.115356	0.0317383
-0.0927734	0.0198364
-0.0372314	0.00335693
0.00488281	-0.0143433
0.00823975	-0.0280762
0.00701904	-0.0320435
0.0137329	-0.0314331
0.00701904	-0.0341797
0.0112915	-0.0415039
0.0418091	-0.0482178
0.0814819	-0.0500488
0.0894165	-0.0469971
0.0497437	-0.0415039
0.00946045	-0.0375366
-0.00946045	-0.0375366
-0.0222778	-0.0421143
-0.0439453	-0.0500488
-0.0466919	-0.0588989
-0.0515747	-0.0680542
-0.0656128	-0.0787354
-0.0411987	-0.0891113
0.0167847	-0.0967407
0.0662231	-0.0997925
0.0436401	-0.100098
-0.0411987	-0.0970459
-0.0985718	-0.0927734
-0.0827026	-0.088501
-0.000610352	-0.0827026
0.0775146	-0.0738525
0.118408	-0.0567627
0.148315	-0.0372314
0.143738	-0.0219727
0.071106	-0.0180054
-0.0457764	-0.020752
-0.124207	-0.0170898
-0.137024	-0.0119019
-0.110779	-0.0152588
-0.0567627	-0.0256348
-0.0222778	-0.0375366
-0.0311279	-0.0424194
-0.0372314	-0.0323486
-0.015564	-0.00946045
0.0466919	0.020752
0.126343	0.0576782
0.153809	0.108337
0.0686646	0.177002
-0.0674438	0.258484
-0.130005	0.344543
-0.111694	0.424194
-0.0857544	0.494385
-0.0802612	0.551147
-0.0543213	0.583801
-0.00488281	0.584106
0.0460815	0.550842
0.112	0.487671
0.159607	0.402527
0.116882	0.306091
-0.0375366	0.203552
-0.13031	0.0973511
0	-0.00671387
0.111084	-0.102234
0.265198	-0.183105
0.10498	-0.24292
-0.45166	-0.279541
-0.438538	-0.292969
0.335693	-0.28656
0.924988	-0.268555
0.724182	-0.245361
0.105896	-0.219727
-0.444946	-0.195007
-0.726624	-0.174255
-0.578613	-0.153198
-0.205994	-0.130005
-0.098877	-0.108948
-0.371094	-0.0918579
-0.617371	-0.0811768
-0.461426	-0.0765991
0.00823975	-0.0704956
0.490112	-0.0616455
0.795898	-0.0524902
0.874329	-0.0445557
0.72998	-0.0390625
0.393372	-0.0372314
-0.0418091	-0.0387573
-0.41748	-0.0424194
-0.585327	-0.0460815
-0.488892	-0.0466919
-0.203247	-0.0436401
0.106506	-0.0360107
0.293579	-0.0244141
0.279236	-0.0134277
0.0811768	-0.00274658
-0.145264	0.00640869
-0.232544	0.0152588
-0.194397	0.0274658
-0.111389	0.039978
-0.00549316	0.0457764
0.0616455	0.0411987
0.0463867	0.0305176
-0.00427246	0.0195313
0.00518799	0.0140381
0.0531006	0.0183105
0.0769043	0.0308228
0.100098	0.0427246
0.0726318	0.0436401
-0.000610352	0.0317383
-0.0512695	0.015564
-0.0564575	0.00488281
-0.0338745	0.00183105
-0.0384521	0.00305176
-0.0723267	0.00305176
-0.0701904	-0.00152588
-0.0527954	-0.00762939
-0.0613403	-0.00854492
-0.039978	-0.00305176
0.0378418	0.00793457
0.134888	0.0216675
0.192566	0.032959
0.155945	0.0363159
0.0634766	0.0286865
-0.0289917	0.0170898
-0.104675	0.00549316
-0.0933838	-0.00518799
-0.00701904	-0.0158691
0.0192261	-0.0241089
-0.055542	-0.0259399
-0.118103	-0.0195313
-0.0668335	-0.00762939
0.0686646	0.00335693
0.170288	0.0119019
0.191345	0.0213623
0.122375	0.0354004
-0.00701904	0.057373
-0.138245	0.0827026
-0.197754	0.107117
-0.166016	0.130005
-0.0933838	0.150146
-0.0204468	0.166931
0.0244141	0.178528
0.0262451	0.185242
0.0115967	0.186462
0.0170898	0.182495
0.0442505	0.174866
0.0698853	0.16449
0.0662231	0.154724
0.050354	0.150146
0.0436401	0.153503
0.0350952	0.161438
0.0088501	0.170593
-0.0247192	0.175476
-0.050354	0.177612
-0.0613403	0.180664
-0.0469971	0.182495
-0.0250244	0.177917
-0.0231934	0.166626
-0.038147	0.154114
-0.0292969	0.144348
0.0177002	0.140686
0.0628662	0.143433
0.0753784	0.151367
0.0595093	0.162048
0.0128174	0.175781
-0.0424194	0.186768
-0.0534058	0.19043
-0.0119019	0.186768
0.0378418	0.176392
0.0524902	0.161743
0.0128174	0.144348
-0.0390625	0.126038
-0.06073	0.109558
-0.050354	0.0952148
-0.0198364	0.085144
0.0198364	0.0830078
0.0482178	0.0866699
0.0634766	0.0942993
0.0692749	0.101318
0.0628662	0.101624
0.0384521	0.0921631
-0.00518799	0.0756836
-0.0546265	0.0579834
-0.0875854	0.0393677
-0.0784302	0.0210571
-0.0436401	0.00732422
-0.0183105	-0.00427246
-0.0378418	-0.0158691
-0.0683594	-0.0238037
-0.0686646	-0.0250244
-0.0338745	-0.0189209
0.022583	-0.00854492
0.0616455	0.0012207
0.0759888	0.00671387
0.0622559	0.0112915
0.0332642	0.0167847
0.00915527	0.0222778
0.00244141	0.0253296
0.00427246	0.0216675
-0.000305176	0.00701904
-0.0457764	-0.0137329
-0.0942993	-0.0292969
-0.0396729	-0.0390625
0.0714111	-0.0494385
0.228882	-0.0631714
0.360107	-0.0741577
0.297852	-0.0793457
0.00823975	-0.0784302
-0.426331	-0.0720215
-0.665588	-0.06073
-0.535278	-0.0436401
-0.169067	-0.0228882
0.216064	-0.00671387
0.444641	0.00366211
0.462952	0.00946045
0.314026	0.00946045
0.108032	0.00549316
-0.0408936	0.00213623
-0.123596	0.00244141
-0.137939	0.00701904
-0.124512	0.0146484
-0.111389	0.020752
-0.0888062	0.0195313
-0.0634766	0.0115967
-0.0195313	0.00396729
0.0158691	0.00152588
0.0198364	0.00305176
0.027771	0.00640869
0.0527954	0.00793457
0.0479126	0.00640869
0.0167847	0.00274658
-0.020752	-0.00518799
-0.0238037	-0.0128174
-0.0100708	-0.0152588
0.00244141	-0.0137329
0.0119019	-0.00946045
0.012207	-0.00671387
0.0125122	-0.00946045
0.0158691	-0.0161743
-0.00793457	-0.0244141
-0.032959	-0.0314331
-0.0354004	-0.032959
-0.0280762	-0.0256348
-0.0012207	-0.0112915
0.0643921	0.00335693
0.117493	0.0100708
0.103455	0.0106812
0.0274658	0.0158691
-0.0570679	0.0305176
-0.125427	0.0469971
-0.138855	0.0540161
-0.088501	0.0515747
0.0106812	0.043335
0.101318	0.0320435
0.126648	0.017395
0.0714111	-0.0012207
-0.0112915	-0.0167847
-0.0820923	-0.0262451
-0.107117	-0.0308228
-0.0909424	-0.0378418
-0.043335	-0.0445557
0.0286865	-0.0427246
0.0653076	-0.0305176
0.0491333	-0.0131226
0.022583	0.00427246
0.0158691	0.0186157
0.0247192	0.0265503
0.00335693	0.0283813
-0.0354004	0.0274658
-0.0421143	0.0259399
-0.0436401	0.0259399
-0.00793457	0.0219727
0.0601196	0.0100708
0.0970459	-0.00579834
0.102844	-0.0213623
0.0753784	-0.0326538
0.0268555	-0.0411987
-0.03479	-0.0482178
-0.0958252	-0.0543213
-0.102844	-0.0601196
-0.0753784	-0.0616455
-0.0283813	-0.0524902
0.0134277	-0.0375366
0.0564575	-0.0228882
0.0952148	-0.0134277
0.0720215	-0.0112915
0.0128174	-0.0167847
-0.0595093	-0.0280762
-0.0778198	-0.0387573
-0.0390625	-0.0479126
-0.00213623	-0.0540161
0.0286865	-0.0561523
0.0332642	-0.0540161
-0.0137329	-0.0494385
-0.0762939	-0.043335
-0.120544	-0.0332642
-0.106506	-0.0164795
-0.0222778	0.00335693
0.0796509	0.0213623
0.115967	0.032959
0.0848389	0.03479
0.03479	0.0296021
0.00732422	0.022583
-0.00610352	0.0161743
-0.0183105	0.0152588
-0.0250244	0.020752
-0.032959	0.0265503
-0.0354004	0.0259399
-0.015564	0.0216675
0.03479	0.0189209
0.0714111	0.017395
0.0543213	0.0131226
0.00274658	0.00640869
-0.0463867	-0.00244141
-0.0357056	-0.0119019
-0.00793457	-0.0167847
-0.000305176	-0.0210571
0.0228882	-0.027771
0.0448608	-0.0360107
0.0527954	-0.0418091
0.0308228	-0.0430298
0.00488281	-0.0390625
-0.0167847	-0.0286865
-0.0576782	-0.017395
-0.0848389	-0.0149536
-0.067749	-0.0198364
-0.0112915	-0.0228882
0.0473022	-0.0183105
0.0769043	-0.00915527
0.0698853	-0.00549316
0.0119019	-0.00793457
-0.0689697	-0.010376
-0.135803	-0.00915527
-0.125732	-0.00549316
-0.0427246	-0.000610352
0.0323486	0.00793457
0.0775146	0.0180054
0.0930786	0.0259399
0.0762939	0.0354004
0.0393677	0.0488281
0.00488281	0.0631714
0.0161743	0.0775146
0.0320435	0.0878906
0.0131226	0.0915527
-0.0112915	0.088501
-0.0390625	0.0817871
-0.0646973	0.0778198
-0.0674438	0.0756836
-0.0390625	0.0701904
-0.0106812	0.0628662
0.0131226	0.0567627
0.0387573	0.0537109
0.0701904	0.0543213
0.0582886	0.0576782
-0.0167847	0.0613403
-0.0601196	0.0668335
-0.055542	0.0720215
-0.0308228	0.0747681
0.0186157	0.078125
0.0619507	0.0827026
0.0506592	0.0839233
0.0210571	0.0787354
-0.0332642	0.0646973
-0.0744629	0.0488281
-0.0512695	0.0366211
0.00579834	0.0265503
0.0564575	0.0164795
0.0497437	0.00671387
0.0231934	-0.00457764
-0.00305176	-0.0219727
-0.0387573	-0.0436401
-0.0534058	-0.0552368
-0.0369263	-0.0537109
0.0106812	-0.0491333
0.0585938	-0.0512695
0.0817871	-0.0552368
0.085144	-0.0518799
0.0378418	-0.0442505
-0.0341797	-0.0390625
-0.0830078	-0.0384521
-0.0753784	-0.038147
-0.0604248	-0.0360107
-0.072937	-0.0338745
-0.0531006	-0.0311279
-0.0109863	-0.0247192
0.0216675	-0.017395
0.0457764	-0.0134277
0.0585938	-0.0128174
0.06073	-0.010376
0.0494385	-0.00305176
0.0357056	0.00213623
0.0198364	-0.00335693
-0.00732422	-0.015564
-0.0198364	-0.0259399
-0.00762939	-0.032959
0.00640869	-0.0439453
0.00518799	-0.0601196
-0.0256348	-0.0732422
-0.0427246	-0.0747681
-0.020752	-0.0640869
0.000305176	-0.0466919
0.0289917	-0.0250244
0.0411987	0.00579834
0.0262451	0.0482178
-0.00793457	0.102539
-0.0415039	0.166016
-0.0579834	0.234985
-0.0720215	0.307007
-0.0949097	0.381165
-0.0979614	0.455322
-0.0646973	0.526733
-0.0241089	0.580444
0.00915527	0.595398
0.0466919	0.565491
0.100708	0.501404
0.158081	0.417175
0.174866	0.320435
0.147705	0.210876
0.119019	0.0921631
0.117798	-0.0296021
0.0350952	-0.144043
-0.0286865	-0.234985
-0.155029	-0.293274
-0.796204	-0.319519
-1.18958	-0.320435
-0.424805	-0.30426
0.870056	-0.272827
1.66534	-0.231628
1.5155	-0.188293
0.599976	-0.153198
-0.794983	-0.131531
-1.68579	-0.118103
-1.14502	-0.10376
0.0341797	-0.0854492
0.750427	-0.0665283
0.848389	-0.0476074
0.206909	-0.0292969
-0.786133	-0.0180054
-1.185	-0.0128174
-0.528259	-0.00976563
0.481873	-0.00457764
0.961304	0.000915527
0.7547	0.00183105
0.217285	-0.00335693
-0.220032	-0.0149536
-0.350037	-0.0289917
-0.254822	-0.0418091
-0.0476074	-0.0506592
0.143738	-0.0494385
0.220642	-0.0393677
0.184021	-0.027771
0.0360107	-0.0216675
-0.170593	-0.0192261
-0.299683	-0.0158691
-0.322571	-0.012207
-0.19989	-0.0112915
0.00488281	-0.00976563
0.136108	-0.00671387
0.158997	-0.00579834
0.124512	-0.00671387
0.0918579	-0.0100708
0.0521851	-0.017395
0.0430298	-0.0253296
0.0845337	-0.0265503
0.113831	-0.0238037
0.0802612	-0.0204468
-0.0454712	-0.0216675
-0.153198	-0.0253296
-0.129089	-0.0250244
-0.0512695	-0.0189209
-0.0335693	-0.00366211
-0.0442505	0.0204468
-0.0292969	0.0466919
0.00183105	0.0701904
0.0106812	0.0900269
0.0405884	0.104675
0.083313	0.114136
0.0869751	0.118408
0.0390625	0.115967
-0.0326538	0.101624
-0.0973511	0.0799561
-0.128479	0.0628662
-0.0891113	0.0494385
0.0119019	0.038147
0.108948	0.0323486
0.126953	0.0341797
0.0549316	0.0421143
-0.0393677	0.0540161
-0.0762939	0.0674438
-0.0128174	0.0811768
0.0445557	0.0909424
0.00671387	0.0982666
-0.0354004	0.103149
-0.0534058	0.101929
-0.0537109	0.0924683
-0.00610352	0.0796509
0.0598145	0.0720215
0.109863	0.0701904
0.126953	0.0726318
0.0802612	0.0808716
-0.0128174	0.0930786
-0.0906372	0.107727
-0.123291	0.125427
-0.138245	0.143127
-0.126343	0.158997
-0.0564575	0.172424
0.0692749	0.180664
0.18219	0.183105
0.186157	0.179749
0.0665283	0.170898
-0.0769043	0.157471
-0.126953	0.141907
-0.071106	0.126648
0.0115967	0.117188
0.0738525	0.121765
0.0616455	0.135498
-0.0305176	0.148621
-0.0958252	0.160522
-0.0875854	0.177002
-0.0350952	0.19989
0.0283813	0.223694
0.0875854	0.238953
0.119019	0.241089
0.065918	0.237122
-0.0134277	0.232544
-0.0643921	0.219421
-0.0747681	0.199585
-0.0448608	0.175781
0.00640869	0.147095
0.0460815	0.113831
0.0537109	0.085144
0.0164795	0.0674438
-0.0473022	0.0616455
-0.0634766	0.062561
-0.038147	0.0646973
-0.00335693	0.0689697
0.0292969	0.0787354
0.0448608	0.090332
0.0247192	0.0985718
-0.00701904	0.10498
-0.0253296	0.111694
-0.0204468	0.111694
0.00579834	0.100403
0.0265503	0.0796509
0.0216675	0.0570679
0.00732422	0.0338745
-0.00366211	0.00946045
-0.0204468	-0.0164795
-0.0167847	-0.0402832
0.0222778	-0.0564575
0.0463867	-0.0610352
0.0326538	-0.0537109
-0.0143433	-0.0430298
-0.0494385	-0.0363159
-0.0671387	-0.0366211
-0.0872803	-0.0357056
-0.0787354	-0.0271606
-0.0372314	-0.0164795
-0.0299072	-0.0088501
-0.0585938	-0.00915527
0.022583	-0.0167847
0.13092	-0.0271606
0.235901	-0.0335693
0.302124	-0.0360107
0.296326	-0.0357056
0.101929	-0.0311279
-0.210571	-0.0210571
-0.362854	-0.0100708
-0.341187	-0.00457764
-0.265503	-0.00518799
-0.164795	-0.00762939
-0.0411987	-0.00976563
-0.00244141	-0.00823975
0.0201416	-0.00457764
0.175781	0
0.355835	0.00488281
0.419617	0.00640869
0.331116	0.00640869
0.12207	0.0088501
-0.0723267	0.0146484
-0.18219	0.0216675
-0.211792	0.0262451
-0.195313	0.0268555
-0.172729	0.0216675
-0.151062	0.0106812
-0.102844	-0.00335693
-0.0405884	-0.0161743
0.0170898	-0.0247192
0.0466919	-0.0247192
0.0540161	-0.0180054
0.032959	-0.00671387
0.00762939	0.0112915
0.0253296	0.0344849
0.0561523	0.0540161
0.0708008	0.0671387
0.0805664	0.0762939
0.0738525	0.0823975
0.0418091	0.0836182
-0.0140381	0.0799561
-0.0698853	0.0714111
-0.0769043	0.0610352
-0.057373	0.0506592
-0.0326538	0.038147
-0.00335693	0.0216675
0.0137329	0.00518799
0.0204468	-0.00305176
-0.00366211	-0.00396729
-0.0241089	0.000610352
-0.00335693	0.00457764
0.0131226	-0.000915527
0.0296021	-0.0152588
0.0302124	-0.0280762
0.0106812	-0.0308228
0.00640869	-0.0201416
0.0228882	-0.00427246
0.0241089	0.00915527
-0.0231934	0.0183105
-0.0881958	0.0241089
-0.102844	0.0286865
-0.0537109	0.03479
0.0112915	0.0415039
0.0714111	0.0488281
0.0924683	0.0537109
0.067749	0.0558472
0.050354	0.0509644
0.0366211	0.0384521
0.0012207	0.0247192
-0.0500488	0.0183105
-0.100098	0.0222778
-0.0994873	0.0335693
-0.0460815	0.0473022
0.0158691	0.0534058
0.0720215	0.0512695
0.108032	0.0466919
0.0961304	0.0442505
0.0427246	0.0454712
-0.015564	0.0445557
-0.067749	0.0363159
-0.0982666	0.0201416
-0.102234	0.00183105
-0.0616455	-0.0115967
-0.00640869	-0.0164795
0.0213623	-0.0152588
0.0308228	-0.012207
0.0317383	-0.0109863
0.0366211	-0.00976563
0.0448608	-0.00518799
0.0524902	-0.00427246
0.0585938	-0.00793457
0.039978	-0.00915527
-0.00854492	-0.0115967
-0.062561	-0.0167847
-0.106812	-0.0219727
-0.118408	-0.0274658
-0.0720215	-0.0354004
0.00793457	-0.0411987
0.0836182	-0.0396729
0.110168	-0.0296021
0.0714111	-0.0170898
0.0115967	-0.00640869
-0.0265503	0.00579834
-0.0354004	0.0219727
-0.0128174	0.0430298
0.0164795	0.0634766
0.0280762	0.0799561
0.0161743	0.0939941
-0.0222778	0.10376
-0.0613403	0.107117
-0.0631714	0.105591
-0.0256348	0.0994873
0.020752	0.090332
0.0436401	0.0805664
0.0314331	0.0717163
0.00488281	0.0634766
-0.0195313	0.0552368
-0.0247192	0.0469971
0.00518799	0.0378418
0.0372314	0.0292969
0.039978	0.0256348
0.0192261	0.0283813
-0.00579834	0.0338745
-0.0170898	0.0354004
-0.0244141	0.032959
-0.0311279	0.0323486
-0.0192261	0.0378418
-0.000610352	0.0494385
-0.0109863	0.06073
-0.0183105	0.0714111
-0.00640869	0.0820923
0.0177002	0.0860596
0.0430298	0.0817871
0.0390625	0.072937
0.0177002	0.0598145
-0.00335693	0.0430298
-0.0100708	0.0244141
-0.00305176	0.00732422
0.00183105	-0.00915527
-0.00579834	-0.0274658
-0.0128174	-0.0436401
-0.017395	-0.0521851
-0.0219727	-0.0534058
-0.0253296	-0.0531006
-0.0247192	-0.0537109
-0.00152588	-0.0582886
0.038147	-0.0689697
0.0692749	-0.0765991
0.0720215	-0.0714111
0.032959	-0.0567627
-0.022583	-0.043335
-0.0787354	-0.0378418
-0.122986	-0.0366211
-0.127563	-0.0378418
-0.0769043	-0.0375366
0.00610352	-0.0332642
0.0830078	-0.0286865
0.123291	-0.0259399
0.122375	-0.0231934
0.101624	-0.0201416
0.0601196	-0.0195313
-0.00305176	-0.0213623
-0.0598145	-0.0241089
-0.0827026	-0.0262451
-0.0784302	-0.0271606
-0.0485229	-0.0283813
-0.0128174	-0.032959
0.0140381	-0.0405884
0.0280762	-0.0469971
0.0299072	-0.0509644
0.0320435	-0.0512695
0.0323486	-0.0448608
0.0454712	-0.0299072
0.0567627	-0.00488281
0.0527954	0.0314331
0.0393677	0.0799561
-0.020752	0.13916
-0.142212	0.201416
-0.223389	0.263672
-0.2005	0.325623
-0.0909424	0.386047
0.0332642	0.439453
0.0848389	0.474548
0.0537109	0.484009
-0.00823975	0.467224
-0.0485229	0.424805
-0.0125122	0.361023
0.09552	0.277405
0.219116	0.181274
0.300903	0.0790405
0.310059	-0.0213623
0.119324	-0.11261
-0.116577	-0.185242
-0.297546	-0.233459
-0.794373	-0.264587
-1.16425	-0.282288
-0.496826	-0.283508
0.819702	-0.271912
1.63177	-0.247498
1.4151	-0.214539
0.621033	-0.185242
-0.323792	-0.163574
-0.959167	-0.14801
-0.871582	-0.134277
-0.378418	-0.121765
-0.112	-0.108337
-0.254211	-0.0946045
-0.522461	-0.0830078
-0.431519	-0.0744629
0.114136	-0.065918
0.653992	-0.0570679
0.805664	-0.0552368
0.517273	-0.0598145
0.0323486	-0.0598145
-0.317078	-0.0509644
-0.400085	-0.0369263
-0.240784	-0.0265503
0.0405884	-0.0238037
0.26886	-0.0238037
0.389709	-0.0210571
0.339966	-0.0167847
0.124207	-0.0137329
-0.143433	-0.0134277
-0.342712	-0.0143433
-0.396729	-0.0152588
-0.32074	-0.0167847
-0.170593	-0.0158691
0.0244141	-0.012207
0.177307	-0.00701904
0.228271	-0.00183105
0.149536	0.00396729
-0.0201416	0.010376
-0.121765	0.0186157
-0.0964355	0.0274658
-0.000610352	0.0302124
0.0839233	0.0234985
0.140076	0.0143433
0.123901	0.010376
0.0213623	0.0109863
-0.10437	0.0131226
-0.153503	0.0128174
-0.0653076	0.00823975
0.032959	0
0.0485229	-0.0140381
0.0314331	-0.0292969
0.0515747	-0.0384521
0.071106	-0.0387573
0.0396729	-0.0375366
-0.0323486	-0.0354004
-0.083313	-0.0292969
-0.0872803	-0.0180054
-0.0442505	0.0012207
0.0363159	0.0222778
0.126038	0.0396729
0.179443	0.0531006
0.200806	0.0640869
-0.0875854	0.0704956
-0.437927	0.0650024
-0.349121	0.0473022
-0.0598145	0.0265503
0.188293	0.0106812
0.279846	0.00549316
0.194397	0.0167847
0.0259399	0.0402832
-0.115051	0.0640869
-0.158691	0.0848389
-0.0915527	0.106812
0.0216675	0.128479
0.0802612	0.145264
0.0744629	0.15564
0.0375366	0.161743
-0.0106812	0.162048
-0.0540161	0.155029
-0.0790405	0.140991
-0.0268555	0.126343
0.0643921	0.116272
0.101318	0.11322
0.0802612	0.115662
0.022583	0.120544
-0.06073	0.126953
-0.114746	0.133057
-0.098877	0.138855
-0.0256348	0.1474
0.0616455	0.159912
0.110474	0.172729
0.0982666	0.180054
0.0375366	0.180664
-0.0463867	0.177612
-0.106812	0.172729
-0.0994873	0.169678
-0.0186157	0.16571
0.062561	0.155945
0.0820923	0.143127
0.027771	0.132751
-0.0418091	0.128784
-0.0811768	0.128174
-0.0735474	0.125122
-0.0180054	0.117188
0.0546265	0.109253
0.108643	0.101318
0.124207	0.090332
0.0900269	0.0753784
0.0137329	0.0592041
-0.088501	0.045166
-0.169678	0.0332642
-0.166931	0.0222778
-0.090332	0.017395
0.00213623	0.0198364
0.0894165	0.0268555
0.151367	0.0341797
0.1474	0.0393677
0.0881958	0.039978
0.00518799	0.0387573
-0.0476074	0.038147
-0.0564575	0.0357056
-0.043335	0.027771
-0.022583	0.017395
-0.0167847	0.00915527
-0.0268555	0.00427246
-0.0256348	0.000305176
-0.0250244	-0.00213623
-0.0323486	-0.00396729
-0.0442505	-0.00457764
-0.0363159	-0.00305176
-0.00183105	0.00244141
0.0231934	0.00732422
0.020752	0.00793457
0.00854492	0.00335693
-0.00518799	-0.00488281
-0.0637817	-0.0119019
-0.13092	-0.015564
-0.0839233	-0.0164795
0.135193	-0.0167847
0.280762	-0.0216675
0.418701	-0.0332642
0.4422	-0.0482178
0.169373	-0.0637817
-0.3125	-0.072937
-0.620117	-0.0778198
-0.552063	-0.0814819
-0.313721	-0.0845337
-0.0939941	-0.0845337
0.072937	-0.0799561
0.207825	-0.0726318
0.298157	-0.0634766
0.310364	-0.0500488
0.230408	-0.0332642
0.0604248	-0.0180054
-0.10437	-0.0106812
-0.161743	-0.0140381
-0.0723267	-0.0195313
0.0891113	-0.0210571
0.189819	-0.0210571
0.154419	-0.0228882
0.0219727	-0.0250244
-0.11261	-0.0247192
-0.195313	-0.0170898
-0.205688	-0.000610352
-0.151062	0.0228882
-0.0735474	0.0506592
-0.00976563	0.0808716
0.0308228	0.103149
0.055542	0.109558
0.0695801	0.103455
0.0552368	0.0915527
0.0286865	0.0769043
0.0115967	0.0549316
-0.00274658	0.0247192
-0.0192261	-0.00518799
-0.0137329	-0.0292969
0.0128174	-0.0442505
0.0369263	-0.0500488
0.0430298	-0.0512695
0.0125122	-0.0466919
-0.0305176	-0.0311279
-0.0436401	-0.00671387
-0.0115967	0.0216675
0.0250244	0.0473022
0.0268555	0.0653076
-0.00183105	0.0747681
-0.0332642	0.0772095
-0.0360107	0.0738525
-0.00244141	0.0662231
0.0402832	0.0567627
0.0552368	0.0463867
0.0302124	0.0341797
-0.010376	0.0149536
-0.0393677	-0.00946045
-0.0457764	-0.0338745
-0.027771	-0.0546265
0.000305176	-0.0698853
0.0335693	-0.0799561
0.0524902	-0.0827026
0.0363159	-0.0784302
-0.00518799	-0.0656128
-0.0418091	-0.0457764
-0.0512695	-0.0198364
-0.0326538	0.00305176
0.0201416	0.0192261
0.0726318	0.0314331
0.0985718	0.0408936
0.0704956	0.0469971
-0.0161743	0.0482178
-0.0952148	0.0415039
-0.126953	0.0289917
-0.0982666	0.0143433
-0.0112915	0.00549316
0.0567627	0.00274658
0.0463867	0.00274658
-0.0183105	0.00762939
-0.0665283	0.020752
-0.0509644	0.0332642
0.00579834	0.0375366
0.0854492	0.0335693
0.137329	0.0274658
0.0946045	0.0222778
-0.00854492	0.0186157
-0.101318	0.0119019
-0.108643	0.00183105
-0.0497437	-0.0088501
0.0149536	-0.0177002
0.0656128	-0.0244141
0.0799561	-0.0302124
0.0393677	-0.0344849
-0.0387573	-0.0393677
-0.0817871	-0.0448608
-0.0668335	-0.0482178
-0.0180054	-0.0497437
0.0274658	-0.0500488
0.0469971	-0.050354
0.0448608	-0.0491333
0.0457764	-0.0424194
0.0259399	-0.0308228
-0.012207	-0.0195313
-0.0341797	-0.0115967
-0.0521851	-0.00701904
-0.0488281	-0.00549316
-0.0119019	-0.00610352
0.0332642	-0.00396729
0.0634766	0.00518799
0.0335693	0.0152588
-0.015564	0.0195313
-0.0384521	0.0210571
-0.0247192	0.0274658
0.0216675	0.038147
0.0466919	0.0488281
0.00305176	0.0500488
-0.0613403	0.043335
-0.0759888	0.0424194
-0.0320435	0.0540161
0.0460815	0.0756836
0.107422	0.0933838
0.0964355	0.0967407
0.0454712	0.0909424
0.0500488	0.085144
-0.0726318	0.0811768
-0.168457	0.0762939
-0.0268555	0.0689697
-0.09552	0.0579834
-0.180969	0.0436401
0.038147	0.0286865
0.209656	0.0134277
0.201721	-0.000305176
0.0683594	-0.00762939
-0.0881958	-0.00640869
-0.167542	0
-0.158081	0.00488281
-0.0643921	0.00152588
0.0704956	-0.0109863
0.160217	-0.0286865
0.151978	-0.0466919
0.0680542	-0.0631714
-0.0344849	-0.0750732
-0.0927734	-0.0802612
-0.0790405	-0.0830078
-0.0259399	-0.0866699
0.0228882	-0.088501
0.0436401	-0.088501
0.0253296	-0.0891113
-0.0152588	-0.0912476
-0.0421143	-0.0942993
-0.0302124	-0.0949097
0.00396729	-0.0891113
0.0280762	-0.0765991
0.0189209	-0.0650024
-0.0146484	-0.0546265
-0.0354004	-0.0448608
-0.0415039	-0.0341797
-0.032959	-0.0192261
-0.00671387	-0.000305176
0.0390625	0.0149536
0.093689	0.0164795
0.12085	0.00549316
0.09552	-0.0109863
0.0268555	-0.0302124
-0.0527954	-0.0521851
-0.0866699	-0.0723267
-0.0769043	-0.0863647
-0.0564575	-0.0918579
-0.0350952	-0.0845337
-0.00793457	-0.0628662
0.0259399	-0.0366211
0.0500488	-0.0128174
0.0436401	0.0167847
0.00946045	0.0534058
-0.0372314	0.098877
-0.0680542	0.153198
-0.0735474	0.212708
-0.0689697	0.273743
-0.0476074	0.332642
-0.012207	0.386047
0.0222778	0.437927
0.0378418	0.489197
0.0308228	0.531006
0.0149536	0.549622
-0.00762939	0.534668
-0.000610352	0.483093
0.0466919	0.39978
0.0827026	0.296631
0.0430298	0.18219
0.00213623	0.0610352
0.0430298	-0.0592041
0.00732422	-0.167847
0.10376	-0.254211
0.0177002	-0.314331
-0.47821	-0.346375
-0.4776	-0.350647
0.3479	-0.331116
1.05347	-0.293579
0.921631	-0.247498
0.318909	-0.200195
-0.227356	-0.158386
-0.737305	-0.128784
-0.997009	-0.112915
-0.744629	-0.106812
-0.340881	-0.10498
-0.131226	-0.100708
-0.105896	-0.0918579
-0.0726318	-0.0836182
0.0622559	-0.078125
0.182495	-0.0704956
0.286865	-0.06073
0.492859	-0.0500488
0.77179	-0.038147
0.844421	-0.0250244
0.507202	-0.0112915
-0.112915	-0.000610352
-0.674744	0.00579834
-0.843811	0.0109863
-0.56366	0.015564
-0.0512695	0.0183105
0.389709	0.0186157
0.526428	0.017395
0.337524	0.0152588
-0.0268555	0.0088501
-0.341187	-0.00335693
-0.462952	-0.0152588
-0.363159	-0.0283813
-0.131836	-0.045166
0.0820923	-0.0598145
0.174866	-0.0708008
0.198364	-0.0765991
0.2005	-0.0775146
0.128479	-0.0698853
0.0241089	-0.0521851
-0.0463867	-0.0317383
-0.0631714	-0.0137329
-0.0366211	-0.000610352
-0.045166	0.00671387
-0.0738525	0.010376
-0.0576782	0.0131226
-0.0140381	0.0146484
0.00701904	0.0149536
0.00335693	0.0112915
0.0131226	0.00488281
-0.00488281	-0.00366211
-0.0585938	-0.0137329
-0.0634766	-0.0198364
0.043335	-0.017395
0.190735	-0.0115967
0.191956	-0.00823975
0.0582886	-0.00732422
-0.0335693	-0.0088501
-0.050354	-0.0115967
-0.0436401	-0.00915527
-0.0671387	-0.00274658
-0.0619507	0.000915527
-0.0100708	0.00335693
0.0247192	0.00488281
0.0234985	0.00732422
0.00457764	0.0119019
-0.0244141	0.0210571
-0.0402832	0.0332642
-0.0311279	0.043335
-0.00457764	0.0570679
0.0280762	0.0793457
0.0259399	0.101318
-0.00244141	0.118713
-0.0183105	0.132446
-0.0259399	0.142212
-0.039978	0.144653
-0.0552368	0.137329
-0.0643921	0.124512
-0.161133	0.11261
-0.0686646	0.10498
0.435486	0.0991821
0.724487	0.0906372
0.402832	0.0860596
-0.21759	0.0933838
-0.682373	0.110168
-0.764771	0.128479
-0.45929	0.145569
0.032959	0.161743
0.414429	0.176086
0.526733	0.185242
0.392456	0.188599
0.13916	0.187683
-0.110168	0.1828
-0.267639	0.174561
-0.278625	0.166626
-0.183105	0.160522
-0.00305176	0.15625
0.177612	0.150757
0.247803	0.140991
0.189819	0.128479
0.0595093	0.115967
-0.0866699	0.104065
-0.172424	0.0909424
-0.145874	0.0756836
-0.0296021	0.0604248
0.0894165	0.0473022
0.11261	0.0372314
0.0378418	0.0311279
-0.0457764	0.0289917
-0.0836182	0.0302124
-0.0680542	0.0384521
-0.0305176	0.0540161
-0.00457764	0.0714111
-0.00457764	0.0830078
-0.010376	0.0839233
-0.0204468	0.0769043
-0.0234985	0.0643921
-0.00305176	0.0476074
0.0393677	0.0296021
0.0775146	0.0119019
0.0744629	0.000610352
0.0366211	-0.00396729
0.0302124	-0.00671387
-0.0357056	-0.012207
-0.0775146	-0.0186157
-0.0299072	-0.020752
-0.0390625	-0.0146484
-0.0717163	0
0.072937	0.0100708
-0.00183105	0
-0.00915527	-0.0268555
-0.0189209	-0.0537109
-0.0640869	-0.0723267
-0.00518799	-0.0827026
0.0500488	-0.0863647
0.0405884	-0.0866699
-0.0796509	-0.0854492
-0.0665283	-0.0830078
0.071106	-0.0747681
0.154419	-0.0601196
0.370789	-0.0469971
0.358276	-0.0405884
0.116882	-0.0415039
-0.246887	-0.043335
-0.578308	-0.0415039
-0.518494	-0.0427246
-0.254211	-0.0479126
-0.0146484	-0.0515747
0.10376	-0.0506592
0.1297	-0.0430298
0.238953	-0.0289917
0.275269	-0.0143433
0.261536	-0.00579834
0.167847	-0.00274658
0.0247192	-0.00549316
-0.0454712	-0.012207
-0.124817	-0.0198364
-0.120239	-0.0289917
-0.0576782	-0.0384521
-0.0695801	-0.0436401
-0.0527954	-0.0457764
-0.0491333	-0.0476074
-0.0320435	-0.0457764
-0.0125122	-0.0335693
-0.00640869	-0.0152588
0.00366211	-0.000915527
-0.027771	0.00366211
-0.00427246	0.00244141
0.0622559	-0.00274658
0.0436401	-0.0140381
0.057373	-0.0259399
0.0540161	-0.0335693
-0.0112915	-0.0402832
-0.0622559	-0.0454712
-0.0869751	-0.0457764
-0.0848389	-0.0421143
-0.0265503	-0.0344849
0.0570679	-0.0250244
0.0915527	-0.0180054
0.0668335	-0.015564
0.0473022	-0.0161743
0.00946045	-0.015564
-0.0274658	-0.0100708
-0.0335693	0.000610352
-0.043335	0.00335693
-0.0405884	-0.00579834
-0.0201416	-0.0146484
0.0143433	-0.017395
0.0592041	-0.0134277
0.0799561	-0.0106812
0.0534058	-0.0143433
-0.000915527	-0.0195313
-0.0604248	-0.027771
-0.0906372	-0.0405884
-0.0646973	-0.0518799
-0.00671387	-0.0592041
0.032959	-0.0613403
0.050354	-0.055542
0.0354004	-0.0463867
0.00549316	-0.0390625
-0.00579834	-0.0378418
-0.00762939	-0.0384521
-0.010376	-0.03479
-0.00579834	-0.0216675
-0.0128174	-0.00305176
-0.0302124	0.0119019
-0.0292969	0.0186157
-0.00610352	0.0167847
0.0283813	0.0152588
0.0616455	0.0177002
0.0582886	0.0189209
0.032959	0.015564
-0.0286865	0.00457764
-0.0946045	-0.0131226
-0.13092	-0.0308228
-0.127563	-0.0460815
-0.0558472	-0.0619507
0.0537109	-0.0750732
0.141907	-0.0796509
0.140686	-0.0756836
0.0765991	-0.0689697
0.00823975	-0.062561
-0.0415039	-0.0524902
-0.0714111	-0.032959
-0.0582886	-0.0106812
0.00396729	0.000610352
0.0210571	0.000610352
0.0466919	-0.00213623
0.0338745	-0.00457764
0.0137329	-0.00823975
-0.0338745	-0.0131226
-0.038147	-0.0189209
-0.00366211	-0.0299072
-0.0244141	-0.0463867
0.0305176	-0.0579834
0.0314331	-0.0558472
0.0222778	-0.0408936
0.0140381	-0.0241089
-0.0183105	-0.0115967
-0.0219727	-0.00274658
-0.0588989	0.00274658
-0.039978	0.00579834
-0.00946045	0.00488281
0.015564	-0.00305176
0.0482178	-0.0146484
0.0515747	-0.022583
0.0231934	-0.0241089
-0.012207	-0.0219727
-0.039978	-0.0201416
-0.0262451	-0.0164795
-0.00640869	-0.00701904
-0.017395	0.00274658
-0.0390625	0.00823975
-0.0598145	0.0134277
0.00457764	0.0183105
0.107727	0.0195313
0.105896	0.0140381
0.0442505	0.00335693
-0.0186157	-0.00854492
-0.0515747	-0.0195313
-0.0784302	-0.0274658
-0.0112915	-0.0299072
0.0692749	-0.0283813
-0.00762939	-0.0262451
-0.0393677	-0.0265503
0.00183105	-0.0268555
0.0372314	-0.0238037
0.0357056	-0.0152588
0.00366211	-0.00396729
-0.0579834	0.00579834
-0.101318	0.00976563
-0.0759888	0.00793457
-0.0332642	0.00274658
0.0393677	-0.00366211
0.088501	-0.00823975
0.119934	-0.0088501
0.101013	-0.00732422
0.0311279	-0.00610352
-0.0531006	-0.00762939
-0.107422	-0.0100708
-0.106812	-0.00915527
-0.0616455	-0.00518799
0.0167847	0.00457764
0.10437	0.0231934
0.123596	0.0424194
0.0930786	0.0549316
0.0256348	0.0610352
-0.0854492	0.0643921
-0.153503	0.067749
-0.123596	0.0720215
-0.0241089	0.0787354
0.0421143	0.0863647
0.0430298	0.0906372
0.0195313	0.0894165
0.0106812	0.0863647
0.0189209	0.0827026
0.0100708	0.0753784
-0.00152588	0.062561
-0.0299072	0.0497437
-0.0369263	0.0418091
-0.00366211	0.0344849
0.0415039	0.0244141
0.0531006	0.0112915
0.0405884	-0.00152588
0.0283813	-0.0112915
0.00579834	-0.017395
-0.00793457	-0.0180054
-0.0531006	-0.0131226
-0.0723267	-0.00457764
-0.0534058	0.00488281
-0.0369263	0.0164795
0.0131226	0.0247192
0.0527954	0.0247192
0.0717163	0.0189209
0.0582886	0.0128174
0.0415039	0.00732422
0.0485229	-0.0012207
0.0140381	-0.0119019
0.00518799	-0.020752
-0.0357056	-0.0250244
-0.0393677	-0.0286865
-0.0253296	-0.0363159
-0.0244141	-0.0454712
-0.0219727	-0.0518799
-0.0567627	-0.0531006
-0.0585938	-0.0506592
0.000305176	-0.0482178
0.0396729	-0.0460815
0.0527954	-0.0497437
0.0305176	-0.0582886
0.00610352	-0.0622559
-0.0115967	-0.0585938
-0.0308228	-0.0494385
-0.0363159	-0.0378418
-0.0466919	-0.0274658
-0.0521851	-0.0210571
-0.0326538	-0.0164795
-0.00701904	-0.0140381
0.0439453	-0.0167847
0.0930786	-0.0250244
0.0872803	-0.0384521
0.0811768	-0.0540161
0.032959	-0.0640869
-0.0222778	-0.0662231
-0.0219727	-0.0610352
-0.012207	-0.045166
-0.0241089	-0.0183105
-0.0424194	0.0186157
-0.0302124	0.067749
0.00671387	0.126648
0.0280762	0.190735
0.00335693	0.258484
-0.0411987	0.328369
-0.0549316	0.394592
-0.043335	0.448303
-0.0378418	0.490723
-0.0506592	0.521851
-0.050354	0.532532
0.0140381	0.516357
0.0567627	0.473328
0.0588989	0.408936
0.0476074	0.32959
0.043335	0.235901
0.116882	0.130005
0.178223	0.0189209
0.0402832	-0.090332
0.0753784	-0.189209
-0.0363159	-0.270386
-0.583801	-0.329285
-0.753784	-0.363159
0.0268555	-0.371094
0.943604	-0.353699
1.16455	-0.320435
0.692749	-0.27832
-0.129395	-0.231323
-1.01959	-0.187073
-1.54572	-0.149536
-1.20667	-0.120544
0.0778198	-0.0976563
1.0791	-0.0802612
1.18683	-0.0656128
0.839844	-0.0527954
0.0793457	-0.0436401
-0.892029	-0.0320435
-1.30432	-0.0134277
-0.617065	0.00762939
0.578308	0.0238037
1.15601	0.0338745
0.809021	0.039978
0.0485229	0.045166
-0.482788	0.0457764
-0.545349	0.0393677
-0.319214	0.0253296
0.00457764	0.00305176
0.276794	-0.0238037
0.358887	-0.0448608
0.239563	-0.0570679
-0.00701904	-0.0650024
-0.238342	-0.0723267
-0.335083	-0.0787354
-0.282288	-0.0799561
-0.136414	-0.0738525
0.0296021	-0.0637817
0.122681	-0.0531006
0.148926	-0.0415039
0.158081	-0.0305176
0.101624	-0.0216675
0.0289917	-0.0140381
-0.0198364	-0.00640869
-0.083313	-0.00427246
-0.0680542	-0.00671387
0.0158691	-0.0088501
0.090332	-0.00732422
0.0814819	-0.00305176
-0.0463867	0.00183105
-0.166931	0.00488281
-0.150757	0.00701904
-0.0146484	0.0100708
0.143738	0.0131226
0.167236	0.0180054
0.0726318	0.0241089
-0.0424194	0.0305176
-0.0799561	0.0360107
-0.0421143	0.0369263
0.00244141	0.0363159
0.0524902	0.039978
0.0741577	0.0497437
0.0494385	0.0601196
-0.0372314	0.067749
-0.111694	0.0695801
-0.0982666	0.0695801
-0.0708008	0.0732422
-0.0436401	0.078125
0.0366211	0.078125
0.0808716	0.0747681
0.0323486	0.0723267
-0.0189209	0.071106

