L I	L III	L II(Calc.)
-0.00915527	-0.0466919	-0.0558472
-0.00213623	-0.0524902	-0.0546265
0.0012207	-0.0549316	-0.0537109
-0.000305176	-0.0537109	-0.0540161
-0.00762939	-0.0491333	-0.0567627
-0.0189209	-0.0430298	-0.0619507
-0.0283813	-0.0366211	-0.0650024
-0.0332642	-0.0314331	-0.0646973
-0.0338745	-0.027771	-0.0616455
-0.0335693	-0.0265503	-0.0601196
-0.0332642	-0.0268555	-0.0601196
-0.0314331	-0.0280762	-0.0595093
-0.0262451	-0.0305176	-0.0567627
-0.0198364	-0.0332642	-0.0531006
-0.0131226	-0.0357056	-0.0488281
-0.00488281	-0.0375366	-0.0424194
0.00335693	-0.038147	-0.03479
0.00915527	-0.0384521	-0.0292969
0.0146484	-0.0393677	-0.0247192
0.0198364	-0.0396729	-0.0198364
0.022583	-0.0378418	-0.0152588
0.0256348	-0.0354004	-0.00976563
0.0326538	-0.0335693	-0.000915527
0.0411987	-0.0323486	0.0088501
0.045166	-0.0289917	0.0161743
0.0448608	-0.0231934	0.0216675
0.0469971	-0.0216675	0.0253296
0.0531006	-0.0247192	0.0283813
0.0601196	-0.0289917	0.0311279
0.0671387	-0.0326538	0.0344849
0.0701904	-0.0338745	0.0363159
0.0686646	-0.0308228	0.0378418
0.0689697	-0.0299072	0.0390625
0.072937	-0.032959	0.039978
0.0799561	-0.038147	0.0418091
0.0860596	-0.0418091	0.0442505
0.0891113	-0.0427246	0.0463867
0.0927734	-0.0445557	0.0482178
0.0985718	-0.0463867	0.0521851
0.104675	-0.0469971	0.0576782
0.114441	-0.0476074	0.0668335
0.124817	-0.0491333	0.0756836
0.131226	-0.0506592	0.0805664
0.135498	-0.0512695	0.0842285
0.140076	-0.0512695	0.0888062
0.144043	-0.0497437	0.0942993
0.143738	-0.0445557	0.0991821
0.141296	-0.0387573	0.102539
0.139465	-0.0341797	0.105286
0.137024	-0.0299072	0.107117
0.132751	-0.0259399	0.106812
0.125427	-0.022583	0.102844
0.117188	-0.0195313	0.0976563
0.111389	-0.017395	0.0939941
0.108032	-0.0152588	0.0927734
0.105286	-0.0131226	0.0921631
0.100708	-0.0106812	0.0900269
0.0949097	-0.00854492	0.0863647
0.090332	-0.00823975	0.0820923
0.0866699	-0.00823975	0.0784302
0.083313	-0.00793457	0.0753784
0.0796509	-0.00762939	0.0720215
0.0744629	-0.00823975	0.0662231
0.0692749	-0.0106812	0.0585938
0.0646973	-0.0146484	0.0500488
0.0610352	-0.0186157	0.0424194
0.0567627	-0.020752	0.0360107
0.0488281	-0.020752	0.0280762
0.0366211	-0.0180054	0.0186157
0.0247192	-0.0152588	0.00946045
0.0134277	-0.0128174	0.000610352
-0.00183105	-0.00549316	-0.00732422
-0.0186157	0.00427246	-0.0143433
-0.0296021	0.00946045	-0.0201416
-0.0372314	0.0115967	-0.0256348
-0.0463867	0.015564	-0.0308228
-0.0579834	0.0189209	-0.0390625
-0.0720215	0.0213623	-0.0506592
-0.0808716	0.0210571	-0.0598145
-0.0787354	0.015564	-0.0631714
-0.0692749	0.00579834	-0.0634766
-0.0564575	-0.00488281	-0.0613403
-0.0430298	-0.0149536	-0.0579834
-0.0326538	-0.0238037	-0.0564575
-0.0259399	-0.0299072	-0.0558472
-0.0216675	-0.0323486	-0.0540161
-0.017395	-0.0332642	-0.0506592
-0.0119019	-0.0366211	-0.0485229
-0.00793457	-0.0405884	-0.0485229
-0.00915527	-0.0418091	-0.0509644
-0.0161743	-0.0390625	-0.0552368
-0.027771	-0.0338745	-0.0616455
-0.0393677	-0.0286865	-0.0680542
-0.0482178	-0.0247192	-0.072937
-0.0552368	-0.0228882	-0.078125
-0.0616455	-0.0222778	-0.0839233
-0.0656128	-0.0219727	-0.0875854
-0.0671387	-0.0213623	-0.088501
-0.0674438	-0.0204468	-0.0878906
-0.0683594	-0.0189209	-0.0872803
-0.0720215	-0.0183105	-0.090332
-0.0747681	-0.0189209	-0.093689
-0.0735474	-0.0180054	-0.0915527
-0.0708008	-0.0149536	-0.0857544
-0.0695801	-0.0106812	-0.0802612
-0.0695801	-0.00671387	-0.0762939
-0.0701904	-0.00305176	-0.0732422
-0.0686646	-0.0012207	-0.0698853
-0.0646973	-0.0012207	-0.065918
-0.0646973	0.00274658	-0.0619507
-0.0701904	0.0109863	-0.0592041
-0.0744629	0.0161743	-0.0582886
-0.0720215	0.0131226	-0.0588989
-0.0631714	0.000915527	-0.0622559
-0.055542	-0.0115967	-0.0671387
-0.0540161	-0.017395	-0.0714111
-0.0537109	-0.020752	-0.0744629
-0.0540161	-0.0228882	-0.0769043
-0.0527954	-0.0256348	-0.0784302
-0.0482178	-0.0314331	-0.0796509
-0.0430298	-0.0366211	-0.0796509
-0.0396729	-0.0387573	-0.0784302
-0.0402832	-0.0372314	-0.0775146
-0.043335	-0.0323486	-0.0756836
-0.0445557	-0.0296021	-0.0741577
-0.0476074	-0.027771	-0.0753784
-0.0546265	-0.0222778	-0.0769043
-0.057373	-0.017395	-0.0747681
-0.0543213	-0.0170898	-0.0714111
-0.0509644	-0.0189209	-0.0698853
-0.0497437	-0.0198364	-0.0695801
-0.0494385	-0.0186157	-0.0680542
-0.0491333	-0.0167847	-0.065918
-0.0494385	-0.0152588	-0.0646973
-0.0497437	-0.0146484	-0.0643921
-0.0473022	-0.015564	-0.0628662
-0.0411987	-0.017395	-0.0585938
-0.0350952	-0.0192261	-0.0543213
-0.0317383	-0.0210571	-0.0527954
-0.0317383	-0.0219727	-0.0537109
-0.0344849	-0.0222778	-0.0567627
-0.0372314	-0.0216675	-0.0588989
-0.038147	-0.0204468	-0.0585938
-0.0378418	-0.0189209	-0.0567627
-0.038147	-0.0186157	-0.0567627
-0.0418091	-0.0177002	-0.0595093
-0.0463867	-0.0164795	-0.0628662
-0.0469971	-0.0186157	-0.0656128
-0.0454712	-0.0213623	-0.0668335
-0.0488281	-0.0192261	-0.0680542
-0.0582886	-0.0109863	-0.0692749
-0.0698853	-0.00152588	-0.0714111
-0.0753784	0.000915527	-0.0744629
-0.0701904	-0.00457764	-0.0747681
-0.0628662	-0.010376	-0.0732422
-0.0628662	-0.0100708	-0.072937
-0.0683594	-0.00732422	-0.0756836
-0.0720215	-0.00701904	-0.0790405
-0.0689697	-0.00976563	-0.0787354
-0.0570679	-0.0186157	-0.0756836
-0.0408936	-0.0308228	-0.0717163
-0.0265503	-0.0421143	-0.0686646
-0.0164795	-0.0497437	-0.0662231
-0.0088501	-0.0546265	-0.0634766
-0.00305176	-0.0582886	-0.0613403
0.000305176	-0.0604248	-0.0601196
0.0012207	-0.0619507	-0.06073
-0.000610352	-0.0613403	-0.0619507
-0.00549316	-0.0598145	-0.0653076
-0.0119019	-0.0576782	-0.0695801
-0.0192261	-0.0543213	-0.0735474
-0.0280762	-0.0494385	-0.0775146
-0.0393677	-0.0436401	-0.0830078
-0.0476074	-0.0387573	-0.0863647
-0.0485229	-0.0350952	-0.0836182
-0.0448608	-0.032959	-0.0778198
-0.0411987	-0.0311279	-0.0723267
-0.0387573	-0.0299072	-0.0686646
-0.0350952	-0.0308228	-0.065918
-0.0299072	-0.032959	-0.0628662
-0.0247192	-0.0354004	-0.0601196
-0.0192261	-0.0378418	-0.0570679
-0.0143433	-0.0396729	-0.0540161
-0.0137329	-0.039978	-0.0537109
-0.0183105	-0.0390625	-0.057373
-0.0256348	-0.0369263	-0.062561
-0.0323486	-0.0350952	-0.0674438
-0.0357056	-0.0326538	-0.0683594
-0.0393677	-0.0286865	-0.0680542
-0.0457764	-0.0210571	-0.0668335
-0.0540161	-0.0112915	-0.0653076
-0.057373	-0.00671387	-0.0640869
-0.0567627	-0.00640869	-0.0631714
-0.0543213	-0.00732422	-0.0616455
-0.0494385	-0.0106812	-0.0601196
-0.0411987	-0.0167847	-0.0579834
-0.0326538	-0.0247192	-0.057373
-0.0247192	-0.0332642	-0.0579834
-0.0180054	-0.0418091	-0.0598145
-0.0146484	-0.0491333	-0.0637817
-0.0143433	-0.0549316	-0.0692749
-0.0152588	-0.0601196	-0.0753784
-0.0180054	-0.0613403	-0.0793457
-0.0253296	-0.0561523	-0.0814819
-0.032959	-0.0494385	-0.0823975
-0.0363159	-0.0448608	-0.0811768
-0.0372314	-0.0415039	-0.0787354
-0.0402832	-0.0354004	-0.0756836
-0.0476074	-0.0241089	-0.0717163
-0.0558472	-0.00976563	-0.0656128
-0.06073	0.00183105	-0.0588989
-0.057373	0.00427246	-0.0531006
-0.0509644	0.00152588	-0.0494385
-0.0466919	-0.000610352	-0.0473022
-0.0457764	-0.00183105	-0.0476074
-0.045166	-0.00457764	-0.0497437
-0.0418091	-0.0106812	-0.0524902
-0.03479	-0.0204468	-0.0552368
-0.027771	-0.0296021	-0.057373
-0.0231934	-0.0375366	-0.06073
-0.0213623	-0.0439453	-0.0653076
-0.0189209	-0.0485229	-0.0674438
-0.017395	-0.0497437	-0.0671387
-0.0201416	-0.0469971	-0.0671387
-0.0247192	-0.0415039	-0.0662231
-0.0292969	-0.0341797	-0.0634766
-0.0335693	-0.027771	-0.0613403
-0.0372314	-0.0231934	-0.0604248
-0.0384521	-0.0201416	-0.0585938
-0.0366211	-0.0183105	-0.0549316
-0.0344849	-0.0177002	-0.0521851
-0.0326538	-0.0177002	-0.050354
-0.0323486	-0.0183105	-0.0506592
-0.0344849	-0.0198364	-0.0543213
-0.0378418	-0.0201416	-0.0579834
-0.0408936	-0.0186157	-0.0595093
-0.0418091	-0.0167847	-0.0585938
-0.0415039	-0.015564	-0.0570679
-0.0418091	-0.0140381	-0.0558472
-0.0427246	-0.0109863	-0.0537109
-0.0387573	-0.00915527	-0.0479126
-0.032959	-0.00732422	-0.0402832
-0.0296021	-0.00518799	-0.03479
-0.0271606	-0.00335693	-0.0305176
-0.022583	-0.00457764	-0.0271606
-0.0128174	-0.0109863	-0.0238037
-0.00152588	-0.0204468	-0.0219727
0.00335693	-0.0253296	-0.0219727
0.00152588	-0.0247192	-0.0231934
-0.00274658	-0.0231934	-0.0259399
-0.00762939	-0.0219727	-0.0296021
-0.0115967	-0.0213623	-0.032959
-0.0146484	-0.0198364	-0.0344849
-0.0167847	-0.0152588	-0.0320435
-0.0192261	-0.00823975	-0.0274658
-0.0231934	0.000305176	-0.0228882
-0.027771	0.00793457	-0.0198364
-0.0292969	0.0115967	-0.0177002
-0.0262451	0.0100708	-0.0161743
-0.0186157	0.00518799	-0.0134277
-0.010376	-0.000305176	-0.0106812
-0.00305176	-0.00610352	-0.00915527
0.00366211	-0.012207	-0.00854492
0.0100708	-0.0177002	-0.00762939
0.0161743	-0.022583	-0.00640869
0.0198364	-0.0268555	-0.00701904
0.0213623	-0.0302124	-0.0088501
0.0234985	-0.032959	-0.00946045
0.0265503	-0.0357056	-0.00915527
0.0268555	-0.0372314	-0.010376
0.022583	-0.0363159	-0.0137329
0.0140381	-0.0332642	-0.0192261
0.00274658	-0.0314331	-0.0286865
-0.00518799	-0.0311279	-0.0363159
-0.00671387	-0.0311279	-0.0378418
-0.00854492	-0.0299072	-0.0384521
-0.0125122	-0.0271606	-0.0396729
-0.0167847	-0.0244141	-0.0411987
-0.0195313	-0.0234985	-0.0430298
-0.0213623	-0.0238037	-0.045166
-0.0259399	-0.0213623	-0.0473022
-0.0302124	-0.0170898	-0.0473022
-0.0311279	-0.0152588	-0.0463867
-0.0317383	-0.017395	-0.0491333
-0.0354004	-0.0210571	-0.0564575
-0.0421143	-0.0222778	-0.0643921
-0.050354	-0.0201416	-0.0704956
-0.0582886	-0.0183105	-0.0765991
-0.0595093	-0.0231934	-0.0827026
-0.0531006	-0.0323486	-0.0854492
-0.0418091	-0.0418091	-0.0836182
-0.0311279	-0.0497437	-0.0808716
-0.0213623	-0.0564575	-0.0778198
-0.0106812	-0.0653076	-0.0759888
-0.000305176	-0.0732422	-0.0735474
0.00640869	-0.0775146	-0.071106
0.00915527	-0.0784302	-0.0692749
0.00732422	-0.0756836	-0.0683594
0.00152588	-0.0704956	-0.0689697
-0.0088501	-0.062561	-0.0714111
-0.0228882	-0.0543213	-0.0772095
-0.0357056	-0.0463867	-0.0820923
-0.0448608	-0.0393677	-0.0842285
-0.050354	-0.0332642	-0.0836182
-0.0534058	-0.0292969	-0.0827026
-0.0546265	-0.0280762	-0.0827026
-0.0524902	-0.0292969	-0.0817871
-0.0463867	-0.0320435	-0.0784302
-0.0384521	-0.0357056	-0.0741577
-0.0311279	-0.0387573	-0.0698853
-0.0259399	-0.0411987	-0.0671387
-0.0253296	-0.0424194	-0.067749
-0.0289917	-0.0430298	-0.0720215
-0.03479	-0.0408936	-0.0756836
-0.0445557	-0.0335693	-0.078125
-0.0549316	-0.0247192	-0.0796509
-0.0634766	-0.0189209	-0.0823975
-0.0695801	-0.0164795	-0.0860596
-0.0741577	-0.0143433	-0.088501
-0.0744629	-0.0112915	-0.0857544
-0.0653076	-0.0112915	-0.0765991
-0.0473022	-0.0143433	-0.0616455
-0.0244141	-0.0177002	-0.0421143
0.000915527	-0.015564	-0.0146484
0.0302124	-0.00549316	0.0247192
0.0723267	0.00457764	0.0769043
0.128479	0.0115967	0.140076
0.189514	0.0195313	0.209045
0.244751	0.0335693	0.27832
0.289917	0.0552368	0.345154
0.325317	0.0845337	0.409851
0.345764	0.117188	0.462952
0.340881	0.153809	0.49469
0.308228	0.190735	0.498962
0.257263	0.220032	0.477295
0.192261	0.239258	0.431519
0.11322	0.252075	0.365295
0.0241089	0.26001	0.284119
-0.0656128	0.26001	0.194397
-0.14679	0.247498	0.100708
-0.210266	0.220337	0.0100708
-0.252686	0.181885	-0.0708008
-0.273132	0.136414	-0.136719
-0.270996	0.0878906	-0.183105
-0.25177	0.0396729	-0.212097
-0.221863	-0.00457764	-0.22644
-0.189209	-0.0402832	-0.229492
-0.157166	-0.0656128	-0.222778
-0.128479	-0.0817871	-0.210266
-0.105591	-0.0891113	-0.194702
-0.0897217	-0.0888062	-0.178528
-0.0802612	-0.0830078	-0.163269
-0.0744629	-0.0732422	-0.147705
-0.0701904	-0.0619507	-0.132141
-0.0674438	-0.0509644	-0.118408
-0.067749	-0.0411987	-0.108948
-0.0680542	-0.0335693	-0.101624
-0.0671387	-0.0283813	-0.09552
-0.0643921	-0.0244141	-0.0888062
-0.0604248	-0.0216675	-0.0820923
-0.0561523	-0.0210571	-0.0772095
-0.0527954	-0.0222778	-0.0750732
-0.050354	-0.0234985	-0.0738525
-0.0497437	-0.0228882	-0.0726318
-0.050354	-0.0213623	-0.0717163
-0.0518799	-0.0198364	-0.0717163
-0.0576782	-0.015564	-0.0732422
-0.0634766	-0.0131226	-0.0765991
-0.0640869	-0.0158691	-0.0799561
-0.062561	-0.0201416	-0.0827026
-0.0616455	-0.0222778	-0.0839233
-0.06073	-0.0234985	-0.0842285
-0.0601196	-0.0244141	-0.0845337
-0.0582886	-0.0271606	-0.0854492
-0.0500488	-0.0323486	-0.0823975
-0.0326538	-0.0424194	-0.0750732
-0.015564	-0.0506592	-0.0662231
-0.0119019	-0.0457764	-0.0576782
-0.0170898	-0.0354004	-0.0524902
-0.0195313	-0.0292969	-0.0488281
-0.0170898	-0.0274658	-0.0445557
-0.0128174	-0.0280762	-0.0408936
-0.010376	-0.0286865	-0.0390625
-0.0140381	-0.0265503	-0.0405884
-0.0213623	-0.0228882	-0.0442505
-0.0268555	-0.0222778	-0.0491333
-0.0268555	-0.0262451	-0.0531006
-0.0228882	-0.0332642	-0.0561523
-0.0183105	-0.0405884	-0.0588989
-0.0143433	-0.0463867	-0.06073
-0.0115967	-0.0497437	-0.0613403
-0.0115967	-0.0491333	-0.06073
-0.0134277	-0.0457764	-0.0592041
-0.015564	-0.0421143	-0.0576782
-0.0170898	-0.038147	-0.0552368
-0.0183105	-0.0344849	-0.0527954
-0.020752	-0.0299072	-0.0506592
-0.0228882	-0.0256348	-0.0485229
-0.0244141	-0.0228882	-0.0473022
-0.0256348	-0.0219727	-0.0476074
-0.0253296	-0.0219727	-0.0473022
-0.0216675	-0.0241089	-0.0457764
-0.0189209	-0.0274658	-0.0463867
-0.0177002	-0.0311279	-0.0488281
-0.0170898	-0.0341797	-0.0512695
-0.0180054	-0.0360107	-0.0540161
-0.0201416	-0.038147	-0.0582886
-0.0213623	-0.0411987	-0.062561
-0.0186157	-0.045166	-0.0637817
-0.0146484	-0.0488281	-0.0634766
-0.010376	-0.0512695	-0.0616455
-0.00488281	-0.0518799	-0.0567627
0.000915527	-0.0512695	-0.050354
0.00549316	-0.0494385	-0.0439453
0.0100708	-0.0473022	-0.0372314
0.0189209	-0.0485229	-0.0296021
0.0296021	-0.0506592	-0.0210571
0.0366211	-0.0509644	-0.0143433
0.0393677	-0.0494385	-0.0100708
0.0363159	-0.0442505	-0.00793457
0.0311279	-0.0378418	-0.00671387
0.0314331	-0.038147	-0.00671387
0.0344849	-0.043335	-0.0088501
0.0405884	-0.0497437	-0.00915527
0.0476074	-0.0561523	-0.00854492
0.0558472	-0.0631714	-0.00732422
0.0656128	-0.0708008	-0.00518799
0.0762939	-0.0775146	-0.0012207
0.0891113	-0.083313	0.00579834
0.101624	-0.0881958	0.0134277
0.111389	-0.0915527	0.0198364
0.118103	-0.093689	0.0244141
0.122375	-0.0927734	0.0296021
0.122375	-0.0875854	0.03479
0.119629	-0.0802612	0.0393677
0.117798	-0.0744629	0.043335
0.115662	-0.0692749	0.0463867
0.111694	-0.0643921	0.0473022
0.108032	-0.0604248	0.0476074
0.105896	-0.057373	0.0485229
0.110474	-0.0570679	0.0534058
0.117798	-0.0585938	0.0592041
0.121155	-0.0592041	0.0619507
0.12085	-0.0585938	0.0622559
0.12146	-0.057373	0.0640869
0.126038	-0.0561523	0.0698853
0.131836	-0.0546265	0.0772095
0.134888	-0.0515747	0.083313
0.131531	-0.0466919	0.0848389
0.125732	-0.0411987	0.0845337
0.124207	-0.0372314	0.0869751
0.126953	-0.0341797	0.0927734
0.132446	-0.0341797	0.0982666
0.136108	-0.0344849	0.101624
0.133972	-0.0305176	0.103455
0.126953	-0.0231934	0.10376
0.121155	-0.0180054	0.103149
0.119019	-0.0183105	0.100708
0.113831	-0.0164795	0.0973511
0.10437	-0.0109863	0.0933838
0.090332	-0.00274658	0.0875854
0.0723267	0.00610352	0.0784302
0.0521851	0.0137329	0.065918
0.0350952	0.0180054	0.0531006
0.0256348	0.0170898	0.0427246
0.0219727	0.0128174	0.03479
0.0192261	0.00701904	0.0262451
0.0149536	0.000915527	0.0158691
0.00946045	-0.00457764	0.00488281
0.00610352	-0.0128174	-0.00671387
0.00823975	-0.0234985	-0.0152588
0.0140381	-0.0341797	-0.0201416
0.0158691	-0.0402832	-0.0244141
0.00976563	-0.0387573	-0.0289917
-0.000305176	-0.0335693	-0.0338745
-0.0100708	-0.0283813	-0.0384521
-0.0189209	-0.0228882	-0.0418091
-0.027771	-0.0167847	-0.0445557
-0.0357056	-0.0106812	-0.0463867
-0.0411987	-0.00549316	-0.0466919
-0.0457764	-0.00152588	-0.0473022
-0.0509644	0.000305176	-0.0506592
-0.0534058	0.000305176	-0.0531006
-0.0531006	-0.0012207	-0.0543213
-0.0531006	-0.00396729	-0.0570679
-0.0552368	-0.00549316	-0.06073
-0.0585938	-0.00579834	-0.0643921
-0.0592041	-0.00610352	-0.0653076
-0.0592041	-0.00488281	-0.0640869
-0.06073	-0.00274658	-0.0634766
-0.0643921	-0.000305176	-0.0646973
-0.0695801	0.00152588	-0.0680542
-0.0759888	0.00274658	-0.0732422
-0.0811768	0.00335693	-0.0778198
-0.0817871	0.00396729	-0.0778198
-0.0814819	0.00518799	-0.0762939
-0.0823975	0.00549316	-0.0769043
-0.0811768	0.00366211	-0.0775146
-0.078125	0.00183105	-0.0762939
-0.0738525	0.000305176	-0.0735474
-0.0695801	-0.00183105	-0.0714111
-0.0665283	-0.00457764	-0.071106
-0.0653076	-0.00457764	-0.0698853
-0.0631714	-0.00427246	-0.0674438
-0.0604248	-0.00457764	-0.0650024
-0.0598145	-0.00518799	-0.0650024
-0.0616455	-0.00518799	-0.0668335
-0.0643921	-0.00457764	-0.0689697
-0.0686646	-0.00335693	-0.0720215
-0.0704956	-0.00305176	-0.0735474
-0.0634766	-0.00488281	-0.0683594
-0.055542	-0.00579834	-0.0613403
-0.0540161	-0.00366211	-0.0576782
-0.0567627	-0.000305176	-0.0570679
-0.0598145	0.00335693	-0.0564575
-0.0601196	0.00396729	-0.0561523
-0.0588989	0.00274658	-0.0561523
-0.0604248	0.00183105	-0.0585938
-0.0637817	0.00213623	-0.0616455
-0.0668335	0.00274658	-0.0640869
-0.0695801	0.00335693	-0.0662231
-0.072937	0.00396729	-0.0689697
-0.0756836	0.00396729	-0.0717163
-0.0787354	0.00549316	-0.0732422
-0.0799561	0.0100708	-0.0698853
-0.0747681	0.0119019	-0.0628662
-0.0650024	0.0106812	-0.0543213
-0.0570679	0.00946045	-0.0476074
-0.0521851	0.00946045	-0.0427246
-0.0494385	0.00946045	-0.039978
-0.0463867	0.00854492	-0.0378418
-0.0439453	0.00671387	-0.0372314
-0.043335	0.00427246	-0.0390625
-0.0436401	0.0012207	-0.0424194
-0.0448608	-0.00213623	-0.0469971
-0.0463867	-0.00518799	-0.0515747
-0.0473022	-0.00823975	-0.055542
-0.0515747	-0.00732422	-0.0588989
-0.0628662	0.00183105	-0.0610352
-0.0738525	0.0115967	-0.0622559
-0.0747681	0.0134277	-0.0613403
-0.0689697	0.00793457	-0.0610352
-0.06073	-0.0012207	-0.0619507
-0.0527954	-0.00823975	-0.0610352
-0.0463867	-0.0128174	-0.0592041
-0.0390625	-0.0192261	-0.0582886
-0.0283813	-0.0286865	-0.0570679
-0.0180054	-0.0372314	-0.0552368
-0.0143433	-0.0387573	-0.0531006
-0.0161743	-0.0350952	-0.0512695
-0.0186157	-0.0317383	-0.050354
-0.0216675	-0.0265503	-0.0482178
-0.0256348	-0.0198364	-0.0454712
-0.0286865	-0.0146484	-0.043335
-0.0338745	-0.0106812	-0.0445557
-0.0427246	-0.00488281	-0.0476074
-0.0497437	0.000915527	-0.0488281
-0.0512695	0.00183105	-0.0494385
-0.0482178	-0.00213623	-0.050354
-0.0430298	-0.00823975	-0.0512695
-0.0393677	-0.0140381	-0.0534058
-0.0369263	-0.0177002	-0.0546265
-0.0354004	-0.0192261	-0.0546265
-0.0366211	-0.0198364	-0.0564575
-0.0384521	-0.0201416	-0.0585938
-0.0387573	-0.0201416	-0.0588989
-0.0375366	-0.0210571	-0.0585938
-0.0393677	-0.0222778	-0.0616455
-0.0424194	-0.0238037	-0.0662231
-0.043335	-0.0247192	-0.0680542
-0.0424194	-0.0238037	-0.0662231
-0.0427246	-0.020752	-0.0634766
-0.0436401	-0.0177002	-0.0613403
-0.0457764	-0.0140381	-0.0598145
-0.0494385	-0.00946045	-0.0588989
-0.0521851	-0.00518799	-0.057373
-0.0549316	-0.0012207	-0.0561523
-0.0619507	0.00610352	-0.0558472
-0.0708008	0.0134277	-0.057373
-0.0750732	0.0143433	-0.06073
-0.0750732	0.00976563	-0.0653076
-0.0769043	0.00640869	-0.0704956
-0.0778198	0.00244141	-0.0753784
-0.0793457	0.000915527	-0.0784302
-0.0839233	0.00366211	-0.0802612
-0.0842285	0.00335693	-0.0808716
-0.0762939	-0.00244141	-0.0787354
-0.0650024	-0.010376	-0.0753784
-0.0558472	-0.0158691	-0.0717163
-0.0512695	-0.0183105	-0.0695801
-0.0476074	-0.0189209	-0.0665283
-0.0424194	-0.0195313	-0.0619507
-0.0354004	-0.020752	-0.0561523
-0.0289917	-0.0231934	-0.0521851
-0.0247192	-0.0253296	-0.0500488
-0.0231934	-0.0259399	-0.0491333
-0.0234985	-0.0244141	-0.0479126
-0.0259399	-0.0213623	-0.0473022
-0.0292969	-0.0180054	-0.0473022
-0.0335693	-0.0146484	-0.0482178
-0.0405884	-0.00915527	-0.0497437
-0.0500488	-0.00244141	-0.0524902
-0.0595093	0.00427246	-0.0552368
-0.065918	0.00701904	-0.0588989
-0.0689697	0.00640869	-0.062561
-0.071106	0.00518799	-0.065918
-0.0723267	0.00549316	-0.0668335
-0.0717163	0.00579834	-0.065918
-0.0680542	0.00396729	-0.0640869
-0.0637817	0.0012207	-0.062561
-0.0610352	-0.00183105	-0.0628662
-0.0567627	-0.00671387	-0.0634766
-0.0479126	-0.0134277	-0.0613403
-0.0390625	-0.0180054	-0.0570679
-0.0387573	-0.0161743	-0.0549316
-0.0421143	-0.0128174	-0.0549316
-0.0430298	-0.0112915	-0.0543213
-0.0424194	-0.010376	-0.0527954
-0.0411987	-0.0106812	-0.0518799
-0.0390625	-0.012207	-0.0512695
-0.0387573	-0.0109863	-0.0497437
-0.0424194	-0.00579834	-0.0482178
-0.0476074	-0.000610352	-0.0482178
-0.0512695	0.00335693	-0.0479126
-0.0521851	0.00579834	-0.0463867
-0.0543213	0.00793457	-0.0463867
-0.0561523	0.0112915	-0.0448608
-0.0579834	0.0164795	-0.0415039
-0.0604248	0.0228882	-0.0375366
-0.0613403	0.0289917	-0.0323486
-0.06073	0.0332642	-0.0274658
-0.0601196	0.0366211	-0.0234985
-0.0588989	0.0405884	-0.0183105
-0.0546265	0.0424194	-0.012207
-0.0454712	0.0393677	-0.00610352
-0.0350952	0.0323486	-0.00274658
-0.0320435	0.0283813	-0.00366211
-0.0363159	0.0283813	-0.00793457
-0.0402832	0.027771	-0.0125122
-0.0369263	0.0219727	-0.0149536
-0.0286865	0.0140381	-0.0146484
-0.0250244	0.012207	-0.0128174
-0.0247192	0.0125122	-0.012207
-0.0219727	0.0106812	-0.0112915
-0.0180054	0.0088501	-0.00915527
-0.0152588	0.00915527	-0.00610352
-0.0115967	0.00946045	-0.00213623
-0.00854492	0.00915527	0.000610352
-0.0088501	0.010376	0.00152588
-0.00976563	0.0106812	0.000915527
-0.00915527	0.00793457	-0.0012207
-0.0088501	0.00427246	-0.00457764
-0.0100708	0.000610352	-0.00946045
-0.0140381	-0.00183105	-0.0158691
-0.0222778	-0.000915527	-0.0231934
-0.0296021	0.000610352	-0.0289917
-0.0308228	-0.0012207	-0.0320435
-0.0286865	-0.00640869	-0.0350952
-0.0274658	-0.0109863	-0.0384521
-0.0283813	-0.0134277	-0.0418091
-0.0302124	-0.0143433	-0.0445557
-0.032959	-0.0143433	-0.0473022
-0.0354004	-0.0146484	-0.0500488
-0.038147	-0.0167847	-0.0549316
-0.0393677	-0.0222778	-0.0616455
-0.038147	-0.0274658	-0.0656128
-0.0372314	-0.0299072	-0.0671387
-0.0415039	-0.0299072	-0.0714111
-0.0485229	-0.0280762	-0.0765991
-0.0567627	-0.0253296	-0.0820923
-0.0656128	-0.0222778	-0.0878906
-0.0726318	-0.0189209	-0.0915527
-0.0762939	-0.0149536	-0.0912476
-0.0790405	-0.0109863	-0.0900269
-0.0820923	-0.0088501	-0.0909424
-0.0817871	-0.0109863	-0.0927734
-0.0787354	-0.0152588	-0.0939941
-0.0759888	-0.0180054	-0.0939941
-0.0714111	-0.0201416	-0.0915527
-0.0701904	-0.0198364	-0.0900269
-0.0704956	-0.0186157	-0.0891113
-0.067749	-0.0170898	-0.0848389
-0.0622559	-0.0161743	-0.0784302
-0.0561523	-0.0177002	-0.0738525
-0.0512695	-0.0189209	-0.0701904
-0.0479126	-0.0183105	-0.0662231
-0.0454712	-0.0177002	-0.0631714
-0.0430298	-0.0183105	-0.0613403
-0.0408936	-0.020752	-0.0616455
-0.039978	-0.0238037	-0.0637817
-0.0393677	-0.0265503	-0.065918
-0.0405884	-0.0280762	-0.0686646
-0.0463867	-0.0271606	-0.0735474
-0.0561523	-0.0244141	-0.0805664
-0.0650024	-0.0201416	-0.085144
-0.0723267	-0.0146484	-0.0869751
-0.0799561	-0.00793457	-0.0878906
-0.0878906	-0.000305176	-0.0881958
-0.0930786	0.00457764	-0.088501
-0.0921631	0.00427246	-0.0878906
-0.0842285	-0.000915527	-0.085144
-0.0698853	-0.00976563	-0.0796509
-0.0546265	-0.0143433	-0.0689697
-0.0427246	-0.00946045	-0.0521851
-0.0256348	-0.00274658	-0.0283813
0.00396729	0.000305176	0.00427246
0.0427246	0.00549316	0.0482178
0.0857544	0.0180054	0.10376
0.129089	0.0372314	0.166321
0.171509	0.062561	0.23407
0.212402	0.0933838	0.305786
0.245972	0.13031	0.376282
0.267639	0.169678	0.437317
0.275879	0.206604	0.482483
0.265503	0.240173	0.505676
0.231018	0.272522	0.50354
0.175476	0.300598	0.476074
0.104065	0.32074	0.424805
0.0228882	0.332336	0.355225
-0.0585938	0.331116	0.272522
-0.131836	0.314331	0.182495
-0.194702	0.284729	0.0900269
-0.245056	0.245667	0.000610352
-0.281677	0.201721	-0.0799561
-0.302124	0.155945	-0.146179
-0.301514	0.109253	-0.192261
-0.281982	0.0640869	-0.217896
-0.249634	0.0250244	-0.224609
-0.212708	-0.00579834	-0.218506
-0.179138	-0.0259399	-0.205078
-0.149231	-0.0372314	-0.186462
-0.120544	-0.0445557	-0.1651
-0.0939941	-0.0488281	-0.142822
-0.0744629	-0.0469971	-0.12146
-0.0674438	-0.0363159	-0.10376
-0.0686646	-0.022583	-0.0912476
-0.0701904	-0.0131226	-0.083313
-0.0717163	-0.00671387	-0.0784302
-0.0744629	-0.000915527	-0.0753784
-0.0787354	0.00335693	-0.0753784
-0.0848389	0.00854492	-0.0762939
-0.090332	0.0143433	-0.0759888
-0.0924683	0.0177002	-0.0747681
-0.0912476	0.0189209	-0.0723267
-0.0878906	0.0183105	-0.0695801
-0.0854492	0.017395	-0.0680542
-0.0820923	0.0161743	-0.065918
-0.0769043	0.0140381	-0.0628662
-0.0695801	0.00915527	-0.0604248
-0.062561	0.00335693	-0.0592041
-0.0561523	-0.00244141	-0.0585938
-0.0531006	-0.00427246	-0.057373
-0.0531006	-0.00335693	-0.0564575
-0.0552368	-0.000915527	-0.0561523
-0.0582886	0.00305176	-0.0552368
-0.0567627	0.00427246	-0.0524902
-0.0512695	0.00305176	-0.0482178
-0.0476074	0.00244141	-0.045166
-0.0479126	0.00427246	-0.0436401
-0.0500488	0.00732422	-0.0427246
-0.0506592	0.0088501	-0.0418091
-0.0479126	0.00762939	-0.0402832
-0.0424194	0.00427246	-0.038147
-0.0360107	0	-0.0360107
-0.0308228	-0.00366211	-0.0344849
-0.0259399	-0.00701904	-0.032959
-0.0241089	-0.00854492	-0.0326538
-0.0241089	-0.00793457	-0.0320435
-0.0253296	-0.00610352	-0.0314331
-0.0299072	-0.00213623	-0.0320435
-0.0366211	0.00427246	-0.0323486
-0.0463867	0.012207	-0.0341797
-0.0576782	0.0189209	-0.0387573
-0.0646973	0.022583	-0.0421143
-0.0653076	0.0222778	-0.0430298
-0.0616455	0.0183105	-0.043335
-0.0552368	0.0125122	-0.0427246
-0.0479126	0.00732422	-0.0405884
-0.0421143	0.00427246	-0.0378418
-0.0341797	0	-0.0341797
-0.0219727	-0.00610352	-0.0280762
-0.0106812	-0.0131226	-0.0238037
-0.00305176	-0.0186157	-0.0216675
-0.000610352	-0.0201416	-0.020752
-0.00183105	-0.0180054	-0.0198364
-0.00457764	-0.0140381	-0.0186157
-0.00701904	-0.0106812	-0.0177002
-0.00946045	-0.00762939	-0.0170898
-0.0125122	-0.00579834	-0.0183105
-0.0152588	-0.00518799	-0.0204468
-0.0161743	-0.00457764	-0.020752
-0.015564	-0.00366211	-0.0192261
-0.0134277	-0.00183105	-0.0152588
-0.0106812	-0.000610352	-0.0112915
-0.00671387	-0.000610352	-0.00732422
-0.00396729	-0.00213623	-0.00610352
-0.00244141	-0.00335693	-0.00579834
-0.0012207	-0.00366211	-0.00488281
-0.000305176	-0.00396729	-0.00427246
0.0012207	-0.00457764	-0.00335693
0.00305176	-0.00518799	-0.00213623
0.00640869	-0.00732422	-0.000915527
0.0112915	-0.0115967	-0.000305176
0.0167847	-0.0158691	0.000915527
0.0250244	-0.020752	0.00427246
0.0332642	-0.0241089	0.00915527
0.0405884	-0.0259399	0.0146484
0.0466919	-0.0274658	0.0192261
0.0537109	-0.0292969	0.0244141
0.0631714	-0.0326538	0.0305176
0.0717163	-0.0350952	0.0366211
0.0756836	-0.0326538	0.0430298
0.0769043	-0.0296021	0.0473022
0.0765991	-0.0268555	0.0497437
0.0753784	-0.0241089	0.0512695
0.0753784	-0.022583	0.0527954
0.0805664	-0.0231934	0.057373
0.0894165	-0.0256348	0.0637817
0.0976563	-0.0280762	0.0695801
0.10437	-0.0299072	0.0744629
0.112915	-0.0335693	0.0793457
0.124512	-0.0390625	0.0854492
0.136414	-0.0448608	0.0915527
0.145264	-0.0482178	0.0970459
0.154419	-0.0494385	0.10498
0.162354	-0.0488281	0.113525
0.166016	-0.0473022	0.118713
0.1651	-0.0430298	0.12207
0.159302	-0.03479	0.124512
0.150146	-0.0247192	0.125427
0.140076	-0.0161743	0.123901
0.132141	-0.0100708	0.12207
0.127563	-0.00518799	0.122375
0.122986	-0.000610352	0.122375
0.116272	0.00366211	0.119934
0.111694	0.00732422	0.119019
0.108337	0.010376	0.118713
0.104065	0.012207	0.116272
0.100708	0.0128174	0.113525
0.0985718	0.0134277	0.112
0.0979614	0.0143433	0.112305
0.0964355	0.0149536	0.111389
0.0912476	0.0164795	0.107727
0.0814819	0.0195313	0.101013
0.0683594	0.0244141	0.0927734
0.0543213	0.0289917	0.083313
0.0411987	0.0323486	0.0735474
0.0244141	0.0393677	0.0637817
0	0.0540161	0.0540161
-0.0274658	0.0720215	0.0445557
-0.0442505	0.0805664	0.0363159
-0.0473022	0.0759888	0.0286865
-0.0457764	0.0680542	0.0222778
-0.0469971	0.0631714	0.0161743
-0.0482178	0.0601196	0.0119019
-0.0457764	0.0531006	0.00732422
-0.0378418	0.039978	0.00213623
-0.0253296	0.0213623	-0.00396729
-0.0128174	0.00274658	-0.0100708
-0.00701904	-0.00762939	-0.0146484
-0.00915527	-0.00946045	-0.0186157
-0.0146484	-0.00854492	-0.0231934
-0.0265503	-0.00244141	-0.0289917
-0.0427246	0.00793457	-0.03479
-0.0567627	0.0189209	-0.0378418
-0.067749	0.0292969	-0.0384521
-0.0738525	0.0375366	-0.0363159
-0.0772095	0.0424194	-0.03479
-0.0778198	0.0436401	-0.0341797
-0.0772095	0.0430298	-0.0341797
-0.0775146	0.0415039	-0.0360107
-0.0775146	0.038147	-0.0393677
-0.0726318	0.0335693	-0.0390625
-0.0634766	0.0283813	-0.0350952
-0.0570679	0.0244141	-0.0326538
-0.0546265	0.022583	-0.0320435
-0.055542	0.0231934	-0.0323486
-0.0588989	0.0250244	-0.0338745
-0.0622559	0.027771	-0.0344849
-0.0637817	0.0308228	-0.032959
-0.0643921	0.0332642	-0.0311279
-0.0653076	0.0354004	-0.0299072
-0.0674438	0.0366211	-0.0308228
-0.0704956	0.0378418	-0.0326538
-0.0750732	0.0402832	-0.03479
-0.0820923	0.0430298	-0.0390625
-0.0866699	0.0473022	-0.0393677
-0.0888062	0.0524902	-0.0363159
-0.093689	0.0576782	-0.0360107
-0.100403	0.0628662	-0.0375366
-0.102844	0.0668335	-0.0360107
-0.0979614	0.065918	-0.0320435
-0.0878906	0.06073	-0.0271606
-0.083313	0.0595093	-0.0238037
-0.0857544	0.0631714	-0.022583
-0.0878906	0.065918	-0.0219727
-0.0863647	0.0640869	-0.0222778
-0.0817871	0.0588989	-0.0228882
-0.0741577	0.0518799	-0.0222778
-0.0671387	0.0454712	-0.0216675
-0.0650024	0.0427246	-0.0222778
-0.0650024	0.0421143	-0.0228882
-0.0640869	0.0415039	-0.022583
-0.0619507	0.0402832	-0.0216675
-0.0576782	0.0375366	-0.0201416
-0.0521851	0.0335693	-0.0186157
-0.0473022	0.0299072	-0.017395
-0.045166	0.0283813	-0.0167847
-0.0448608	0.0280762	-0.0167847
-0.045166	0.0286865	-0.0164795
-0.0469971	0.0296021	-0.017395
-0.0497437	0.0286865	-0.0210571
-0.0515747	0.0244141	-0.0271606
-0.0531006	0.0234985	-0.0296021
-0.0537109	0.0271606	-0.0265503
-0.0543213	0.0314331	-0.0228882
-0.0543213	0.0335693	-0.020752
-0.0527954	0.0341797	-0.0186157
-0.050354	0.0350952	-0.0152588
-0.0479126	0.0369263	-0.0109863
-0.0448608	0.0390625	-0.00579834
-0.043335	0.0415039	-0.00183105
-0.0448608	0.0445557	-0.000305176
-0.0488281	0.0485229	-0.000305176
-0.0518799	0.0506592	-0.0012207
-0.0537109	0.0488281	-0.00488281
-0.0567627	0.045166	-0.0115967
-0.0598145	0.0393677	-0.0204468
-0.0622559	0.0344849	-0.027771
-0.0622559	0.0314331	-0.0308228
-0.0585938	0.0305176	-0.0280762
-0.0552368	0.0317383	-0.0234985
-0.0518799	0.0326538	-0.0192261
-0.0479126	0.0326538	-0.0152588
-0.0436401	0.0323486	-0.0112915
-0.039978	0.0335693	-0.00640869
-0.0378418	0.0369263	-0.000915527
-0.03479	0.0384521	0.00366211
-0.0320435	0.0387573	0.00671387
-0.0314331	0.0378418	0.00640869
-0.0314331	0.0341797	0.00274658
-0.0317383	0.0286865	-0.00305176
-0.032959	0.0238037	-0.00915527
-0.0338745	0.0183105	-0.015564
-0.0326538	0.00976563	-0.0228882
-0.0332642	0.00396729	-0.0292969
-0.0372314	0.00427246	-0.032959
-0.0415039	0.00701904	-0.0344849
-0.0439453	0.0088501	-0.0350952
-0.0442505	0.00946045	-0.03479
-0.0460815	0.0125122	-0.0335693
-0.0488281	0.0170898	-0.0317383
-0.0500488	0.0204468	-0.0296021
-0.0494385	0.0213623	-0.0280762
-0.0476074	0.0213623	-0.0262451
-0.0442505	0.0204468	-0.0238037
-0.0415039	0.0189209	-0.022583
-0.0390625	0.0149536	-0.0241089
-0.0360107	0.0088501	-0.0271606
-0.0317383	0.00244141	-0.0292969
-0.0305176	0.000305176	-0.0302124
-0.0357056	0.00427246	-0.0314331
-0.0454712	0.0112915	-0.0341797
-0.0552368	0.0170898	-0.038147
-0.062561	0.022583	-0.039978
-0.0686646	0.0292969	-0.0393677
-0.0756836	0.0375366	-0.038147
-0.0823975	0.0485229	-0.0338745
-0.0878906	0.0588989	-0.0289917
-0.0921631	0.0646973	-0.0274658
-0.0927734	0.0650024	-0.027771
-0.0869751	0.06073	-0.0262451
-0.0769043	0.0543213	-0.022583
-0.0662231	0.0473022	-0.0189209
-0.0543213	0.0405884	-0.0137329
-0.0430298	0.0332642	-0.00976563
-0.0335693	0.0262451	-0.00732422
-0.0271606	0.0204468	-0.00671387
-0.0231934	0.0164795	-0.00671387
-0.0222778	0.0143433	-0.00793457
-0.0238037	0.0146484	-0.00915527
-0.0253296	0.0167847	-0.00854492
-0.0271606	0.0195313	-0.00762939
-0.0317383	0.0222778	-0.00946045
-0.0384521	0.0250244	-0.0134277
-0.0442505	0.0274658	-0.0167847
-0.0494385	0.0292969	-0.0201416
-0.0534058	0.0314331	-0.0219727
-0.0549316	0.032959	-0.0219727
-0.0558472	0.0341797	-0.0216675
-0.0588989	0.0369263	-0.0219727
-0.0640869	0.0411987	-0.0228882
-0.0692749	0.0463867	-0.0228882
-0.0750732	0.0521851	-0.0228882
-0.0808716	0.0582886	-0.022583
-0.0827026	0.0604248	-0.0222778
-0.0796509	0.0576782	-0.0219727
-0.0753784	0.0531006	-0.0222778
-0.0720215	0.0488281	-0.0231934
-0.0689697	0.0448608	-0.0241089
-0.0668335	0.0424194	-0.0244141
-0.0643921	0.0393677	-0.0250244
-0.0613403	0.0341797	-0.0271606
-0.0579834	0.0283813	-0.0296021
-0.0558472	0.0250244	-0.0308228
-0.0515747	0.022583	-0.0289917
-0.0485229	0.0219727	-0.0265503
-0.0515747	0.0262451	-0.0253296
-0.0570679	0.0305176	-0.0265503
-0.0616455	0.032959	-0.0286865
-0.0628662	0.0344849	-0.0283813
-0.0622559	0.0360107	-0.0262451
-0.0619507	0.0372314	-0.0247192
-0.0640869	0.038147	-0.0259399
-0.0653076	0.0390625	-0.0262451
-0.062561	0.0390625	-0.0234985
-0.0579834	0.0390625	-0.0189209
-0.057373	0.0418091	-0.015564
-0.0585938	0.0448608	-0.0137329
-0.057373	0.045166	-0.012207
-0.0549316	0.0445557	-0.010376
-0.0537109	0.0457764	-0.00793457
-0.0564575	0.0497437	-0.00671387
-0.0588989	0.0518799	-0.00701904
-0.0595093	0.0515747	-0.00793457
-0.0582886	0.0521851	-0.00610352
-0.0540161	0.0527954	-0.0012207
-0.0515747	0.0552368	0.00366211
-0.0521851	0.0601196	0.00793457
-0.0491333	0.0616455	0.0125122
-0.0424194	0.0604248	0.0180054
-0.0363159	0.0610352	0.0247192
-0.0296021	0.062561	0.032959
-0.0238037	0.0637817	0.039978
-0.020752	0.0646973	0.0439453
-0.0192261	0.0640869	0.0448608
-0.0198364	0.0628662	0.0430298
-0.0219727	0.0619507	0.039978
-0.0238037	0.06073	0.0369263
-0.0244141	0.0592041	0.03479
-0.0247192	0.0567627	0.0320435
-0.0256348	0.0546265	0.0289917
-0.0247192	0.0531006	0.0283813
-0.0210571	0.0521851	0.0311279
-0.0177002	0.0512695	0.0335693
-0.0180054	0.0515747	0.0335693
-0.0210571	0.0537109	0.0326538
-0.0234985	0.0564575	0.032959
-0.0231934	0.0570679	0.0338745
-0.0204468	0.0558472	0.0354004
-0.0170898	0.0537109	0.0366211
-0.0140381	0.0515747	0.0375366
-0.0112915	0.0488281	0.0375366
-0.00915527	0.0448608	0.0357056
-0.00823975	0.039978	0.0317383
-0.00610352	0.03479	0.0286865
-0.00244141	0.0296021	0.0271606
0.00152588	0.0247192	0.0262451
0.00305176	0.0213623	0.0244141
0.00152588	0.0195313	0.0210571
-0.000915527	0.0183105	0.017395
-0.00305176	0.0180054	0.0149536
-0.00671387	0.0189209	0.012207
-0.0128174	0.0219727	0.00915527
-0.0198364	0.0256348	0.00579834
-0.0262451	0.0286865	0.00244141
-0.0317383	0.0308228	-0.000915527
-0.0363159	0.0308228	-0.00549316
-0.0411987	0.027771	-0.0134277
-0.0515747	0.0283813	-0.0231934
-0.0662231	0.0338745	-0.0323486
-0.0769043	0.0360107	-0.0408936
-0.0839233	0.0354004	-0.0485229
-0.0888062	0.0357056	-0.0531006
-0.0930786	0.0378418	-0.0552368
-0.0967407	0.0405884	-0.0561523
-0.0958252	0.039978	-0.0558472
-0.090332	0.0350952	-0.0552368
-0.0808716	0.0268555	-0.0540161
-0.0686646	0.0180054	-0.0506592
-0.0549316	0.00915527	-0.0457764
-0.0390625	0.000305176	-0.0387573
-0.0259399	-0.00701904	-0.032959
-0.017395	-0.0115967	-0.0289917
-0.0115967	-0.0146484	-0.0262451
-0.0088501	-0.0164795	-0.0253296
-0.0100708	-0.0152588	-0.0253296
-0.0158691	-0.0100708	-0.0259399
-0.0250244	-0.00213623	-0.0271606
-0.032959	0.00701904	-0.0259399
-0.038147	0.0149536	-0.0231934
-0.0421143	0.020752	-0.0213623
-0.0463867	0.0238037	-0.022583
-0.0497437	0.0244141	-0.0253296
-0.050354	0.0234985	-0.0268555
-0.0491333	0.0222778	-0.0268555
-0.0476074	0.0213623	-0.0262451
-0.0469971	0.020752	-0.0262451
-0.0479126	0.0201416	-0.027771
-0.0497437	0.0204468	-0.0292969
-0.0534058	0.0219727	-0.0314331
-0.0604248	0.0256348	-0.03479
-0.0698853	0.0292969	-0.0405884
-0.0793457	0.0311279	-0.0482178
-0.0854492	0.0308228	-0.0546265
-0.088501	0.0299072	-0.0585938
-0.090332	0.0311279	-0.0592041
-0.088501	0.0320435	-0.0564575
-0.0772095	0.0289917	-0.0482178
-0.0579834	0.0259399	-0.0320435
-0.0354004	0.0286865	-0.00671387
-0.0100708	0.0384521	0.0283813
0.0195313	0.055542	0.0750732
0.0561523	0.0787354	0.134888
0.0985718	0.106201	0.204773
0.143738	0.137329	0.281067
0.187378	0.170593	0.357971
0.220337	0.213318	0.433655
0.238647	0.265198	0.503845
0.248413	0.31189	0.560303
0.25116	0.34668	0.597839
0.239258	0.372009	0.611267
0.206909	0.391541	0.59845
0.159302	0.402527	0.561829
0.105286	0.39917	0.504456
0.045166	0.38147	0.426636
-0.0231934	0.353699	0.330505
-0.088501	0.318298	0.229797
-0.139771	0.275269	0.135498
-0.179443	0.22644	0.0469971
-0.20813	0.176086	-0.0320435
-0.22522	0.127869	-0.0973511
-0.228577	0.0839233	-0.144653
-0.219116	0.0445557	-0.174561
-0.200806	0.0131226	-0.187683
-0.177917	-0.00915527	-0.187073
-0.152283	-0.0238037	-0.176086
-0.129089	-0.0314331	-0.160522
-0.110474	-0.032959	-0.143433
-0.0952148	-0.0292969	-0.124512
-0.0814819	-0.0219727	-0.103455
-0.0704956	-0.0134277	-0.0839233
-0.0640869	-0.00396729	-0.0680542
-0.0622559	0.00579834	-0.0564575
-0.0631714	0.015564	-0.0476074
-0.062561	0.0216675	-0.0408936
-0.0604248	0.0234985	-0.0369263
-0.0592041	0.0228882	-0.0363159
-0.0585938	0.0201416	-0.0384521
-0.057373	0.0161743	-0.0411987
-0.0585938	0.015564	-0.0430298
-0.0628662	0.0177002	-0.045166
-0.0650024	0.0186157	-0.0463867
-0.0631714	0.015564	-0.0476074
-0.0619507	0.0140381	-0.0479126
-0.0643921	0.0161743	-0.0482178
-0.0680542	0.0195313	-0.0485229
-0.0692749	0.022583	-0.0466919
-0.0662231	0.0244141	-0.0418091
-0.0637817	0.0244141	-0.0393677
-0.0634766	0.0241089	-0.0393677
-0.0634766	0.0231934	-0.0402832
-0.0598145	0.020752	-0.0390625
-0.0531006	0.0161743	-0.0369263
-0.0463867	0.0119019	-0.0344849
-0.0415039	0.00946045	-0.0320435
-0.039978	0.0088501	-0.0311279
-0.0415039	0.00946045	-0.0320435
-0.0442505	0.0112915	-0.032959
-0.0463867	0.012207	-0.0341797
-0.0476074	0.012207	-0.0354004
-0.0479126	0.0125122	-0.0354004
-0.0479126	0.0143433	-0.0335693
-0.0491333	0.017395	-0.0317383
-0.0497437	0.0198364	-0.0299072
-0.0473022	0.0198364	-0.0274658
-0.043335	0.0177002	-0.0256348
-0.0384521	0.0158691	-0.022583
-0.0344849	0.0152588	-0.0192261
-0.0350952	0.0158691	-0.0192261
-0.0390625	0.0158691	-0.0231934
-0.0418091	0.0146484	-0.0271606
-0.0421143	0.0137329	-0.0283813
-0.0424194	0.0146484	-0.027771
-0.0439453	0.0161743	-0.027771
-0.045166	0.0170898	-0.0280762
-0.0436401	0.0167847	-0.0268555
-0.0445557	0.0186157	-0.0259399
-0.0457764	0.0222778	-0.0234985
-0.0430298	0.0253296	-0.0177002
-0.039978	0.0271606	-0.0128174
-0.0384521	0.0271606	-0.0112915
-0.0341797	0.0253296	-0.0088501
-0.0271606	0.0198364	-0.00732422
-0.0222778	0.015564	-0.00671387
-0.0234985	0.017395	-0.00610352
-0.0262451	0.0213623	-0.00488281
-0.0244141	0.0204468	-0.00396729
-0.0180054	0.0164795	-0.00152588
-0.00946045	0.0112915	0.00183105
-0.000305176	0.00518799	0.00488281
0.00762939	-0.000305176	0.00732422
0.010376	-0.0012207	0.00915527
0.0100708	-0.000305176	0.00976563
0.0119019	-0.00152588	0.010376
0.0161743	-0.00579834	0.010376
0.0210571	-0.0109863	0.0100708
0.0253296	-0.0152588	0.0100708
0.0283813	-0.0180054	0.010376
0.0296021	-0.0186157	0.0109863
0.0302124	-0.0180054	0.012207
0.0314331	-0.0177002	0.0137329
0.032959	-0.0170898	0.0158691
0.0344849	-0.0164795	0.0180054
0.0344849	-0.015564	0.0189209
0.0341797	-0.0137329	0.0204468
0.0357056	-0.0128174	0.0228882
0.0408936	-0.0128174	0.0280762
0.0488281	-0.0137329	0.0350952
0.0567627	-0.015564	0.0411987
0.0640869	-0.0177002	0.0463867
0.0720215	-0.0201416	0.0518799
0.0808716	-0.022583	0.0582886
0.088501	-0.0231934	0.0653076
0.0918579	-0.0189209	0.072937
0.0942993	-0.0140381	0.0802612
0.0985718	-0.012207	0.0863647
0.103455	-0.0109863	0.0924683
0.10376	-0.00640869	0.0973511
0.100403	0.0012207	0.101624
0.0982666	0.00793457	0.106201
0.098877	0.0115967	0.110474
0.098877	0.0112915	0.110168
0.0970459	0.00976563	0.106812
0.0946045	0.0109863	0.105591
0.0961304	0.0112915	0.107422
0.101013	0.00854492	0.109558
0.104675	0.00549316	0.110168
0.103455	0.00671387	0.110168
0.100098	0.0119019	0.112
0.0994873	0.0161743	0.115662
0.0991821	0.020752	0.119934
0.0997925	0.0244141	0.124207
0.105896	0.0213623	0.127258
0.113831	0.0149536	0.128784
0.114746	0.0134277	0.128174
0.109863	0.0158691	0.125732
0.102234	0.0195313	0.121765
0.090332	0.0228882	0.11322
0.078125	0.0228882	0.101013
0.0680542	0.0213623	0.0894165
0.0588989	0.0216675	0.0805664
0.0476074	0.0244141	0.0720215
0.0357056	0.0289917	0.0646973
0.0250244	0.0326538	0.0576782
0.0164795	0.0344849	0.0509644
0.0088501	0.0341797	0.0430298
0.00244141	0.0326538	0.0350952
-0.00244141	0.0308228	0.0283813
-0.00671387	0.0289917	0.0222778
-0.0115967	0.027771	0.0161743
-0.0183105	0.0271606	0.0088501
-0.0268555	0.0271606	0.000305176
-0.0357056	0.0280762	-0.00762939
-0.0430298	0.0292969	-0.0137329
-0.0485229	0.0299072	-0.0186157
-0.0540161	0.0302124	-0.0238037
-0.0579834	0.0305176	-0.0274658
-0.0598145	0.0311279	-0.0286865
-0.0628662	0.0320435	-0.0308228
-0.0656128	0.0302124	-0.0354004
-0.0674438	0.0283813	-0.0390625
-0.072937	0.0317383	-0.0411987
-0.0796509	0.0372314	-0.0424194
-0.0866699	0.0408936	-0.0457764
-0.0918579	0.0421143	-0.0497437
-0.0915527	0.0396729	-0.0518799
-0.088501	0.0360107	-0.0524902
-0.0869751	0.0350952	-0.0518799
-0.0888062	0.0360107	-0.0527954
-0.090332	0.03479	-0.055542
-0.0872803	0.0326538	-0.0546265
-0.0820923	0.0308228	-0.0512695
-0.0769043	0.0299072	-0.0469971
-0.072937	0.0289917	-0.0439453
-0.0680542	0.0268555	-0.0411987
-0.0643921	0.0247192	-0.0396729
-0.0628662	0.0238037	-0.0390625
-0.0619507	0.0238037	-0.038147
-0.0601196	0.0231934	-0.0369263
-0.0582886	0.0219727	-0.0363159
-0.0570679	0.0201416	-0.0369263
-0.0570679	0.0183105	-0.0387573
-0.0592041	0.0177002	-0.0415039
-0.062561	0.0183105	-0.0442505
-0.067749	0.0198364	-0.0479126
-0.0765991	0.0222778	-0.0543213
-0.0878906	0.0253296	-0.062561
-0.0958252	0.0280762	-0.067749
-0.098877	0.0311279	-0.067749
-0.101013	0.0354004	-0.0656128
-0.102234	0.039978	-0.0622559
-0.103149	0.0442505	-0.0588989
-0.100708	0.0454712	-0.0552368
-0.0952148	0.0439453	-0.0512695
-0.0921631	0.0463867	-0.0457764
-0.088501	0.0494385	-0.0390625
-0.0830078	0.050354	-0.0326538
-0.078125	0.0491333	-0.0289917
-0.0735474	0.0445557	-0.0289917
-0.0686646	0.0375366	-0.0311279
-0.0650024	0.0320435	-0.032959
-0.0674438	0.0314331	-0.0360107
-0.0723267	0.0323486	-0.039978
-0.0738525	0.0302124	-0.0436401
-0.0726318	0.0259399	-0.0466919
-0.0720215	0.0228882	-0.0491333
-0.0695801	0.0216675	-0.0479126
-0.0662231	0.0213623	-0.0448608
-0.065918	0.0213623	-0.0445557
-0.065918	0.0198364	-0.0460815
-0.0634766	0.0161743	-0.0473022
-0.0604248	0.0131226	-0.0473022
-0.0598145	0.0134277	-0.0463867
-0.0643921	0.0167847	-0.0476074
-0.0698853	0.0201416	-0.0497437
-0.0704956	0.0189209	-0.0515747
-0.0708008	0.0167847	-0.0540161
-0.072937	0.0180054	-0.0549316
-0.0750732	0.0204468	-0.0546265
-0.0762939	0.0219727	-0.0543213
-0.0759888	0.0213623	-0.0546265
-0.0723267	0.0183105	-0.0540161
-0.0671387	0.0152588	-0.0518799
-0.062561	0.0140381	-0.0485229
-0.0604248	0.0146484	-0.0457764
-0.0616455	0.0152588	-0.0463867
-0.0634766	0.0149536	-0.0485229
-0.0637817	0.0134277	-0.050354
-0.0628662	0.0112915	-0.0515747
-0.0631714	0.010376	-0.0527954
-0.0671387	0.0131226	-0.0540161
-0.0717163	0.0158691	-0.0558472
-0.0726318	0.0149536	-0.0576782
-0.071106	0.0128174	-0.0582886
-0.0695801	0.0125122	-0.0570679
-0.0698853	0.0152588	-0.0546265
-0.0717163	0.0195313	-0.0521851
-0.0717163	0.0210571	-0.0506592
-0.0695801	0.0204468	-0.0491333
-0.0674438	0.0195313	-0.0479126
-0.0665283	0.0180054	-0.0485229
-0.0650024	0.0140381	-0.0509644
-0.0628662	0.00793457	-0.0549316
-0.0585938	0.00213623	-0.0564575
-0.0546265	-0.00152588	-0.0561523
-0.0518799	-0.00396729	-0.0558472
-0.0500488	-0.00671387	-0.0567627
-0.0500488	-0.00823975	-0.0582886
-0.0534058	-0.00579834	-0.0592041
-0.0592041	-0.00152588	-0.06073
-0.0631714	0.000305176	-0.0628662
-0.0653076	0.00335693	-0.0619507
-0.0665283	0.00854492	-0.0579834
-0.0668335	0.0115967	-0.0552368
-0.0662231	0.0109863	-0.0552368
-0.0640869	0.00762939	-0.0564575
-0.0604248	0.00366211	-0.0567627
-0.055542	0.000610352	-0.0549316
-0.0518799	-0.0012207	-0.0531006
-0.0497437	-0.00213623	-0.0518799
-0.0473022	-0.00488281	-0.0521851
-0.0442505	-0.00915527	-0.0534058
-0.0415039	-0.0137329	-0.0552368
-0.043335	-0.0164795	-0.0598145
-0.0515747	-0.0164795	-0.0680542
-0.062561	-0.0131226	-0.0756836
-0.0665283	-0.00915527	-0.0756836
-0.0653076	-0.00610352	-0.0714111
-0.0656128	-0.00305176	-0.0686646
-0.0698853	0.00152588	-0.0683594
-0.0732422	0.00732422	-0.065918
-0.0756836	0.0140381	-0.0616455
-0.0775146	0.020752	-0.0567627
-0.078125	0.0241089	-0.0540161
-0.0787354	0.0250244	-0.0537109
-0.0799561	0.0259399	-0.0540161
-0.0820923	0.0262451	-0.0558472
-0.0839233	0.0247192	-0.0592041
-0.0845337	0.0219727	-0.062561
-0.0854492	0.0198364	-0.0656128
-0.0869751	0.0192261	-0.067749
-0.0872803	0.0192261	-0.0680542
-0.0888062	0.0210571	-0.067749
-0.0891113	0.0228882	-0.0662231
-0.083313	0.022583	-0.06073
-0.0753784	0.0210571	-0.0543213
-0.0723267	0.0228882	-0.0494385
-0.072937	0.027771	-0.045166
-0.0714111	0.0296021	-0.0418091
-0.0646973	0.0244141	-0.0402832
-0.0549316	0.0140381	-0.0408936
-0.0491333	0.00701904	-0.0421143
-0.0491333	0.00610352	-0.0430298
-0.0494385	0.00579834	-0.0436401
-0.0512695	0.00671387	-0.0445557
-0.0524902	0.00579834	-0.0466919
-0.0515747	0.00274658	-0.0488281
-0.0512695	0.000305176	-0.0509644
-0.0540161	0.000915527	-0.0531006
-0.0595093	0.00457764	-0.0549316
-0.062561	0.00854492	-0.0540161
-0.0628662	0.0109863	-0.0518799
-0.0616455	0.0109863	-0.0506592
-0.0595093	0.0100708	-0.0494385
-0.057373	0.00915527	-0.0482178
-0.0546265	0.00854492	-0.0460815
-0.0527954	0.00854492	-0.0442505
-0.0515747	0.00854492	-0.0430298
-0.0500488	0.00823975	-0.0418091
-0.0463867	0.00640869	-0.039978
-0.045166	0.00549316	-0.0396729
-0.0482178	0.00732422	-0.0408936
-0.0531006	0.0106812	-0.0424194
-0.0579834	0.0137329	-0.0442505
-0.0619507	0.0158691	-0.0460815
-0.0662231	0.0177002	-0.0485229
-0.0708008	0.0201416	-0.0506592
-0.0750732	0.022583	-0.0524902
-0.0790405	0.0253296	-0.0537109
-0.0820923	0.0280762	-0.0540161
-0.083313	0.0305176	-0.0527954
-0.088501	0.03479	-0.0537109
-0.0964355	0.0408936	-0.055542
-0.103149	0.0479126	-0.0552368
-0.107117	0.0531006	-0.0540161
-0.109253	0.0546265	-0.0546265
-0.109558	0.0537109	-0.0558472
-0.105591	0.0512695	-0.0543213
-0.0973511	0.0466919	-0.0506592
-0.0878906	0.0418091	-0.0460815
-0.0772095	0.0350952	-0.0421143
-0.062561	0.0234985	-0.0390625
-0.0460815	0.00976563	-0.0363159
-0.0323486	-0.0012207	-0.0335693
-0.0274658	-0.00396729	-0.0314331
-0.0289917	-0.00183105	-0.0308228
-0.0286865	-0.00305176	-0.0317383
-0.027771	-0.00549316	-0.0332642
-0.0341797	-0.00274658	-0.0369263
-0.050354	0.00518799	-0.045166
-0.0671387	0.0131226	-0.0540161
-0.0762939	0.0177002	-0.0585938
-0.0735474	0.0189209	-0.0546265
-0.0631714	0.0180054	-0.045166
-0.0512695	0.0161743	-0.0350952
-0.0402832	0.0140381	-0.0262451
-0.0305176	0.0128174	-0.0177002
-0.0198364	0.0115967	-0.00823975
-0.00946045	0.0119019	0.00244141
-0.0012207	0.0131226	0.0119019
0.00335693	0.0152588	0.0186157
0.00335693	0.0177002	0.0210571
-0.000610352	0.0201416	0.0195313
-0.00762939	0.022583	0.0149536
-0.0161743	0.0241089	0.00793457
-0.0244141	0.0241089	-0.000305176
-0.0286865	0.022583	-0.00610352
-0.0286865	0.0204468	-0.00823975
-0.0271606	0.0192261	-0.00793457
-0.0256348	0.0180054	-0.00762939
-0.0259399	0.0180054	-0.00793457
-0.027771	0.0180054	-0.00976563
-0.0262451	0.0161743	-0.0100708
-0.0216675	0.0143433	-0.00732422
-0.0192261	0.0149536	-0.00427246
-0.0222778	0.0183105	-0.00396729
-0.0274658	0.0228882	-0.00457764
-0.0320435	0.0265503	-0.00549316
-0.0378418	0.0317383	-0.00610352
-0.0509644	0.0442505	-0.00671387
-0.0668335	0.0601196	-0.00671387
-0.0717163	0.0640869	-0.00762939
-0.0631714	0.0534058	-0.00976563
-0.0506592	0.038147	-0.0125122
-0.0418091	0.0250244	-0.0167847
-0.0363159	0.0140381	-0.0222778
-0.0311279	0.00427246	-0.0268555
-0.0253296	-0.00488281	-0.0302124
-0.0164795	-0.0164795	-0.032959
-0.00579834	-0.0305176	-0.0363159
0.00274658	-0.0411987	-0.0384521
0.00396729	-0.0442505	-0.0402832
-0.00274658	-0.0393677	-0.0421143
-0.0131226	-0.0302124	-0.043335
-0.0256348	-0.0201416	-0.0457764
-0.0387573	-0.0125122	-0.0512695
-0.0500488	-0.0088501	-0.0588989
-0.0576782	-0.0088501	-0.0665283
-0.062561	-0.010376	-0.072937
-0.0653076	-0.012207	-0.0775146
-0.0680542	-0.0140381	-0.0820923
-0.0741577	-0.015564	-0.0897217
-0.0796509	-0.0167847	-0.0964355
-0.0787354	-0.0170898	-0.0958252
-0.0723267	-0.0170898	-0.0894165
-0.065918	-0.0161743	-0.0820923
-0.0616455	-0.0137329	-0.0753784
-0.0576782	-0.0106812	-0.0683594
-0.0527954	-0.00823975	-0.0610352
-0.0476074	-0.00610352	-0.0537109
-0.0445557	-0.00305176	-0.0476074
-0.0418091	-0.00183105	-0.0436401
-0.0393677	-0.00274658	-0.0421143
-0.0384521	-0.00427246	-0.0427246
-0.0387573	-0.00671387	-0.0454712
-0.045166	-0.00488281	-0.0500488
-0.0561523	0.000305176	-0.0558472
-0.0662231	0.00396729	-0.0622559
-0.0714111	0.00457764	-0.0668335
-0.0708008	0.00213623	-0.0686646
-0.0692749	-0.00183105	-0.071106
-0.0692749	-0.00274658	-0.0720215
-0.0683594	-0.000610352	-0.0689697
-0.0650024	0.000610352	-0.0643921
-0.0622559	0.000915527	-0.0613403
-0.0604248	0.00152588	-0.0588989
-0.0595093	0.00183105	-0.0576782
-0.0598145	0.00274658	-0.0570679
-0.06073	0.00305176	-0.0576782
-0.0622559	0.00213623	-0.0601196
-0.0650024	0.0012207	-0.0637817
-0.0683594	0.0012207	-0.0671387
-0.0683594	0.000610352	-0.067749
-0.06073	-0.000305176	-0.0610352
-0.0460815	-0.000305176	-0.0463867
-0.0271606	0.00244141	-0.0247192
-0.00305176	0.00915527	0.00610352
0.0292969	0.0219727	0.0512695
0.0708008	0.0402832	0.111084
0.119324	0.0637817	0.183105
0.169678	0.0921631	0.261841
0.216064	0.126038	0.342102
0.253906	0.165405	0.419312
0.280762	0.20874	0.489502
0.292664	0.252075	0.544739
0.285339	0.293274	0.578613
0.255127	0.331726	0.586853
0.205383	0.362854	0.568237
0.142517	0.38269	0.525208
0.0689697	0.390015	0.458984
-0.0115967	0.383606	0.372009
-0.0891113	0.361938	0.272827
-0.15564	0.324402	0.168762
-0.205688	0.273438	0.067749
-0.235901	0.215759	-0.0201416
-0.245056	0.154419	-0.0906372
-0.235596	0.0912476	-0.144348
-0.213318	0.0320435	-0.181274
-0.185547	-0.015564	-0.201111
-0.152283	-0.0524902	-0.204773
-0.119629	-0.0753784	-0.195007
-0.0946045	-0.0827026	-0.177307
-0.0772095	-0.0808716	-0.158081
-0.0637817	-0.0750732	-0.138855
-0.0540161	-0.0668335	-0.12085
-0.0482178	-0.057373	-0.105591
-0.0460815	-0.0482178	-0.0942993
-0.0494385	-0.0387573	-0.0881958
-0.0531006	-0.0314331	-0.0845337
-0.0515747	-0.0286865	-0.0802612
-0.0457764	-0.0296021	-0.0753784
-0.0396729	-0.0317383	-0.0714111
-0.0363159	-0.0323486	-0.0686646
-0.0375366	-0.0305176	-0.0680542
-0.0402832	-0.0271606	-0.0674438
-0.0427246	-0.0238037	-0.0665283
-0.045166	-0.0210571	-0.0662231
-0.0473022	-0.0195313	-0.0668335
-0.0494385	-0.0183105	-0.067749
-0.0512695	-0.0186157	-0.0698853
-0.0531006	-0.0195313	-0.0726318
-0.0561523	-0.0183105	-0.0744629
-0.0601196	-0.0149536	-0.0750732
-0.0634766	-0.0128174	-0.0762939
-0.0662231	-0.010376	-0.0765991
-0.0723267	-0.00427246	-0.0765991
-0.0790405	0.00274658	-0.0762939
-0.083313	0.00640869	-0.0769043
-0.0839233	0.00579834	-0.078125
-0.0823975	0.00366211	-0.0787354
-0.0817871	0.00518799	-0.0765991
-0.0814819	0.00946045	-0.0720215
-0.0787354	0.0109863	-0.067749
-0.0735474	0.00854492	-0.0650024
-0.0662231	0.00366211	-0.062561
-0.0610352	0.00183105	-0.0592041
-0.062561	0.00427246	-0.0582886
-0.0643921	0.00640869	-0.0579834
-0.0640869	0.00701904	-0.0570679
-0.0665283	0.00976563	-0.0567627
-0.0701904	0.0128174	-0.057373
-0.0723267	0.0146484	-0.0576782
-0.0723267	0.0146484	-0.0576782
-0.071106	0.0137329	-0.057373
-0.0686646	0.0115967	-0.0570679
-0.0650024	0.0106812	-0.0543213
-0.0616455	0.0125122	-0.0491333
-0.0567627	0.0134277	-0.043335
-0.0463867	0.00976563	-0.0366211
-0.032959	0.00335693	-0.0296021
-0.0216675	-0.00274658	-0.0244141
-0.0170898	-0.00640869	-0.0234985
-0.0164795	-0.00732422	-0.0238037
-0.0164795	-0.00793457	-0.0244141
-0.015564	-0.00946045	-0.0250244
-0.015564	-0.0125122	-0.0280762
-0.0170898	-0.015564	-0.0326538
-0.0152588	-0.0167847	-0.0320435
-0.0125122	-0.0158691	-0.0283813
-0.012207	-0.0140381	-0.0262451
-0.0131226	-0.012207	-0.0253296
-0.0131226	-0.010376	-0.0234985
-0.0112915	-0.0088501	-0.0201416
-0.00823975	-0.00793457	-0.0161743
-0.00427246	-0.00762939	-0.0119019
-0.00183105	-0.00762939	-0.00946045
-0.000610352	-0.00793457	-0.00854492
0.000305176	-0.010376	-0.0100708
-0.000305176	-0.0134277	-0.0137329
-0.00549316	-0.0109863	-0.0164795
-0.00915527	-0.00854492	-0.0177002
-0.00732422	-0.0106812	-0.0180054
-0.00518799	-0.0128174	-0.0180054
-0.00671387	-0.0100708	-0.0167847
-0.0115967	-0.00244141	-0.0140381
-0.0195313	0.0100708	-0.00946045
-0.0234985	0.0192261	-0.00427246
-0.0195313	0.0189209	-0.000610352
-0.0134277	0.015564	0.00213623
-0.010376	0.0152588	0.00488281
-0.0106812	0.0189209	0.00823975
-0.0088501	0.0204468	0.0115967
-0.00274658	0.0180054	0.0152588
0.00640869	0.0119019	0.0183105
0.0192261	0.00274658	0.0219727
0.0354004	-0.00793457	0.0274658
0.0527954	-0.0177002	0.0350952
0.067749	-0.0253296	0.0424194
0.0805664	-0.0311279	0.0494385
0.0930786	-0.0354004	0.0576782
0.101929	-0.0369263	0.0650024
0.105286	-0.0350952	0.0701904
0.107422	-0.0335693	0.0738525
0.107422	-0.0317383	0.0756836
0.106506	-0.0289917	0.0775146
0.108032	-0.0250244	0.0830078
0.112	-0.0210571	0.0909424
0.115967	-0.017395	0.0985718
0.12085	-0.0146484	0.106201
0.127258	-0.0128174	0.114441
0.134277	-0.0115967	0.122681
0.138855	-0.00946045	0.129395
0.140076	-0.00701904	0.133057
0.139771	-0.00457764	0.135193
0.136108	-0.00183105	0.134277
0.127869	0.00244141	0.13031
0.119324	0.00793457	0.127258
0.109863	0.0143433	0.124207
0.0961304	0.022583	0.118713
0.0784302	0.0338745	0.112305
0.062561	0.0436401	0.106201
0.0527954	0.0485229	0.101318
0.0497437	0.0476074	0.0973511
0.0546265	0.0408936	0.09552
0.0610352	0.0317383	0.0927734
0.0582886	0.0280762	0.0863647
0.0500488	0.0286865	0.0787354
0.0439453	0.0283813	0.0723267
0.039978	0.0247192	0.0646973
0.0363159	0.0189209	0.0552368
0.0317383	0.0134277	0.045166
0.0238037	0.0112915	0.0350952
0.0109863	0.0149536	0.0259399
-0.00549316	0.0244141	0.0189209
-0.0189209	0.0314331	0.0125122
-0.027771	0.0317383	0.00396729
-0.0326538	0.027771	-0.00488281
-0.03479	0.0219727	-0.0128174
-0.0357056	0.0161743	-0.0195313
-0.0369263	0.0112915	-0.0256348
-0.0378418	0.00640869	-0.0314331
-0.0369263	0.000305176	-0.0366211
-0.0332642	-0.00518799	-0.0384521
-0.0302124	-0.0088501	-0.0390625
-0.0314331	-0.0088501	-0.0402832
-0.0369263	-0.00579834	-0.0427246
-0.0430298	-0.0012207	-0.0442505
-0.0482178	0.00396729	-0.0442505
-0.0540161	0.0100708	-0.0439453
-0.0610352	0.0161743	-0.0448608
-0.0668335	0.020752	-0.0460815
-0.0698853	0.0228882	-0.0469971
-0.0708008	0.0234985	-0.0473022
-0.0720215	0.0244141	-0.0476074
-0.0744629	0.0265503	-0.0479126
-0.0723267	0.0250244	-0.0473022
-0.0665283	0.0183105	-0.0482178
-0.0619507	0.012207	-0.0497437
-0.0634766	0.0109863	-0.0524902
-0.0653076	0.0106812	-0.0546265
-0.0646973	0.0109863	-0.0537109
-0.0637817	0.0128174	-0.0509644
-0.0646973	0.0149536	-0.0497437
-0.0662231	0.0149536	-0.0512695
-0.067749	0.0146484	-0.0531006
-0.0686646	0.0158691	-0.0527954
-0.0683594	0.0183105	-0.0500488
-0.0668335	0.0201416	-0.0466919
-0.0665283	0.0210571	-0.0454712
-0.0674438	0.0201416	-0.0473022
-0.0671387	0.0164795	-0.0506592
-0.065918	0.0119019	-0.0540161
-0.0662231	0.0100708	-0.0561523
-0.0637817	0.00915527	-0.0546265
-0.06073	0.00823975	-0.0524902
-0.0588989	0.0088501	-0.0500488
-0.0567627	0.00915527	-0.0476074
-0.0534058	0.00915527	-0.0442505
-0.0491333	0.00793457	-0.0411987
-0.0439453	0.00610352	-0.0378418
-0.0390625	0.00366211	-0.0354004
-0.0354004	0.000915527	-0.0344849
-0.0341797	-0.00213623	-0.0363159
-0.0341797	-0.00518799	-0.0393677
-0.0350952	-0.00823975	-0.043335
-0.0375366	-0.0106812	-0.0482178
-0.0411987	-0.012207	-0.0534058
-0.0454712	-0.0125122	-0.0579834
-0.0488281	-0.0115967	-0.0604248
-0.0506592	-0.0100708	-0.06073
-0.0518799	-0.00732422	-0.0592041
-0.0546265	-0.0012207	-0.0558472
-0.0588989	0.00610352	-0.0527954
-0.0604248	0.0100708	-0.050354
-0.0592041	0.0109863	-0.0482178
-0.0582886	0.0115967	-0.0466919
-0.0595093	0.0131226	-0.0463867
-0.0616455	0.0149536	-0.0466919
-0.0650024	0.0180054	-0.0469971
-0.0717163	0.0241089	-0.0476074
-0.0787354	0.0320435	-0.0466919
-0.0793457	0.03479	-0.0445557
-0.0762939	0.0326538	-0.0436401
-0.0732422	0.0292969	-0.0439453
-0.0704956	0.0256348	-0.0448608
-0.0656128	0.0213623	-0.0442505
-0.06073	0.017395	-0.043335
-0.0561523	0.0131226	-0.0430298
-0.0494385	0.00671387	-0.0427246
-0.0411987	-0.00244141	-0.0436401
-0.0311279	-0.0146484	-0.0457764
-0.0274658	-0.0219727	-0.0494385
-0.0317383	-0.0210571	-0.0527954
-0.0369263	-0.0177002	-0.0546265
-0.0357056	-0.0158691	-0.0515747
-0.0335693	-0.0146484	-0.0482178
-0.0317383	-0.0143433	-0.0460815
-0.0305176	-0.0140381	-0.0445557
-0.0286865	-0.0128174	-0.0415039
-0.0256348	-0.0125122	-0.038147
-0.0222778	-0.0152588	-0.0375366
-0.0198364	-0.0189209	-0.0387573
-0.0189209	-0.0219727	-0.0408936
-0.017395	-0.0241089	-0.0415039
-0.017395	-0.0247192	-0.0421143
-0.0204468	-0.0244141	-0.0448608
-0.0256348	-0.0238037	-0.0494385
-0.0308228	-0.0231934	-0.0540161
-0.03479	-0.022583	-0.057373
-0.0344849	-0.0231934	-0.0576782
-0.0305176	-0.0256348	-0.0561523
-0.0308228	-0.0238037	-0.0546265
-0.0363159	-0.0180054	-0.0543213
-0.0393677	-0.0149536	-0.0543213
-0.0363159	-0.0164795	-0.0527954
-0.0326538	-0.0192261	-0.0518799
-0.0335693	-0.0195313	-0.0531006
-0.0387573	-0.017395	-0.0561523
-0.0436401	-0.0143433	-0.0579834
-0.0469971	-0.010376	-0.057373
-0.0491333	-0.00762939	-0.0567627
-0.0494385	-0.00854492	-0.0579834
-0.0500488	-0.0109863	-0.0610352
-0.0509644	-0.0131226	-0.0640869
-0.0506592	-0.0149536	-0.0656128
-0.0491333	-0.0180054	-0.0671387
-0.0466919	-0.020752	-0.0674438
-0.0445557	-0.0231934	-0.067749
-0.0442505	-0.0250244	-0.0692749
-0.0457764	-0.0244141	-0.0701904
-0.0457764	-0.022583	-0.0683594
-0.0457764	-0.0189209	-0.0646973
-0.0476074	-0.0125122	-0.0601196
-0.0518799	-0.00518799	-0.0570679
-0.0558472	0.000305176	-0.055542
-0.0518799	0.000915527	-0.0509644
-0.0439453	-0.00152588	-0.0454712
-0.0378418	-0.00457764	-0.0424194
-0.0335693	-0.0088501	-0.0424194
-0.0283813	-0.015564	-0.0439453
-0.0204468	-0.0250244	-0.0454712
-0.012207	-0.0360107	-0.0482178
-0.00610352	-0.0457764	-0.0518799
-0.00366211	-0.0524902	-0.0561523
-0.00427246	-0.0558472	-0.0601196
-0.00976563	-0.0552368	-0.0650024
-0.0195313	-0.0509644	-0.0704956
-0.0308228	-0.0448608	-0.0756836
-0.0393677	-0.038147	-0.0775146
-0.0460815	-0.0305176	-0.0765991
-0.0506592	-0.0228882	-0.0735474
-0.0500488	-0.0170898	-0.0671387
-0.0466919	-0.012207	-0.0588989
-0.0430298	-0.00793457	-0.0509644
-0.0372314	-0.00610352	-0.043335
-0.0308228	-0.00549316	-0.0363159
-0.0253296	-0.00549316	-0.0308228
-0.0231934	-0.00396729	-0.0271606
-0.0234985	-0.00244141	-0.0259399
-0.0244141	-0.00488281	-0.0292969
-0.0280762	-0.0088501	-0.0369263
-0.0375366	-0.00946045	-0.0469971
-0.0476074	-0.00671387	-0.0543213
-0.0570679	-0.00152588	-0.0585938
-0.0628662	0.000915527	-0.0619507
-0.0650024	0.000610352	-0.0643921
-0.0668335	0.0012207	-0.0656128
-0.067749	0.00274658	-0.0650024
-0.0671387	0.00457764	-0.062561
-0.0662231	0.00671387	-0.0595093
-0.0631714	0.00671387	-0.0564575
-0.0576782	0.00366211	-0.0540161
-0.0515747	-0.000610352	-0.0521851
-0.0466919	-0.00366211	-0.050354
-0.0454712	-0.00396729	-0.0494385
-0.0454712	-0.00335693	-0.0488281
-0.0427246	-0.00518799	-0.0479126
-0.0384521	-0.00762939	-0.0460815
-0.0350952	-0.0088501	-0.0439453
-0.03479	-0.00793457	-0.0427246
-0.0369263	-0.00732422	-0.0442505
-0.0363159	-0.00762939	-0.0439453
-0.0308228	-0.0106812	-0.0415039
-0.0234985	-0.015564	-0.0390625
-0.0189209	-0.0204468	-0.0393677
-0.0186157	-0.0234985	-0.0421143
-0.0204468	-0.0244141	-0.0448608
-0.0228882	-0.0228882	-0.0457764
-0.0250244	-0.0195313	-0.0445557
-0.0280762	-0.0137329	-0.0418091
-0.0338745	-0.00640869	-0.0402832
-0.0421143	0.000305176	-0.0418091
-0.0488281	0.00457764	-0.0442505
-0.050354	0.00549316	-0.0448608
-0.0497437	0.00549316	-0.0442505
-0.0479126	0.00396729	-0.0439453
-0.0436401	0.000305176	-0.043335
-0.0375366	-0.00579834	-0.043335
-0.032959	-0.0137329	-0.0466919
-0.0305176	-0.0210571	-0.0515747
-0.0241089	-0.0271606	-0.0512695
-0.0143433	-0.0308228	-0.045166
-0.00701904	-0.0323486	-0.0393677
-0.00671387	-0.0296021	-0.0363159
-0.0131226	-0.0216675	-0.03479
-0.017395	-0.0128174	-0.0302124
-0.015564	-0.00671387	-0.0222778
-0.0128174	-0.00183105	-0.0146484
-0.0158691	0.00488281	-0.0109863
-0.022583	0.0128174	-0.00976563
-0.0271606	0.0180054	-0.00915527
-0.0296021	0.0192261	-0.010376
-0.0332642	0.0201416	-0.0131226
-0.0387573	0.0216675	-0.0170898
-0.0424194	0.0198364	-0.022583
-0.0415039	0.0137329	-0.027771
-0.0372314	0.00732422	-0.0299072
-0.0341797	0.00518799	-0.0289917
-0.0302124	0.00335693	-0.0268555
-0.0231934	-0.0012207	-0.0244141
-0.0125122	-0.00579834	-0.0183105
0.0012207	-0.0100708	-0.0088501
0.0137329	-0.0140381	-0.000305176
0.0204468	-0.0152588	0.00518799
0.0250244	-0.0164795	0.00854492
0.0286865	-0.0177002	0.0109863
0.0311279	-0.0183105	0.0128174
0.0320435	-0.017395	0.0146484
0.0323486	-0.0180054	0.0143433
0.0335693	-0.0216675	0.0119019
0.0338745	-0.0259399	0.00793457
0.0302124	-0.0268555	0.00335693
0.0244141	-0.0259399	-0.00152588
0.0189209	-0.0244141	-0.00549316
0.0143433	-0.0231934	-0.0088501
0.0128174	-0.0228882	-0.0100708
0.012207	-0.022583	-0.010376
0.00946045	-0.0204468	-0.0109863
0.00579834	-0.0170898	-0.0112915
0.00305176	-0.0146484	-0.0115967
0.00152588	-0.0131226	-0.0115967
0.000305176	-0.0137329	-0.0134277
0	-0.0167847	-0.0167847
0.00152588	-0.0210571	-0.0195313
0.00366211	-0.0247192	-0.0210571
0.00549316	-0.0286865	-0.0231934
0.00671387	-0.0341797	-0.0274658
0.00579834	-0.039978	-0.0341797
0.00183105	-0.0436401	-0.0418091
-0.00396729	-0.0457764	-0.0497437
-0.0131226	-0.0454712	-0.0585938
-0.0274658	-0.0405884	-0.0680542
-0.043335	-0.0350952	-0.0784302
-0.0585938	-0.0302124	-0.0888062
-0.0726318	-0.0250244	-0.0976563
-0.0787354	-0.0213623	-0.100098
-0.0747681	-0.0192261	-0.0939941
-0.0680542	-0.0183105	-0.0863647
-0.0585938	-0.0204468	-0.0790405
-0.0473022	-0.0247192	-0.0720215
-0.0363159	-0.0274658	-0.0637817
-0.0271606	-0.0286865	-0.0558472
-0.0128174	-0.0335693	-0.0463867
0.00335693	-0.0405884	-0.0372314
0.0128174	-0.0463867	-0.0335693
0.0143433	-0.0500488	-0.0357056
0.010376	-0.0524902	-0.0421143
0.0012207	-0.0515747	-0.050354
-0.0088501	-0.0488281	-0.0576782
-0.0177002	-0.0457764	-0.0634766
-0.0238037	-0.0430298	-0.0668335
-0.0271606	-0.0405884	-0.067749
-0.0289917	-0.0378418	-0.0668335
-0.0311279	-0.0344849	-0.0656128
-0.03479	-0.0292969	-0.0640869
-0.0396729	-0.0234985	-0.0631714
-0.0469971	-0.0161743	-0.0631714
-0.0534058	-0.0115967	-0.0650024
-0.057373	-0.0100708	-0.0674438
-0.057373	-0.012207	-0.0695801
-0.0540161	-0.0164795	-0.0704956
-0.0469971	-0.0231934	-0.0701904
-0.0350952	-0.0332642	-0.0683594
-0.0201416	-0.0427246	-0.0628662
-0.00671387	-0.0448608	-0.0515747
0.00793457	-0.0411987	-0.0332642
0.027771	-0.0344849	-0.00671387
0.0521851	-0.0234985	0.0286865
0.0827026	-0.00915527	0.0735474
0.12146	0.00762939	0.129089
0.163269	0.0296021	0.192871
0.19928	0.0610352	0.260315
0.227966	0.100403	0.328369
0.253906	0.140686	0.394592
0.276184	0.179443	0.455627
0.290222	0.213623	0.503845
0.289307	0.242004	0.531311
0.269165	0.265198	0.534363
0.228577	0.284729	0.513306
0.169678	0.299988	0.469666
0.098877	0.307007	0.405884
0.0241089	0.301819	0.325928
-0.0497437	0.284424	0.23468
-0.116272	0.255432	0.13916
-0.169678	0.217896	0.0482178
-0.20874	0.176697	-0.0320435
-0.232239	0.133972	-0.0982666
-0.239258	0.0909424	-0.148315
-0.229797	0.0497437	-0.180054
-0.209045	0.0125122	-0.196533
-0.179443	-0.0195313	-0.198975
-0.146179	-0.0445557	-0.190735
-0.115967	-0.0616455	-0.177612
-0.088501	-0.0708008	-0.159302
-0.0640869	-0.0735474	-0.137634
-0.0479126	-0.071106	-0.119019
-0.0405884	-0.0653076	-0.105896
-0.038147	-0.0579834	-0.0961304
-0.0354004	-0.050354	-0.0857544
-0.0338745	-0.0408936	-0.0747681
-0.0375366	-0.0274658	-0.0650024
-0.0408936	-0.0164795	-0.057373
-0.043335	-0.0088501	-0.0521851
-0.0494385	0.000915527	-0.0485229
-0.0549316	0.00823975	-0.0466919
-0.0543213	0.0088501	-0.0454712
-0.0497437	0.00488281	-0.0448608
-0.0463867	0.000915527	-0.0454712
-0.0442505	-0.00274658	-0.0469971
-0.0408936	-0.00762939	-0.0485229
-0.0363159	-0.0134277	-0.0497437
-0.0308228	-0.0201416	-0.0509644
-0.0241089	-0.0283813	-0.0524902
-0.0183105	-0.03479	-0.0531006
-0.0152588	-0.038147	-0.0534058
-0.0161743	-0.0372314	-0.0534058
-0.0204468	-0.0323486	-0.0527954
-0.0219727	-0.027771	-0.0497437
-0.0192261	-0.0271606	-0.0463867
-0.0167847	-0.0274658	-0.0442505
-0.0183105	-0.0253296	-0.0436401
-0.020752	-0.022583	-0.043335
-0.0204468	-0.0216675	-0.0421143
-0.0177002	-0.022583	-0.0402832
-0.0152588	-0.0241089	-0.0393677
-0.0137329	-0.0256348	-0.0393677
-0.0189209	-0.0241089	-0.0430298
-0.0292969	-0.0213623	-0.0506592
-0.03479	-0.0210571	-0.0558472
-0.0311279	-0.0219727	-0.0531006
-0.0262451	-0.0228882	-0.0491333
-0.0231934	-0.0231934	-0.0463867
-0.020752	-0.0238037	-0.0445557
-0.0183105	-0.0238037	-0.0421143
-0.0143433	-0.0238037	-0.038147
-0.00610352	-0.0250244	-0.0311279
0.00427246	-0.0283813	-0.0241089
0.012207	-0.0335693	-0.0213623
0.00854492	-0.0338745	-0.0253296
-0.00579834	-0.0283813	-0.0341797
-0.015564	-0.0244141	-0.039978
-0.0161743	-0.0250244	-0.0411987
-0.0161743	-0.0253296	-0.0415039
-0.0189209	-0.0250244	-0.0439453
-0.0231934	-0.0234985	-0.0466919
-0.0244141	-0.0219727	-0.0463867
-0.0198364	-0.0210571	-0.0408936
-0.0143433	-0.0195313	-0.0338745
-0.00915527	-0.0170898	-0.0262451
-0.000915527	-0.0183105	-0.0192261
0.00732422	-0.0216675	-0.0143433
0.0131226	-0.0241089	-0.0109863
0.017395	-0.0268555	-0.00946045
0.0192261	-0.0296021	-0.010376
0.0201416	-0.0338745	-0.0137329
0.0216675	-0.0396729	-0.0180054
0.0238037	-0.045166	-0.0213623
0.0271606	-0.0500488	-0.0228882
0.0311279	-0.0543213	-0.0231934
0.0357056	-0.0579834	-0.0222778
0.0378418	-0.0585938	-0.020752
0.0372314	-0.055542	-0.0183105
0.03479	-0.0497437	-0.0149536
0.0326538	-0.0439453	-0.0112915
0.0320435	-0.039978	-0.00793457
0.0366211	-0.0402832	-0.00366211
0.0439453	-0.0421143	0.00183105
0.0506592	-0.0445557	0.00610352
0.0558472	-0.0473022	0.00854492
0.0613403	-0.0500488	0.0112915
0.0680542	-0.0552368	0.0128174
0.078125	-0.0634766	0.0146484
0.0891113	-0.071106	0.0180054
0.0958252	-0.0738525	0.0219727
0.100708	-0.0738525	0.0268555
0.107727	-0.0738525	0.0338745
0.114441	-0.0726318	0.0418091
0.119629	-0.0701904	0.0494385
0.123901	-0.0668335	0.0570679
0.128174	-0.0628662	0.0653076
0.132141	-0.0595093	0.0726318
0.135498	-0.0570679	0.0784302
0.137329	-0.0549316	0.0823975
0.137939	-0.0521851	0.0857544
0.137939	-0.0506592	0.0872803
0.136719	-0.0497437	0.0869751
0.133057	-0.0476074	0.0854492
0.131531	-0.0457764	0.0857544
0.132446	-0.0445557	0.0878906
0.134277	-0.045166	0.0891113
0.133362	-0.045166	0.0881958
0.130615	-0.0396729	0.0909424
0.126648	-0.0326538	0.0939941
0.124207	-0.027771	0.0964355
0.123901	-0.0238037	0.100098
0.12146	-0.0170898	0.10437
0.117188	-0.00823975	0.108948
0.115967	-0.00183105	0.114136
0.117188	0.000915527	0.118103
0.117798	0.0012207	0.119019
0.117188	0.00152588	0.118713
0.119934	-0.0012207	0.118713
0.127258	-0.00946045	0.117798
0.130005	-0.0149536	0.115051
0.12085	-0.0119019	0.108948
0.104065	-0.00335693	0.100708
0.0878906	0.00305176	0.0909424
0.0772095	0.00335693	0.0805664
0.0674438	0.00274658	0.0701904
0.0534058	0.00671387	0.0601196
0.0366211	0.0140381	0.0506592
0.0198364	0.0213623	0.0411987
0.00610352	0.0259399	0.0320435
-0.00152588	0.0247192	0.0231934
-0.00335693	0.0183105	0.0149536
-0.00335693	0.010376	0.00701904
-0.00427246	0.00396729	-0.000305176
-0.00549316	-0.000610352	-0.00610352
-0.00640869	-0.00427246	-0.0106812
-0.00732422	-0.00823975	-0.015564
-0.00915527	-0.0115967	-0.020752
-0.0128174	-0.0128174	-0.0256348
-0.0198364	-0.0112915	-0.0311279
-0.027771	-0.00793457	-0.0357056
-0.032959	-0.00579834	-0.0387573
-0.0366211	-0.00549316	-0.0421143
-0.0421143	-0.00549316	-0.0476074
-0.0497437	-0.00244141	-0.0521851
-0.0561523	0.000915527	-0.0552368
-0.0613403	0.00213623	-0.0592041
-0.0671387	0.00213623	-0.0650024
-0.0701904	0.000915527	-0.0692749
-0.0692749	-0.000915527	-0.0701904
-0.0668335	-0.00366211	-0.0704956
-0.0653076	-0.00640869	-0.0717163
-0.0662231	-0.00854492	-0.0747681
-0.0689697	-0.00701904	-0.0759888
-0.0765991	0.00274658	-0.0738525
-0.0857544	0.0140381	-0.0717163
-0.0894165	0.0186157	-0.0708008
-0.0875854	0.0180054	-0.0695801
-0.0854492	0.0183105	-0.0671387
-0.0863647	0.0201416	-0.0662231
-0.0875854	0.0213623	-0.0662231
-0.0811768	0.0180054	-0.0631714
-0.0692749	0.00915527	-0.0601196
-0.0582886	-0.00183105	-0.0601196
-0.0509644	-0.0119019	-0.0628662
-0.0454712	-0.0198364	-0.0653076
-0.0402832	-0.0265503	-0.0668335
-0.0357056	-0.0320435	-0.067749
-0.0335693	-0.0332642	-0.0668335
-0.0369263	-0.0289917	-0.065918
-0.0427246	-0.022583	-0.0653076
-0.0473022	-0.0170898	-0.0643921
-0.0500488	-0.0131226	-0.0631714
-0.0515747	-0.0088501	-0.0604248
-0.0537109	-0.00366211	-0.057373
-0.0552368	0.000915527	-0.0543213
-0.0558472	0.00305176	-0.0527954
-0.0564575	0.00366211	-0.0527954
-0.0576782	0.00305176	-0.0546265
-0.0604248	0.00183105	-0.0585938
-0.0640869	0.00152588	-0.062561
-0.0674438	0.00366211	-0.0637817
-0.0686646	0.00579834	-0.0628662
-0.0683594	0.00640869	-0.0619507
-0.0674438	0.00549316	-0.0619507
-0.0665283	0.00427246	-0.0622559
-0.065918	0.00457764	-0.0613403
-0.0653076	0.00732422	-0.0579834
-0.0637817	0.0100708	-0.0537109
-0.0619507	0.0115967	-0.050354
-0.0601196	0.0106812	-0.0494385
-0.0564575	0.00610352	-0.050354
-0.0521851	-0.000305176	-0.0524902
-0.0500488	-0.00488281	-0.0549316
-0.0515747	-0.00335693	-0.0549316
-0.0521851	-0.000610352	-0.0527954
-0.0518799	-0.000305176	-0.0521851
-0.0476074	-0.00366211	-0.0512695
-0.0393677	-0.00823975	-0.0476074
-0.0390625	-0.00549316	-0.0445557
-0.0506592	0.00579834	-0.0448608
-0.0622559	0.0167847	-0.0454712
-0.0637817	0.0198364	-0.0439453
-0.0576782	0.0170898	-0.0405884
-0.0512695	0.0131226	-0.038147
-0.0515747	0.0137329	-0.0378418
-0.0561523	0.0170898	-0.0390625
-0.0543213	0.0143433	-0.039978
-0.0454712	0.00488281	-0.0405884
-0.0357056	-0.00549316	-0.0411987
-0.0250244	-0.0143433	-0.0393677
-0.0134277	-0.0213623	-0.03479
-0.00640869	-0.0262451	-0.0326538
-0.00396729	-0.0280762	-0.0320435
-0.00305176	-0.0274658	-0.0305176
-0.00427246	-0.0253296	-0.0296021
-0.00671387	-0.0216675	-0.0283813
-0.00946045	-0.0180054	-0.0274658
-0.012207	-0.0140381	-0.0262451
-0.0164795	-0.0100708	-0.0265503
-0.0219727	-0.00640869	-0.0283813
-0.0274658	-0.00366211	-0.0311279
-0.0302124	-0.00244141	-0.0326538
-0.0296021	-0.00274658	-0.0323486
-0.0283813	-0.00457764	-0.032959
-0.0259399	-0.00762939	-0.0335693
-0.0241089	-0.00976563	-0.0338745
-0.0228882	-0.0112915	-0.0341797
-0.0231934	-0.0112915	-0.0344849
-0.0238037	-0.00976563	-0.0335693
-0.0247192	-0.00701904	-0.0317383
-0.0274658	-0.00305176	-0.0305176
-0.0314331	0.000610352	-0.0308228
-0.0360107	0.00366211	-0.0323486
-0.0439453	0.00762939	-0.0363159
-0.0527954	0.0125122	-0.0402832
-0.0570679	0.0152588	-0.0418091
-0.0579834	0.0164795	-0.0415039
-0.0582886	0.0183105	-0.039978
-0.0561523	0.017395	-0.0387573
-0.0534058	0.015564	-0.0378418
-0.0506592	0.0137329	-0.0369263
-0.045166	0.00946045	-0.0357056
-0.0372314	0.00183105	-0.0354004
-0.0323486	-0.00457764	-0.0369263
-0.0320435	-0.00701904	-0.0390625
-0.032959	-0.00915527	-0.0421143
-0.0305176	-0.0134277	-0.0439453
-0.027771	-0.0183105	-0.0460815
-0.0274658	-0.0204468	-0.0479126
-0.0289917	-0.0201416	-0.0491333
-0.0320435	-0.017395	-0.0494385
-0.0354004	-0.0137329	-0.0491333
-0.0357056	-0.0109863	-0.0466919
-0.0344849	-0.0088501	-0.043335
-0.0326538	-0.00701904	-0.0396729
-0.0317383	-0.00518799	-0.0369263
-0.0323486	-0.00335693	-0.0357056
-0.0344849	-0.0012207	-0.0357056
-0.0360107	-0.000305176	-0.0363159
-0.0375366	-0.000610352	-0.038147
-0.0402832	-0.00152588	-0.0418091
-0.0430298	-0.00244141	-0.0454712
-0.0430298	-0.00335693	-0.0463867
-0.0405884	-0.00396729	-0.0445557
-0.038147	-0.00305176	-0.0411987
-0.0378418	-0.000915527	-0.0387573
-0.0390625	0.00152588	-0.0375366
-0.0393677	0.00335693	-0.0360107
-0.0390625	0.00488281	-0.0341797
-0.0378418	0.00610352	-0.0317383
-0.0366211	0.00732422	-0.0292969
-0.038147	0.00854492	-0.0296021
-0.0402832	0.00976563	-0.0305176
-0.045166	0.0109863	-0.0341797
-0.0527954	0.012207	-0.0405884
-0.0570679	0.0128174	-0.0442505
-0.0546265	0.0115967	-0.0430298
-0.0500488	0.00915527	-0.0408936
-0.0479126	0.00793457	-0.039978
-0.0469971	0.00793457	-0.0390625
-0.0457764	0.0088501	-0.0369263
-0.045166	0.0125122	-0.0326538
-0.0445557	0.0158691	-0.0286865
-0.0418091	0.0167847	-0.0250244
-0.038147	0.015564	-0.022583
-0.0378418	0.015564	-0.0222778
-0.0408936	0.0158691	-0.0250244
-0.0463867	0.0167847	-0.0296021
-0.057373	0.0234985	-0.0338745
-0.0762939	0.0363159	-0.039978
-0.0912476	0.045166	-0.0460815
-0.0909424	0.0411987	-0.0497437
-0.0799561	0.0299072	-0.0500488
-0.0683594	0.0201416	-0.0482178
-0.06073	0.015564	-0.045166
-0.0543213	0.0143433	-0.039978
-0.0448608	0.0112915	-0.0335693
-0.0296021	0.00335693	-0.0262451
-0.0109863	-0.00762939	-0.0186157
0.00518799	-0.017395	-0.012207
0.0149536	-0.0216675	-0.00671387
0.0177002	-0.020752	-0.00305176
0.0149536	-0.0161743	-0.0012207
0.00976563	-0.00976563	0
0.000610352	-0.00274658	-0.00213623
-0.0100708	0.00366211	-0.00640869
-0.0158691	0.00854492	-0.00732422
-0.0167847	0.0119019	-0.00488281
-0.0161743	0.0137329	-0.00244141
-0.0149536	0.0143433	-0.000610352
-0.0125122	0.0146484	0.00213623
-0.00854492	0.0152588	0.00671387
-0.00427246	0.0158691	0.0115967
-0.000610352	0.0164795	0.0158691
0.00183105	0.0170898	0.0189209
0.0012207	0.017395	0.0186157
-0.00335693	0.0177002	0.0143433
-0.00549316	0.0177002	0.012207
-0.00366211	0.0183105	0.0146484
-0.00244141	0.0189209	0.0164795
-0.00305176	0.0198364	0.0167847
-0.00335693	0.0195313	0.0161743
-0.00152588	0.0186157	0.0170898
0.00152588	0.0170898	0.0186157
0.00427246	0.0158691	0.0201416
0.00640869	0.0152588	0.0216675
0.00793457	0.0140381	0.0219727
0.00579834	0.0137329	0.0195313
0.00274658	0.0134277	0.0161743
0.0012207	0.00976563	0.0109863
-0.00305176	0.00671387	0.00366211
-0.0125122	0.00793457	-0.00457764
-0.0189209	0.00946045	-0.00946045
-0.020752	0.0088501	-0.0119019
-0.0189209	0.00549316	-0.0134277
-0.0158691	0.000305176	-0.015564
-0.015564	-0.00244141	-0.0180054
-0.0164795	-0.00457764	-0.0210571
-0.0177002	-0.00640869	-0.0241089
-0.020752	-0.00701904	-0.027771
-0.0250244	-0.00823975	-0.0332642
-0.0308228	-0.00976563	-0.0405884
-0.0384521	-0.00915527	-0.0476074
-0.0457764	-0.00762939	-0.0534058
-0.0521851	-0.00640869	-0.0585938
-0.0585938	-0.00427246	-0.0628662
-0.0631714	-0.00244141	-0.0656128
-0.0637817	-0.00274658	-0.0665283
-0.06073	-0.00518799	-0.065918
-0.0546265	-0.00823975	-0.0628662
-0.0469971	-0.0115967	-0.0585938
-0.0384521	-0.0146484	-0.0531006
-0.0314331	-0.0177002	-0.0491333
-0.0256348	-0.0198364	-0.0454712
-0.0210571	-0.0204468	-0.0415039
-0.0189209	-0.0186157	-0.0375366
-0.0186157	-0.0158691	-0.0344849
-0.0186157	-0.0137329	-0.0323486
-0.0201416	-0.012207	-0.0323486
-0.0222778	-0.00946045	-0.0317383
-0.022583	-0.00640869	-0.0289917
-0.0213623	-0.00396729	-0.0253296
-0.0222778	-0.00244141	-0.0247192
-0.0268555	-0.0012207	-0.0280762
-0.0302124	0.000610352	-0.0296021
-0.0311279	0.0012207	-0.0299072
-0.0317383	0.000915527	-0.0308228
-0.03479	0.00152588	-0.0332642
-0.0396729	0.00366211	-0.0360107
-0.0436401	0.00549316	-0.038147
-0.0476074	0.00549316	-0.0421143
-0.0521851	0.00335693	-0.0488281
-0.0531006	-0.000915527	-0.0540161
-0.0454712	-0.00701904	-0.0524902
-0.032959	-0.0125122	-0.0454712
-0.0192261	-0.0140381	-0.0332642
-0.00549316	-0.00976563	-0.0152588
0.0100708	0.00213623	0.012207
0.0338745	0.0192261	0.0531006
0.0686646	0.0402832	0.108948
0.112	0.0643921	0.176392
0.158691	0.0930786	0.25177
0.203247	0.125427	0.328674
0.244751	0.158386	0.403137
0.276489	0.193176	0.469666
0.28595	0.235901	0.521851
0.276184	0.276489	0.552673
0.250244	0.307007	0.557251
0.204773	0.329285	0.534058
0.140381	0.346985	0.487366
0.06073	0.358887	0.419617
-0.027771	0.361938	0.334167
-0.116882	0.353394	0.236511
-0.194092	0.332947	0.138855
-0.25238	0.301819	0.0494385
-0.288391	0.261841	-0.0265503
-0.303345	0.214539	-0.0888062
-0.297546	0.163269	-0.134277
-0.274353	0.111694	-0.162659
-0.240479	0.0631714	-0.177307
-0.201111	0.0216675	-0.179443
-0.158997	-0.010376	-0.169373
-0.119629	-0.0323486	-0.151978
-0.0878906	-0.0457764	-0.133667
-0.0646973	-0.0524902	-0.117188
-0.050354	-0.0524902	-0.102844
-0.0427246	-0.0469971	-0.0897217
-0.039978	-0.0369263	-0.0769043
-0.0408936	-0.0247192	-0.0656128
-0.0430298	-0.0137329	-0.0567627
-0.0460815	-0.00488281	-0.0509644
-0.050354	0.00274658	-0.0476074
-0.0524902	0.00946045	-0.0430298
-0.0512695	0.0152588	-0.0360107
-0.050354	0.0192261	-0.0311279
-0.0494385	0.0204468	-0.0289917
-0.0491333	0.0186157	-0.0305176
-0.0476074	0.0149536	-0.0326538
-0.0418091	0.0109863	-0.0308228
-0.0354004	0.00915527	-0.0262451
-0.0326538	0.00946045	-0.0231934
-0.0335693	0.0109863	-0.022583
-0.0378418	0.0146484	-0.0231934
-0.0430298	0.0189209	-0.0241089
-0.0479126	0.0231934	-0.0247192
-0.0558472	0.0323486	-0.0234985
-0.0643921	0.0418091	-0.022583
-0.067749	0.0445557	-0.0231934
-0.065918	0.0424194	-0.0234985
-0.0628662	0.0387573	-0.0241089
-0.0610352	0.0357056	-0.0253296
-0.0604248	0.0311279	-0.0292969
-0.0592041	0.0234985	-0.0357056
-0.0524902	0.0143433	-0.038147
-0.0418091	0.00488281	-0.0369263
-0.0296021	-0.00427246	-0.0338745
-0.0186157	-0.0112915	-0.0299072
-0.010376	-0.0149536	-0.0253296
-0.00732422	-0.0140381	-0.0213623
-0.00610352	-0.0112915	-0.017395
-0.00244141	-0.00946045	-0.0119019
0.00488281	-0.00915527	-0.00427246
0.0125122	-0.00976563	0.00274658
0.015564	-0.00823975	0.00732422
0.0125122	-0.00549316	0.00701904
0.00640869	-0.00274658	0.00366211
0.000305176	-0.00152588	-0.0012207
-0.00335693	-0.000915527	-0.00427246
-0.00396729	-0.000610352	-0.00457764
-0.00366211	-0.000305176	-0.00396729
-0.00427246	0	-0.00427246
-0.00457764	0.000305176	-0.00427246
-0.00396729	0.000610352	-0.00335693
-0.00335693	0.000915527	-0.00244141
-0.00396729	0.00183105	-0.00213623
-0.00427246	0.00274658	-0.00152588
-0.00488281	0.00396729	-0.000915527
-0.00976563	0.00671387	-0.00305176
-0.0146484	0.010376	-0.00427246
-0.0167847	0.0112915	-0.00549316
-0.0177002	0.0106812	-0.00701904
-0.0158691	0.00854492	-0.00732422
-0.0112915	0.00488281	-0.00640869
-0.00732422	0.00152588	-0.00579834
-0.00244141	-0.000610352	-0.00305176
0.00610352	-0.00366211	0.00244141
0.0161743	-0.00946045	0.00671387
0.0271606	-0.0180054	0.00915527
0.0378418	-0.0271606	0.0106812
0.0418091	-0.0302124	0.0115967
0.0384521	-0.0268555	0.0115967
0.0338745	-0.022583	0.0112915
0.0308228	-0.0210571	0.00976563
0.0265503	-0.020752	0.00579834
0.0201416	-0.0195313	0.000610352
0.0152588	-0.0189209	-0.00366211
0.0180054	-0.0192261	-0.0012207
0.0259399	-0.0201416	0.00579834
0.0332642	-0.0213623	0.0119019
0.0372314	-0.0210571	0.0161743
0.0418091	-0.0192261	0.022583
0.0512695	-0.0192261	0.0320435
0.0650024	-0.0222778	0.0427246
0.0796509	-0.0256348	0.0540161
0.0921631	-0.0280762	0.0640869
0.100708	-0.0292969	0.0714111
0.106812	-0.0311279	0.0756836
0.112	-0.0338745	0.078125
0.116272	-0.0375366	0.0787354
0.119629	-0.0415039	0.078125
0.12207	-0.0457764	0.0762939
0.125122	-0.0500488	0.0750732
0.128479	-0.0534058	0.0750732
0.129395	-0.0537109	0.0756836
0.126648	-0.0512695	0.0753784
0.12146	-0.0457764	0.0756836
0.116882	-0.0390625	0.0778198
0.118103	-0.032959	0.085144
0.121765	-0.0268555	0.0949097
0.123901	-0.0192261	0.104675
0.128479	-0.0152588	0.11322
0.136414	-0.015564	0.12085
0.140991	-0.0140381	0.126953
0.142212	-0.00976563	0.132446
0.144348	-0.00701904	0.137329
0.14801	-0.00793457	0.140076
0.148621	-0.00854492	0.140076
0.141602	-0.00488281	0.136719
0.131226	0.00183105	0.133057
0.118103	0.0109863	0.129089
0.107117	0.0180054	0.125122
0.0997925	0.0210571	0.12085
0.0927734	0.0228882	0.115662
0.0848389	0.0256348	0.110474
0.0765991	0.0280762	0.104675
0.0686646	0.0296021	0.0982666
0.0631714	0.0280762	0.0912476
0.0598145	0.0231934	0.0830078
0.0546265	0.0201416	0.0747681
0.0479126	0.0198364	0.067749
0.0421143	0.0183105	0.0604248
0.03479	0.0158691	0.0506592
0.0186157	0.020752	0.0393677
-0.00183105	0.0299072	0.0280762
-0.0164795	0.0360107	0.0195313
-0.0262451	0.0393677	0.0131226
-0.0314331	0.0408936	0.00946045
-0.03479	0.0405884	0.00579834
-0.0390625	0.0402832	0.0012207
-0.043335	0.0405884	-0.00274658
-0.0457764	0.0402832	-0.00549316
-0.0460815	0.0384521	-0.00762939
-0.0448608	0.0363159	-0.00854492
-0.0430298	0.0335693	-0.00946045
-0.043335	0.0314331	-0.0119019
-0.0454712	0.0299072	-0.015564
-0.0488281	0.0289917	-0.0198364
-0.0546265	0.0286865	-0.0259399
-0.0619507	0.0283813	-0.0335693
-0.0695801	0.0289917	-0.0405884
-0.0769043	0.0308228	-0.0460815
-0.0830078	0.0332642	-0.0497437
-0.0860596	0.0344849	-0.0515747
-0.0857544	0.0350952	-0.0506592
-0.085144	0.0360107	-0.0491333
-0.0863647	0.0384521	-0.0479126
-0.0900269	0.0415039	-0.0485229
-0.0924683	0.0442505	-0.0482178
-0.0906372	0.0445557	-0.0460815
-0.0848389	0.0427246	-0.0421143
-0.0805664	0.0421143	-0.0384521
-0.0787354	0.0415039	-0.0372314
-0.0772095	0.0393677	-0.0378418
-0.0778198	0.039978	-0.0378418
-0.0820923	0.0457764	-0.0363159
-0.0860596	0.0506592	-0.0354004
-0.0891113	0.0531006	-0.0360107
-0.0939941	0.0546265	-0.0393677
-0.0973511	0.055542	-0.0418091
-0.0973511	0.0552368	-0.0421143
-0.0964355	0.0534058	-0.0430298
-0.0964355	0.0509644	-0.0454712
-0.0942993	0.0473022	-0.0469971
-0.0909424	0.0436401	-0.0473022
-0.0878906	0.0396729	-0.0482178
-0.0814819	0.0344849	-0.0469971
-0.0717163	0.027771	-0.0439453
-0.0646973	0.0238037	-0.0408936
-0.062561	0.0247192	-0.0378418
-0.062561	0.0280762	-0.0344849
-0.0637817	0.0323486	-0.0314331
-0.0656128	0.0360107	-0.0296021
-0.0671387	0.0393677	-0.027771
-0.0701904	0.0430298	-0.0271606
-0.0732422	0.0457764	-0.0274658
-0.0765991	0.0485229	-0.0280762
-0.0796509	0.0512695	-0.0283813
-0.0814819	0.0524902	-0.0289917
-0.0827026	0.0521851	-0.0305176
-0.0808716	0.0518799	-0.0289917
-0.0762939	0.0518799	-0.0244141
-0.0717163	0.050354	-0.0213623
-0.0698853	0.0491333	-0.020752
-0.0701904	0.0497437	-0.0204468
-0.0698853	0.0500488	-0.0198364
-0.0689697	0.0488281	-0.0201416
-0.067749	0.0469971	-0.020752
-0.0668335	0.0448608	-0.0219727
-0.0671387	0.0430298	-0.0241089
-0.0698853	0.0418091	-0.0280762
-0.0735474	0.0402832	-0.0332642
-0.0753784	0.0369263	-0.0384521
-0.0747681	0.0323486	-0.0424194
-0.0732422	0.0274658	-0.0457764
-0.071106	0.0238037	-0.0473022
-0.0701904	0.0231934	-0.0469971
-0.0686646	0.0250244	-0.0436401
-0.0671387	0.0289917	-0.038147
-0.0668335	0.0320435	-0.03479
-0.067749	0.0341797	-0.0335693
-0.0640869	0.0341797	-0.0299072
-0.0579834	0.0332642	-0.0247192
-0.0531006	0.032959	-0.0201416
-0.0500488	0.0323486	-0.0177002
-0.0488281	0.0308228	-0.0180054
-0.0460815	0.0274658	-0.0186157
-0.0408936	0.0231934	-0.0177002
-0.0366211	0.0192261	-0.017395
-0.0363159	0.0170898	-0.0192261
-0.038147	0.0161743	-0.0219727
-0.0430298	0.0158691	-0.0271606
-0.0576782	0.0241089	-0.0335693
-0.0732422	0.0357056	-0.0375366
-0.0823975	0.0427246	-0.0396729
-0.0888062	0.0454712	-0.043335
-0.0930786	0.0457764	-0.0473022
-0.0930786	0.0460815	-0.0469971
-0.0897217	0.0460815	-0.0436401
-0.0839233	0.0439453	-0.039978
-0.0747681	0.0372314	-0.0375366
-0.0610352	0.0259399	-0.0350952
-0.0445557	0.0134277	-0.0311279
-0.0299072	0.00305176	-0.0268555
-0.0192261	-0.00549316	-0.0247192
-0.0140381	-0.0109863	-0.0250244
-0.0164795	-0.0112915	-0.027771
-0.022583	-0.0088501	-0.0314331
-0.0299072	-0.00518799	-0.0350952
-0.0372314	-0.000610352	-0.0378418
-0.0457764	0.00518799	-0.0405884
-0.0561523	0.0119019	-0.0442505
-0.0665283	0.0189209	-0.0476074
-0.0735474	0.0244141	-0.0491333
-0.0747681	0.0289917	-0.0457764
-0.0750732	0.0335693	-0.0415039
-0.0759888	0.0357056	-0.0402832
-0.0762939	0.03479	-0.0415039
-0.0762939	0.032959	-0.043335
-0.0775146	0.0311279	-0.0463867
-0.078125	0.0292969	-0.0488281
-0.0787354	0.0274658	-0.0512695
-0.0799561	0.0253296	-0.0546265
-0.0796509	0.0231934	-0.0564575
-0.0769043	0.0213623	-0.055542
-0.0741577	0.0195313	-0.0546265
-0.0750732	0.0195313	-0.055542
-0.0808716	0.0241089	-0.0567627
-0.0866699	0.0299072	-0.0567627
-0.0869751	0.032959	-0.0540161
-0.0839233	0.0332642	-0.0506592
-0.0839233	0.0350952	-0.0488281
-0.090332	0.038147	-0.0521851
-0.098877	0.0402832	-0.0585938
-0.101929	0.0396729	-0.0622559
-0.098877	0.0378418	-0.0610352
-0.0915527	0.0338745	-0.0576782
-0.0836182	0.0283813	-0.0552368
-0.078125	0.0238037	-0.0543213
-0.0741577	0.0204468	-0.0537109
-0.0692749	0.0183105	-0.0509644
-0.062561	0.0167847	-0.0457764
-0.0552368	0.0170898	-0.038147
-0.0500488	0.0198364	-0.0302124
-0.0500488	0.0256348	-0.0244141
-0.0524902	0.0311279	-0.0213623
-0.0531006	0.032959	-0.0201416
-0.0549316	0.03479	-0.0201416
-0.0610352	0.0402832	-0.020752
-0.0689697	0.0479126	-0.0210571
-0.0753784	0.0521851	-0.0231934
-0.0793457	0.0524902	-0.0268555
-0.0823975	0.0515747	-0.0308228
-0.0854492	0.0515747	-0.0338745
-0.0869751	0.050354	-0.0366211
-0.0848389	0.0463867	-0.0384521
-0.0820923	0.0421143	-0.039978
-0.0799561	0.0378418	-0.0421143
-0.0765991	0.0341797	-0.0424194
-0.0738525	0.0314331	-0.0424194
-0.0732422	0.0305176	-0.0427246
-0.0726318	0.0320435	-0.0405884
-0.0701904	0.0341797	-0.0360107
-0.067749	0.0357056	-0.0320435
-0.0680542	0.0375366	-0.0305176
-0.0698853	0.039978	-0.0299072
-0.0726318	0.0448608	-0.027771
-0.0756836	0.0506592	-0.0250244
-0.0772095	0.0549316	-0.0222778
-0.0756836	0.0561523	-0.0195313
-0.0750732	0.0558472	-0.0192261
-0.0741577	0.0543213	-0.0198364
-0.0726318	0.0521851	-0.0204468
-0.0732422	0.0491333	-0.0241089
-0.0744629	0.0460815	-0.0283813
-0.0765991	0.0442505	-0.0323486
-0.0802612	0.0436401	-0.0366211
-0.0827026	0.0424194	-0.0402832
-0.0845337	0.0408936	-0.0436401
-0.0872803	0.0421143	-0.045166
-0.0900269	0.045166	-0.0448608
-0.0891113	0.0479126	-0.0411987
-0.0875854	0.0518799	-0.0357056
-0.0872803	0.0561523	-0.0311279
-0.090332	0.0604248	-0.0299072
-0.0939941	0.065918	-0.0280762
-0.0909424	0.0683594	-0.022583
-0.0820923	0.0671387	-0.0149536
-0.0756836	0.0668335	-0.0088501
-0.0759888	0.0695801	-0.00640869
-0.0753784	0.0680542	-0.00732422
-0.071106	0.0643921	-0.00671387
-0.0640869	0.0613403	-0.00274658
-0.0582886	0.0585938	0.000305176
-0.0558472	0.057373	0.00152588
-0.055542	0.0564575	0.000915527
-0.0543213	0.0546265	0.000305176
-0.0515747	0.0527954	0.0012207
-0.0491333	0.0506592	0.00152588
-0.0488281	0.0494385	0.000610352
-0.0509644	0.0497437	-0.0012207
-0.0534058	0.0500488	-0.00335693
-0.0540161	0.0491333	-0.00488281
-0.0540161	0.0469971	-0.00701904
-0.0540161	0.0448608	-0.00915527
-0.0540161	0.0448608	-0.00915527
-0.0537109	0.045166	-0.00854492
-0.0537109	0.0454712	-0.00823975
-0.0552368	0.0463867	-0.0088501
-0.0585938	0.0497437	-0.0088501
-0.0622559	0.0546265	-0.00762939
-0.0613403	0.0567627	-0.00457764
-0.0592041	0.0570679	-0.00213623
-0.0585938	0.0570679	-0.00152588
-0.0564575	0.0549316	-0.00152588
-0.0527954	0.050354	-0.00244141
-0.0506592	0.0457764	-0.00488281
-0.050354	0.043335	-0.00701904
-0.0494385	0.0390625	-0.010376
-0.0494385	0.032959	-0.0164795
-0.0546265	0.0308228	-0.0238037
-0.0619507	0.0323486	-0.0296021
-0.0646973	0.032959	-0.0317383
-0.0656128	0.0320435	-0.0335693
-0.0671387	0.0311279	-0.0360107
-0.0671387	0.0280762	-0.0390625
-0.0656128	0.0231934	-0.0424194
-0.0680542	0.0219727	-0.0460815
-0.0708008	0.0228882	-0.0479126
-0.0683594	0.0195313	-0.0488281
-0.0653076	0.0140381	-0.0512695
-0.065918	0.00946045	-0.0564575
-0.0701904	0.00732422	-0.0628662
-0.0769043	0.00671387	-0.0701904
-0.083313	0.00762939	-0.0756836
-0.0891113	0.0106812	-0.0784302
-0.0942993	0.0143433	-0.0799561
-0.0976563	0.0170898	-0.0805664
-0.0985718	0.0177002	-0.0808716
-0.0979614	0.0170898	-0.0808716
-0.0976563	0.0180054	-0.0796509
-0.0982666	0.0195313	-0.0787354
-0.0952148	0.0198364	-0.0753784
-0.0909424	0.0192261	-0.0717163
-0.0878906	0.0195313	-0.0683594
-0.0872803	0.0201416	-0.0671387
-0.0869751	0.0198364	-0.0671387
-0.0857544	0.0180054	-0.067749
-0.0842285	0.0180054	-0.0662231
-0.0823975	0.0189209	-0.0634766
-0.0811768	0.0183105	-0.0628662
-0.0830078	0.0180054	-0.0650024
-0.090332	0.0222778	-0.0680542
-0.100708	0.0302124	-0.0704956
-0.108643	0.0357056	-0.072937
-0.113525	0.0372314	-0.0762939
-0.119324	0.0384521	-0.0808716
-0.127869	0.0421143	-0.0857544
-0.137024	0.0463867	-0.0906372
-0.142212	0.0463867	-0.0958252
-0.144043	0.0427246	-0.101318
-0.142212	0.0375366	-0.104675
-0.132751	0.0296021	-0.103149
-0.113831	0.0189209	-0.0949097
-0.0924683	0.0115967	-0.0808716
-0.0701904	0.0088501	-0.0613403
-0.0445557	0.0109863	-0.0335693
-0.0134277	0.0189209	0.00549316
0.0259399	0.0320435	0.0579834
0.0735474	0.0497437	0.123291
0.125122	0.0720215	0.197144
0.174561	0.0994873	0.274048
0.214844	0.134583	0.349426
0.240784	0.181274	0.422058
0.254517	0.233459	0.487976
0.253906	0.283508	0.537415
0.23407	0.329285	0.563354
0.192566	0.368958	0.561523
0.134277	0.401306	0.535583
0.0619507	0.424805	0.486755
-0.0192261	0.437012	0.417786
-0.101013	0.433655	0.332642
-0.177002	0.412292	0.235291
-0.240784	0.375366	0.134583
-0.287781	0.325928	0.038147
-0.314941	0.26825	-0.0466919
-0.322266	0.205994	-0.116272
-0.314026	0.143433	-0.170593
-0.297546	0.0869751	-0.210571
-0.273438	0.0393677	-0.23407
-0.245667	0.00183105	-0.243835
-0.21698	-0.0228882	-0.239868
-0.187073	-0.0366211	-0.223694
-0.158691	-0.0415039	-0.200195
-0.136719	-0.039978	-0.176697
-0.12085	-0.0335693	-0.154419
-0.112	-0.0216675	-0.133667
-0.107117	-0.00640869	-0.113525
-0.101929	0.00518799	-0.0967407
-0.0970459	0.0128174	-0.0842285
-0.093689	0.0167847	-0.0769043
-0.090332	0.0183105	-0.0720215
-0.0897217	0.0180054	-0.0717163
-0.0933838	0.0170898	-0.0762939
-0.0994873	0.0149536	-0.0845337
-0.102844	0.012207	-0.0906372
-0.10437	0.012207	-0.0921631
-0.107727	0.0149536	-0.0927734
-0.110779	0.0170898	-0.093689
-0.112915	0.0183105	-0.0946045
-0.115662	0.0213623	-0.0942993
-0.121155	0.0271606	-0.0939941
-0.129089	0.0357056	-0.0933838
-0.132751	0.0396729	-0.0930786
-0.133362	0.0402832	-0.0930786
-0.132751	0.0393677	-0.0933838
-0.128479	0.0354004	-0.0930786
-0.119934	0.0268555	-0.0930786
-0.107422	0.0149536	-0.0924683
-0.0942993	0.00457764	-0.0897217
-0.0814819	-0.00396729	-0.0854492
-0.0692749	-0.0119019	-0.0811768
-0.0585938	-0.0183105	-0.0769043
-0.0515747	-0.0222778	-0.0738525
-0.0482178	-0.0238037	-0.0720215
-0.0473022	-0.0228882	-0.0701904
-0.0491333	-0.0195313	-0.0686646
-0.0549316	-0.0137329	-0.0686646
-0.0646973	-0.00549316	-0.0701904
-0.0756836	0.00366211	-0.0720215
-0.0842285	0.0100708	-0.0741577
-0.0897217	0.0128174	-0.0769043
-0.0906372	0.0128174	-0.0778198
-0.088501	0.0119019	-0.0765991
-0.0842285	0.010376	-0.0738525
-0.0778198	0.00701904	-0.0708008
-0.071106	0.00274658	-0.0683594
-0.0656128	-0.000305176	-0.065918
-0.0592041	-0.00396729	-0.0631714
-0.0518799	-0.00732422	-0.0592041
-0.0512695	-0.00762939	-0.0588989
-0.0585938	-0.00518799	-0.0637817
-0.0646973	-0.00274658	-0.0674438
-0.0643921	0	-0.0643921
-0.0640869	0.00396729	-0.0601196
-0.0692749	0.00915527	-0.0601196
-0.0735474	0.0143433	-0.0592041
-0.0720215	0.0167847	-0.0552368
-0.065918	0.0161743	-0.0497437
-0.0579834	0.0134277	-0.0445557
-0.0497437	0.00946045	-0.0402832
-0.0408936	0.00366211	-0.0372314
-0.0344849	0.0012207	-0.0332642
-0.032959	0.00427246	-0.0286865
-0.03479	0.00762939	-0.0271606
-0.0378418	0.00793457	-0.0299072
-0.0418091	0.00610352	-0.0357056
-0.0439453	0.00366211	-0.0402832
-0.0442505	0.0012207	-0.0430298
-0.0436401	-0.000610352	-0.0442505
-0.0445557	-0.000915527	-0.0454712
-0.0457764	-0.000305176	-0.0460815
-0.045166	-0.000915527	-0.0460815
-0.0363159	-0.00854492	-0.0448608
-0.0241089	-0.0180054	-0.0421143
-0.0143433	-0.0247192	-0.0390625
-0.00762939	-0.0280762	-0.0357056
-0.00213623	-0.0289917	-0.0311279
0.00335693	-0.0292969	-0.0259399
0.0088501	-0.0302124	-0.0213623
0.0152588	-0.0317383	-0.0164795
0.0216675	-0.0335693	-0.0119019
0.0274658	-0.0363159	-0.0088501
0.03479	-0.0393677	-0.00457764
0.0411987	-0.0418091	-0.000610352
0.0460815	-0.0430298	0.00305176
0.0491333	-0.0424194	0.00671387
0.0509644	-0.0408936	0.0100708
0.0531006	-0.0390625	0.0140381
0.057373	-0.038147	0.0192261
0.062561	-0.0375366	0.0250244
0.0680542	-0.0363159	0.0317383
0.0726318	-0.0338745	0.0387573
0.0744629	-0.0292969	0.045166
0.072937	-0.0253296	0.0476074
0.071106	-0.022583	0.0485229
0.0701904	-0.020752	0.0494385
0.0726318	-0.0201416	0.0524902
0.0808716	-0.0204468	0.0604248
0.0875854	-0.0195313	0.0680542
0.0958252	-0.0198364	0.0759888
0.109253	-0.0234985	0.0857544
0.121155	-0.0259399	0.0952148
0.127869	-0.0238037	0.104065
0.130005	-0.0180054	0.112
0.126648	-0.00823975	0.118408
0.120544	0.000305176	0.12085
0.112915	0.00640869	0.119324
0.101929	0.0112915	0.11322
0.088501	0.0158691	0.10437
0.0741577	0.0198364	0.0939941
0.0595093	0.0228882	0.0823975
0.0476074	0.0231934	0.0708008
0.0408936	0.0201416	0.0610352
0.0405884	0.0137329	0.0543213
0.0448608	0.00671387	0.0515747
0.0491333	0.0012207	0.050354
0.0491333	-0.000610352	0.0485229
0.0448608	0.0012207	0.0460815
0.0366211	0.00610352	0.0427246
0.0250244	0.0134277	0.0384521
0.00762939	0.0244141	0.0320435
-0.0134277	0.0378418	0.0244141
-0.0323486	0.0476074	0.0152588
-0.0473022	0.0521851	0.00488281
-0.0588989	0.0534058	-0.00549316
-0.0668335	0.0521851	-0.0146484
-0.0698853	0.0485229	-0.0213623
-0.0689697	0.0421143	-0.0268555
-0.0656128	0.0338745	-0.0317383
-0.0616455	0.0247192	-0.0369263
-0.0576782	0.0164795	-0.0411987
-0.0549316	0.00915527	-0.0457764
-0.0540161	0.00366211	-0.050354
-0.0552368	0.000305176	-0.0549316
-0.0604248	0.000610352	-0.0598145
-0.0726318	0.00793457	-0.0646973
-0.0866699	0.0170898	-0.0695801
-0.0952148	0.0219727	-0.0732422
-0.0985718	0.0231934	-0.0753784
-0.098877	0.0234985	-0.0753784
-0.0985718	0.0259399	-0.0726318
-0.0997925	0.0299072	-0.0698853
-0.0991821	0.0311279	-0.0680542
-0.0964355	0.0289917	-0.0674438
-0.0915527	0.0244141	-0.0671387
-0.0866699	0.0201416	-0.0665283
-0.0827026	0.0158691	-0.0668335
-0.0796509	0.012207	-0.0674438
-0.0805664	0.0112915	-0.0692749
-0.0848389	0.0125122	-0.0723267
-0.0894165	0.0128174	-0.0765991
-0.0915527	0.0106812	-0.0808716
-0.0964355	0.0119019	-0.0845337
-0.102844	0.0149536	-0.0878906
-0.106201	0.0161743	-0.0900269
-0.106812	0.017395	-0.0894165
-0.106812	0.0183105	-0.088501
-0.102234	0.017395	-0.0848389
-0.0952148	0.0161743	-0.0790405
-0.0869751	0.0146484	-0.0723267
-0.0787354	0.0125122	-0.0662231
-0.0714111	0.010376	-0.0610352
-0.065918	0.00854492	-0.057373
-0.0622559	0.00671387	-0.055542
-0.0585938	0.00549316	-0.0531006
-0.0582886	0.00457764	-0.0537109
-0.0616455	0.00518799	-0.0564575
-0.0680542	0.00671387	-0.0613403
-0.0753784	0.00915527	-0.0662231
-0.0820923	0.0119019	-0.0701904
-0.0878906	0.0140381	-0.0738525
-0.0921631	0.0161743	-0.0759888
-0.0946045	0.0170898	-0.0775146
-0.0939941	0.017395	-0.0765991
-0.0912476	0.017395	-0.0738525
-0.0881958	0.0177002	-0.0704956
-0.0872803	0.0195313	-0.067749
-0.0881958	0.0216675	-0.0665283
-0.0900269	0.0241089	-0.065918
-0.0918579	0.0247192	-0.0671387
-0.0933838	0.0234985	-0.0698853
-0.0958252	0.0216675	-0.0741577
-0.0964355	0.0189209	-0.0775146
-0.0964355	0.0192261	-0.0772095
-0.0949097	0.0192261	-0.0756836
-0.0930786	0.0170898	-0.0759888
-0.0946045	0.017395	-0.0772095
-0.100403	0.0219727	-0.0784302
-0.10376	0.0259399	-0.0778198
-0.101929	0.0259399	-0.0759888
-0.098877	0.0262451	-0.0726318
-0.0976563	0.0289917	-0.0686646
-0.09552	0.0299072	-0.0656128
-0.0888062	0.0259399	-0.0628662
-0.0799561	0.0210571	-0.0588989
-0.071106	0.0170898	-0.0540161
-0.0613403	0.0112915	-0.0500488
-0.0506592	0.00366211	-0.0469971
-0.0418091	-0.00335693	-0.045166
-0.03479	-0.00976563	-0.0445557
-0.0308228	-0.0146484	-0.0454712
-0.0332642	-0.0146484	-0.0479126
-0.0418091	-0.0100708	-0.0518799
-0.0527954	-0.00549316	-0.0582886
-0.0643921	-0.00274658	-0.0671387
-0.0765991	-0.000915527	-0.0775146
-0.0863647	0.0012207	-0.085144
-0.0894165	0.00244141	-0.0869751
-0.0872803	0.00244141	-0.0848389
-0.0823975	0.00152588	-0.0808716
-0.0750732	-0.000305176	-0.0753784
-0.0674438	-0.00274658	-0.0701904
-0.0588989	-0.00549316	-0.0643921
-0.0500488	-0.0088501	-0.0588989
-0.0418091	-0.0119019	-0.0537109
-0.0357056	-0.0131226	-0.0488281
-0.0338745	-0.0128174	-0.0466919
-0.0369263	-0.012207	-0.0491333
-0.0442505	-0.0109863	-0.0552368
-0.0561523	-0.00823975	-0.0643921
-0.0704956	-0.00457764	-0.0750732
-0.085144	0.000915527	-0.0842285
-0.098877	0.00732422	-0.0915527
-0.108337	0.0112915	-0.0970459
-0.109863	0.0100708	-0.0997925
-0.106201	0.00732422	-0.098877
-0.103149	0.00701904	-0.0961304
-0.102234	0.00793457	-0.0942993
-0.0997925	0.00701904	-0.0927734
-0.0942993	0.00396729	-0.090332
-0.0863647	0	-0.0863647
-0.0753784	-0.00701904	-0.0823975
-0.065918	-0.0119019	-0.0778198
-0.0637817	-0.0112915	-0.0750732
-0.0665283	-0.00732422	-0.0738525
-0.0720215	-0.00183105	-0.0738525
-0.0747681	0	-0.0747681
-0.0738525	-0.00244141	-0.0762939
-0.0723267	-0.00549316	-0.0778198
-0.0720215	-0.00701904	-0.0790405
-0.0723267	-0.00732422	-0.0796509
-0.0720215	-0.00823975	-0.0802612
-0.0714111	-0.0106812	-0.0820923
-0.0686646	-0.0149536	-0.0836182
-0.065918	-0.0195313	-0.0854492
-0.0656128	-0.0210571	-0.0866699
-0.0671387	-0.0204468	-0.0875854
-0.0692749	-0.0189209	-0.0881958
-0.0720215	-0.0161743	-0.0881958
-0.0759888	-0.0125122	-0.088501
-0.0830078	-0.00854492	-0.0915527
-0.0915527	-0.00488281	-0.0964355
-0.0976563	-0.00152588	-0.0991821
-0.0994873	0.000915527	-0.0985718
-0.098877	0.00274658	-0.0961304
-0.0952148	0.00396729	-0.0912476
-0.0906372	0.00457764	-0.0860596
-0.0869751	0.00427246	-0.0827026
-0.0848389	0.00396729	-0.0808716
-0.0848389	0.00518799	-0.0796509
-0.0823975	0.00579834	-0.0765991
-0.0765991	0.00488281	-0.0717163
-0.0720215	0.00488281	-0.0671387
-0.0683594	0.00549316	-0.0628662
-0.0680542	0.00610352	-0.0619507
-0.0704956	0.00671387	-0.0637817
-0.072937	0.00671387	-0.0662231
-0.0756836	0.00823975	-0.0674438
-0.0839233	0.0161743	-0.067749
-0.0933838	0.0253296	-0.0680542
-0.0985718	0.0296021	-0.0689697
-0.100098	0.0280762	-0.0720215
-0.101624	0.0238037	-0.0778198
-0.108032	0.0216675	-0.0863647
-0.117493	0.0247192	-0.0927734
-0.122986	0.0289917	-0.0939941
-0.123291	0.0302124	-0.0930786
-0.119019	0.0265503	-0.0924683
-0.109253	0.0180054	-0.0912476
-0.0973511	0.0088501	-0.088501
-0.0869751	0.00244141	-0.0845337
-0.078125	-0.0012207	-0.0793457
-0.0704956	-0.00366211	-0.0741577
-0.0643921	-0.00640869	-0.0708008
-0.0598145	-0.00976563	-0.0695801
-0.0570679	-0.0143433	-0.0714111
-0.0582886	-0.0183105	-0.0765991
-0.062561	-0.0201416	-0.0827026
-0.0686646	-0.0201416	-0.0888062
-0.0756836	-0.0170898	-0.0927734
-0.0823975	-0.012207	-0.0946045
-0.0872803	-0.00762939	-0.0949097
-0.0906372	-0.00305176	-0.093689
-0.0924683	0.000915527	-0.0915527
-0.0924683	0.00396729	-0.088501
-0.0900269	0.00610352	-0.0839233
-0.0869751	0.00732422	-0.0796509
-0.085144	0.00823975	-0.0769043
-0.0823975	0.00793457	-0.0744629
-0.0784302	0.00732422	-0.071106
-0.0750732	0.00671387	-0.0683594
-0.0744629	0.00671387	-0.067749
-0.0772095	0.00793457	-0.0692749
-0.0802612	0.00854492	-0.0717163
-0.0802612	0.00701904	-0.0732422
-0.0775146	0.00396729	-0.0735474
-0.0720215	0.000915527	-0.071106
-0.0686646	0.0012207	-0.0674438
-0.0695801	0.00335693	-0.0662231
-0.0714111	0.00305176	-0.0683594
-0.0714111	0.00244141	-0.0689697
-0.0735474	0.00701904	-0.0665283
-0.0808716	0.017395	-0.0634766
-0.0878906	0.0247192	-0.0631714
-0.0906372	0.0268555	-0.0637817
-0.0927734	0.0274658	-0.0653076
-0.0952148	0.0283813	-0.0668335
-0.0970459	0.0274658	-0.0695801
-0.0964355	0.0247192	-0.0717163
-0.0942993	0.020752	-0.0735474
-0.088501	0.0137329	-0.0747681
-0.0778198	0.00244141	-0.0753784
-0.065918	-0.00946045	-0.0753784
-0.0570679	-0.0177002	-0.0747681
-0.0512695	-0.0222778	-0.0735474
-0.0482178	-0.0238037	-0.0720215
-0.0476074	-0.0228882	-0.0704956
-0.0488281	-0.0204468	-0.0692749
-0.0515747	-0.0177002	-0.0692749
-0.0527954	-0.0149536	-0.067749
-0.0534058	-0.0125122	-0.065918
-0.0552368	-0.00946045	-0.0646973
-0.0585938	-0.00427246	-0.0628662
-0.0604248	0	-0.0604248
-0.0610352	0.00244141	-0.0585938
-0.06073	0.00488281	-0.0558472
-0.0613403	0.00915527	-0.0521851
-0.0646973	0.0164795	-0.0482178
-0.0671387	0.020752	-0.0463867
-0.0646973	0.0189209	-0.0457764
-0.0582886	0.0140381	-0.0442505
-0.057373	0.0140381	-0.043335
-0.062561	0.0183105	-0.0442505
-0.0662231	0.0198364	-0.0463867
-0.0656128	0.0186157	-0.0469971
-0.0646973	0.0177002	-0.0469971
-0.065918	0.0192261	-0.0466919
-0.0683594	0.0222778	-0.0460815
-0.0704956	0.0247192	-0.0457764
-0.0692749	0.0250244	-0.0442505
-0.065918	0.0238037	-0.0421143
-0.0622559	0.020752	-0.0415039
-0.0567627	0.0167847	-0.039978
-0.0534058	0.0164795	-0.0369263
-0.0531006	0.0204468	-0.0326538
-0.0518799	0.0231934	-0.0286865
-0.0457764	0.0198364	-0.0259399
-0.0357056	0.0119019	-0.0238037
-0.0262451	0.00366211	-0.022583
-0.0195313	-0.00183105	-0.0213623
-0.0146484	-0.00457764	-0.0192261
-0.0109863	-0.00640869	-0.017395
-0.00854492	-0.0100708	-0.0186157
-0.00396729	-0.0177002	-0.0216675
0.00274658	-0.0286865	-0.0259399
0.00640869	-0.0372314	-0.0308228
0.00518799	-0.039978	-0.03479
-0.000305176	-0.0387573	-0.0390625
-0.00823975	-0.0357056	-0.0439453
-0.0183105	-0.0317383	-0.0500488
-0.0305176	-0.0265503	-0.0570679
-0.0424194	-0.0210571	-0.0634766
-0.0531006	-0.0158691	-0.0689697
-0.062561	-0.0115967	-0.0741577
-0.0695801	-0.00915527	-0.0787354
-0.0741577	-0.0088501	-0.0830078
-0.0775146	-0.00976563	-0.0872803
-0.0802612	-0.0112915	-0.0915527
-0.0802612	-0.0140381	-0.0942993
-0.0778198	-0.0170898	-0.0949097
-0.0744629	-0.0198364	-0.0942993
-0.0714111	-0.022583	-0.0939941
-0.0686646	-0.0250244	-0.093689
-0.0695801	-0.0247192	-0.0942993
-0.0738525	-0.022583	-0.0964355
-0.0772095	-0.0198364	-0.0970459
-0.0793457	-0.0164795	-0.0958252
-0.0857544	-0.0088501	-0.0946045
-0.0997925	0.00488281	-0.0949097
-0.113525	0.0183105	-0.0952148
-0.118408	0.0244141	-0.0939941
-0.117798	0.0259399	-0.0918579
-0.115967	0.0259399	-0.0900269
-0.115051	0.0247192	-0.090332
-0.114746	0.0238037	-0.0909424
-0.111084	0.020752	-0.090332
-0.103149	0.0131226	-0.0900269
-0.0946045	0.00335693	-0.0912476
-0.0836182	-0.00701904	-0.0906372
-0.0704956	-0.0180054	-0.088501
-0.0637817	-0.0256348	-0.0894165
-0.0671387	-0.0256348	-0.0927734
-0.0765991	-0.0201416	-0.0967407
-0.0854492	-0.0143433	-0.0997925
-0.090332	-0.0106812	-0.101013
-0.0921631	-0.0100708	-0.102234
-0.0939941	-0.010376	-0.10437
-0.0982666	-0.00946045	-0.107727
-0.0997925	-0.00823975	-0.108032
-0.0958252	-0.00823975	-0.104065
-0.088501	-0.0088501	-0.0973511
-0.0787354	-0.00823975	-0.0869751
-0.0576782	-0.00427246	-0.0619507
-0.0241089	0.00518799	-0.0189209
0.0164795	0.0216675	0.038147
0.0604248	0.045166	0.105591
0.107117	0.0741577	0.181274
0.153809	0.107727	0.261536
0.198059	0.145874	0.343933
0.23407	0.188904	0.422974
0.255432	0.236206	0.491638
0.261536	0.281067	0.542603
0.250244	0.319519	0.569763
0.217285	0.349731	0.567017
0.163269	0.371094	0.534363
0.0939941	0.38208	0.476074
0.0170898	0.379944	0.397034
-0.0616455	0.363464	0.301819
-0.136414	0.333557	0.197144
-0.202637	0.292664	0.0900269
-0.256348	0.24292	-0.0134277
-0.294189	0.186157	-0.108032
-0.310974	0.124512	-0.186462
-0.306396	0.0643921	-0.242004
-0.290833	0.0119019	-0.278931
-0.26886	-0.0305176	-0.299377
-0.240479	-0.0631714	-0.30365
-0.207214	-0.0875854	-0.2948
-0.174255	-0.101929	-0.276184
-0.150757	-0.103149	-0.253906
-0.139771	-0.0915527	-0.231323
-0.13092	-0.0762939	-0.207214
-0.120239	-0.0637817	-0.184021
-0.112305	-0.0537109	-0.166016
-0.108643	-0.0460815	-0.154724
-0.109253	-0.0387573	-0.14801
-0.114746	-0.0286865	-0.143433
-0.123291	-0.0180054	-0.141296
-0.128479	-0.0119019	-0.140381
-0.1297	-0.00976563	-0.139465
-0.128784	-0.00976563	-0.13855
-0.128479	-0.00915527	-0.137634
-0.131226	-0.00610352	-0.137329
-0.136108	-0.00274658	-0.138855
-0.141296	-0.000915527	-0.142212
-0.144653	0.000305176	-0.144348
-0.145874	-0.000305176	-0.146179
-0.145874	-0.00366211	-0.149536
-0.143127	-0.00854492	-0.151672
-0.13916	-0.0125122	-0.151672
-0.135803	-0.0143433	-0.150146
-0.132141	-0.0158691	-0.14801
-0.127563	-0.0177002	-0.145264
-0.124207	-0.0180054	-0.142212
-0.124817	-0.015564	-0.140381
-0.126953	-0.0119019	-0.138855
-0.128479	-0.00823975	-0.136719
-0.130615	-0.00427246	-0.134888
-0.133972	-0.000915527	-0.134888
-0.137634	0.000610352	-0.137024
-0.140991	0.000915527	-0.140076
-0.143433	0	-0.143433
-0.143738	-0.00213623	-0.145874
-0.142822	-0.00305176	-0.145874
-0.139465	-0.00366211	-0.143127
-0.133667	-0.00488281	-0.13855
-0.126038	-0.00732422	-0.133362
-0.117493	-0.0119019	-0.129395
-0.110474	-0.015564	-0.126038
-0.108948	-0.0137329	-0.122681
-0.111694	-0.00671387	-0.118408
-0.115662	0.000305176	-0.115356
-0.12085	0.00579834	-0.115051
-0.127258	0.00854492	-0.118713
-0.132141	0.00854492	-0.123596
-0.132446	0.00549316	-0.126953
-0.132141	0.00213623	-0.130005
-0.137939	0.00366211	-0.134277
-0.143127	0.00762939	-0.135498
-0.144043	0.0100708	-0.133972
-0.143433	0.0106812	-0.132751
-0.140076	0.0088501	-0.131226
-0.137024	0.00732422	-0.1297
-0.133362	0.00732422	-0.126038
-0.128784	0.00701904	-0.121765
-0.122986	0.00579834	-0.117188
-0.116272	0.00305176	-0.11322
-0.108643	-0.00213623	-0.110779
-0.101318	-0.0088501	-0.110168
-0.0939941	-0.0167847	-0.110779
-0.085144	-0.0262451	-0.111389
-0.0741577	-0.0372314	-0.111389
-0.0643921	-0.0473022	-0.111694
-0.0613403	-0.0509644	-0.112305
-0.0650024	-0.0479126	-0.112915
-0.0708008	-0.0424194	-0.11322
-0.0750732	-0.0372314	-0.112305
-0.0796509	-0.0326538	-0.112305
-0.0860596	-0.0274658	-0.113525
-0.0933838	-0.0222778	-0.115662
-0.0964355	-0.0167847	-0.11322
-0.0952148	-0.0119019	-0.107117
-0.0930786	-0.00823975	-0.101318
-0.0906372	-0.00579834	-0.0964355
-0.0857544	-0.00579834	-0.0915527
-0.0753784	-0.00854492	-0.0839233
-0.0650024	-0.00976563	-0.0747681
-0.0570679	-0.00854492	-0.0656128
-0.0488281	-0.00946045	-0.0582886
-0.0418091	-0.012207	-0.0540161
-0.0396729	-0.0131226	-0.0527954
-0.0418091	-0.0112915	-0.0531006
-0.0408936	-0.010376	-0.0512695
-0.0338745	-0.0125122	-0.0463867
-0.0234985	-0.0152588	-0.0387573
-0.0125122	-0.0189209	-0.0314331
-0.00366211	-0.0201416	-0.0238037
0.00701904	-0.0219727	-0.0149536
0.0195313	-0.0231934	-0.00366211
0.027771	-0.0201416	0.00762939
0.0344849	-0.0167847	0.0177002
0.0430298	-0.0170898	0.0259399
0.0515747	-0.0192261	0.0323486
0.0564575	-0.0201416	0.0363159
0.0567627	-0.0186157	0.038147
0.0537109	-0.0167847	0.0369263
0.0494385	-0.0152588	0.0341797
0.0460815	-0.0149536	0.0311279
0.0448608	-0.0143433	0.0305176
0.0439453	-0.0119019	0.0320435
0.0454712	-0.0106812	0.03479
0.0488281	-0.0109863	0.0378418
0.0521851	-0.00976563	0.0424194
0.0531006	-0.00549316	0.0476074
0.0531006	-0.00152588	0.0515747
0.0527954	0.000915527	0.0537109
0.0518799	0.00274658	0.0546265
0.0500488	0.00396729	0.0540161
0.0482178	0.00396729	0.0521851
0.0454712	0.00305176	0.0485229
0.039978	0.00213623	0.0421143
0.0320435	0.00244141	0.0344849
0.0228882	0.00366211	0.0265503
0.0128174	0.00457764	0.017395
0.00305176	0.00549316	0.00854492
-0.00579834	0.00518799	-0.000610352
-0.0180054	0.00610352	-0.0119019
-0.0317383	0.00762939	-0.0241089
-0.0427246	0.00793457	-0.03479
-0.0473022	0.00671387	-0.0405884
-0.0485229	0.00396729	-0.0445557
-0.0500488	0.000915527	-0.0491333
-0.0549316	0.000915527	-0.0540161
-0.0650024	0.00518799	-0.0598145
-0.0744629	0.00976563	-0.0646973
-0.0811768	0.0115967	-0.0695801
-0.0872803	0.0131226	-0.0741577
-0.0906372	0.0137329	-0.0769043
-0.0927734	0.0140381	-0.0787354
-0.0979614	0.0152588	-0.0827026
-0.101318	0.0137329	-0.0875854
-0.102539	0.010376	-0.0921631
-0.110168	0.015564	-0.0946045
-0.121155	0.0253296	-0.0958252
-0.122681	0.0259399	-0.0967407
-0.115967	0.0183105	-0.0976563
-0.109558	0.0115967	-0.0979614
-0.107727	0.00823975	-0.0994873
-0.109253	0.00701904	-0.102234
-0.109863	0.00396729	-0.105896
-0.108643	-0.000915527	-0.109558
-0.105591	-0.00610352	-0.111694
-0.0994873	-0.0112915	-0.110779
-0.0930786	-0.0158691	-0.108948
-0.0912476	-0.0177002	-0.108948
-0.0933838	-0.0167847	-0.110168
-0.0942993	-0.0146484	-0.108948
-0.0933838	-0.0112915	-0.104675
-0.09552	-0.00518799	-0.100708
-0.100403	0.00183105	-0.0985718
-0.10376	0.00610352	-0.0976563
-0.104675	0.00610352	-0.0985718
-0.103149	0.00427246	-0.098877
-0.100403	0.00183105	-0.0985718
-0.0982666	-0.000610352	-0.098877
-0.0976563	-0.00274658	-0.100403
-0.0961304	-0.00518799	-0.101318
-0.0946045	-0.00701904	-0.101624
-0.0942993	-0.00793457	-0.102234
-0.0939941	-0.00793457	-0.101929
-0.0927734	-0.00823975	-0.101013
-0.0918579	-0.00793457	-0.0997925
-0.0933838	-0.00671387	-0.100098
-0.0979614	-0.00366211	-0.101624
-0.103455	-0.000610352	-0.104065
-0.107422	0.000610352	-0.106812
-0.110779	0.0012207	-0.109558
-0.116577	0.00274658	-0.113831
-0.12146	0.00457764	-0.116882
-0.122681	0.00640869	-0.116272
-0.123596	0.00976563	-0.113831
-0.124817	0.0134277	-0.111389
-0.122681	0.0140381	-0.108643
-0.117188	0.0137329	-0.103455
-0.108032	0.0112915	-0.0967407
-0.098877	0.00793457	-0.0909424
-0.0909424	0.00457764	-0.0863647
-0.083313	0.00213623	-0.0811768
-0.0765991	0	-0.0765991
-0.0683594	-0.00488281	-0.0732422
-0.06073	-0.0106812	-0.0714111
-0.0579834	-0.0149536	-0.072937
-0.0576782	-0.0167847	-0.0744629
-0.0588989	-0.0149536	-0.0738525
-0.0628662	-0.010376	-0.0732422
-0.0686646	-0.00549316	-0.0741577
-0.0750732	-0.000305176	-0.0753784
-0.0784302	0.00335693	-0.0750732
-0.0793457	0.00488281	-0.0744629
-0.0796509	0.00518799	-0.0744629
-0.0787354	0.00366211	-0.0750732
-0.0750732	0.000915527	-0.0741577
-0.0701904	-0.00396729	-0.0741577
-0.0650024	-0.0100708	-0.0750732
-0.0598145	-0.0167847	-0.0765991
-0.0540161	-0.0231934	-0.0772095
-0.0482178	-0.0286865	-0.0769043
-0.0445557	-0.0320435	-0.0765991
-0.0439453	-0.0341797	-0.078125
-0.0457764	-0.032959	-0.0787354
-0.0500488	-0.027771	-0.0778198
-0.0549316	-0.0213623	-0.0762939
-0.0595093	-0.0158691	-0.0753784
-0.0619507	-0.0125122	-0.0744629
-0.0637817	-0.010376	-0.0741577
-0.0650024	-0.00823975	-0.0732422
-0.0646973	-0.00732422	-0.0720215
-0.0643921	-0.00671387	-0.071106
-0.06073	-0.00701904	-0.067749
-0.057373	-0.00823975	-0.0656128
-0.0585938	-0.00854492	-0.0671387
-0.0595093	-0.00976563	-0.0692749
-0.0582886	-0.0125122	-0.0708008
-0.057373	-0.0146484	-0.0720215
-0.0595093	-0.0158691	-0.0753784
-0.0656128	-0.0149536	-0.0805664
-0.0689697	-0.0143433	-0.083313
-0.0680542	-0.0149536	-0.0830078
-0.0695801	-0.0128174	-0.0823975
-0.0732422	-0.00854492	-0.0817871
-0.0769043	-0.00457764	-0.0814819
-0.0790405	-0.0012207	-0.0802612
-0.0787354	-0.00152588	-0.0802612
-0.0741577	-0.00518799	-0.0793457
-0.0668335	-0.00976563	-0.0765991
-0.0595093	-0.0146484	-0.0741577
-0.0521851	-0.0201416	-0.0723267
-0.0442505	-0.0262451	-0.0704956
-0.0363159	-0.0323486	-0.0686646
-0.0305176	-0.0378418	-0.0683594
-0.0265503	-0.0415039	-0.0680542
-0.0250244	-0.0442505	-0.0692749
-0.0244141	-0.0460815	-0.0704956
-0.022583	-0.0473022	-0.0698853
-0.0228882	-0.0466919	-0.0695801
-0.0286865	-0.043335	-0.0720215
-0.038147	-0.0390625	-0.0772095
-0.0460815	-0.0357056	-0.0817871
-0.0497437	-0.0341797	-0.0839233
-0.0515747	-0.0338745	-0.0854492
-0.0543213	-0.0335693	-0.0878906
-0.0582886	-0.0317383	-0.0900269
-0.0613403	-0.0283813	-0.0897217
-0.0640869	-0.0234985	-0.0875854
-0.0671387	-0.0183105	-0.0854492
-0.0689697	-0.0152588	-0.0842285
-0.0683594	-0.0134277	-0.0817871
-0.0665283	-0.0115967	-0.078125
-0.0646973	-0.00854492	-0.0732422
-0.0634766	-0.00671387	-0.0701904
-0.0616455	-0.00701904	-0.0686646
-0.0579834	-0.00915527	-0.0671387
-0.0537109	-0.0112915	-0.0650024
-0.0500488	-0.0128174	-0.0628662
-0.0469971	-0.0137329	-0.06073
-0.0436401	-0.0149536	-0.0585938
-0.0405884	-0.0167847	-0.057373
-0.038147	-0.0195313	-0.0576782
-0.0393677	-0.0192261	-0.0585938
-0.045166	-0.0158691	-0.0610352
-0.0506592	-0.0131226	-0.0637817
-0.0567627	-0.010376	-0.0671387
-0.0662231	-0.00549316	-0.0717163
-0.0765991	0	-0.0765991
-0.083313	0.00518799	-0.078125
-0.0842285	0.00915527	-0.0750732
-0.0854492	0.0115967	-0.0738525
-0.0878906	0.0131226	-0.0747681
-0.0860596	0.012207	-0.0738525
-0.0772095	0.00854492	-0.0686646
-0.062561	0.000305176	-0.0622559
-0.045166	-0.0109863	-0.0561523
-0.0317383	-0.0198364	-0.0515747
-0.0241089	-0.0244141	-0.0485229
-0.0192261	-0.0259399	-0.045166
-0.0186157	-0.0256348	-0.0442505
-0.0204468	-0.0253296	-0.0457764
-0.0219727	-0.0250244	-0.0469971
-0.0247192	-0.0219727	-0.0466919
-0.0302124	-0.0170898	-0.0473022
-0.0360107	-0.0112915	-0.0473022
-0.0402832	-0.00640869	-0.0466919
-0.0442505	-0.00183105	-0.0460815
-0.050354	0.00396729	-0.0463867
-0.0552368	0.00793457	-0.0473022
-0.0567627	0.00732422	-0.0494385
-0.0549316	0.00427246	-0.0506592
-0.0531006	0.0012207	-0.0518799
-0.0527954	-0.0012207	-0.0540161
-0.0543213	-0.00335693	-0.0576782
-0.0546265	-0.00579834	-0.0604248
-0.0512695	-0.00854492	-0.0598145
-0.0469971	-0.0112915	-0.0582886
-0.0436401	-0.0143433	-0.0579834
-0.0396729	-0.0180054	-0.0576782
-0.0363159	-0.0210571	-0.057373
-0.0341797	-0.022583	-0.0567627
-0.0326538	-0.0234985	-0.0561523
-0.0299072	-0.0241089	-0.0540161
-0.0283813	-0.0253296	-0.0537109
-0.0296021	-0.0241089	-0.0537109
-0.0341797	-0.0204468	-0.0546265
-0.0384521	-0.0170898	-0.055542
-0.0387573	-0.017395	-0.0561523
-0.0375366	-0.0183105	-0.0558472
-0.0393677	-0.0149536	-0.0543213
-0.0430298	-0.0088501	-0.0518799
-0.045166	-0.00549316	-0.0506592
-0.0457764	-0.00518799	-0.0509644
-0.0485229	-0.00274658	-0.0512695
-0.0558472	0.00366211	-0.0521851
-0.0631714	0.00762939	-0.055542
-0.0662231	0.00549316	-0.06073
-0.0689697	0.00579834	-0.0631714
-0.0723267	0.0088501	-0.0634766
-0.0692749	0.00549316	-0.0637817
-0.0598145	-0.00274658	-0.062561
-0.0485229	-0.0100708	-0.0585938
-0.0390625	-0.0146484	-0.0537109
-0.0308228	-0.0183105	-0.0491333
-0.0219727	-0.0228882	-0.0448608
-0.012207	-0.0286865	-0.0408936
-0.00305176	-0.0335693	-0.0366211
0.00213623	-0.0366211	-0.0344849
0.00244141	-0.0372314	-0.03479
-0.000610352	-0.0354004	-0.0360107
-0.00549316	-0.0308228	-0.0363159
-0.0109863	-0.0253296	-0.0363159
-0.0152588	-0.0210571	-0.0363159
-0.0177002	-0.0180054	-0.0357056
-0.0192261	-0.0149536	-0.0341797
-0.0186157	-0.0125122	-0.0311279
-0.0152588	-0.0106812	-0.0259399
-0.010376	-0.0106812	-0.0210571
-0.00579834	-0.012207	-0.0180054
-0.00274658	-0.0137329	-0.0164795
-0.00152588	-0.0134277	-0.0149536
-0.00183105	-0.0119019	-0.0137329
-0.00518799	-0.0088501	-0.0140381
-0.00732422	-0.00640869	-0.0137329
-0.00732422	-0.00518799	-0.0125122
-0.00610352	-0.00518799	-0.0112915
-0.00427246	-0.00518799	-0.00946045
-0.00305176	-0.00457764	-0.00762939
-0.000915527	-0.00488281	-0.00579834
0.00152588	-0.00732422	-0.00579834
0.00183105	-0.0109863	-0.00915527
0.000610352	-0.0143433	-0.0137329
0.000915527	-0.0177002	-0.0167847
0.00366211	-0.0213623	-0.0177002
0.00610352	-0.022583	-0.0164795
0.00701904	-0.0244141	-0.017395
0.0088501	-0.0271606	-0.0183105
0.00762939	-0.0253296	-0.0177002
0.00305176	-0.017395	-0.0143433
0.000915527	-0.0100708	-0.00915527
0.00213623	-0.00549316	-0.00335693
0.00579834	-0.00488281	0.000915527
0.0109863	-0.00762939	0.00335693
0.0140381	-0.0109863	0.00305176
0.0149536	-0.015564	-0.000610352
0.0180054	-0.0216675	-0.00366211
0.0201416	-0.0244141	-0.00427246
0.0204468	-0.0256348	-0.00518799
0.0228882	-0.0317383	-0.0088501
0.0271606	-0.0408936	-0.0137329
0.0292969	-0.0479126	-0.0186157
0.0250244	-0.0488281	-0.0238037
0.0161743	-0.0445557	-0.0283813
0.00610352	-0.039978	-0.0338745
-0.00244141	-0.0393677	-0.0418091
-0.0100708	-0.0402832	-0.050354
-0.0180054	-0.0405884	-0.0585938
-0.0244141	-0.0402832	-0.0646973
-0.0286865	-0.0396729	-0.0683594
-0.0305176	-0.039978	-0.0704956
-0.0286865	-0.0411987	-0.0698853
-0.0247192	-0.0424194	-0.0671387
-0.0216675	-0.0430298	-0.0646973
-0.0210571	-0.0427246	-0.0637817
-0.0210571	-0.0418091	-0.0628662
-0.020752	-0.039978	-0.06073
-0.0219727	-0.0378418	-0.0598145
-0.0238037	-0.0357056	-0.0595093
-0.0259399	-0.0332642	-0.0592041
-0.0280762	-0.0308228	-0.0588989
-0.0302124	-0.0292969	-0.0595093
-0.0311279	-0.0274658	-0.0585938
-0.0305176	-0.0253296	-0.0558472
-0.0289917	-0.0231934	-0.0521851
-0.0262451	-0.0213623	-0.0476074
-0.0231934	-0.0195313	-0.0427246
-0.0216675	-0.0170898	-0.0387573
-0.0216675	-0.0128174	-0.0344849
-0.0201416	-0.0115967	-0.0317383
-0.0189209	-0.0125122	-0.0314331
-0.020752	-0.012207	-0.032959
-0.0231934	-0.0119019	-0.0350952
-0.0250244	-0.0134277	-0.0384521
-0.0289917	-0.0134277	-0.0424194
-0.0375366	-0.0112915	-0.0488281
-0.0424194	-0.0115967	-0.0540161
-0.0405884	-0.0158691	-0.0564575
-0.0341797	-0.0247192	-0.0588989
-0.0250244	-0.0344849	-0.0595093
-0.0128174	-0.0405884	-0.0534058
0.00610352	-0.0448608	-0.0387573
0.0320435	-0.0473022	-0.0152588
0.0622559	-0.0457764	0.0164795
0.0958252	-0.0396729	0.0561523
0.13092	-0.0265503	0.10437
0.168152	-0.00579834	0.162354
0.212708	0.020752	0.233459
0.257568	0.0521851	0.309753
0.292969	0.090332	0.383301
0.315247	0.136108	0.451355
0.325623	0.185242	0.510864
0.324097	0.232849	0.556946
0.307312	0.274353	0.581665
0.272522	0.306702	0.579224
0.220642	0.330811	0.551453
0.154114	0.346069	0.500183
0.0784302	0.349426	0.427856
-0.000610352	0.338745	0.338135
-0.0747681	0.314026	0.239258
-0.138245	0.277405	0.13916
-0.187988	0.231018	0.0430298
-0.220642	0.178833	-0.0418091
-0.23407	0.124512	-0.109558
-0.228577	0.0704956	-0.158081
-0.206299	0.0198364	-0.186462
-0.174561	-0.0234985	-0.198059
-0.141602	-0.0552368	-0.196838
-0.112	-0.0741577	-0.186157
-0.0872803	-0.0820923	-0.169373
-0.0689697	-0.0820923	-0.151062
-0.0567627	-0.0772095	-0.133972
-0.0497437	-0.0698853	-0.119629
-0.0476074	-0.0585938	-0.106201
-0.0494385	-0.045166	-0.0946045
-0.0482178	-0.0344849	-0.0827026
-0.0415039	-0.0289917	-0.0704956
-0.0338745	-0.0268555	-0.06073
-0.0292969	-0.0253296	-0.0546265
-0.0268555	-0.0222778	-0.0491333
-0.0222778	-0.0183105	-0.0405884
-0.0152588	-0.0158691	-0.0311279
-0.0088501	-0.0149536	-0.0238037
-0.00244141	-0.017395	-0.0198364
0.00213623	-0.0210571	-0.0189209
0.00396729	-0.0231934	-0.0192261
0.00457764	-0.0250244	-0.0204468
0.00610352	-0.0292969	-0.0231934
0.0088501	-0.0366211	-0.027771
0.00823975	-0.0427246	-0.0344849
0.00549316	-0.0448608	-0.0393677
0.00518799	-0.0457764	-0.0405884
0.00823975	-0.0491333	-0.0408936
0.0119019	-0.0518799	-0.039978
0.0140381	-0.0527954	-0.0387573
0.0131226	-0.0506592	-0.0375366
0.0106812	-0.0463867	-0.0357056
0.0106812	-0.0421143	-0.0314331
0.0149536	-0.0405884	-0.0256348
0.0192261	-0.0405884	-0.0213623
0.0213623	-0.0402832	-0.0189209
0.0234985	-0.0393677	-0.0158691
0.0216675	-0.0369263	-0.0152588
0.015564	-0.032959	-0.017395
0.00793457	-0.0286865	-0.020752
0.00305176	-0.0250244	-0.0219727
0.00183105	-0.0231934	-0.0213623
0.00183105	-0.0222778	-0.0204468
0.00183105	-0.0216675	-0.0198364
0.00305176	-0.0219727	-0.0189209
0.00549316	-0.0238037	-0.0183105
0.0088501	-0.0268555	-0.0180054
0.0140381	-0.0299072	-0.0158691
0.0180054	-0.0326538	-0.0146484
0.0189209	-0.0335693	-0.0146484
0.0201416	-0.0332642	-0.0131226
0.0213623	-0.0326538	-0.0112915
0.0198364	-0.0326538	-0.0128174
0.0170898	-0.032959	-0.0158691
0.0134277	-0.0314331	-0.0180054
0.00579834	-0.0241089	-0.0183105
-0.00366211	-0.0146484	-0.0183105
-0.00915527	-0.0109863	-0.0201416
-0.0088501	-0.0149536	-0.0238037
-0.00457764	-0.0198364	-0.0244141
0.000915527	-0.0238037	-0.0228882
0.00549316	-0.0271606	-0.0216675
0.00671387	-0.0280762	-0.0213623
0.00762939	-0.0289917	-0.0213623
0.0134277	-0.0335693	-0.0201416
0.0259399	-0.0421143	-0.0161743
0.0384521	-0.0506592	-0.012207
0.0479126	-0.0570679	-0.00915527
0.0564575	-0.0628662	-0.00640869
0.0610352	-0.0650024	-0.00396729
0.0592041	-0.0631714	-0.00396729
0.0564575	-0.0622559	-0.00579834
0.0588989	-0.0637817	-0.00488281
0.0646973	-0.0646973	0
0.0701904	-0.0643921	0.00579834
0.072937	-0.0631714	0.00976563
0.0732422	-0.0619507	0.0112915
0.0747681	-0.0613403	0.0134277
0.078125	-0.0598145	0.0183105
0.0823975	-0.0576782	0.0247192
0.0881958	-0.0561523	0.0320435
0.0942993	-0.0552368	0.0390625
0.0982666	-0.0546265	0.0436401
0.102539	-0.0540161	0.0485229
0.111694	-0.0570679	0.0546265
0.125732	-0.0646973	0.0610352
0.137329	-0.0701904	0.0671387
0.143127	-0.0701904	0.072937
0.1474	-0.0683594	0.0790405
0.154724	-0.0701904	0.0845337
0.164185	-0.0747681	0.0894165
0.172119	-0.0772095	0.0949097
0.176392	-0.0762939	0.100098
0.176697	-0.071106	0.105591
0.173035	-0.0637817	0.109253
0.170288	-0.0576782	0.11261
0.170898	-0.0549316	0.115967
0.173035	-0.0531006	0.119934
0.174255	-0.0506592	0.123596
0.174561	-0.0466919	0.127869
0.175171	-0.0424194	0.132751
0.176392	-0.038147	0.138245
0.178223	-0.0350952	0.143127
0.180969	-0.0341797	0.14679
0.183411	-0.0357056	0.147705
0.186157	-0.0363159	0.149841
0.187683	-0.0341797	0.153503
0.187073	-0.0314331	0.15564
0.184937	-0.0299072	0.155029
0.183105	-0.0302124	0.152893
0.18219	-0.0299072	0.152283
0.177307	-0.0256348	0.151672
0.167847	-0.0216675	0.146179
0.155334	-0.0183105	0.137024
0.146484	-0.0149536	0.131531
0.141296	-0.0112915	0.130005
0.135803	-0.00823975	0.127563
0.1297	-0.00701904	0.122681
0.123291	-0.00488281	0.118408
0.116272	-0.000610352	0.115662
0.112915	0.00183105	0.114746
0.111389	0.00244141	0.113831
0.109863	0.00183105	0.111694
0.105591	0.000915527	0.106506
0.0979614	0.0012207	0.0991821
0.0869751	0.00305176	0.0900269
0.0762939	0.00488281	0.0811768
0.0668335	0.00457764	0.0714111
0.0588989	0.0012207	0.0601196
0.050354	-0.00183105	0.0485229
0.0378418	-0.000915527	0.0369263
0.027771	-0.0012207	0.0265503
0.0170898	-0.0012207	0.0158691
0.00549316	0.000915527	0.00640869
-0.00213623	0.00274658	0.000610352
-0.00305176	0.00152588	-0.00152588
-0.0012207	-0.00183105	-0.00305176
-0.00244141	-0.00305176	-0.00549316
-0.00610352	-0.000915527	-0.00701904
-0.00915527	0.00183105	-0.00732422
-0.00854492	0.00244141	-0.00610352
-0.00305176	-0.000915527	-0.00396729
0.00396729	-0.00549316	-0.00152588
0.0106812	-0.0115967	-0.000915527
0.015564	-0.0164795	-0.000915527
0.0158691	-0.0177002	-0.00183105
0.0131226	-0.0177002	-0.00457764
0.0106812	-0.0183105	-0.00762939
0.00823975	-0.0195313	-0.0112915
0.00518799	-0.0201416	-0.0149536
0.0012207	-0.020752	-0.0195313
-0.00396729	-0.0210571	-0.0250244
-0.00915527	-0.0210571	-0.0302124
-0.0131226	-0.0204468	-0.0335693
-0.0146484	-0.0189209	-0.0335693
-0.0149536	-0.0167847	-0.0317383
-0.0164795	-0.0152588	-0.0317383
-0.0143433	-0.0137329	-0.0280762
-0.010376	-0.012207	-0.022583
-0.00640869	-0.0115967	-0.0180054
-0.00427246	-0.0106812	-0.0149536
-0.00518799	-0.00915527	-0.0143433
-0.00518799	-0.00793457	-0.0131226
-0.00579834	-0.00518799	-0.0109863
-0.0088501	-0.0012207	-0.0100708
-0.0134277	0.00213623	-0.0112915
-0.0164795	0.00366211	-0.0128174
-0.0164795	0.00305176	-0.0134277
-0.0146484	0.00152588	-0.0131226
-0.0106812	-0.00213623	-0.0128174
-0.00610352	-0.00610352	-0.012207
-0.00274658	-0.00762939	-0.010376
-0.00457764	-0.00305176	-0.00762939
-0.00610352	0.00152588	-0.00457764
-0.00366211	0.00244141	-0.0012207
-0.00183105	0.00335693	0.00152588
-0.00183105	0.00488281	0.00305176
-0.00305176	0.00610352	0.00305176
-0.00579834	0.00823975	0.00244141
-0.00732422	0.00915527	0.00183105
-0.00610352	0.00671387	0.000610352
-0.00366211	0.000610352	-0.00305176
-0.000610352	-0.00854492	-0.00915527
0.00610352	-0.0201416	-0.0140381
0.0149536	-0.0292969	-0.0143433
0.020752	-0.03479	-0.0140381
0.022583	-0.0384521	-0.0158691
0.0259399	-0.0390625	-0.0131226
0.0292969	-0.0357056	-0.00640869
0.0311279	-0.0302124	0.000915527
0.0302124	-0.0228882	0.00732422
0.0292969	-0.0158691	0.0134277
0.0305176	-0.0112915	0.0192261
0.0308228	-0.00732422	0.0234985
0.0289917	-0.00274658	0.0262451
0.0256348	0	0.0256348
0.0219727	0	0.0219727
0.0192261	-0.00244141	0.0167847
0.0164795	-0.00579834	0.0106812
0.0137329	-0.00976563	0.00396729
0.0112915	-0.0137329	-0.00244141
0.010376	-0.015564	-0.00518799
0.0109863	-0.0164795	-0.00549316
0.0131226	-0.017395	-0.00427246
0.0161743	-0.0183105	-0.00213623
0.017395	-0.0192261	-0.00183105
0.0161743	-0.0195313	-0.00335693
0.0146484	-0.0198364	-0.00518799
0.0152588	-0.0192261	-0.00396729
0.0140381	-0.0180054	-0.00396729
0.010376	-0.0152588	-0.00488281
0.00549316	-0.00854492	-0.00305176
-0.00366211	0.00183105	-0.00183105
-0.0128174	0.00946045	-0.00335693
-0.0158691	0.0112915	-0.00457764
-0.0115967	0.00854492	-0.00305176
-0.00396729	0.00427246	0.000305176
0.00213623	0.00152588	0.00366211
0.00549316	0.000610352	0.00610352
0.00671387	-0.000305176	0.00640869
0.0115967	-0.00671387	0.00488281
0.0192261	-0.0167847	0.00244141
0.0262451	-0.0256348	0.000610352
0.0296021	-0.0314331	-0.00183105
0.0299072	-0.03479	-0.00488281
0.0283813	-0.0360107	-0.00762939
0.0253296	-0.0350952	-0.00976563
0.0183105	-0.0308228	-0.0125122
0.00915527	-0.0256348	-0.0164795
0.00274658	-0.0222778	-0.0195313
0.00305176	-0.020752	-0.0177002
0.00457764	-0.0167847	-0.012207
0.00549316	-0.0131226	-0.00762939
0.00946045	-0.0137329	-0.00427246
0.0161743	-0.0164795	-0.000305176
0.0231934	-0.0183105	0.00488281
0.027771	-0.017395	0.010376
0.032959	-0.0161743	0.0167847
0.038147	-0.0167847	0.0213623
0.0421143	-0.0189209	0.0231934
0.0439453	-0.0213623	0.022583
0.0424194	-0.022583	0.0198364
0.038147	-0.0216675	0.0164795
0.0323486	-0.0192261	0.0131226
0.0271606	-0.0164795	0.0106812
0.0234985	-0.0143433	0.00915527
0.0189209	-0.0131226	0.00579834
0.0100708	-0.0128174	-0.00274658
-0.000305176	-0.0131226	-0.0134277
-0.00335693	-0.0131226	-0.0164795
-0.000305176	-0.0131226	-0.0134277
0.00183105	-0.012207	-0.010376
0.000915527	-0.0112915	-0.010376
0.000915527	-0.010376	-0.00946045
0.00274658	-0.00915527	-0.00640869
0.00457764	-0.00823975	-0.00366211
0.00701904	-0.00762939	-0.000610352
0.0134277	-0.00762939	0.00579834
0.0201416	-0.00671387	0.0134277
0.0241089	-0.00457764	0.0195313
0.0262451	-0.00366211	0.022583
0.0283813	-0.00518799	0.0231934
0.0286865	-0.00640869	0.0222778
0.0244141	-0.00305176	0.0213623
0.0134277	0.00732422	0.020752
0.00183105	0.0180054	0.0198364
-0.00488281	0.0228882	0.0180054
-0.00976563	0.0244141	0.0146484
-0.0164795	0.0286865	0.012207
-0.0228882	0.0341797	0.0112915
-0.0256348	0.0363159	0.0106812
-0.0271606	0.0372314	0.0100708
-0.0234985	0.0332642	0.00976563
-0.0146484	0.022583	0.00793457
-0.00610352	0.010376	0.00427246
0.000915527	-0.000915527	0
0.0100708	-0.0115967	-0.00152588
0.0210571	-0.0216675	-0.000610352
0.0323486	-0.0308228	0.00152588
0.0408936	-0.0384521	0.00244141
0.0448608	-0.0427246	0.00213623
0.0457764	-0.0439453	0.00183105
0.0445557	-0.0421143	0.00244141
0.0427246	-0.0390625	0.00366211
0.0411987	-0.03479	0.00640869
0.0408936	-0.0302124	0.0106812
0.0408936	-0.0274658	0.0134277
0.0396729	-0.0259399	0.0137329
0.0363159	-0.0231934	0.0131226
0.0320435	-0.0195313	0.0125122
0.0299072	-0.0161743	0.0137329
0.0308228	-0.0149536	0.0158691
0.032959	-0.0152588	0.0177002
0.0357056	-0.015564	0.0201416
0.0372314	-0.0146484	0.022583
0.0372314	-0.0131226	0.0241089
0.0363159	-0.012207	0.0241089
0.0341797	-0.0109863	0.0231934
0.0286865	-0.00854492	0.0201416
0.0222778	-0.00640869	0.0158691
0.0183105	-0.00518799	0.0131226
0.0170898	-0.00396729	0.0131226
0.017395	-0.00335693	0.0140381
0.0192261	-0.00366211	0.015564
0.0216675	-0.00427246	0.017395
0.0231934	-0.00457764	0.0186157
0.0247192	-0.00488281	0.0198364
0.0299072	-0.00732422	0.022583
0.0378418	-0.010376	0.0274658
0.0454712	-0.0134277	0.0320435
0.0512695	-0.0167847	0.0344849
0.0506592	-0.0152588	0.0354004
0.0424194	-0.00732422	0.0350952
0.0335693	0.0012207	0.03479
0.0323486	0.00305176	0.0354004
0.0360107	0.000610352	0.0366211
0.0387573	-0.000610352	0.038147
0.0387573	0	0.0387573
0.0396729	-0.00183105	0.0378418
0.0396729	-0.00457764	0.0350952
0.0418091	-0.010376	0.0314331
0.0460815	-0.0216675	0.0244141
0.0497437	-0.0332642	0.0164795
0.055542	-0.0439453	0.0115967
0.0610352	-0.0524902	0.00854492
0.0637817	-0.0567627	0.00701904
0.0646973	-0.0579834	0.00671387
0.0656128	-0.0582886	0.00732422
0.0662231	-0.0585938	0.00762939
0.0653076	-0.0585938	0.00671387
0.0637817	-0.0579834	0.00579834
0.0631714	-0.0576782	0.00549316
0.0595093	-0.0564575	0.00305176
0.0515747	-0.0531006	-0.00152588
0.0424194	-0.0497437	-0.00732422
0.0344849	-0.0485229	-0.0140381
0.0268555	-0.0485229	-0.0216675
0.0189209	-0.0485229	-0.0296021
0.0119019	-0.0479126	-0.0360107
0.00793457	-0.0466919	-0.0387573
0.00854492	-0.0460815	-0.0375366
0.0112915	-0.0460815	-0.03479
0.0146484	-0.0466919	-0.0320435
0.0183105	-0.0476074	-0.0292969
0.0216675	-0.0488281	-0.0271606
0.022583	-0.0494385	-0.0268555
0.0216675	-0.0488281	-0.0271606
0.0213623	-0.0482178	-0.0268555
0.0219727	-0.0476074	-0.0256348
0.0195313	-0.0460815	-0.0265503
0.0119019	-0.0427246	-0.0308228
0.00366211	-0.039978	-0.0363159
0.0012207	-0.0396729	-0.0384521
0.00762939	-0.039978	-0.0323486
0.0158691	-0.0387573	-0.0228882
0.0213623	-0.0372314	-0.0158691
0.0247192	-0.0354004	-0.0106812
0.0234985	-0.0308228	-0.00732422
0.0189209	-0.0238037	-0.00488281
0.0164795	-0.0192261	-0.00274658
0.0164795	-0.0183105	-0.00183105
0.0146484	-0.0189209	-0.00427246
0.00823975	-0.0186157	-0.010376
0	-0.0170898	-0.0170898
-0.010376	-0.0180054	-0.0283813
-0.0192261	-0.020752	-0.039978
-0.0219727	-0.0247192	-0.0466919
-0.0189209	-0.0280762	-0.0469971
-0.0088501	-0.0320435	-0.0408936
0.00793457	-0.0375366	-0.0296021
0.0299072	-0.0424194	-0.0125122
0.0567627	-0.0439453	0.0128174
0.0881958	-0.0396729	0.0485229
0.123901	-0.0296021	0.0942993
0.1651	-0.0137329	0.151367
0.210876	0.00854492	0.219421
0.258179	0.0360107	0.294189
0.301514	0.0680542	0.369568
0.335693	0.10498	0.440674
0.357361	0.14679	0.50415
0.362549	0.191956	0.554504
0.350037	0.234375	0.584412
0.316467	0.272217	0.588684
0.26001	0.305176	0.565186
0.187073	0.328064	0.515137
0.106506	0.33783	0.444336
0.0228882	0.335388	0.358276
-0.0579834	0.321045	0.263062
-0.13031	0.297241	0.166931
-0.19165	0.266113	0.0744629
-0.235596	0.227661	-0.00793457
-0.257568	0.183411	-0.0741577
-0.256653	0.135498	-0.121155
-0.237427	0.0891113	-0.148315
-0.20813	0.050354	-0.157776
-0.17395	0.0195313	-0.154419
-0.136719	-0.00732422	-0.144043
-0.100098	-0.0283813	-0.128479
-0.0665283	-0.0427246	-0.109253
-0.0363159	-0.0534058	-0.0897217
-0.0106812	-0.0619507	-0.0726318
0.00701904	-0.0646973	-0.0576782
0.017395	-0.0601196	-0.0427246
0.0213623	-0.0518799	-0.0305176
0.0219727	-0.0427246	-0.020752
0.0186157	-0.032959	-0.0143433
0.0149536	-0.0241089	-0.00915527
0.0119019	-0.0167847	-0.00488281
0.00762939	-0.00946045	-0.00183105
0.00244141	-0.000915527	0.00152588
-0.00152588	0.00701904	0.00549316
-0.00305176	0.0119019	0.0088501
-0.000610352	0.0128174	0.012207
0.00457764	0.00976563	0.0143433
0.010376	0.00518799	0.015564
0.0167847	-0.0012207	0.015564
0.0219727	-0.00610352	0.0158691
0.0262451	-0.00762939	0.0186157
0.0308228	-0.00915527	0.0216675
0.0314331	-0.010376	0.0210571
0.0283813	-0.0119019	0.0164795
0.0259399	-0.0109863	0.0149536
0.0250244	-0.00915527	0.0158691
0.0244141	-0.00823975	0.0161743
0.0256348	-0.00915527	0.0164795
0.0305176	-0.0112915	0.0192261
0.038147	-0.0149536	0.0231934
0.0463867	-0.0201416	0.0262451
0.0540161	-0.0244141	0.0296021
0.0604248	-0.0262451	0.0341797
0.0650024	-0.0268555	0.038147
0.0653076	-0.0265503	0.0387573
0.0613403	-0.0234985	0.0378418
0.055542	-0.0186157	0.0369263
0.0497437	-0.0140381	0.0357056
0.0445557	-0.00915527	0.0354004
0.0390625	-0.00396729	0.0350952
0.0341797	0.000610352	0.03479
0.0302124	0.00366211	0.0338745
0.0271606	0.00488281	0.0320435
0.0259399	0.00518799	0.0311279
0.0271606	0.00610352	0.0332642
0.0317383	0.00640869	0.038147
0.038147	0.00366211	0.0418091
0.0436401	0.000915527	0.0445557
0.045166	-0.000610352	0.0445557
0.0445557	-0.0012207	0.043335
0.045166	-0.00244141	0.0427246
0.0482178	-0.00335693	0.0448608
0.0457764	0.000610352	0.0463867
0.0372314	0.00915527	0.0463867
0.0308228	0.0140381	0.0448608
0.0302124	0.0125122	0.0427246
0.0326538	0.00946045	0.0421143
0.0341797	0.00793457	0.0421143
0.0332642	0.00915527	0.0424194
0.0320435	0.00976563	0.0418091
0.0350952	0.00549316	0.0405884
0.0439453	-0.00427246	0.0396729
0.0546265	-0.0158691	0.0387573
0.0643921	-0.0259399	0.0384521
0.072937	-0.0341797	0.0387573
0.0790405	-0.0402832	0.0387573
0.0875854	-0.0463867	0.0411987
0.0958252	-0.0509644	0.0448608
0.0958252	-0.0494385	0.0463867
0.0933838	-0.0445557	0.0488281
0.0933838	-0.0405884	0.0527954
0.0949097	-0.0375366	0.057373
0.0976563	-0.03479	0.0628662
0.100708	-0.0317383	0.0689697
0.10498	-0.0289917	0.0759888
0.108032	-0.0271606	0.0808716
0.110168	-0.0271606	0.0830078
0.115356	-0.0292969	0.0860596
0.125427	-0.032959	0.0924683
0.135803	-0.0375366	0.0982666
0.144043	-0.0415039	0.102539
0.152893	-0.0448608	0.108032
0.161133	-0.0466919	0.114441
0.167847	-0.0473022	0.120544
0.171204	-0.0466919	0.124512
0.173645	-0.0454712	0.128174
0.177612	-0.0442505	0.133362
0.18219	-0.0430298	0.13916
0.187073	-0.0427246	0.144348
0.191956	-0.043335	0.148621
0.195007	-0.0427246	0.152283
0.195923	-0.0408936	0.155029
0.196838	-0.0396729	0.157166
0.19928	-0.039978	0.159302
0.200806	-0.0372314	0.163574
0.198669	-0.0314331	0.167236
0.193176	-0.0247192	0.168457
0.184937	-0.0137329	0.171204
0.177917	-0.0012207	0.176697
0.172424	0.00976563	0.18219
0.166321	0.0201416	0.186462
0.162048	0.0283813	0.19043
0.159607	0.0357056	0.195313
0.160828	0.0396729	0.2005
0.167542	0.0384521	0.205994
0.177612	0.0320435	0.209656
0.186462	0.0253296	0.211792
0.19104	0.020752	0.211792
0.192871	0.0170898	0.209961
0.195007	0.012207	0.207214
0.196533	0.00701904	0.203552
0.193787	0.00427246	0.198059
0.184631	0.00610352	0.190735
0.17395	0.0115967	0.185547
0.163879	0.0170898	0.180969
0.151978	0.0222778	0.174255
0.13916	0.027771	0.166931
0.126648	0.0317383	0.158386
0.115662	0.0338745	0.149536
0.105896	0.0344849	0.140381
0.0979614	0.03479	0.132751
0.0894165	0.0350952	0.124512
0.0784302	0.0363159	0.114746
0.067749	0.0360107	0.10376
0.0585938	0.0360107	0.0946045
0.0497437	0.0384521	0.0881958
0.043335	0.0405884	0.0839233
0.0366211	0.043335	0.0799561
0.027771	0.0482178	0.0759888
0.0204468	0.0521851	0.0726318
0.0177002	0.0534058	0.071106
0.0152588	0.0531006	0.0683594
0.00823975	0.0524902	0.06073
0.000305176	0.0521851	0.0524902
-0.00488281	0.0512695	0.0463867
-0.00518799	0.0494385	0.0442505
-0.00305176	0.0463867	0.043335
-0.0012207	0.0418091	0.0405884
0	0.038147	0.038147
-0.000610352	0.038147	0.0375366
-0.00366211	0.0421143	0.0384521
-0.00579834	0.0473022	0.0415039
-0.00488281	0.0509644	0.0460815
-0.00335693	0.0527954	0.0494385
-0.00152588	0.0531006	0.0515747
-0.00152588	0.0546265	0.0531006
-0.00732422	0.0579834	0.0506592
-0.017395	0.0604248	0.0430298
-0.0250244	0.0588989	0.0338745
-0.0262451	0.0540161	0.027771
-0.0262451	0.0506592	0.0244141
-0.0250244	0.0488281	0.0238037
-0.0253296	0.0479126	0.022583
-0.0262451	0.0476074	0.0213623
-0.0244141	0.0454712	0.0210571
-0.0204468	0.0430298	0.022583
-0.0167847	0.0427246	0.0259399
-0.0149536	0.0439453	0.0289917
-0.0137329	0.045166	0.0314331
-0.0115967	0.045166	0.0335693
-0.00793457	0.0427246	0.03479
-0.00427246	0.0390625	0.03479
-0.00396729	0.0378418	0.0338745
-0.00854492	0.0402832	0.0317383
-0.0140381	0.0439453	0.0299072
-0.0195313	0.0482178	0.0286865
-0.0268555	0.0537109	0.0268555
-0.0350952	0.0595093	0.0244141
-0.0427246	0.0643921	0.0216675
-0.0469971	0.0683594	0.0213623
-0.0463867	0.071106	0.0247192
-0.0439453	0.0723267	0.0283813
-0.038147	0.0717163	0.0335693
-0.0299072	0.0695801	0.0396729
-0.0204468	0.0656128	0.045166
-0.0100708	0.0610352	0.0509644
0.00152588	0.0558472	0.057373
0.0128174	0.0500488	0.0628662
0.0231934	0.0442505	0.0674438
0.027771	0.0418091	0.0695801
0.0241089	0.0448608	0.0689697
0.0167847	0.0497437	0.0665283
0.00946045	0.0524902	0.0619507
0.00152588	0.0540161	0.055542
-0.0088501	0.057373	0.0485229
-0.0170898	0.0604248	0.043335
-0.0204468	0.0619507	0.0415039
-0.0234985	0.0628662	0.0393677
-0.0253296	0.062561	0.0372314
-0.0231934	0.06073	0.0375366
-0.0201416	0.0576782	0.0375366
-0.0177002	0.0558472	0.038147
-0.0134277	0.055542	0.0421143
-0.00610352	0.0546265	0.0485229
0.00152588	0.0515747	0.0531006
0.00976563	0.0466919	0.0564575
0.0164795	0.0445557	0.0610352
0.0222778	0.043335	0.0656128
0.0286865	0.0411987	0.0698853
0.0344849	0.038147	0.0726318
0.0363159	0.0363159	0.0726318
0.03479	0.0366211	0.0714111
0.0308228	0.0384521	0.0692749
0.0253296	0.0418091	0.0671387
0.020752	0.0430298	0.0637817
0.0170898	0.0430298	0.0601196
0.0137329	0.0439453	0.0576782
0.010376	0.0454712	0.0558472
0.00854492	0.0469971	0.055542
0.00823975	0.0473022	0.055542
0.0100708	0.045166	0.0552368
0.0131226	0.0418091	0.0549316
0.0158691	0.0396729	0.055542
0.0167847	0.0387573	0.055542
0.0158691	0.0384521	0.0543213
0.0137329	0.0390625	0.0527954
0.0115967	0.0402832	0.0518799
0.00915527	0.0421143	0.0512695
0.00671387	0.0442505	0.0509644
0.00305176	0.0482178	0.0512695
-0.00213623	0.0540161	0.0518799
-0.00518799	0.0585938	0.0534058
-0.00579834	0.0601196	0.0543213
-0.00335693	0.0579834	0.0546265
-0.00457764	0.0582886	0.0537109
-0.0106812	0.0634766	0.0527954
-0.0137329	0.0686646	0.0549316
-0.0125122	0.0695801	0.0570679
-0.00854492	0.0628662	0.0543213
-0.00549316	0.0546265	0.0491333
-0.00183105	0.0479126	0.0460815
0.0012207	0.0448608	0.0460815
0.00518799	0.0424194	0.0476074
0.0115967	0.0387573	0.050354
0.0177002	0.0363159	0.0540161
0.0222778	0.03479	0.0570679
0.0250244	0.0335693	0.0585938
0.0268555	0.0326538	0.0595093
0.0283813	0.0332642	0.0616455
0.0271606	0.0363159	0.0634766
0.0241089	0.0396729	0.0637817
0.0201416	0.0418091	0.0619507
0.0167847	0.0421143	0.0588989
0.0149536	0.0408936	0.0558472
0.0149536	0.0384521	0.0534058
0.0131226	0.0363159	0.0494385
0.00976563	0.0354004	0.045166
0.00640869	0.0360107	0.0424194
0.00366211	0.0366211	0.0402832
0.00213623	0.0375366	0.0396729
0.00305176	0.0384521	0.0415039
0.00518799	0.0387573	0.0439453
0.00549316	0.0418091	0.0473022
0.00488281	0.0460815	0.0509644
0.00640869	0.0482178	0.0546265
0.0100708	0.0488281	0.0588989
0.0137329	0.0494385	0.0631714
0.0158691	0.050354	0.0662231
0.0170898	0.0518799	0.0689697
0.0161743	0.0537109	0.0698853
0.0149536	0.0549316	0.0698853
0.0131226	0.0552368	0.0683594
0.0100708	0.0552368	0.0653076
0.00488281	0.055542	0.0604248
-0.000610352	0.0549316	0.0543213
-0.00183105	0.0515747	0.0497437
-0.00305176	0.0524902	0.0494385
-0.010376	0.0604248	0.0500488
-0.0189209	0.0683594	0.0494385
-0.0216675	0.0704956	0.0488281
-0.0195313	0.0689697	0.0494385
-0.0158691	0.0668335	0.0509644
-0.0134277	0.0662231	0.0527954
-0.012207	0.065918	0.0537109
-0.0109863	0.0646973	0.0537109
-0.00732422	0.0601196	0.0527954
-0.00213623	0.0527954	0.0506592
-0.0012207	0.0491333	0.0479126
-0.00335693	0.0485229	0.045166
-0.00396729	0.0476074	0.0436401
-0.00823975	0.0518799	0.0436401
-0.0143433	0.0598145	0.0454712
-0.0170898	0.0637817	0.0466919
-0.0170898	0.0653076	0.0482178
-0.0149536	0.0668335	0.0518799
-0.010376	0.0686646	0.0582886
-0.00305176	0.0689697	0.065918
0.00549316	0.0662231	0.0717163
0.0146484	0.0619507	0.0765991
0.0238037	0.057373	0.0811768
0.0323486	0.0531006	0.0854492
0.0387573	0.0491333	0.0878906
0.0436401	0.0473022	0.0909424
0.0436401	0.0482178	0.0918579
0.0387573	0.0509644	0.0897217
0.0320435	0.0546265	0.0866699
0.0268555	0.0585938	0.0854492
0.0250244	0.0622559	0.0872803
0.027771	0.0640869	0.0918579
0.0311279	0.0643921	0.09552
0.0308228	0.0646973	0.09552
0.0262451	0.0656128	0.0918579
0.020752	0.065918	0.0866699
0.0192261	0.0662231	0.0854492
0.0222778	0.0674438	0.0897217
0.0256348	0.0692749	0.0949097
0.0271606	0.0704956	0.0976563
0.0268555	0.071106	0.0979614
0.0259399	0.0720215	0.0979614
0.0250244	0.0747681	0.0997925
0.0250244	0.0793457	0.10437
0.0253296	0.0845337	0.109863
0.0283813	0.0866699	0.115051
0.0354004	0.0830078	0.118408
0.0405884	0.0793457	0.119934
0.0427246	0.0772095	0.119934
0.045166	0.0717163	0.116882
0.0476074	0.0637817	0.111389
0.0497437	0.0558472	0.105591
0.0531006	0.0473022	0.100403
0.057373	0.0396729	0.0970459
0.0613403	0.032959	0.0942993
0.062561	0.0268555	0.0894165
0.06073	0.0228882	0.0836182
0.0576782	0.022583	0.0802612
0.0543213	0.0244141	0.0787354
0.0497437	0.0262451	0.0759888
0.0439453	0.0283813	0.0723267
0.038147	0.0308228	0.0689697
0.0335693	0.0317383	0.0653076
0.0286865	0.0320435	0.06073
0.0241089	0.0317383	0.0558472
0.0219727	0.0292969	0.0512695
0.0210571	0.0262451	0.0473022
0.0167847	0.0259399	0.0427246
0.00946045	0.0280762	0.0375366
0.00366211	0.0302124	0.0338745
0.00335693	0.0317383	0.0350952
0.00366211	0.032959	0.0366211
0.00305176	0.0344849	0.0375366
0.00244141	0.0369263	0.0393677
0.00305176	0.038147	0.0411987
0.00610352	0.0387573	0.0448608
0.0100708	0.0387573	0.0488281
0.0140381	0.0375366	0.0515747
0.0152588	0.0372314	0.0524902
0.0143433	0.0366211	0.0509644
0.0140381	0.0341797	0.0482178
0.0125122	0.0317383	0.0442505
0.00701904	0.0326538	0.0396729
0.00152588	0.0354004	0.0369263
-0.00183105	0.0369263	0.0350952
-0.00488281	0.0375366	0.0326538
-0.00579834	0.0372314	0.0314331
-0.00518799	0.0378418	0.0326538
-0.00396729	0.0393677	0.0354004
-0.00396729	0.0418091	0.0378418
-0.00457764	0.0442505	0.0396729
-0.00488281	0.0457764	0.0408936
-0.00549316	0.0463867	0.0408936
-0.00701904	0.0473022	0.0402832
-0.0106812	0.0494385	0.0387573
-0.0146484	0.0531006	0.0384521
-0.0134277	0.0524902	0.0390625
-0.00244141	0.045166	0.0427246
0.0131226	0.0390625	0.0521851
0.0299072	0.0396729	0.0695801
0.0485229	0.0482178	0.0967407
0.0720215	0.0656128	0.137634
0.108032	0.085144	0.193176
0.158081	0.104065	0.262146
0.213623	0.126648	0.340271
0.265503	0.156555	0.422058
0.308228	0.194397	0.502625
0.339661	0.238342	0.578003
0.357361	0.282898	0.640259
0.359192	0.322266	0.681458
0.340881	0.353699	0.69458
0.301208	0.377502	0.678711
0.241699	0.393677	0.635376
0.166321	0.401306	0.567627
0.0805664	0.398254	0.478821
-0.00549316	0.382996	0.377502
-0.0823975	0.35553	0.273132
-0.146484	0.318298	0.171814
-0.195618	0.274353	0.0787354
-0.224915	0.226135	0.0012207
-0.232239	0.175781	-0.0564575
-0.219727	0.126038	-0.093689
-0.192261	0.0805664	-0.111694
-0.157471	0.0427246	-0.114746
-0.121765	0.0143433	-0.107422
-0.0897217	-0.00396729	-0.093689
-0.0650024	-0.0131226	-0.078125
-0.043335	-0.0149536	-0.0582886
-0.0244141	-0.0109863	-0.0354004
-0.0134277	-0.00274658	-0.0161743
-0.00946045	0.00701904	-0.00244141
-0.0100708	0.0167847	0.00671387
-0.0128174	0.0259399	0.0131226
-0.015564	0.0341797	0.0186157
-0.0158691	0.039978	0.0241089
-0.0137329	0.0430298	0.0292969
-0.0137329	0.0454712	0.0317383
-0.0204468	0.0518799	0.0314331
-0.0289917	0.0592041	0.0302124
-0.0320435	0.06073	0.0286865
-0.0271606	0.0540161	0.0268555
-0.0216675	0.0469971	0.0253296
-0.020752	0.0454712	0.0247192
-0.0231934	0.0476074	0.0244141
-0.0271606	0.0497437	0.022583
-0.0283813	0.0476074	0.0192261
-0.0238037	0.039978	0.0161743
-0.0143433	0.0311279	0.0167847
-0.00274658	0.0247192	0.0219727
0.00488281	0.0231934	0.0280762
0.00762939	0.0265503	0.0341797
0.010376	0.0283813	0.0387573
0.0161743	0.0271606	0.043335
0.0234985	0.0253296	0.0488281
0.0299072	0.0247192	0.0546265
0.0332642	0.0256348	0.0588989
0.0317383	0.0283813	0.0601196
0.0271606	0.0308228	0.0579834
0.0238037	0.0317383	0.055542
0.0222778	0.0314331	0.0537109
0.0210571	0.0323486	0.0534058
0.0192261	0.032959	0.0521851
0.0180054	0.0323486	0.050354
0.0167847	0.0305176	0.0473022
0.0146484	0.0289917	0.0436401
0.0112915	0.0286865	0.039978
0.00976563	0.0286865	0.0384521
0.00946045	0.0283813	0.0378418
0.00854492	0.0280762	0.0366211
0.0088501	0.0280762	0.0369263
0.0100708	0.0286865	0.0387573
0.0109863	0.0296021	0.0405884
0.0128174	0.0308228	0.0436401
0.0167847	0.0323486	0.0491333
0.0198364	0.0338745	0.0537109
0.0204468	0.0366211	0.0570679
0.0213623	0.0393677	0.06073
0.0241089	0.0408936	0.0650024
0.0253296	0.0411987	0.0665283
0.0247192	0.0393677	0.0640869
0.0234985	0.0360107	0.0595093
0.0210571	0.0341797	0.0552368
0.0177002	0.0344849	0.0521851
0.0149536	0.0344849	0.0494385
0.0134277	0.0344849	0.0479126
0.0143433	0.0332642	0.0476074
0.0204468	0.027771	0.0482178
0.0286865	0.0222778	0.0509644
0.0317383	0.0222778	0.0540161
0.0296021	0.027771	0.057373
0.0292969	0.0299072	0.0592041
0.0326538	0.0259399	0.0585938
0.0354004	0.0195313	0.0549316
0.0393677	0.0125122	0.0518799
0.0457764	0.00610352	0.0518799
0.0534058	-0.000610352	0.0527954
0.0592041	-0.00701904	0.0521851
0.0656128	-0.0115967	0.0540161
0.0750732	-0.015564	0.0595093
0.0866699	-0.0201416	0.0665283
0.098877	-0.0253296	0.0735474
0.111084	-0.0292969	0.0817871
0.121155	-0.0292969	0.0918579
0.128479	-0.0262451	0.102234
0.133057	-0.022583	0.110474
0.135193	-0.0195313	0.115662
0.135498	-0.0180054	0.117493
0.133972	-0.0170898	0.116882
0.130005	-0.0161743	0.113831
0.125732	-0.0146484	0.111084
0.123291	-0.0134277	0.109863
0.123291	-0.012207	0.111084
0.126953	-0.0112915	0.115662
0.132446	-0.010376	0.12207
0.138245	-0.0100708	0.128174
0.144348	-0.00946045	0.134888
0.150146	-0.00793457	0.142212
0.15686	-0.00610352	0.150757
0.160828	-0.00274658	0.158081
0.161438	0.00213623	0.163574
0.163269	0.00640869	0.169678
0.166321	0.0088501	0.175171
0.167236	0.010376	0.177612
0.167236	0.0109863	0.178223
0.166626	0.0131226	0.179749
0.167542	0.015564	0.183105
0.169373	0.0177002	0.187073
0.171509	0.0192261	0.190735
0.176697	0.0167847	0.193481
0.1828	0.0112915	0.194092
0.185242	0.00732422	0.192566
0.179138	0.00946045	0.188599
0.168762	0.0149536	0.183716
0.160522	0.0177002	0.178223
0.152588	0.0186157	0.171204
0.145569	0.0177002	0.163269
0.137024	0.0177002	0.154724
0.128479	0.0183105	0.14679
0.12146	0.0198364	0.141296
0.114136	0.0234985	0.137634
0.106201	0.0283813	0.134583
0.0997925	0.0323486	0.132141
0.0942993	0.03479	0.129089
0.0888062	0.0363159	0.125122
0.0817871	0.0375366	0.119324
0.0735474	0.0387573	0.112305
0.0653076	0.039978	0.105286
0.0564575	0.0405884	0.0970459
0.0485229	0.0408936	0.0894165
0.0402832	0.0408936	0.0811768
0.0308228	0.0393677	0.0701904
0.0216675	0.0366211	0.0582886
0.0149536	0.0335693	0.0485229
0.0115967	0.0317383	0.043335
0.0100708	0.0317383	0.0418091
0.00915527	0.032959	0.0421143
0.00762939	0.0354004	0.0430298
0.00518799	0.0378418	0.0430298
0.00335693	0.0390625	0.0424194
0.00274658	0.0390625	0.0418091
0.00183105	0.0378418	0.0396729
-0.0012207	0.0363159	0.0350952
-0.00640869	0.0335693	0.0271606
-0.0115967	0.0311279	0.0195313
-0.0164795	0.0299072	0.0134277
-0.0189209	0.0283813	0.00946045
-0.0253296	0.0311279	0.00579834
-0.0357056	0.0372314	0.00152588
-0.0405884	0.0408936	0.000305176
-0.0396729	0.0427246	0.00305176
-0.0393677	0.0463867	0.00701904
-0.0396729	0.0497437	0.0100708
-0.0390625	0.0515747	0.0125122
-0.0369263	0.050354	0.0134277
-0.0320435	0.0442505	0.012207
-0.0274658	0.0375366	0.0100708
-0.0302124	0.0375366	0.00732422
-0.0375366	0.0402832	0.00274658
-0.0402832	0.0363159	-0.00396729
-0.0350952	0.0256348	-0.00946045
-0.0296021	0.0167847	-0.0128174
-0.027771	0.0146484	-0.0131226
-0.0280762	0.0167847	-0.0112915
-0.0271606	0.0186157	-0.00854492
-0.0244141	0.0183105	-0.00610352
-0.0198364	0.0161743	-0.00366211
-0.0149536	0.0137329	-0.0012207
-0.0109863	0.0119019	0.000915527
-0.0088501	0.0115967	0.00274658
-0.00976563	0.0128174	0.00305176
-0.0119019	0.0152588	0.00335693
-0.0152588	0.0186157	0.00335693
-0.0189209	0.0216675	0.00274658
-0.0216675	0.0244141	0.00274658
-0.0238037	0.0265503	0.00274658
-0.0250244	0.0280762	0.00305176
-0.0253296	0.0292969	0.00396729
-0.0265503	0.0296021	0.00305176
-0.0262451	0.0292969	0.00305176
-0.0238037	0.0289917	0.00518799
-0.020752	0.0286865	0.00793457
-0.0189209	0.0283813	0.00946045
-0.0201416	0.0283813	0.00823975
-0.0234985	0.0283813	0.00488281
-0.0259399	0.0289917	0.00305176
-0.0271606	0.0289917	0.00183105
-0.0280762	0.0286865	0.000610352
-0.0265503	0.0283813	0.00183105
-0.0219727	0.0280762	0.00610352
-0.0204468	0.0299072	0.00946045
-0.0216675	0.032959	0.0112915
-0.0247192	0.0366211	0.0119019
-0.0308228	0.0436401	0.0128174
-0.0323486	0.0482178	0.0158691
-0.0250244	0.0442505	0.0192261
-0.0180054	0.0393677	0.0213623
-0.0167847	0.0390625	0.0222778
-0.0222778	0.0427246	0.0204468
-0.0271606	0.0436401	0.0164795
-0.0268555	0.0393677	0.0125122
-0.0216675	0.0317383	0.0100708
-0.0131226	0.0222778	0.00915527
-0.00457764	0.0146484	0.0100708
-0.000610352	0.0112915	0.0106812
0.000305176	0.0106812	0.0109863
0.000915527	0.00976563	0.0106812
0.00152588	0.00701904	0.00854492
0.000305176	0.00366211	0.00396729
-0.0012207	0.0012207	0
-0.00152588	0.000305176	-0.0012207
-0.00335693	0.00305176	-0.000305176
-0.00610352	0.00732422	0.0012207
-0.00732422	0.00976563	0.00244141
-0.00488281	0.0100708	0.00518799
-0.0012207	0.00976563	0.00854492
0.00183105	0.00976563	0.0115967
0.00396729	0.0100708	0.0140381
0.00610352	0.00946045	0.015564
0.00671387	0.00915527	0.0158691
0.00610352	0.00762939	0.0137329
0.00518799	0.00579834	0.0109863
0.00274658	0.00366211	0.00640869
-0.00152588	0.00152588	0
-0.00610352	0.000305176	-0.00579834
-0.0100708	-0.000305176	-0.010376
-0.0137329	0.000915527	-0.0128174
-0.0158691	0.00396729	-0.0119019
-0.0164795	0.00701904	-0.00946045
-0.0146484	0.00915527	-0.00549316
-0.00915527	0.00976563	0.000610352
-0.00488281	0.0106812	0.00579834
-0.00335693	0.0131226	0.00976563
-0.00244141	0.015564	0.0131226
-0.0012207	0.0164795	0.0152588
-0.0012207	0.0170898	0.0158691
-0.00610352	0.0210571	0.0149536
-0.0143433	0.0253296	0.0109863
-0.0231934	0.0280762	0.00488281
-0.0314331	0.0292969	-0.00213623
-0.0372314	0.0296021	-0.00762939
-0.0421143	0.0283813	-0.0137329
-0.0430298	0.0259399	-0.0170898
-0.0396729	0.022583	-0.0170898
-0.0332642	0.0183105	-0.0149536
-0.0262451	0.0128174	-0.0134277
-0.0161743	0.00549316	-0.0106812
-0.00244141	-0.00457764	-0.00701904
0.0106812	-0.0131226	-0.00244141
0.0131226	-0.0115967	0.00152588
0.00732422	-0.00396729	0.00335693
0.00213623	-0.000305176	0.00183105
0.000305176	-0.000915527	-0.000610352
-0.00274658	0	-0.00274658
-0.010376	0.00457764	-0.00579834
-0.0186157	0.0088501	-0.00976563
-0.0253296	0.0100708	-0.0152588
-0.0289917	0.00915527	-0.0198364
-0.0271606	0.00701904	-0.0201416
-0.0219727	0.00427246	-0.0177002
-0.0161743	0.00152588	-0.0146484
-0.0115967	-0.000305176	-0.0119019
-0.00823975	-0.00152588	-0.00976563
-0.00549316	-0.00213623	-0.00762939
-0.00549316	-0.000305176	-0.00579834
-0.00793457	0.00366211	-0.00427246
-0.0106812	0.00823975	-0.00244141
-0.0140381	0.0115967	-0.00244141
-0.0180054	0.0140381	-0.00396729
-0.0219727	0.0158691	-0.00610352
-0.0253296	0.0164795	-0.0088501
-0.0289917	0.0164795	-0.0125122
-0.032959	0.0158691	-0.0170898
-0.0354004	0.0158691	-0.0195313
-0.0344849	0.0152588	-0.0192261
-0.0311279	0.0143433	-0.0167847
-0.0302124	0.0140381	-0.0161743
-0.0317383	0.0177002	-0.0140381
-0.0338745	0.0219727	-0.0119019
-0.0332642	0.0231934	-0.0100708
-0.0296021	0.0244141	-0.00518799
-0.0274658	0.0265503	-0.000915527
-0.0274658	0.0296021	0.00213623
-0.0271606	0.0320435	0.00488281
-0.0283813	0.0344849	0.00610352
-0.0311279	0.0363159	0.00518799
-0.0332642	0.0360107	0.00274658
-0.0357056	0.0357056	0
-0.0369263	0.0344849	-0.00244141
-0.03479	0.0308228	-0.00396729
-0.0302124	0.0241089	-0.00610352
-0.0274658	0.0183105	-0.00915527
-0.0265503	0.0140381	-0.0125122
-0.0274658	0.00976563	-0.0177002
-0.027771	0.00579834	-0.0219727
-0.0231934	0.0012207	-0.0219727
-0.0167847	-0.00274658	-0.0195313
-0.0177002	-0.00213623	-0.0198364
-0.022583	-0.000915527	-0.0234985
-0.0231934	-0.000915527	-0.0241089
-0.0198364	0	-0.0198364
-0.0161743	0.00274658	-0.0134277
-0.0131226	0.00579834	-0.00732422
-0.0109863	0.0088501	-0.00213623
-0.00976563	0.0106812	0.000915527
-0.00854492	0.0119019	0.00335693
-0.00518799	0.0128174	0.00762939
-0.000610352	0.0137329	0.0131226
0.00396729	0.0146484	0.0186157
0.00610352	0.0158691	0.0219727
0.00488281	0.0180054	0.0228882
0.00152588	0.020752	0.0222778
-0.000610352	0.0228882	0.0222778
-0.000915527	0.0234985	0.022583
-0.0012207	0.0234985	0.0222778
-0.00213623	0.0234985	0.0213623
-0.00183105	0.022583	0.020752
-0.00213623	0.0238037	0.0216675
-0.00488281	0.0286865	0.0238037
-0.00793457	0.032959	0.0250244
-0.00976563	0.0354004	0.0256348
-0.00946045	0.0354004	0.0259399
-0.0088501	0.0366211	0.027771
-0.00854492	0.039978	0.0314331
-0.00671387	0.0427246	0.0360107
-0.00396729	0.0445557	0.0405884
-0.00732422	0.0500488	0.0427246
-0.0152588	0.0579834	0.0427246
-0.0186157	0.0598145	0.0411987
-0.0143433	0.0527954	0.0384521
-0.00579834	0.0421143	0.0363159
0.00213623	0.0332642	0.0354004
0.00823975	0.0262451	0.0344849
0.00976563	0.0234985	0.0332642
0.00793457	0.0231934	0.0311279
0.00976563	0.0183105	0.0280762
0.0170898	0.0100708	0.0271606
0.0244141	0.000610352	0.0250244
0.0268555	-0.00640869	0.0204468
0.0283813	-0.0100708	0.0183105
0.0323486	-0.012207	0.0201416
0.0335693	-0.0125122	0.0210571
0.0308228	-0.0109863	0.0198364
0.0292969	-0.0119019	0.017395
0.0299072	-0.0149536	0.0149536
0.0308228	-0.0186157	0.012207
0.0317383	-0.0216675	0.0100708
0.0317383	-0.0228882	0.0088501
0.0296021	-0.022583	0.00701904
0.0241089	-0.020752	0.00335693
0.015564	-0.0186157	-0.00305176
0.00427246	-0.0170898	-0.0128174
-0.00701904	-0.015564	-0.022583
-0.0140381	-0.0149536	-0.0289917
-0.0137329	-0.0146484	-0.0283813
-0.0131226	-0.0146484	-0.027771
-0.0149536	-0.0149536	-0.0299072
-0.0152588	-0.015564	-0.0308228
-0.012207	-0.015564	-0.027771
-0.00732422	-0.0152588	-0.022583
-0.00305176	-0.0149536	-0.0180054
0	-0.0146484	-0.0146484
0.000305176	-0.0131226	-0.0128174
-0.00183105	-0.0119019	-0.0137329
-0.00732422	-0.0112915	-0.0186157
-0.0115967	-0.0112915	-0.0228882
-0.0115967	-0.0128174	-0.0244141
-0.0125122	-0.0134277	-0.0259399
-0.0170898	-0.010376	-0.0274658
-0.0216675	-0.00793457	-0.0296021
-0.0244141	-0.00701904	-0.0314331
-0.0250244	-0.00823975	-0.0332642
-0.0253296	-0.00854492	-0.0338745
-0.0256348	-0.00762939	-0.0332642
-0.0256348	-0.00610352	-0.0317383
-0.0311279	-0.000610352	-0.0317383
-0.0390625	0.00610352	-0.032959
-0.0460815	0.0109863	-0.0350952
-0.0488281	0.0109863	-0.0378418
-0.0473022	0.00610352	-0.0411987
-0.0445557	0.000305176	-0.0442505
-0.0442505	-0.00335693	-0.0476074
-0.0448608	-0.00549316	-0.050354
-0.0436401	-0.00976563	-0.0534058
-0.0393677	-0.0164795	-0.0558472
-0.0317383	-0.0259399	-0.0576782
-0.0213623	-0.0357056	-0.0570679
-0.0109863	-0.0402832	-0.0512695
0.0012207	-0.0405884	-0.0393677
0.0183105	-0.038147	-0.0198364
0.0369263	-0.0302124	0.00671387
0.0595093	-0.015564	0.0439453
0.0918579	0.00366211	0.09552
0.133667	0.027771	0.161438
0.179749	0.0561523	0.235901
0.223694	0.0897217	0.313416
0.262451	0.128784	0.391235
0.294495	0.173035	0.467529
0.314941	0.220947	0.535889
0.321045	0.268555	0.5896
0.308533	0.312805	0.621338
0.274658	0.350952	0.62561
0.219727	0.381165	0.600891
0.149231	0.400085	0.549316
0.0735474	0.404358	0.477905
-0.000610352	0.392151	0.391541
-0.0720215	0.36499	0.292969
-0.137024	0.324402	0.187378
-0.187988	0.273438	0.0854492
-0.220642	0.215149	-0.00549316
-0.232239	0.153198	-0.0790405
-0.224915	0.0912476	-0.133667
-0.204468	0.03479	-0.169678
-0.176392	-0.0119019	-0.188293
-0.144043	-0.0488281	-0.192871
-0.112305	-0.0744629	-0.186768
-0.0863647	-0.0842285	-0.170593
-0.0732422	-0.0775146	-0.150757
-0.0695801	-0.0628662	-0.132446
-0.0631714	-0.0540161	-0.117188
-0.057373	-0.0476074	-0.10498
-0.0564575	-0.0384521	-0.0949097
-0.0570679	-0.0299072	-0.0869751
-0.0592041	-0.0219727	-0.0811768
-0.0619507	-0.0161743	-0.078125
-0.0588989	-0.0177002	-0.0765991
-0.0509644	-0.0247192	-0.0756836
-0.0421143	-0.0320435	-0.0741577
-0.0360107	-0.0372314	-0.0732422
-0.0332642	-0.039978	-0.0732422
-0.0308228	-0.0402832	-0.071106
-0.0274658	-0.039978	-0.0674438
-0.0256348	-0.0387573	-0.0643921
-0.0265503	-0.0372314	-0.0637817
-0.0271606	-0.0360107	-0.0631714
-0.0259399	-0.0350952	-0.0610352
-0.0238037	-0.0354004	-0.0592041
-0.0228882	-0.0360107	-0.0588989
-0.0234985	-0.0357056	-0.0592041
-0.0231934	-0.03479	-0.0579834
-0.0216675	-0.0341797	-0.0558472
-0.0204468	-0.0332642	-0.0537109
-0.0210571	-0.0320435	-0.0531006
-0.0231934	-0.0302124	-0.0534058
-0.0250244	-0.0283813	-0.0534058
-0.0268555	-0.0265503	-0.0534058
-0.0299072	-0.0250244	-0.0549316
-0.0320435	-0.0241089	-0.0561523
-0.0326538	-0.0241089	-0.0567627
-0.0305176	-0.0241089	-0.0546265
-0.0259399	-0.0241089	-0.0500488
-0.0228882	-0.0222778	-0.045166
-0.0238037	-0.0192261	-0.0430298
-0.0259399	-0.0158691	-0.0418091
-0.027771	-0.0125122	-0.0402832
-0.027771	-0.0100708	-0.0378418
-0.0259399	-0.00915527	-0.0350952
-0.0241089	-0.00946045	-0.0335693
-0.0241089	-0.0106812	-0.03479
-0.0247192	-0.0125122	-0.0372314
-0.0259399	-0.0158691	-0.0418091
-0.0253296	-0.0234985	-0.0488281
-0.0231934	-0.0317383	-0.0549316
-0.0216675	-0.0338745	-0.055542
-0.0238037	-0.0286865	-0.0524902
-0.0265503	-0.0219727	-0.0485229
-0.0241089	-0.020752	-0.0448608
-0.017395	-0.0234985	-0.0408936
-0.010376	-0.0253296	-0.0357056
-0.00457764	-0.0262451	-0.0308228
-0.000915527	-0.0268555	-0.027771
0.00274658	-0.027771	-0.0250244
0.0088501	-0.0320435	-0.0231934
0.015564	-0.0405884	-0.0250244
0.0204468	-0.0515747	-0.0311279
0.0219727	-0.0592041	-0.0372314
0.0231934	-0.0622559	-0.0390625
0.0244141	-0.0634766	-0.0390625
0.0259399	-0.062561	-0.0366211
0.0262451	-0.0598145	-0.0335693
0.0250244	-0.055542	-0.0305176
0.0247192	-0.0515747	-0.0268555
0.0244141	-0.0473022	-0.0228882
0.0247192	-0.043335	-0.0186157
0.0274658	-0.0430298	-0.015564
0.0311279	-0.0454712	-0.0143433
0.0338745	-0.0469971	-0.0131226
0.0360107	-0.0482178	-0.012207
0.0363159	-0.0488281	-0.0125122
0.0366211	-0.0485229	-0.0119019
0.0366211	-0.0476074	-0.0109863
0.0372314	-0.0454712	-0.00823975
0.0396729	-0.0430298	-0.00335693
0.0457764	-0.0430298	0.00274658
0.0534058	-0.0442505	0.00915527
0.0610352	-0.0445557	0.0164795
0.0680542	-0.0457764	0.0222778
0.0747681	-0.0482178	0.0265503
0.0808716	-0.0518799	0.0289917
0.0857544	-0.0567627	0.0289917
0.093689	-0.0613403	0.0323486
0.10437	-0.0653076	0.0390625
0.114136	-0.0686646	0.0454712
0.12146	-0.0720215	0.0494385
0.128479	-0.0735474	0.0549316
0.134888	-0.0723267	0.062561
0.137634	-0.0680542	0.0695801
0.137939	-0.0610352	0.0769043
0.137329	-0.0543213	0.0830078
0.137939	-0.0494385	0.088501
0.140381	-0.0457764	0.0946045
0.140686	-0.0411987	0.0994873
0.137939	-0.0366211	0.101318
0.135193	-0.0335693	0.101624
0.133362	-0.0326538	0.100708
0.133667	-0.0335693	0.100098
0.134277	-0.0350952	0.0991821
0.133362	-0.0372314	0.0961304
0.134277	-0.039978	0.0942993
0.137634	-0.0421143	0.09552
0.143127	-0.0430298	0.100098
0.1474	-0.0418091	0.105591
0.14801	-0.0384521	0.109558
0.145874	-0.0332642	0.11261
0.142822	-0.027771	0.115051
0.140381	-0.0222778	0.118103
0.138245	-0.0186157	0.119629
0.135803	-0.0167847	0.119019
0.132141	-0.0164795	0.115662
0.125732	-0.0152588	0.110474
0.115662	-0.0140381	0.101624
0.104065	-0.0140381	0.0900269
0.0918579	-0.015564	0.0762939
0.0802612	-0.017395	0.0628662
0.0695801	-0.0186157	0.0509644
0.0588989	-0.0186157	0.0402832
0.0473022	-0.0167847	0.0305176
0.0354004	-0.0131226	0.0222778
0.0238037	-0.00915527	0.0146484
0.0137329	-0.00701904	0.00671387
0.00549316	-0.00488281	0.000610352
-0.00183105	-0.00274658	-0.00457764
-0.00854492	-0.00183105	-0.010376
-0.0146484	-0.00213623	-0.0167847
-0.0189209	-0.00366211	-0.022583
-0.020752	-0.00640869	-0.0271606
-0.0222778	-0.00854492	-0.0308228
-0.0259399	-0.00793457	-0.0338745
-0.0296021	-0.00732422	-0.0369263
-0.0320435	-0.00762939	-0.0396729
-0.0369263	-0.00457764	-0.0415039
-0.0448608	-0.000305176	-0.045166
-0.0518799	0.00244141	-0.0494385
-0.0546265	0.00274658	-0.0518799
-0.0570679	0.00427246	-0.0527954
-0.0585938	0.00488281	-0.0537109
-0.0549316	0.00213623	-0.0527954
-0.0482178	-0.000915527	-0.0491333
-0.0411987	-0.00366211	-0.0448608
-0.0360107	-0.00793457	-0.0439453
-0.0314331	-0.0137329	-0.045166
-0.0283813	-0.0183105	-0.0466919
-0.0259399	-0.0222778	-0.0482178
-0.0244141	-0.0256348	-0.0500488
-0.0259399	-0.0271606	-0.0531006
-0.0308228	-0.027771	-0.0585938
-0.0344849	-0.0286865	-0.0631714
-0.0378418	-0.0296021	-0.0674438
-0.0436401	-0.0280762	-0.0717163
-0.0497437	-0.0253296	-0.0750732
-0.050354	-0.0234985	-0.0738525
-0.0476074	-0.0228882	-0.0704956
-0.0445557	-0.0234985	-0.0680542
-0.0411987	-0.0231934	-0.0643921
-0.0375366	-0.0216675	-0.0592041
-0.03479	-0.0195313	-0.0543213
-0.0332642	-0.0180054	-0.0512695
-0.0323486	-0.0177002	-0.0500488
-0.0311279	-0.0186157	-0.0497437
-0.0302124	-0.0189209	-0.0491333
-0.0311279	-0.0177002	-0.0488281
-0.0332642	-0.015564	-0.0488281
-0.0344849	-0.0140381	-0.0485229
-0.0338745	-0.0134277	-0.0473022
-0.0314331	-0.0140381	-0.0454712
-0.0308228	-0.0137329	-0.0445557
-0.0357056	-0.00915527	-0.0448608
-0.0424194	-0.00366211	-0.0460815
-0.045166	-0.00152588	-0.0466919
-0.0445557	-0.0012207	-0.0457764
-0.045166	0.000305176	-0.0448608
-0.0482178	0.00396729	-0.0442505
-0.0540161	0.0100708	-0.0439453
-0.0576782	0.0137329	-0.0439453
-0.0552368	0.0109863	-0.0442505
-0.0488281	0.00396729	-0.0448608
-0.0430298	-0.00183105	-0.0448608
-0.0375366	-0.00671387	-0.0442505
-0.0335693	-0.00976563	-0.043335
-0.0323486	-0.00946045	-0.0418091
-0.0360107	-0.00610352	-0.0421143
-0.0390625	-0.00518799	-0.0442505
-0.038147	-0.00915527	-0.0473022
-0.0369263	-0.012207	-0.0491333
-0.0360107	-0.0115967	-0.0476074
-0.0363159	-0.0088501	-0.045166
-0.0387573	-0.00671387	-0.0454712
-0.0378418	-0.00610352	-0.0439453
-0.0311279	-0.00854492	-0.0396729
-0.0210571	-0.0143433	-0.0354004
-0.010376	-0.0216675	-0.0320435
-0.00396729	-0.0259399	-0.0299072
-0.00183105	-0.0274658	-0.0292969
-0.00152588	-0.0280762	-0.0296021
-0.00213623	-0.027771	-0.0299072
-0.00457764	-0.0265503	-0.0311279
-0.00946045	-0.0247192	-0.0341797
-0.0140381	-0.0222778	-0.0363159
-0.0186157	-0.0204468	-0.0390625
-0.0231934	-0.0189209	-0.0421143
-0.0259399	-0.0186157	-0.0445557
-0.0268555	-0.0183105	-0.045166
-0.0268555	-0.0186157	-0.0454712
-0.0262451	-0.0186157	-0.0448608
-0.0271606	-0.0183105	-0.0454712
-0.0283813	-0.0186157	-0.0469971
-0.0292969	-0.0189209	-0.0482178
-0.0289917	-0.0195313	-0.0485229
-0.0274658	-0.0198364	-0.0473022
-0.0274658	-0.0210571	-0.0485229
-0.0289917	-0.0231934	-0.0521851
-0.0302124	-0.0250244	-0.0552368
-0.0305176	-0.0247192	-0.0552368
-0.0314331	-0.0201416	-0.0515747
-0.0326538	-0.0146484	-0.0473022
-0.0341797	-0.010376	-0.0445557
-0.038147	-0.00640869	-0.0445557
-0.0445557	-0.00183105	-0.0463867
-0.0485229	0.00152588	-0.0469971
-0.0506592	0.00366211	-0.0469971
-0.0515747	0.00427246	-0.0473022
-0.0494385	0.00274658	-0.0466919
-0.0463867	-0.000610352	-0.0469971
-0.0427246	-0.00549316	-0.0482178
-0.0378418	-0.0134277	-0.0512695
-0.0332642	-0.0219727	-0.0552368
-0.0271606	-0.0289917	-0.0561523
-0.0186157	-0.03479	-0.0534058
-0.0100708	-0.039978	-0.0500488
-0.00640869	-0.0424194	-0.0488281
-0.00823975	-0.0427246	-0.0509644
-0.0100708	-0.0448608	-0.0549316
-0.00549316	-0.0500488	-0.055542
0.000915527	-0.0543213	-0.0534058
-0.000610352	-0.050354	-0.0509644
-0.00823975	-0.0427246	-0.0509644
-0.0140381	-0.038147	-0.0521851
-0.0164795	-0.0369263	-0.0534058
-0.0195313	-0.0338745	-0.0534058
-0.0231934	-0.0280762	-0.0512695
-0.0238037	-0.0241089	-0.0479126
-0.0228882	-0.0241089	-0.0469971
-0.0228882	-0.0234985	-0.0463867
-0.0247192	-0.0204468	-0.045166
-0.027771	-0.0186157	-0.0463867
-0.0283813	-0.0198364	-0.0482178
-0.0234985	-0.0234985	-0.0469971
-0.0161743	-0.0268555	-0.0430298
-0.0140381	-0.0280762	-0.0421143
-0.0170898	-0.0271606	-0.0442505
-0.022583	-0.0241089	-0.0466919
-0.0274658	-0.0204468	-0.0479126
-0.0323486	-0.0164795	-0.0488281
-0.0363159	-0.0134277	-0.0497437
-0.0378418	-0.012207	-0.0500488
-0.0393677	-0.0128174	-0.0521851
-0.0415039	-0.0140381	-0.055542
-0.0424194	-0.0161743	-0.0585938
-0.0430298	-0.0186157	-0.0616455
-0.0430298	-0.0216675	-0.0646973
-0.0430298	-0.0234985	-0.0665283
-0.0442505	-0.0244141	-0.0686646
-0.045166	-0.0247192	-0.0698853
-0.0442505	-0.0238037	-0.0680542
-0.0418091	-0.0231934	-0.0650024
-0.0402832	-0.0213623	-0.0616455
-0.0427246	-0.0177002	-0.0604248
-0.0448608	-0.0125122	-0.057373
-0.0442505	-0.00701904	-0.0512695
-0.0415039	-0.00305176	-0.0445557
-0.0384521	-0.000305176	-0.0387573
-0.0372314	0.000915527	-0.0363159
-0.0408936	0.00335693	-0.0375366
-0.0445557	0.00427246	-0.0402832
-0.0482178	0.00640869	-0.0418091
-0.0518799	0.00946045	-0.0424194
-0.055542	0.0125122	-0.0430298
-0.0588989	0.0146484	-0.0442505
-0.0564575	0.0106812	-0.0457764
-0.0497437	0.00244141	-0.0473022
-0.0421143	-0.00549316	-0.0476074
-0.0350952	-0.0112915	-0.0463867
-0.0292969	-0.0164795	-0.0457764
-0.0213623	-0.0228882	-0.0442505
-0.0100708	-0.0289917	-0.0390625
0.0012207	-0.0344849	-0.0332642
0.010376	-0.0393677	-0.0289917
0.0146484	-0.0418091	-0.0271606
0.0137329	-0.0411987	-0.0274658
0.0088501	-0.0375366	-0.0286865
0.00305176	-0.0323486	-0.0292969
-0.00152588	-0.0274658	-0.0289917
-0.00610352	-0.0231934	-0.0292969
-0.0131226	-0.0204468	-0.0335693
-0.0222778	-0.0186157	-0.0408936
-0.0292969	-0.0177002	-0.0469971
-0.0302124	-0.0167847	-0.0469971
-0.0292969	-0.0158691	-0.045166
-0.0292969	-0.0149536	-0.0442505
-0.0280762	-0.0152588	-0.043335
-0.0238037	-0.017395	-0.0411987
-0.0183105	-0.0192261	-0.0375366
-0.0131226	-0.0210571	-0.0341797
-0.00946045	-0.0219727	-0.0314331
-0.00762939	-0.0216675	-0.0292969
-0.00640869	-0.020752	-0.0271606
-0.00701904	-0.0201416	-0.0271606
-0.010376	-0.0180054	-0.0283813
-0.0134277	-0.0158691	-0.0292969
-0.0143433	-0.015564	-0.0299072
-0.0180054	-0.0137329	-0.0317383
-0.0262451	-0.00823975	-0.0344849
-0.0369263	0	-0.0369263
-0.0448608	0.00549316	-0.0393677
-0.0466919	0.00579834	-0.0408936
-0.0457764	0.00335693	-0.0424194
-0.0466919	0.00244141	-0.0442505
-0.050354	0.00366211	-0.0466919
-0.0509644	0.00305176	-0.0479126
-0.0448608	-0.00183105	-0.0466919
-0.0350952	-0.0088501	-0.0439453
-0.0274658	-0.0161743	-0.0436401
-0.0231934	-0.0228882	-0.0460815
-0.0180054	-0.0292969	-0.0473022
-0.0109863	-0.0338745	-0.0448608
-0.00518799	-0.0363159	-0.0415039
-0.00213623	-0.0360107	-0.038147
-0.00183105	-0.0320435	-0.0338745
-0.00335693	-0.0262451	-0.0296021
-0.00488281	-0.0210571	-0.0259399
-0.00488281	-0.017395	-0.0222778
-0.00274658	-0.0149536	-0.0177002
0.00244141	-0.0125122	-0.0100708
0.00701904	-0.00976563	-0.00274658
0.0100708	-0.00793457	0.00213623
0.0134277	-0.00793457	0.00549316
0.0167847	-0.0106812	0.00610352
0.020752	-0.015564	0.00518799
0.0238037	-0.0201416	0.00366211
0.0228882	-0.0213623	0.00152588
0.0195313	-0.0180054	0.00152588
0.0170898	-0.0131226	0.00396729
0.0125122	-0.00671387	0.00579834
0.00793457	-0.00152588	0.00640869
0.00701904	0.00244141	0.00946045
0.00610352	0.00640869	0.0125122
0.00427246	0.0109863	0.0152588
0.00427246	0.0131226	0.017395
0.00579834	0.012207	0.0180054
0.00671387	0.0088501	0.015564
0.00854492	0.00335693	0.0119019
0.0146484	-0.00396729	0.0106812
0.0247192	-0.0131226	0.0115967
0.0332642	-0.0213623	0.0119019
0.0366211	-0.027771	0.0088501
0.0369263	-0.0314331	0.00549316
0.0396729	-0.03479	0.00488281
0.0442505	-0.038147	0.00610352
0.0460815	-0.0387573	0.00732422
0.0473022	-0.0390625	0.00823975
0.0494385	-0.0402832	0.00915527
0.0497437	-0.0402832	0.00946045
0.0457764	-0.0390625	0.00671387
0.0375366	-0.0360107	0.00152588
0.0286865	-0.0332642	-0.00457764
0.0213623	-0.032959	-0.0115967
0.012207	-0.0308228	-0.0186157
0.000610352	-0.0265503	-0.0259399
-0.00946045	-0.0247192	-0.0341797
-0.017395	-0.0250244	-0.0424194
-0.0256348	-0.0247192	-0.050354
-0.0326538	-0.0244141	-0.0570679
-0.0369263	-0.0256348	-0.062561
-0.0390625	-0.0286865	-0.067749
-0.0393677	-0.0332642	-0.0726318
-0.0360107	-0.0387573	-0.0747681
-0.0286865	-0.0448608	-0.0735474
-0.0213623	-0.0494385	-0.0708008
-0.0161743	-0.0518799	-0.0680542
-0.0119019	-0.0524902	-0.0643921
-0.0088501	-0.0512695	-0.0601196
-0.00701904	-0.0488281	-0.0558472
-0.00579834	-0.0457764	-0.0515747
-0.00579834	-0.0418091	-0.0476074
-0.00762939	-0.0372314	-0.0448608
-0.00854492	-0.0332642	-0.0418091
-0.00732422	-0.0314331	-0.0387573
-0.00579834	-0.0314331	-0.0372314
-0.00549316	-0.0323486	-0.0378418
-0.00640869	-0.032959	-0.0393677
-0.00793457	-0.0335693	-0.0415039
-0.0106812	-0.0338745	-0.0445557
-0.0143433	-0.03479	-0.0491333
-0.0183105	-0.0354004	-0.0537109
-0.0198364	-0.0360107	-0.0558472
-0.0161743	-0.0378418	-0.0540161
-0.0119019	-0.0396729	-0.0515747
-0.0128174	-0.0372314	-0.0500488
-0.022583	-0.0265503	-0.0491333
-0.0357056	-0.0131226	-0.0488281
-0.0445557	-0.00305176	-0.0476074
-0.0460815	-0.000305176	-0.0463867
-0.0421143	-0.00457764	-0.0466919
-0.0396729	-0.00915527	-0.0488281
-0.0360107	-0.0134277	-0.0494385
-0.0286865	-0.0180054	-0.0466919
-0.0149536	-0.0234985	-0.0384521
0.00305176	-0.0259399	-0.0228882
0.027771	-0.0256348	0.00213623
0.0646973	-0.0247192	0.039978
0.110474	-0.017395	0.0930786
0.160217	0.000610352	0.160828
0.210876	0.0280762	0.238953
0.258789	0.0628662	0.321655
0.301514	0.101929	0.403442
0.331421	0.149231	0.480652
0.343628	0.202637	0.546265
0.339661	0.253296	0.592957
0.317078	0.296631	0.613708
0.275269	0.330811	0.606079
0.215454	0.357056	0.57251
0.143127	0.37323	0.516357
0.0643921	0.375977	0.440369
-0.015564	0.362549	0.346985
-0.0897217	0.332947	0.243225
-0.150757	0.289001	0.138245
-0.193481	0.234375	0.0408936
-0.21759	0.173645	-0.0439453
-0.223083	0.110474	-0.11261
-0.212708	0.0494385	-0.163269
-0.189209	-0.00549316	-0.194702
-0.159912	-0.0506592	-0.210571
-0.13092	-0.0827026	-0.213623
-0.102539	-0.101318	-0.203857
-0.0790405	-0.107422	-0.186462
-0.0619507	-0.103455	-0.165405
-0.0497437	-0.0927734	-0.142517
-0.0402832	-0.0799561	-0.120239
-0.0344849	-0.0671387	-0.101624
-0.0308228	-0.0552368	-0.0860596
-0.0280762	-0.0460815	-0.0741577
-0.0244141	-0.0405884	-0.0650024
-0.0192261	-0.038147	-0.057373
-0.0140381	-0.0372314	-0.0512695
-0.00976563	-0.0384521	-0.0482178
-0.00732422	-0.0405884	-0.0479126
-0.00823975	-0.0408936	-0.0491333
-0.010376	-0.0402832	-0.0506592
-0.0119019	-0.0411987	-0.0531006
-0.0134277	-0.043335	-0.0567627
-0.0164795	-0.0427246	-0.0592041
-0.0216675	-0.0384521	-0.0601196
-0.0302124	-0.0311279	-0.0613403
-0.0378418	-0.0238037	-0.0616455
-0.0384521	-0.0222778	-0.06073
-0.0354004	-0.0244141	-0.0598145
-0.0317383	-0.0259399	-0.0576782
-0.0286865	-0.0253296	-0.0540161
-0.0274658	-0.0219727	-0.0494385
-0.0262451	-0.0201416	-0.0463867
-0.0192261	-0.022583	-0.0418091
-0.00915527	-0.027771	-0.0369263
0.000610352	-0.0338745	-0.0332642
0.00823975	-0.0405884	-0.0323486
0.0143433	-0.0469971	-0.0326538
0.0180054	-0.0518799	-0.0338745
0.020752	-0.0558472	-0.0350952
0.0253296	-0.0588989	-0.0335693
0.0296021	-0.06073	-0.0311279
0.0314331	-0.0610352	-0.0296021
0.0317383	-0.0610352	-0.0292969
0.0305176	-0.0592041	-0.0286865
0.0271606	-0.0546265	-0.0274658
0.0250244	-0.0500488	-0.0250244
0.0234985	-0.0469971	-0.0234985
0.0210571	-0.043335	-0.0222778
0.0170898	-0.0396729	-0.022583
0.012207	-0.0372314	-0.0250244
0.00793457	-0.03479	-0.0268555
0.00518799	-0.0317383	-0.0265503
0.00488281	-0.0296021	-0.0247192
0.00579834	-0.0308228	-0.0250244
0.00640869	-0.0323486	-0.0259399
0.00640869	-0.0332642	-0.0268555
0.00762939	-0.0350952	-0.0274658
0.0109863	-0.0372314	-0.0262451
0.0131226	-0.0378418	-0.0247192
0.0140381	-0.038147	-0.0241089
0.0170898	-0.0415039	-0.0244141
0.0192261	-0.0448608	-0.0256348
0.015564	-0.0430298	-0.0274658
0.0109863	-0.0387573	-0.027771
0.0109863	-0.0369263	-0.0259399
0.0146484	-0.0372314	-0.022583
0.0183105	-0.0378418	-0.0195313
0.0228882	-0.0396729	-0.0167847
0.0283813	-0.043335	-0.0149536
0.0317383	-0.0460815	-0.0143433
0.0344849	-0.0500488	-0.015564
0.038147	-0.0540161	-0.0158691
0.0436401	-0.0582886	-0.0146484
0.0497437	-0.0628662	-0.0131226
0.0531006	-0.0650024	-0.0119019
0.0561523	-0.0653076	-0.00915527
0.0595093	-0.0653076	-0.00579834
0.0613403	-0.0637817	-0.00244141
0.0604248	-0.06073	-0.000305176
0.0582886	-0.057373	0.000915527
0.0619507	-0.0567627	0.00518799
0.0695801	-0.0595093	0.0100708
0.0762939	-0.0646973	0.0115967
0.0823975	-0.0689697	0.0134277
0.0894165	-0.0723267	0.0170898
0.0973511	-0.0762939	0.0210571
0.105286	-0.0799561	0.0253296
0.113525	-0.0823975	0.0311279
0.121765	-0.0845337	0.0372314
0.13031	-0.0860596	0.0442505
0.137634	-0.0863647	0.0512695
0.142822	-0.0842285	0.0585938
0.145264	-0.0799561	0.0653076
0.144043	-0.0747681	0.0692749
0.143127	-0.0717163	0.0714111
0.143738	-0.0717163	0.0720215
0.143738	-0.0717163	0.0720215
0.142517	-0.0692749	0.0732422
0.141602	-0.0671387	0.0744629
0.140076	-0.0643921	0.0756836
0.13855	-0.062561	0.0759888
0.141296	-0.0634766	0.0778198
0.146484	-0.0656128	0.0808716
0.149536	-0.0650024	0.0845337
0.149841	-0.0613403	0.088501
0.147705	-0.0558472	0.0918579
0.142822	-0.0473022	0.09552
0.138245	-0.0396729	0.0985718
0.138245	-0.0366211	0.101624
0.142517	-0.038147	0.10437
0.144348	-0.0387573	0.105591
0.144043	-0.0360107	0.108032
0.142517	-0.0326538	0.109863
0.139771	-0.0302124	0.109558
0.137634	-0.0299072	0.107727
0.137329	-0.0320435	0.105286
0.13916	-0.0341797	0.10498
0.140991	-0.0360107	0.10498
0.140381	-0.0375366	0.102844
0.134888	-0.0360107	0.098877
0.125122	-0.0320435	0.0930786
0.112915	-0.0283813	0.0845337
0.100403	-0.0244141	0.0759888
0.088501	-0.0204468	0.0680542
0.0793457	-0.0177002	0.0616455
0.0726318	-0.0167847	0.0558472
0.0653076	-0.0167847	0.0485229
0.0558472	-0.0167847	0.0390625
0.0469971	-0.0161743	0.0308228
0.0390625	-0.015564	0.0234985
0.0305176	-0.0149536	0.015564
0.020752	-0.0143433	0.00640869
0.0146484	-0.0134277	0.0012207
0.0128174	-0.0128174	0
0.00915527	-0.0125122	-0.00335693
0.00305176	-0.0131226	-0.0100708
-0.00335693	-0.0146484	-0.0180054
-0.00915527	-0.0164795	-0.0256348
-0.0143433	-0.0164795	-0.0308228
-0.020752	-0.0137329	-0.0344849
-0.0305176	-0.00732422	-0.0378418
-0.0415039	-0.00152588	-0.0430298
-0.0485229	-0.0012207	-0.0497437
-0.0485229	-0.00579834	-0.0543213
-0.0463867	-0.0109863	-0.057373
-0.0473022	-0.0131226	-0.0604248
-0.0497437	-0.0131226	-0.0628662
-0.050354	-0.0131226	-0.0634766
-0.0479126	-0.0137329	-0.0616455
-0.0448608	-0.0137329	-0.0585938
-0.0424194	-0.0131226	-0.055542
-0.0375366	-0.0161743	-0.0537109
-0.0326538	-0.0204468	-0.0531006
-0.0296021	-0.0231934	-0.0527954
-0.0286865	-0.0244141	-0.0531006
-0.0292969	-0.0259399	-0.0552368
-0.0299072	-0.0289917	-0.0588989
-0.0299072	-0.0335693	-0.0634766
-0.0283813	-0.038147	-0.0665283
-0.0241089	-0.043335	-0.0674438
-0.0189209	-0.0491333	-0.0680542
-0.0131226	-0.0552368	-0.0683594
-0.00793457	-0.0598145	-0.067749
-0.00823975	-0.0592041	-0.0674438
-0.0137329	-0.0534058	-0.0671387
-0.0192261	-0.0454712	-0.0646973
-0.0216675	-0.039978	-0.0616455
-0.0231934	-0.0363159	-0.0595093
-0.0262451	-0.0323486	-0.0585938
-0.0296021	-0.0280762	-0.0576782
-0.0314331	-0.0247192	-0.0561523
-0.0320435	-0.022583	-0.0546265
-0.0338745	-0.0192261	-0.0531006
-0.0338745	-0.0164795	-0.050354
-0.0335693	-0.0152588	-0.0488281
-0.03479	-0.0143433	-0.0491333
-0.03479	-0.0140381	-0.0488281
-0.0326538	-0.0140381	-0.0466919
-0.0311279	-0.0140381	-0.045166
-0.0305176	-0.0140381	-0.0445557
-0.0302124	-0.0143433	-0.0445557
-0.0302124	-0.0149536	-0.045166
-0.0296021	-0.0167847	-0.0463867
-0.0283813	-0.0192261	-0.0476074
-0.0265503	-0.022583	-0.0491333
-0.0259399	-0.0262451	-0.0521851
-0.0268555	-0.0296021	-0.0564575
-0.0289917	-0.0320435	-0.0610352
-0.0292969	-0.0338745	-0.0631714
-0.0256348	-0.0354004	-0.0610352
-0.0213623	-0.0366211	-0.0579834
-0.0186157	-0.0378418	-0.0564575
-0.015564	-0.0402832	-0.0558472
-0.0115967	-0.043335	-0.0549316
-0.00732422	-0.045166	-0.0524902
-0.00549316	-0.0411987	-0.0466919
-0.00793457	-0.03479	-0.0427246
-0.0128174	-0.0289917	-0.0418091
-0.0177002	-0.0247192	-0.0424194
-0.0213623	-0.0222778	-0.0436401
-0.0241089	-0.0216675	-0.0457764
-0.0268555	-0.0213623	-0.0482178
-0.0305176	-0.020752	-0.0512695
-0.0320435	-0.022583	-0.0546265
-0.0311279	-0.0283813	-0.0595093
-0.0244141	-0.038147	-0.062561
-0.012207	-0.050354	-0.062561
-0.00274658	-0.057373	-0.0601196
0.000610352	-0.0585938	-0.0579834
0.00335693	-0.0604248	-0.0570679
0.00549316	-0.0619507	-0.0564575
0.00610352	-0.0601196	-0.0540161
0.00549316	-0.0558472	-0.050354
0.00488281	-0.0500488	-0.045166
0.00427246	-0.0439453	-0.0396729
0.00152588	-0.0393677	-0.0378418
-0.00305176	-0.0366211	-0.0396729
-0.00549316	-0.0363159	-0.0418091
-0.00640869	-0.038147	-0.0445557
-0.00671387	-0.0408936	-0.0476074
-0.00579834	-0.0442505	-0.0500488
-0.00488281	-0.0476074	-0.0524902
-0.00305176	-0.0494385	-0.0524902
-0.00305176	-0.0488281	-0.0518799
-0.00518799	-0.0469971	-0.0521851
-0.00701904	-0.045166	-0.0521851
-0.00610352	-0.0439453	-0.0500488
-0.00274658	-0.0436401	-0.0463867
-0.000305176	-0.0436401	-0.0439453
-0.000305176	-0.0424194	-0.0427246
-0.00335693	-0.0405884	-0.0439453
-0.00579834	-0.0402832	-0.0460815
-0.00488281	-0.0408936	-0.0457764
-0.00366211	-0.0415039	-0.045166
-0.00366211	-0.0415039	-0.045166
-0.00518799	-0.0408936	-0.0460815
-0.00427246	-0.0415039	-0.0457764
-0.000305176	-0.0424194	-0.0427246
0.000305176	-0.0402832	-0.039978
-0.00518799	-0.0326538	-0.0378418
-0.010376	-0.0265503	-0.0369263
-0.0119019	-0.0253296	-0.0372314
-0.00976563	-0.0283813	-0.038147
-0.00488281	-0.0338745	-0.0387573
-0.00152588	-0.0387573	-0.0402832
-0.00335693	-0.0390625	-0.0424194
-0.00640869	-0.0384521	-0.0448608
-0.00518799	-0.0415039	-0.0466919
-0.000915527	-0.0466919	-0.0476074
0.00518799	-0.0524902	-0.0473022
0.0112915	-0.0582886	-0.0469971
0.0161743	-0.062561	-0.0463867
0.0201416	-0.0662231	-0.0460815
0.0241089	-0.0689697	-0.0448608
0.0268555	-0.0692749	-0.0424194
0.0265503	-0.0668335	-0.0402832
0.0244141	-0.0640869	-0.0396729
0.0213623	-0.0622559	-0.0408936
0.0183105	-0.0604248	-0.0421143
0.0152588	-0.057373	-0.0421143
0.0112915	-0.0527954	-0.0415039
0.00579834	-0.0476074	-0.0418091
-0.000610352	-0.0418091	-0.0424194
-0.00549316	-0.0369263	-0.0424194
-0.00946045	-0.0335693	-0.0430298
-0.0115967	-0.0326538	-0.0442505
-0.0125122	-0.0335693	-0.0460815
-0.015564	-0.0354004	-0.0509644
-0.0201416	-0.0372314	-0.057373
-0.0198364	-0.0387573	-0.0585938
-0.0161743	-0.0393677	-0.055542
-0.0137329	-0.0393677	-0.0531006
-0.0125122	-0.0378418	-0.050354
-0.0115967	-0.0360107	-0.0476074
-0.0088501	-0.0341797	-0.0430298
-0.00396729	-0.032959	-0.0369263
0.00244141	-0.0320435	-0.0296021
0.00640869	-0.0299072	-0.0234985
0.00854492	-0.027771	-0.0192261
0.0112915	-0.0274658	-0.0161743
0.0128174	-0.0271606	-0.0143433
0.00976563	-0.0238037	-0.0140381
0.0012207	-0.0170898	-0.0158691
-0.00823975	-0.0106812	-0.0189209
-0.0134277	-0.00854492	-0.0219727
-0.0143433	-0.0100708	-0.0244141
-0.0152588	-0.0109863	-0.0262451
-0.0164795	-0.0112915	-0.027771
-0.0195313	-0.0100708	-0.0296021
-0.0210571	-0.010376	-0.0314331
-0.0167847	-0.0158691	-0.0326538
-0.00762939	-0.0259399	-0.0335693
0.0012207	-0.0350952	-0.0338745
0.00732422	-0.0424194	-0.0350952
0.0106812	-0.0485229	-0.0378418
0.0125122	-0.0527954	-0.0402832
0.0152588	-0.0543213	-0.0390625
0.0170898	-0.0540161	-0.0369263
0.0167847	-0.0531006	-0.0363159
0.0164795	-0.0527954	-0.0363159
0.0177002	-0.0540161	-0.0363159
0.0186157	-0.0543213	-0.0357056
0.0146484	-0.0509644	-0.0363159
0.00793457	-0.0457764	-0.0378418
0.00366211	-0.0421143	-0.0384521
0.00152588	-0.0408936	-0.0393677
0.000915527	-0.0396729	-0.0387573
0.000915527	-0.038147	-0.0372314
0.000305176	-0.0363159	-0.0360107
-0.000610352	-0.0332642	-0.0338745
-0.000610352	-0.0308228	-0.0314331
-0.000305176	-0.0296021	-0.0299072
-0.000610352	-0.0292969	-0.0299072
-0.000305176	-0.0289917	-0.0292969
0.0012207	-0.0292969	-0.0280762
0.00305176	-0.0305176	-0.0274658
0.00244141	-0.0314331	-0.0289917
-0.00274658	-0.0302124	-0.032959
-0.0100708	-0.0274658	-0.0375366
-0.0134277	-0.0259399	-0.0393677
-0.0134277	-0.0259399	-0.0393677
-0.0125122	-0.0262451	-0.0387573
-0.010376	-0.0265503	-0.0369263
-0.00762939	-0.0268555	-0.0344849
-0.00488281	-0.0265503	-0.0314331
-0.000610352	-0.0262451	-0.0268555
0.00640869	-0.0265503	-0.0201416
0.0161743	-0.0299072	-0.0137329
0.0256348	-0.0338745	-0.00823975
0.0271606	-0.0314331	-0.00427246
0.0213623	-0.0231934	-0.00183105
0.0189209	-0.0189209	0
0.0170898	-0.0167847	0.000305176
0.00946045	-0.0125122	-0.00305176
0.00305176	-0.010376	-0.00732422
0.00305176	-0.0115967	-0.00854492
0.00732422	-0.0143433	-0.00701904
0.0125122	-0.0180054	-0.00549316
0.0186157	-0.0222778	-0.00366211
0.0250244	-0.0259399	-0.000915527
0.0305176	-0.027771	0.00274658
0.0384521	-0.0311279	0.00732422
0.0494385	-0.0375366	0.0119019
0.0588989	-0.0424194	0.0164795
0.0643921	-0.0448608	0.0195313
0.0653076	-0.0436401	0.0216675
0.0631714	-0.039978	0.0231934
0.0601196	-0.0369263	0.0231934
0.0582886	-0.0363159	0.0219727
0.0561523	-0.0375366	0.0186157
0.0546265	-0.0393677	0.0152588
0.0537109	-0.0411987	0.0125122
0.0531006	-0.0424194	0.0106812
0.0506592	-0.0421143	0.00854492
0.0460815	-0.0405884	0.00549316
0.0430298	-0.0405884	0.00244141
0.0415039	-0.0430298	-0.00152588
0.038147	-0.0448608	-0.00671387
0.0323486	-0.043335	-0.0109863
0.0262451	-0.0393677	-0.0131226
0.0201416	-0.0357056	-0.015564
0.0128174	-0.0332642	-0.0204468
0.00518799	-0.0314331	-0.0262451
-0.00366211	-0.0296021	-0.0332642
-0.0140381	-0.0265503	-0.0405884
-0.0201416	-0.0250244	-0.045166
-0.0192261	-0.0265503	-0.0457764
-0.0152588	-0.0296021	-0.0448608
-0.0149536	-0.0308228	-0.0457764
-0.0167847	-0.0308228	-0.0476074
-0.0128174	-0.0354004	-0.0482178
-0.00396729	-0.043335	-0.0473022
0.00488281	-0.0497437	-0.0448608
0.010376	-0.0531006	-0.0427246
0.0119019	-0.0537109	-0.0418091
0.0106812	-0.0537109	-0.0430298
0.0088501	-0.055542	-0.0466919
0.00823975	-0.0585938	-0.050354
0.0115967	-0.0628662	-0.0512695
0.0146484	-0.0653076	-0.0506592
0.0119019	-0.0631714	-0.0512695
0.00518799	-0.0567627	-0.0515747
0	-0.0512695	-0.0512695
-0.00335693	-0.0460815	-0.0494385
-0.00366211	-0.0436401	-0.0473022
-0.000610352	-0.0439453	-0.0445557
0.000305176	-0.0430298	-0.0427246
-0.00305176	-0.038147	-0.0411987
-0.00610352	-0.0344849	-0.0405884
-0.00610352	-0.0350952	-0.0411987
-0.00305176	-0.0393677	-0.0424194
0.00244141	-0.0448608	-0.0424194
0.00762939	-0.0506592	-0.0430298
0.012207	-0.0567627	-0.0445557
0.0146484	-0.0610352	-0.0463867
0.0143433	-0.0622559	-0.0479126
0.012207	-0.0619507	-0.0497437
0.00762939	-0.0604248	-0.0527954
0.000915527	-0.057373	-0.0564575
-0.00518799	-0.0543213	-0.0595093
-0.0100708	-0.0518799	-0.0619507
-0.0128174	-0.0494385	-0.0622559
-0.0115967	-0.0476074	-0.0592041
-0.00335693	-0.0466919	-0.0500488
0.0137329	-0.0476074	-0.0338745
0.0354004	-0.0460815	-0.0106812
0.0592041	-0.0396729	0.0195313
0.0900269	-0.0302124	0.0598145
0.126953	-0.0170898	0.109863
0.167847	0.00152588	0.169373
0.213013	0.0256348	0.238647
0.256653	0.0564575	0.31311
0.292053	0.0946045	0.386658
0.317688	0.138855	0.456543
0.328674	0.187683	0.516357
0.32196	0.234375	0.556335
0.294495	0.276794	0.571289
0.248413	0.311584	0.559998
0.189209	0.335693	0.524902
0.12085	0.347595	0.468445
0.0466919	0.344238	0.39093
-0.0302124	0.327148	0.296936
-0.102539	0.297241	0.194702
-0.161743	0.254517	0.0927734
-0.201721	0.2005	-0.0012207
-0.220337	0.140686	-0.0796509
-0.220642	0.0811768	-0.139465
-0.20752	0.0274658	-0.180054
-0.186462	-0.0146484	-0.201111
-0.159302	-0.0469971	-0.206299
-0.128174	-0.0701904	-0.198364
-0.0994873	-0.0827026	-0.18219
-0.0747681	-0.0866699	-0.161438
-0.0552368	-0.0845337	-0.139771
-0.0405884	-0.0778198	-0.118408
-0.0289917	-0.0683594	-0.0973511
-0.0201416	-0.0588989	-0.0790405
-0.0152588	-0.0509644	-0.0662231
-0.0112915	-0.0466919	-0.0579834
-0.00701904	-0.0460815	-0.0531006
-0.000305176	-0.0476074	-0.0479126
0.00457764	-0.0500488	-0.0454712
0.00427246	-0.0509644	-0.0466919
0.00152588	-0.0500488	-0.0485229
-0.000915527	-0.0473022	-0.0482178
-0.00274658	-0.0445557	-0.0473022
-0.00427246	-0.0436401	-0.0479126
-0.00579834	-0.0445557	-0.050354
-0.00671387	-0.0442505	-0.0509644
-0.00671387	-0.0421143	-0.0488281
-0.00549316	-0.038147	-0.0436401
-0.00152588	-0.038147	-0.0396729
0.00427246	-0.0411987	-0.0369263
0.00823975	-0.0436401	-0.0354004
0.010376	-0.0445557	-0.0341797
0.0106812	-0.0445557	-0.0338745
0.00701904	-0.0424194	-0.0354004
0.000915527	-0.039978	-0.0390625
-0.00640869	-0.0360107	-0.0424194
-0.0180054	-0.0296021	-0.0476074
-0.0302124	-0.0234985	-0.0537109
-0.0384521	-0.017395	-0.0558472
-0.0402832	-0.0119019	-0.0521851
-0.038147	-0.00946045	-0.0476074
-0.0323486	-0.0119019	-0.0442505
-0.0210571	-0.0186157	-0.0396729
-0.00823975	-0.0222778	-0.0305176
0.00274658	-0.022583	-0.0198364
0.0167847	-0.0262451	-0.00946045
0.0323486	-0.0323486	0
0.0442505	-0.0384521	0.00579834
0.0515747	-0.0424194	0.00915527
0.0524902	-0.0436401	0.0088501
0.0491333	-0.0418091	0.00732422
0.043335	-0.0396729	0.00366211
0.0366211	-0.0372314	-0.000610352
0.0314331	-0.0357056	-0.00427246
0.0271606	-0.0344849	-0.00732422
0.0238037	-0.0335693	-0.00976563
0.0219727	-0.0344849	-0.0125122
0.0238037	-0.038147	-0.0143433
0.0280762	-0.0430298	-0.0149536
0.0323486	-0.0460815	-0.0137329
0.0338745	-0.0463867	-0.0125122
0.0341797	-0.0454712	-0.0112915
0.0357056	-0.0445557	-0.0088501
0.038147	-0.045166	-0.00701904
0.039978	-0.0457764	-0.00579834
0.0411987	-0.0460815	-0.00488281
0.0415039	-0.0457764	-0.00427246
0.0421143	-0.0454712	-0.00335693
0.0448608	-0.045166	-0.000305176
0.0494385	-0.0460815	0.00335693
0.0531006	-0.0473022	0.00579834
0.0543213	-0.0469971	0.00732422
0.0549316	-0.0473022	0.00762939
0.0537109	-0.0485229	0.00518799
0.0524902	-0.0497437	0.00274658
0.0546265	-0.0518799	0.00274658
0.0561523	-0.0524902	0.00366211
0.0561523	-0.0506592	0.00549316
0.0567627	-0.0485229	0.00823975
0.057373	-0.0469971	0.010376
0.0585938	-0.045166	0.0134277
0.0637817	-0.043335	0.0204468
0.0708008	-0.0402832	0.0305176
0.0793457	-0.0387573	0.0405884
0.0912476	-0.0418091	0.0494385
0.104065	-0.0485229	0.055542
0.117798	-0.0561523	0.0616455
0.129395	-0.0628662	0.0665283
0.137939	-0.0689697	0.0689697
0.145874	-0.0741577	0.0717163
0.153809	-0.0799561	0.0738525
0.160828	-0.0845337	0.0762939
0.16449	-0.0839233	0.0805664
0.166321	-0.0811768	0.085144
0.168457	-0.0790405	0.0894165
0.170898	-0.0762939	0.0946045
0.17334	-0.0720215	0.101318
0.176086	-0.0680542	0.108032
0.179138	-0.0665283	0.11261
0.182495	-0.0674438	0.115051
0.187988	-0.0695801	0.118408
0.195007	-0.071106	0.123901
0.200806	-0.0714111	0.129395
0.204773	-0.0708008	0.133972
0.20813	-0.0695801	0.13855
0.210876	-0.0668335	0.144043
0.210876	-0.0622559	0.148621
0.20874	-0.055542	0.153198
0.206604	-0.0479126	0.158691
0.205078	-0.0418091	0.163269
0.203552	-0.0378418	0.16571
0.201416	-0.0357056	0.16571
0.196838	-0.0341797	0.162659
0.193176	-0.0332642	0.159912
0.19043	-0.0314331	0.158997
0.186768	-0.0286865	0.158081
0.180969	-0.0244141	0.156555
0.174255	-0.0198364	0.154419
0.167847	-0.0158691	0.151978
0.161438	-0.0125122	0.148926
0.153503	-0.00823975	0.145264
0.143433	-0.00305176	0.140381
0.132446	0.00274658	0.135193
0.12085	0.00823975	0.129089
0.106201	0.0128174	0.119019
0.0921631	0.0152588	0.107422
0.0845337	0.0140381	0.0985718
0.0830078	0.0106812	0.093689
0.0836182	0.00701904	0.0906372
0.0836182	0.00366211	0.0872803
0.0836182	0	0.0836182
0.0802612	-0.000610352	0.0796509
0.0753784	-0.000305176	0.0750732
0.0747681	-0.00396729	0.0708008
0.0753784	-0.00946045	0.065918
0.0726318	-0.0125122	0.0601196
0.0665283	-0.0143433	0.0521851
0.0579834	-0.0149536	0.0430298
0.0466919	-0.0143433	0.0323486
0.0323486	-0.0125122	0.0198364
0.0180054	-0.0100708	0.00793457
0.00915527	-0.0088501	0.000305176
0.00579834	-0.00823975	-0.00244141
0.00305176	-0.00671387	-0.00366211
-0.00213623	-0.00396729	-0.00610352
-0.00762939	-0.000915527	-0.00854492
-0.0112915	0.000915527	-0.010376
-0.0125122	0.00213623	-0.010376
-0.0134277	0.00366211	-0.00976563
-0.0152588	0.00457764	-0.0106812
-0.0183105	0.00457764	-0.0137329
-0.020752	0.0012207	-0.0195313
-0.0195313	-0.00427246	-0.0238037
-0.0161743	-0.0100708	-0.0262451
-0.0131226	-0.015564	-0.0286865
-0.0112915	-0.0198364	-0.0311279
-0.010376	-0.0216675	-0.0320435
-0.00854492	-0.022583	-0.0311279
-0.00549316	-0.0238037	-0.0292969
-0.00213623	-0.0247192	-0.0268555
-0.000305176	-0.0241089	-0.0244141
0	-0.022583	-0.022583
-0.000915527	-0.0204468	-0.0213623
-0.00335693	-0.0183105	-0.0216675
-0.0088501	-0.015564	-0.0244141
-0.0152588	-0.0119019	-0.0271606
-0.0201416	-0.00732422	-0.0274658
-0.0262451	-0.00213623	-0.0283813
-0.0320435	0.00274658	-0.0292969
-0.03479	0.00579834	-0.0289917
-0.0350952	0.00640869	-0.0286865
-0.0354004	0.00732422	-0.0280762
-0.0357056	0.0088501	-0.0268555
-0.032959	0.00854492	-0.0244141
-0.027771	0.00488281	-0.0228882
-0.0228882	0.000610352	-0.0222778
-0.0189209	-0.00457764	-0.0234985
-0.0170898	-0.00915527	-0.0262451
-0.022583	-0.0115967	-0.0341797
-0.0311279	-0.0137329	-0.0448608
-0.0311279	-0.0164795	-0.0476074
-0.027771	-0.0158691	-0.0436401
-0.0314331	-0.00701904	-0.0384521
-0.0350952	0.00244141	-0.0326538
-0.0305176	0.00427246	-0.0262451
-0.0213623	0.0012207	-0.0201416
-0.0112915	-0.000915527	-0.012207
-0.00244141	-0.00183105	-0.00427246
0.00640869	-0.00396729	0.00244141
0.0152588	-0.00976563	0.00549316
0.0234985	-0.0170898	0.00640869
0.0292969	-0.0238037	0.00549316
0.0283813	-0.0271606	0.0012207
0.0216675	-0.0265503	-0.00488281
0.0128174	-0.0250244	-0.012207
0.00427246	-0.0228882	-0.0186157
-0.000915527	-0.0210571	-0.0219727
-0.0012207	-0.0204468	-0.0216675
0.000305176	-0.0186157	-0.0183105
-0.000305176	-0.0143433	-0.0146484
-0.00244141	-0.0100708	-0.0125122
-0.00274658	-0.00915527	-0.0119019
-0.000610352	-0.0106812	-0.0112915
0.00305176	-0.0131226	-0.0100708
0.00610352	-0.0146484	-0.00854492
0.00671387	-0.0143433	-0.00762939
0.00335693	-0.0109863	-0.00762939
-0.00183105	-0.00762939	-0.00946045
-0.00518799	-0.00579834	-0.0109863
-0.00579834	-0.00488281	-0.0106812
-0.00579834	-0.00396729	-0.00976563
-0.00701904	-0.00366211	-0.0106812
-0.00640869	-0.00518799	-0.0115967
-0.00305176	-0.00762939	-0.0106812
0.000305176	-0.0100708	-0.00976563
0.00152588	-0.0119019	-0.010376
0.00183105	-0.0137329	-0.0119019
0.00427246	-0.0149536	-0.0106812
0.00823975	-0.015564	-0.00732422
0.0106812	-0.0149536	-0.00427246
0.0115967	-0.0143433	-0.00274658
0.00976563	-0.0125122	-0.00274658
0.00671387	-0.00854492	-0.00183105
0.000610352	-0.00274658	-0.00213623
-0.00671387	0.00274658	-0.00396729
-0.0140381	0.00579834	-0.00823975
-0.020752	0.00823975	-0.0125122
-0.0292969	0.0146484	-0.0146484
-0.0369263	0.0213623	-0.015564
-0.043335	0.0256348	-0.0177002
-0.0473022	0.0268555	-0.0204468
-0.0442505	0.022583	-0.0216675
-0.0332642	0.012207	-0.0210571
-0.0189209	-0.000610352	-0.0195313
-0.00488281	-0.012207	-0.0170898
0.00762939	-0.0241089	-0.0164795
0.0149536	-0.0338745	-0.0189209
0.0210571	-0.0415039	-0.0204468
0.0286865	-0.0476074	-0.0189209
0.0338745	-0.0521851	-0.0183105
0.0366211	-0.0534058	-0.0167847
0.0366211	-0.0506592	-0.0140381
0.0305176	-0.043335	-0.0128174
0.020752	-0.0320435	-0.0112915
0.0128174	-0.0204468	-0.00762939
0.00762939	-0.0109863	-0.00335693
0.00549316	-0.00427246	0.0012207
0.00579834	-0.000915527	0.00488281
0.00732422	-0.000305176	0.00701904
0.00946045	-0.00244141	0.00701904
0.0088501	-0.00549316	0.00335693
0.00518799	-0.00701904	-0.00183105
0.0012207	-0.00701904	-0.00579834
-0.00183105	-0.00701904	-0.0088501
-0.00488281	-0.00793457	-0.0128174
-0.00823975	-0.00946045	-0.0177002
-0.0128174	-0.0088501	-0.0216675
-0.0183105	-0.00640869	-0.0247192
-0.0238037	-0.00274658	-0.0265503
-0.0283813	0.00274658	-0.0256348
-0.0299072	0.00732422	-0.022583
-0.0286865	0.00946045	-0.0192261
-0.0253296	0.00946045	-0.0158691
-0.0198364	0.00701904	-0.0128174
-0.0140381	0.00457764	-0.00946045
-0.00854492	0.00152588	-0.00701904
-0.00335693	-0.00213623	-0.00549316
-0.000305176	-0.00305176	-0.00335693
-0.000305176	-0.00152588	-0.00183105
-0.00305176	0.00244141	-0.000610352
-0.00915527	0.00732422	-0.00183105
-0.0143433	0.010376	-0.00396729
-0.0177002	0.012207	-0.00549316
-0.0228882	0.0170898	-0.00579834
-0.0289917	0.0234985	-0.00549316
-0.0308228	0.0256348	-0.00518799
-0.0274658	0.0228882	-0.00457764
-0.0219727	0.0186157	-0.00335693
-0.0149536	0.0128174	-0.00213623
-0.00732422	0.00610352	-0.0012207
0.000305176	-0.00244141	-0.00213623
0.010376	-0.0125122	-0.00213623
0.0204468	-0.0213623	-0.000915527
0.0274658	-0.0253296	0.00213623
0.0308228	-0.0262451	0.00457764
0.032959	-0.0256348	0.00732422
0.0320435	-0.0231934	0.0088501
0.0289917	-0.0195313	0.00946045
0.0256348	-0.0158691	0.00976563
0.0216675	-0.0125122	0.00915527
0.0164795	-0.00823975	0.00823975
0.0100708	-0.00335693	0.00671387
0.00305176	0.00152588	0.00457764
-0.00488281	0.00579834	0.000915527
-0.0088501	0.00915527	0.000305176
-0.00915527	0.0115967	0.00244141
-0.00762939	0.0128174	0.00518799
-0.00244141	0.0137329	0.0112915
0.00457764	0.0149536	0.0195313
0.0106812	0.0158691	0.0265503
0.0167847	0.0167847	0.0335693
0.0238037	0.0167847	0.0405884
0.0314331	0.0158691	0.0473022
0.0354004	0.017395	0.0527954
0.0354004	0.0213623	0.0567627
0.0335693	0.0250244	0.0585938
0.0296021	0.0283813	0.0579834
0.0271606	0.0296021	0.0567627
0.0268555	0.0286865	0.055542
0.0262451	0.0286865	0.0549316
0.0244141	0.0289917	0.0534058
0.0222778	0.0302124	0.0524902
0.0238037	0.0323486	0.0561523
0.0280762	0.0338745	0.0619507
0.0323486	0.0332642	0.0656128
0.0360107	0.0308228	0.0668335
0.03479	0.0326538	0.0674438
0.0311279	0.0366211	0.067749
0.0320435	0.0360107	0.0680542
0.0384521	0.0302124	0.0686646
0.0469971	0.0219727	0.0689697
0.0543213	0.0149536	0.0692749
0.0616455	0.00732422	0.0689697
0.0717163	-0.00244141	0.0692749
0.0811768	-0.0109863	0.0701904
0.0924683	-0.0204468	0.0720215
0.103455	-0.0299072	0.0735474
0.108337	-0.0341797	0.0741577
0.107422	-0.0332642	0.0741577
0.101929	-0.0286865	0.0732422
0.0949097	-0.022583	0.0723267
0.0872803	-0.0161743	0.071106
0.0796509	-0.00976563	0.0698853
0.0717163	-0.00488281	0.0668335
0.0619507	-0.00244141	0.0595093
0.0540161	-0.00274658	0.0512695
0.050354	-0.00335693	0.0469971
0.0494385	-0.00518799	0.0442505
0.0497437	-0.00793457	0.0418091
0.050354	-0.012207	0.038147
0.0512695	-0.0164795	0.03479
0.0512695	-0.0195313	0.0317383
0.0497437	-0.0210571	0.0286865
0.0466919	-0.0213623	0.0253296
0.0424194	-0.0201416	0.0222778
0.0372314	-0.0183105	0.0189209
0.0314331	-0.0161743	0.0152588
0.0244141	-0.0143433	0.0100708
0.0189209	-0.0119019	0.00701904
0.017395	-0.010376	0.00701904
0.0177002	-0.010376	0.00732422
0.0177002	-0.010376	0.00732422
0.015564	-0.010376	0.00518799
0.0149536	-0.010376	0.00457764
0.0170898	-0.0106812	0.00640869
0.0183105	-0.00946045	0.0088501
0.0146484	-0.00579834	0.0088501
0.00762939	0.00152588	0.00915527
0.00213623	0.0106812	0.0128174
0.000610352	0.0161743	0.0167847
0.00274658	0.0158691	0.0186157
0.00732422	0.0131226	0.0204468
0.0125122	0.0109863	0.0234985
0.0183105	0.00854492	0.0268555
0.0259399	0.00305176	0.0289917
0.03479	-0.00549316	0.0292969
0.0436401	-0.0158691	0.027771
0.0518799	-0.027771	0.0241089
0.0570679	-0.0378418	0.0192261
0.0570679	-0.0430298	0.0140381
0.0546265	-0.0457764	0.0088501
0.0506592	-0.0473022	0.00335693
0.0473022	-0.0482178	-0.000915527
0.0469971	-0.0482178	-0.0012207
0.0497437	-0.0457764	0.00396729
0.0570679	-0.0418091	0.0152588
0.0708008	-0.0369263	0.0338745
0.0909424	-0.0305176	0.0604248
0.116882	-0.0201416	0.0967407
0.1474	-0.00335693	0.144043
0.183716	0.0198364	0.203552
0.22522	0.0473022	0.272522
0.267334	0.0796509	0.346985
0.306091	0.115356	0.421448
0.337524	0.152283	0.489807
0.357666	0.19104	0.548706
0.361633	0.229797	0.591431
0.346375	0.265198	0.611572
0.310974	0.296021	0.606995
0.255432	0.319519	0.574951
0.183716	0.333557	0.517273
0.100098	0.33783	0.437927
0.00946045	0.335083	0.344543
-0.0802612	0.325928	0.245667
-0.162354	0.309448	0.147095
-0.229797	0.285034	0.0552368
-0.271301	0.25116	-0.0201416
-0.283813	0.20874	-0.0750732
-0.2771	0.16449	-0.11261
-0.256042	0.12207	-0.133972
-0.220642	0.0811768	-0.139465
-0.176392	0.0439453	-0.132446
-0.130005	0.012207	-0.117798
-0.088501	-0.0109863	-0.0994873
-0.0537109	-0.0271606	-0.0808716
-0.0265503	-0.0378418	-0.0643921
-0.0100708	-0.0411987	-0.0512695
-0.00488281	-0.0363159	-0.0411987
-0.00640869	-0.0280762	-0.0344849
-0.0143433	-0.0140381	-0.0283813
-0.0247192	0.00213623	-0.022583
-0.0308228	0.012207	-0.0186157
-0.0311279	0.015564	-0.015564
-0.0296021	0.0170898	-0.0125122
-0.0262451	0.0186157	-0.00762939
-0.020752	0.0180054	-0.00274658
-0.0131226	0.0140381	0.000915527
-0.00152588	0.00610352	0.00457764
0.0119019	-0.00366211	0.00823975
0.0241089	-0.0137329	0.010376
0.0338745	-0.0216675	0.012207
0.0396729	-0.0256348	0.0140381
0.0421143	-0.027771	0.0143433
0.0408936	-0.0271606	0.0137329
0.0375366	-0.0253296	0.012207
0.0360107	-0.0241089	0.0119019
0.032959	-0.0213623	0.0115967
0.0296021	-0.017395	0.012207
0.0247192	-0.0137329	0.0109863
0.0189209	-0.0119019	0.00701904
0.0146484	-0.010376	0.00427246
0.0131226	-0.00823975	0.00488281
0.0125122	-0.00549316	0.00701904
0.0128174	-0.00366211	0.00915527
0.0143433	-0.00305176	0.0112915
0.0164795	-0.00274658	0.0137329
0.0195313	-0.00427246	0.0152588
0.0250244	-0.00793457	0.0170898
0.027771	-0.00915527	0.0186157
0.0244141	-0.00488281	0.0195313
0.0213623	0.000915527	0.0222778
0.0216675	0.00488281	0.0265503
0.0213623	0.00671387	0.0280762
0.0189209	0.00701904	0.0259399
0.0143433	0.00793457	0.0222778
0.0115967	0.0100708	0.0216675
0.00946045	0.0137329	0.0231934
0.00640869	0.0170898	0.0234985
0.00610352	0.0167847	0.0228882
0.010376	0.0134277	0.0238037
0.0180054	0.00701904	0.0250244
0.0253296	-0.000305176	0.0250244
0.0256348	-0.000915527	0.0247192
0.0192261	0.00579834	0.0250244
0.0109863	0.0152588	0.0262451
0.00610352	0.020752	0.0268555
0.00640869	0.0204468	0.0268555
0.00732422	0.0180054	0.0253296
0.00610352	0.0161743	0.0222778
0.00305176	0.0149536	0.0180054
-0.000305176	0.0149536	0.0146484
-0.0012207	0.0125122	0.0112915
0.00274658	0.00427246	0.00701904
0.0106812	-0.00701904	0.00366211
0.022583	-0.0192261	0.00335693
0.0335693	-0.0289917	0.00457764
0.039978	-0.03479	0.00518799
0.0405884	-0.0366211	0.00396729
0.0424194	-0.0369263	0.00549316
0.0479126	-0.0378418	0.0100708
0.0537109	-0.0390625	0.0146484
0.0616455	-0.0402832	0.0213623
0.0717163	-0.0418091	0.0299072
0.0830078	-0.0421143	0.0408936
0.0900269	-0.0396729	0.050354
0.0946045	-0.0366211	0.0579834
0.102539	-0.0372314	0.0653076
0.111694	-0.0393677	0.0723267
0.119324	-0.0411987	0.078125
0.124207	-0.0421143	0.0820923
0.126038	-0.0411987	0.0848389
0.124817	-0.0396729	0.085144
0.12146	-0.0387573	0.0827026
0.116882	-0.0393677	0.0775146
0.115051	-0.0415039	0.0735474
0.117188	-0.0442505	0.072937
0.118713	-0.0430298	0.0756836
0.119629	-0.039978	0.0796509
0.122681	-0.0378418	0.0848389
0.130005	-0.0378418	0.0921631
0.142822	-0.0405884	0.102234
0.158386	-0.0454712	0.112915
0.172424	-0.0491333	0.123291
0.184326	-0.0509644	0.133362
0.194397	-0.0534058	0.140991
0.197754	-0.0512695	0.146484
0.191956	-0.0421143	0.149841
0.184326	-0.032959	0.151367
0.180054	-0.0274658	0.152588
0.177307	-0.0234985	0.153809
0.172119	-0.0186157	0.153503
0.163574	-0.0109863	0.152588
0.155334	-0.00244141	0.152893
0.149536	0.00488281	0.154419
0.145874	0.0088501	0.154724
0.146179	0.00732422	0.153503
0.150146	0.000915527	0.151062
0.156555	-0.00579834	0.150757
0.163879	-0.0106812	0.153198
0.166626	-0.0100708	0.156555
0.164185	-0.00610352	0.158081
0.161743	-0.00335693	0.158386
0.160522	-0.00335693	0.157166
0.159607	-0.00335693	0.15625
0.157776	-0.00183105	0.155945
0.154724	0.00183105	0.156555
0.14801	0.00579834	0.153809
0.135803	0.00946045	0.145264
0.123291	0.0125122	0.135803
0.112305	0.0143433	0.126648
0.101624	0.015564	0.117188
0.0912476	0.0170898	0.108337
0.0799561	0.0189209	0.098877
0.0692749	0.020752	0.0900269
0.0610352	0.0216675	0.0827026
0.055542	0.0228882	0.0784302
0.0497437	0.0253296	0.0750732
0.0415039	0.0296021	0.071106
0.0332642	0.032959	0.0662231
0.0289917	0.0311279	0.0601196
0.0256348	0.027771	0.0534058
0.0180054	0.0280762	0.0460815
0.00732422	0.0308228	0.038147
-0.00366211	0.0332642	0.0296021
-0.0134277	0.0350952	0.0216675
-0.0210571	0.0357056	0.0146484
-0.0265503	0.0350952	0.00854492
-0.0305176	0.0335693	0.00305176
-0.032959	0.0323486	-0.000610352
-0.0354004	0.0311279	-0.00427246
-0.0354004	0.0280762	-0.00732422
-0.0320435	0.0234985	-0.00854492
-0.0296021	0.0210571	-0.00854492
-0.0299072	0.0216675	-0.00823975
-0.0292969	0.0213623	-0.00793457
-0.0259399	0.0186157	-0.00732422
-0.0244141	0.0161743	-0.00823975
-0.0286865	0.0167847	-0.0119019
-0.0344849	0.0198364	-0.0146484
-0.0350952	0.022583	-0.0125122
-0.0335693	0.0231934	-0.010376
-0.032959	0.0222778	-0.0106812
-0.0332642	0.0204468	-0.0128174
-0.0335693	0.017395	-0.0161743
-0.032959	0.0140381	-0.0189209
-0.0289917	0.0109863	-0.0180054
-0.0241089	0.00946045	-0.0146484
-0.0210571	0.00823975	-0.0128174
-0.0219727	0.0100708	-0.0119019
-0.0268555	0.0161743	-0.0106812
-0.0326538	0.0228882	-0.00976563
-0.0372314	0.0280762	-0.00915527
-0.0424194	0.0311279	-0.0112915
-0.0506592	0.032959	-0.0177002
-0.0576782	0.0341797	-0.0234985
-0.0582886	0.03479	-0.0234985
-0.0564575	0.0341797	-0.0222778
-0.0543213	0.0317383	-0.022583
-0.0509644	0.0280762	-0.0228882
-0.0466919	0.0244141	-0.0222778
-0.0415039	0.0210571	-0.0204468
-0.0354004	0.0186157	-0.0167847
-0.0296021	0.0180054	-0.0115967
-0.0271606	0.0192261	-0.00793457
-0.027771	0.0219727	-0.00579834
-0.0302124	0.0259399	-0.00427246
-0.0350952	0.0314331	-0.00366211
-0.0375366	0.0338745	-0.00366211
-0.0341797	0.0292969	-0.00488281
-0.0335693	0.0274658	-0.00610352
-0.038147	0.0308228	-0.00732422
-0.0402832	0.032959	-0.00732422
-0.0390625	0.0323486	-0.00671387
-0.0369263	0.0308228	-0.00610352
-0.0363159	0.0314331	-0.00488281
-0.0396729	0.0360107	-0.00366211
-0.0430298	0.0396729	-0.00335693
-0.0445557	0.0396729	-0.00488281
-0.0445557	0.0366211	-0.00793457
-0.043335	0.0326538	-0.0106812
-0.0405884	0.0283813	-0.012207
-0.0372314	0.0231934	-0.0140381
-0.0354004	0.0186157	-0.0167847
-0.0335693	0.0149536	-0.0186157
-0.0265503	0.00976563	-0.0167847
-0.0170898	0.00366211	-0.0134277
-0.0119019	0	-0.0119019
-0.0106812	-0.00152588	-0.012207
-0.012207	-0.000915527	-0.0131226
-0.015564	0.0012207	-0.0143433
-0.0195313	0.00427246	-0.0152588
-0.0216675	0.00762939	-0.0140381
-0.0222778	0.00976563	-0.0125122
-0.022583	0.00976563	-0.0128174
-0.0231934	0.00854492	-0.0146484
-0.0250244	0.00671387	-0.0183105
-0.0259399	0.00549316	-0.0204468
-0.0256348	0.00457764	-0.0210571
-0.0234985	0.00396729	-0.0195313
-0.0195313	0.00366211	-0.0158691
-0.0149536	0.00335693	-0.0115967
-0.0119019	0.00335693	-0.00854492
-0.0088501	0.00366211	-0.00518799
-0.00579834	0.00457764	-0.0012207
-0.00579834	0.00762939	0.00183105
-0.00976563	0.0131226	0.00335693
-0.0128174	0.017395	0.00457764
-0.0170898	0.0213623	0.00427246
-0.0219727	0.0238037	0.00183105
-0.0241089	0.0234985	-0.000610352
-0.0247192	0.0219727	-0.00274658
-0.0253296	0.0216675	-0.00366211
-0.0268555	0.0228882	-0.00396729
-0.0299072	0.0244141	-0.00549316
-0.027771	0.0228882	-0.00488281
-0.0201416	0.0170898	-0.00305176
-0.0128174	0.0109863	-0.00183105
-0.0100708	0.00976563	-0.000305176
-0.0131226	0.0146484	0.00152588
-0.0183105	0.0213623	0.00305176
-0.0213623	0.0238037	0.00244141
-0.0216675	0.0213623	-0.000305176
-0.0216675	0.0170898	-0.00457764
-0.0250244	0.0143433	-0.0106812
-0.0296021	0.0140381	-0.015564
-0.0332642	0.0131226	-0.0201416
-0.0344849	0.010376	-0.0241089
-0.0308228	0.00549316	-0.0253296
-0.0231934	0	-0.0231934
-0.0134277	-0.00549316	-0.0189209
-0.00305176	-0.0112915	-0.0143433
0.00335693	-0.0137329	-0.010376
0.00488281	-0.0109863	-0.00610352
0.00610352	-0.00823975	-0.00213623
0.0088501	-0.00671387	0.00213623
0.0100708	-0.00518799	0.00488281
0.00762939	-0.00183105	0.00579834
0.00152588	0.00244141	0.00396729
-0.00640869	0.00732422	0.000915527
-0.0152588	0.0112915	-0.00396729
-0.0244141	0.0146484	-0.00976563
-0.0335693	0.0180054	-0.015564
-0.0375366	0.0195313	-0.0180054
-0.0369263	0.0204468	-0.0164795
-0.0341797	0.0204468	-0.0137329
-0.0308228	0.0195313	-0.0112915
-0.0302124	0.017395	-0.0128174
-0.0338745	0.0164795	-0.017395
-0.0350952	0.0161743	-0.0189209
-0.0299072	0.0149536	-0.0149536
-0.0228882	0.0140381	-0.0088501
-0.0192261	0.0140381	-0.00518799
-0.0198364	0.0158691	-0.00396729
-0.0213623	0.0170898	-0.00427246
-0.0219727	0.017395	-0.00457764
-0.0216675	0.0180054	-0.00366211
-0.0210571	0.0192261	-0.00183105
-0.0216675	0.0222778	0.000610352
-0.0238037	0.0253296	0.00152588
-0.0244141	0.0250244	0.000610352
-0.0247192	0.0241089	-0.000610352
-0.0286865	0.0268555	-0.00183105
-0.0320435	0.0308228	-0.0012207
-0.0317383	0.0308228	-0.000915527
-0.0259399	0.0250244	-0.000915527
-0.0201416	0.0186157	-0.00152588
-0.020752	0.0192261	-0.00152588
-0.0234985	0.0241089	0.000610352
-0.0192261	0.0241089	0.00488281
-0.0112915	0.0204468	0.00915527
-0.00793457	0.0189209	0.0109863
-0.00976563	0.0195313	0.00976563
-0.0140381	0.0222778	0.00823975
-0.0164795	0.0234985	0.00701904
-0.0164795	0.0231934	0.00671387
-0.0134277	0.0222778	0.0088501
-0.00854492	0.0210571	0.0125122
-0.00396729	0.0189209	0.0149536
0.00244141	0.0158691	0.0183105
0.010376	0.0115967	0.0219727
0.0195313	0.00640869	0.0259399
0.0268555	0.00152588	0.0283813
0.0302124	-0.000305176	0.0299072
0.0308228	0.00213623	0.032959
0.0314331	0.00549316	0.0369263
0.0296021	0.00946045	0.0390625
0.0250244	0.0137329	0.0387573
0.0192261	0.0186157	0.0378418
0.0131226	0.0238037	0.0369263
0.00762939	0.0286865	0.0363159
0.00579834	0.032959	0.0387573
0.00762939	0.0366211	0.0442505
0.0109863	0.0384521	0.0494385
0.015564	0.0387573	0.0543213
0.020752	0.0375366	0.0582886
0.0256348	0.0354004	0.0610352
0.0299072	0.0320435	0.0619507
0.0344849	0.0262451	0.06073
0.0387573	0.0216675	0.0604248
0.0390625	0.0219727	0.0610352
0.0363159	0.0256348	0.0619507
0.0326538	0.0283813	0.0610352
0.0292969	0.0280762	0.057373
0.0280762	0.0280762	0.0561523
0.0265503	0.0296021	0.0561523
0.0250244	0.0317383	0.0567627
0.0247192	0.0335693	0.0582886
0.0250244	0.0344849	0.0595093
0.0268555	0.0326538	0.0595093
0.0259399	0.0305176	0.0564575
0.0219727	0.0286865	0.0506592
0.0180054	0.0265503	0.0445557
0.0189209	0.0216675	0.0405884
0.0228882	0.0158691	0.0387573
0.0262451	0.00946045	0.0357056
0.0280762	0.00335693	0.0314331
0.0296021	-0.00335693	0.0262451
0.0296021	-0.0088501	0.020752
0.0296021	-0.0125122	0.0170898
0.0311279	-0.015564	0.015564
0.0320435	-0.017395	0.0146484
0.0292969	-0.0170898	0.012207
0.0244141	-0.017395	0.00701904
0.0201416	-0.0186157	0.00152588
0.0140381	-0.0177002	-0.00366211
0.00579834	-0.0128174	-0.00701904
-0.00274658	-0.00793457	-0.0106812
-0.00854492	-0.00610352	-0.0146484
-0.0109863	-0.00640869	-0.017395
-0.0131226	-0.00671387	-0.0198364
-0.0149536	-0.00640869	-0.0213623
-0.0131226	-0.00732422	-0.0204468
-0.00915527	-0.0088501	-0.0180054
-0.00457764	-0.010376	-0.0149536
-0.000305176	-0.0106812	-0.0109863
0.00366211	-0.0100708	-0.00640869
0.00915527	-0.0106812	-0.00152588
0.0167847	-0.0131226	0.00366211
0.0213623	-0.0143433	0.00701904
0.0192261	-0.012207	0.00701904
0.0146484	-0.0088501	0.00579834
0.00976563	-0.00549316	0.00427246
0.00274658	-0.00152588	0.0012207
-0.00549316	0.00152588	-0.00396729
-0.0131226	0.00427246	-0.0088501
-0.0195313	0.00610352	-0.0134277
-0.0234985	0.00701904	-0.0164795
-0.0265503	0.00762939	-0.0189209
-0.0280762	0.00701904	-0.0210571
-0.0256348	0.00427246	-0.0213623
-0.0219727	0.000915527	-0.0210571
-0.0244141	0.00335693	-0.0210571
-0.0283813	0.00671387	-0.0216675
-0.027771	0.00610352	-0.0216675
-0.0234985	0.00366211	-0.0198364
-0.015564	-0.000305176	-0.0158691
-0.00305176	-0.00335693	-0.00640869
0.0146484	-0.00427246	0.010376
0.0372314	-0.00213623	0.0350952
0.0634766	0.00335693	0.0668335
0.0970459	0.0128174	0.109863
0.141907	0.0268555	0.168762
0.194702	0.0457764	0.240479
0.247192	0.0717163	0.318909
0.291748	0.10498	0.396729
0.324402	0.14679	0.471191
0.342407	0.195007	0.537415
0.345764	0.241394	0.587158
0.333862	0.280151	0.614014
0.299683	0.313721	0.613403
0.24353	0.342407	0.585938
0.17334	0.360718	0.534058
0.0939941	0.366211	0.460205
0.0106812	0.357971	0.368652
-0.0695801	0.33783	0.26825
-0.140991	0.309143	0.168152
-0.197144	0.271606	0.0744629
-0.233765	0.227051	-0.00671387
-0.249939	0.178833	-0.071106
-0.248108	0.130005	-0.118103
-0.231628	0.0839233	-0.147705
-0.204163	0.0424194	-0.161743
-0.170898	0.00640869	-0.16449
-0.13855	-0.0213623	-0.159912
-0.108948	-0.0405884	-0.149536
-0.0823975	-0.0518799	-0.134277
-0.0595093	-0.055542	-0.115051
-0.043335	-0.0534058	-0.0967407
-0.03479	-0.0460815	-0.0808716
-0.0299072	-0.0372314	-0.0671387
-0.0250244	-0.0289917	-0.0540161
-0.0198364	-0.0222778	-0.0421143
-0.0134277	-0.0170898	-0.0305176
-0.00823975	-0.0112915	-0.0195313
-0.00701904	-0.00610352	-0.0131226
-0.00915527	-0.00244141	-0.0115967
-0.0131226	-0.000610352	-0.0137329
-0.0164795	0	-0.0164795
-0.0216675	0.00244141	-0.0192261
-0.0317383	0.00976563	-0.0219727
-0.0424194	0.0158691	-0.0265503
-0.0473022	0.0164795	-0.0308228
-0.0460815	0.0125122	-0.0335693
-0.0439453	0.0088501	-0.0350952
-0.0390625	0.00549316	-0.0335693
-0.0317383	0.00213623	-0.0296021
-0.0241089	-0.00305176	-0.0271606
-0.0164795	-0.00976563	-0.0262451
-0.00946045	-0.0152588	-0.0247192
-0.00274658	-0.0201416	-0.0228882
0.0012207	-0.0231934	-0.0219727
0.00335693	-0.0228882	-0.0195313
0.00488281	-0.020752	-0.0158691
0.00396729	-0.0167847	-0.0128174
0.000610352	-0.0109863	-0.010376
-0.00244141	-0.00640869	-0.0088501
-0.00457764	-0.00305176	-0.00762939
-0.00518799	-0.00152588	-0.00671387
-0.00396729	-0.0012207	-0.00518799
-0.00305176	-0.00152588	-0.00457764
-0.00213623	-0.00183105	-0.00396729
0.000305176	-0.00274658	-0.00244141
0.0012207	-0.00457764	-0.00335693
0.000305176	-0.00579834	-0.00549316
-0.00366211	-0.00457764	-0.00823975
-0.00854492	-0.00305176	-0.0115967
-0.0088501	-0.00274658	-0.0115967
-0.00549316	-0.00366211	-0.00915527
-0.00366211	-0.00305176	-0.00671387
-0.00396729	-0.0012207	-0.00518799
-0.00305176	-0.0012207	-0.00427246
-0.000610352	-0.00274658	-0.00335693
0.00244141	-0.00457764	-0.00213623
0.00610352	-0.00762939	-0.00152588
0.00976563	-0.0137329	-0.00396729
0.00549316	-0.0149536	-0.00946045
-0.00488281	-0.00823975	-0.0131226
-0.00610352	-0.00457764	-0.0106812
-0.00183105	-0.00518799	-0.00701904
-0.0012207	-0.00518799	-0.00640869
-0.00244141	-0.00518799	-0.00762939
-0.00427246	-0.00335693	-0.00762939
-0.00457764	-0.000305176	-0.00488281
0.000610352	-0.000305176	0.000305176
0.00976563	-0.00427246	0.00549316
0.0170898	-0.00946045	0.00762939
0.0210571	-0.0143433	0.00671387
0.0265503	-0.0189209	0.00762939
0.0323486	-0.0244141	0.00793457
0.0375366	-0.0299072	0.00762939
0.0405884	-0.0332642	0.00732422
0.0408936	-0.0332642	0.00762939
0.0402832	-0.0305176	0.00976563
0.0418091	-0.0289917	0.0128174
0.0439453	-0.0289917	0.0149536
0.0445557	-0.0299072	0.0146484
0.0421143	-0.0292969	0.0128174
0.039978	-0.0271606	0.0128174
0.0439453	-0.0268555	0.0170898
0.0512695	-0.0289917	0.0222778
0.057373	-0.0320435	0.0253296
0.0604248	-0.0341797	0.0262451
0.0640869	-0.0344849	0.0296021
0.0708008	-0.0350952	0.0357056
0.0790405	-0.0363159	0.0427246
0.0866699	-0.0369263	0.0497437
0.0933838	-0.0378418	0.055542
0.100403	-0.0393677	0.0610352
0.10498	-0.0402832	0.0646973
0.107117	-0.0405884	0.0665283
0.110779	-0.0402832	0.0704956
0.118103	-0.0424194	0.0756836
0.126648	-0.0457764	0.0808716
0.135498	-0.0491333	0.0863647
0.144348	-0.0515747	0.0927734
0.150757	-0.0527954	0.0979614
0.153809	-0.0527954	0.101013
0.157471	-0.0521851	0.105286
0.164795	-0.0509644	0.113831
0.171814	-0.0494385	0.122375
0.174866	-0.0463867	0.128479
0.17395	-0.0421143	0.131836
0.171204	-0.0378418	0.133362
0.169678	-0.03479	0.134888
0.169067	-0.0314331	0.137634
0.167236	-0.0268555	0.140381
0.165405	-0.0228882	0.142517
0.159302	-0.0164795	0.142822
0.149231	-0.00793457	0.141296
0.13855	0	0.13855
0.1297	0.00640869	0.136108
0.119019	0.0140381	0.133057
0.101318	0.0271606	0.128479
0.0823975	0.0405884	0.122986
0.0726318	0.043335	0.115967
0.0726318	0.0363159	0.108948
0.0735474	0.027771	0.101318
0.0723267	0.0219727	0.0942993
0.0717163	0.0164795	0.0881958
0.0741577	0.00823975	0.0823975
0.0799561	-0.00274658	0.0772095
0.0872803	-0.0134277	0.0738525
0.0927734	-0.0216675	0.071106
0.0939941	-0.0271606	0.0668335
0.0888062	-0.027771	0.0610352
0.078125	-0.0219727	0.0561523
0.0646973	-0.0134277	0.0512695
0.0509644	-0.00518799	0.0457764
0.038147	0.000915527	0.0390625
0.0219727	0.00640869	0.0283813
0.000305176	0.0131226	0.0134277
-0.017395	0.017395	0
-0.0289917	0.0186157	-0.010376
-0.0369263	0.0177002	-0.0192261
-0.0430298	0.0167847	-0.0262451
-0.0469971	0.0152588	-0.0317383
-0.0479126	0.0128174	-0.0350952
-0.0463867	0.00915527	-0.0372314
-0.043335	0.00488281	-0.0384521
-0.0396729	0.000915527	-0.0387573
-0.0378418	-0.00152588	-0.0393677
-0.0384521	-0.00244141	-0.0408936
-0.0405884	-0.00244141	-0.0430298
-0.0442505	-0.000610352	-0.0448608
-0.0473022	0.00213623	-0.045166
-0.0494385	0.00488281	-0.0445557
-0.0521851	0.0088501	-0.043335
-0.0552368	0.0131226	-0.0421143
-0.057373	0.0161743	-0.0411987
-0.0588989	0.0183105	-0.0405884
-0.0595093	0.0201416	-0.0393677
-0.0598145	0.0216675	-0.038147
-0.0570679	0.0198364	-0.0372314
-0.0534058	0.0170898	-0.0363159
-0.0534058	0.017395	-0.0360107
-0.0564575	0.0180054	-0.0384521
-0.0628662	0.0186157	-0.0442505
-0.0692749	0.0180054	-0.0512695
-0.0698853	0.0125122	-0.057373
-0.0671387	0.00549316	-0.0616455
-0.0622559	0.00152588	-0.06073
-0.0582886	0.0012207	-0.0570679
-0.0546265	0.000610352	-0.0540161
-0.0479126	-0.00457764	-0.0524902
-0.038147	-0.0128174	-0.0509644
-0.0314331	-0.0180054	-0.0494385
-0.0308228	-0.0158691	-0.0466919
-0.0360107	-0.00732422	-0.043335
-0.0439453	0.00366211	-0.0402832
-0.0534058	0.0131226	-0.0402832
-0.062561	0.0192261	-0.043335
-0.0695801	0.022583	-0.0469971
-0.0759888	0.0265503	-0.0494385
-0.0823975	0.0302124	-0.0521851
-0.0872803	0.0311279	-0.0561523
-0.0869751	0.0280762	-0.0588989
-0.0805664	0.0219727	-0.0585938
-0.0680542	0.0128174	-0.0552368
-0.0521851	0.00274658	-0.0494385
-0.0384521	-0.00701904	-0.0454712
-0.0299072	-0.0125122	-0.0424194
-0.0283813	-0.0115967	-0.039978
-0.0292969	-0.00640869	-0.0357056
-0.0289917	-0.00244141	-0.0314331
-0.027771	-0.000610352	-0.0283813
-0.0302124	0.00335693	-0.0268555
-0.0372314	0.010376	-0.0268555
-0.045166	0.0158691	-0.0292969
-0.0509644	0.0183105	-0.0326538
-0.0524902	0.0180054	-0.0344849
-0.0521851	0.015564	-0.0366211
-0.050354	0.0119019	-0.0384521
-0.0463867	0.00762939	-0.0387573
-0.0402832	0.00305176	-0.0372314
-0.0360107	-0.000305176	-0.0363159
-0.0375366	0	-0.0375366
-0.0402832	0.00274658	-0.0375366
-0.0421143	0.00823975	-0.0338745
-0.0415039	0.0100708	-0.0314331
-0.0396729	0.00671387	-0.032959
-0.0408936	0.00488281	-0.0360107
-0.0424194	0.00366211	-0.0387573
-0.0396729	-0.00152588	-0.0411987
-0.0350952	-0.00823975	-0.043335
-0.0335693	-0.0119019	-0.0454712
-0.0320435	-0.0149536	-0.0469971
-0.0299072	-0.0201416	-0.0500488
-0.0286865	-0.0265503	-0.0552368
-0.0280762	-0.0320435	-0.0601196
-0.0283813	-0.0360107	-0.0643921
-0.0296021	-0.038147	-0.067749
-0.0302124	-0.0393677	-0.0695801
-0.0305176	-0.0402832	-0.0708008
-0.0305176	-0.0427246	-0.0732422
-0.0308228	-0.0460815	-0.0769043
-0.0302124	-0.0494385	-0.0796509
-0.0289917	-0.0515747	-0.0805664
-0.0283813	-0.0518799	-0.0802612
-0.0274658	-0.0518799	-0.0793457
-0.0299072	-0.0488281	-0.0787354
-0.0344849	-0.0430298	-0.0775146
-0.0387573	-0.0366211	-0.0753784
-0.0427246	-0.0299072	-0.0726318
-0.0460815	-0.0238037	-0.0698853
-0.0466919	-0.0195313	-0.0662231
-0.0457764	-0.0167847	-0.062561
-0.0442505	-0.0158691	-0.0601196
-0.0402832	-0.0170898	-0.057373
-0.0354004	-0.0204468	-0.0558472
-0.0317383	-0.0234985	-0.0552368
-0.0317383	-0.0256348	-0.057373
-0.0344849	-0.0268555	-0.0613403
-0.03479	-0.0283813	-0.0631714
-0.0326538	-0.0299072	-0.062561
-0.032959	-0.0299072	-0.0628662
-0.0366211	-0.0286865	-0.0653076
-0.0415039	-0.0262451	-0.067749
-0.0473022	-0.0216675	-0.0689697
-0.0500488	-0.0180054	-0.0680542
-0.0509644	-0.0134277	-0.0643921
-0.0512695	-0.0106812	-0.0619507
-0.0473022	-0.0109863	-0.0582886
-0.043335	-0.0106812	-0.0540161
-0.0393677	-0.0119019	-0.0512695
-0.0335693	-0.0167847	-0.050354
-0.0274658	-0.0231934	-0.0506592
-0.0228882	-0.0280762	-0.0509644
-0.0195313	-0.0317383	-0.0512695
-0.0195313	-0.0335693	-0.0531006
-0.022583	-0.0326538	-0.0552368
-0.0238037	-0.0302124	-0.0540161
-0.0244141	-0.0292969	-0.0537109
-0.0289917	-0.027771	-0.0567627
-0.0354004	-0.0247192	-0.0601196
-0.039978	-0.0219727	-0.0619507
-0.0415039	-0.020752	-0.0622559
-0.0402832	-0.0210571	-0.0613403
-0.0390625	-0.0222778	-0.0613403
-0.0378418	-0.0247192	-0.062561
-0.0341797	-0.0283813	-0.062561
-0.0283813	-0.0332642	-0.0616455
-0.0238037	-0.0375366	-0.0613403
-0.022583	-0.039978	-0.062561
-0.0219727	-0.0393677	-0.0613403
-0.022583	-0.0363159	-0.0588989
-0.0231934	-0.0338745	-0.0570679
-0.0241089	-0.0320435	-0.0561523
-0.0244141	-0.0296021	-0.0540161
-0.0262451	-0.0259399	-0.0521851
-0.0283813	-0.0222778	-0.0506592
-0.0296021	-0.0204468	-0.0500488
-0.0308228	-0.0198364	-0.0506592
-0.0338745	-0.0186157	-0.0524902
-0.0390625	-0.0167847	-0.0558472
-0.0466919	-0.0149536	-0.0616455
-0.0558472	-0.0131226	-0.0689697
-0.0640869	-0.0112915	-0.0753784
-0.0668335	-0.0100708	-0.0769043
-0.0640869	-0.00976563	-0.0738525
-0.057373	-0.0109863	-0.0683594
-0.0491333	-0.0128174	-0.0619507
-0.0408936	-0.015564	-0.0564575
-0.0317383	-0.0186157	-0.050354
-0.0231934	-0.0204468	-0.0436401
-0.0152588	-0.0216675	-0.0369263
-0.0112915	-0.0201416	-0.0314331
-0.0125122	-0.0164795	-0.0289917
-0.0180054	-0.0134277	-0.0314331
-0.0283813	-0.0088501	-0.0372314
-0.0436401	-0.000610352	-0.0442505
-0.0579834	0.00701904	-0.0509644
-0.0689697	0.0125122	-0.0564575
-0.078125	0.015564	-0.062561
-0.0830078	0.0158691	-0.0671387
-0.0802612	0.0125122	-0.067749
-0.0704956	0.00610352	-0.0643921
-0.0567627	-0.00274658	-0.0595093
-0.0442505	-0.0115967	-0.0558472
-0.0335693	-0.0198364	-0.0534058
-0.0241089	-0.0280762	-0.0521851
-0.017395	-0.0344849	-0.0518799
-0.0140381	-0.0384521	-0.0524902
-0.0134277	-0.0387573	-0.0521851
-0.0146484	-0.0375366	-0.0521851
-0.0164795	-0.03479	-0.0512695
-0.022583	-0.0274658	-0.0500488
-0.032959	-0.0149536	-0.0479126
-0.0418091	-0.00244141	-0.0442505
-0.0473022	0.00610352	-0.0411987
-0.0506592	0.0106812	-0.039978
-0.0527954	0.0134277	-0.0393677
-0.0534058	0.0158691	-0.0375366
-0.0537109	0.0177002	-0.0360107
-0.0540161	0.017395	-0.0366211
-0.0537109	0.0137329	-0.039978
-0.0491333	0.00732422	-0.0418091
-0.0390625	-0.000610352	-0.0396729
-0.0289917	-0.0088501	-0.0378418
-0.0198364	-0.0152588	-0.0350952
-0.0109863	-0.0189209	-0.0299072
-0.00213623	-0.0210571	-0.0231934
0.00427246	-0.020752	-0.0164795
0.00488281	-0.0161743	-0.0112915
0.00274658	-0.00915527	-0.00640869
0.000305176	-0.00213623	-0.00183105
-0.00335693	0.00396729	0.000610352
-0.00732422	0.00793457	0.000610352
-0.00976563	0.00793457	-0.00183105
-0.0112915	0.00518799	-0.00610352
-0.0131226	0.00274658	-0.010376
-0.0131226	0	-0.0131226
-0.0119019	-0.00335693	-0.0152588
-0.0100708	-0.00762939	-0.0177002
-0.00793457	-0.0134277	-0.0213623
-0.00671387	-0.0192261	-0.0259399
-0.00640869	-0.0238037	-0.0302124
-0.00549316	-0.0265503	-0.0320435
-0.00732422	-0.0262451	-0.0335693
-0.0115967	-0.0238037	-0.0354004
-0.0152588	-0.0210571	-0.0363159
-0.017395	-0.0183105	-0.0357056
-0.0167847	-0.0177002	-0.0344849
-0.0134277	-0.0192261	-0.0326538
-0.0100708	-0.0201416	-0.0302124
-0.00915527	-0.0204468	-0.0296021
-0.00854492	-0.0210571	-0.0296021
-0.00732422	-0.0219727	-0.0292969
-0.00640869	-0.0238037	-0.0302124
-0.00610352	-0.0265503	-0.0326538
-0.00793457	-0.0296021	-0.0375366
-0.012207	-0.0320435	-0.0442505
-0.017395	-0.0332642	-0.0506592
-0.0241089	-0.032959	-0.0570679
-0.0323486	-0.0323486	-0.0646973
-0.0390625	-0.0308228	-0.0698853
-0.0430298	-0.0289917	-0.0720215
-0.0442505	-0.0308228	-0.0750732
-0.0427246	-0.0363159	-0.0790405
-0.0421143	-0.0408936	-0.0830078
-0.0424194	-0.0427246	-0.085144
-0.043335	-0.0427246	-0.0860596
-0.0415039	-0.0439453	-0.0854492
-0.0384521	-0.0466919	-0.085144
-0.0357056	-0.0494385	-0.085144
-0.03479	-0.0512695	-0.0860596
-0.0341797	-0.0518799	-0.0860596
-0.0338745	-0.0512695	-0.085144
-0.0341797	-0.0491333	-0.083313
-0.0335693	-0.0466919	-0.0802612
-0.0308228	-0.045166	-0.0759888
-0.0283813	-0.0445557	-0.072937
-0.027771	-0.0454712	-0.0732422
-0.027771	-0.045166	-0.072937
-0.0280762	-0.0430298	-0.071106
-0.0268555	-0.0418091	-0.0686646
-0.0253296	-0.0418091	-0.0671387
-0.0262451	-0.0415039	-0.067749
-0.0311279	-0.0408936	-0.0720215
-0.0323486	-0.0418091	-0.0741577
-0.0292969	-0.0421143	-0.0714111
-0.0296021	-0.039978	-0.0695801
-0.0320435	-0.0363159	-0.0683594
-0.0341797	-0.0335693	-0.067749
-0.0378418	-0.0302124	-0.0680542
-0.0430298	-0.0271606	-0.0701904
-0.0463867	-0.0253296	-0.0717163
-0.0466919	-0.0244141	-0.071106
-0.0454712	-0.022583	-0.0680542
-0.043335	-0.0192261	-0.062561
-0.0390625	-0.0143433	-0.0534058
-0.0308228	-0.00976563	-0.0405884
-0.0158691	-0.00549316	-0.0213623
0.00976563	0.00366211	0.0134277
0.0457764	0.0201416	0.065918
0.0875854	0.0442505	0.131836
0.133667	0.0720215	0.205688
0.183105	0.101624	0.284729
0.229492	0.136719	0.366211
0.267029	0.179138	0.446167
0.289917	0.22644	0.516357
0.296631	0.270386	0.567017
0.286255	0.306396	0.592651
0.256653	0.334778	0.591431
0.205383	0.357056	0.562439
0.137024	0.371094	0.508118
0.0601196	0.371704	0.431824
-0.0180054	0.356445	0.33844
-0.0906372	0.326233	0.235596
-0.155029	0.285645	0.130615
-0.209351	0.240479	0.0311279
-0.247192	0.19043	-0.0567627
-0.263672	0.133667	-0.130005
-0.258789	0.0753784	-0.183411
-0.237732	0.022583	-0.215149
-0.209961	-0.0201416	-0.230103
-0.180054	-0.0515747	-0.231628
-0.148926	-0.0744629	-0.223389
-0.117188	-0.0888062	-0.205994
-0.088501	-0.0946045	-0.183105
-0.0653076	-0.0933838	-0.158691
-0.0485229	-0.0866699	-0.135193
-0.0375366	-0.0772095	-0.114746
-0.0326538	-0.0665283	-0.0991821
-0.0323486	-0.0567627	-0.0891113
-0.0350952	-0.0485229	-0.0836182
-0.0396729	-0.0418091	-0.0814819
-0.0463867	-0.0357056	-0.0820923
-0.0546265	-0.0308228	-0.0854492
-0.06073	-0.0286865	-0.0894165
-0.0619507	-0.0305176	-0.0924683
-0.0604248	-0.0320435	-0.0924683
-0.0610352	-0.0292969	-0.090332
-0.0622559	-0.0259399	-0.0881958
-0.0601196	-0.0250244	-0.085144
-0.0558472	-0.0234985	-0.0793457
-0.0567627	-0.0167847	-0.0735474
-0.0610352	-0.00793457	-0.0689697
-0.0622559	-0.00366211	-0.065918
-0.0585938	-0.00457764	-0.0631714
-0.0531006	-0.00732422	-0.0604248
-0.0494385	-0.0106812	-0.0601196
-0.0476074	-0.0149536	-0.062561
-0.0454712	-0.0219727	-0.0674438
-0.0408936	-0.0311279	-0.0720215
-0.0357056	-0.0396729	-0.0753784
-0.0296021	-0.0476074	-0.0772095
-0.0253296	-0.0527954	-0.078125
-0.0247192	-0.0540161	-0.0787354
-0.0256348	-0.0518799	-0.0775146
-0.0265503	-0.0479126	-0.0744629
-0.0292969	-0.0424194	-0.0717163
-0.0354004	-0.0350952	-0.0704956
-0.0448608	-0.0250244	-0.0698853
-0.0512695	-0.0158691	-0.0671387
-0.0512695	-0.0125122	-0.0637817
-0.0473022	-0.0137329	-0.0610352
-0.0424194	-0.0164795	-0.0588989
-0.0390625	-0.0186157	-0.0576782
-0.0366211	-0.0210571	-0.0576782
-0.0341797	-0.0247192	-0.0588989
-0.0314331	-0.0286865	-0.0601196
-0.0286865	-0.0305176	-0.0592041
-0.0283813	-0.0305176	-0.0588989
-0.0299072	-0.0296021	-0.0595093
-0.0299072	-0.0292969	-0.0592041
-0.0302124	-0.0296021	-0.0598145
-0.0332642	-0.0292969	-0.062561
-0.038147	-0.0283813	-0.0665283
-0.043335	-0.0271606	-0.0704956
-0.0454712	-0.0262451	-0.0717163
-0.0454712	-0.0253296	-0.0708008
-0.0454712	-0.0247192	-0.0701904
-0.0445557	-0.0256348	-0.0701904
-0.043335	-0.0274658	-0.0708008
-0.0427246	-0.0289917	-0.0717163
-0.0427246	-0.0289917	-0.0717163
-0.0405884	-0.0299072	-0.0704956
-0.0363159	-0.0311279	-0.0674438
-0.0344849	-0.0302124	-0.0646973
-0.0387573	-0.0256348	-0.0643921
-0.0424194	-0.0228882	-0.0653076
-0.0408936	-0.0241089	-0.0650024
-0.0344849	-0.0280762	-0.062561
-0.027771	-0.0317383	-0.0595093
-0.0213623	-0.0354004	-0.0567627
-0.0140381	-0.0402832	-0.0543213
-0.00427246	-0.0445557	-0.0488281
0.00640869	-0.0488281	-0.0424194
0.0192261	-0.0549316	-0.0357056
0.0338745	-0.0634766	-0.0296021
0.0482178	-0.0720215	-0.0238037
0.0595093	-0.0765991	-0.0170898
0.0662231	-0.0765991	-0.010376
0.0692749	-0.0735474	-0.00427246
0.0717163	-0.0704956	0.0012207
0.0741577	-0.0692749	0.00488281
0.0765991	-0.0683594	0.00823975
0.0802612	-0.0680542	0.012207
0.0814819	-0.0656128	0.0158691
0.0817871	-0.0628662	0.0189209
0.0820923	-0.0616455	0.0204468
0.0805664	-0.0604248	0.0201416
0.0784302	-0.0592041	0.0192261
0.0802612	-0.0588989	0.0213623
0.0860596	-0.0588989	0.0271606
0.0915527	-0.0582886	0.0332642
0.093689	-0.0564575	0.0372314
0.093689	-0.0537109	0.039978
0.0970459	-0.0515747	0.0454712
0.105896	-0.0515747	0.0543213
0.116577	-0.0521851	0.0643921
0.124512	-0.0531006	0.0714111
0.130005	-0.0537109	0.0762939
0.137329	-0.0537109	0.0836182
0.143433	-0.0527954	0.0906372
0.145264	-0.0488281	0.0964355
0.145569	-0.0454712	0.100098
0.145874	-0.0436401	0.102234
0.144043	-0.0408936	0.103149
0.139771	-0.0369263	0.102844
0.134888	-0.0326538	0.102234
0.128174	-0.0274658	0.100708
0.119324	-0.0210571	0.0982666
0.107727	-0.0131226	0.0946045
0.0946045	-0.00457764	0.0900269
0.0805664	0.00518799	0.0857544
0.0708008	0.0112915	0.0820923
0.065918	0.0119019	0.0778198
0.0631714	0.010376	0.0735474
0.0610352	0.00854492	0.0695801
0.0595093	0.00671387	0.0662231
0.0579834	0.00335693	0.0613403
0.0588989	-0.00305176	0.0558472
0.0610352	-0.0125122	0.0485229
0.0628662	-0.0219727	0.0408936
0.0610352	-0.0283813	0.0326538
0.0564575	-0.0320435	0.0244141
0.0512695	-0.0341797	0.0170898
0.0439453	-0.03479	0.00915527
0.0338745	-0.0332642	0.000610352
0.0210571	-0.027771	-0.00671387
0.00823975	-0.0213623	-0.0131226
-0.0012207	-0.0180054	-0.0192261
-0.00762939	-0.0164795	-0.0241089
-0.0140381	-0.0149536	-0.0289917
-0.020752	-0.0128174	-0.0335693
-0.027771	-0.010376	-0.038147
-0.03479	-0.00854492	-0.043335
-0.0415039	-0.00701904	-0.0485229
-0.0482178	-0.00610352	-0.0543213
-0.0540161	-0.00518799	-0.0592041
-0.057373	-0.00457764	-0.0619507
-0.0576782	-0.00549316	-0.0631714
-0.0585938	-0.00701904	-0.0656128
-0.0662231	-0.00579834	-0.0720215
-0.0796509	-0.000915527	-0.0805664
-0.0915527	0.00762939	-0.0839233
-0.0967407	0.0146484	-0.0820923
-0.0976563	0.0170898	-0.0805664
-0.0970459	0.0167847	-0.0802612
-0.0973511	0.0177002	-0.0796509
-0.0952148	0.0180054	-0.0772095
-0.0897217	0.0158691	-0.0738525
-0.0790405	0.0100708	-0.0689697
-0.067749	0.00213623	-0.0656128
-0.0579834	-0.00640869	-0.0643921
-0.050354	-0.0164795	-0.0668335
-0.0469971	-0.0244141	-0.0714111
-0.0473022	-0.027771	-0.0750732
-0.0476074	-0.0286865	-0.0762939
-0.0476074	-0.0283813	-0.0759888
-0.0509644	-0.0271606	-0.078125
-0.057373	-0.0250244	-0.0823975
-0.0631714	-0.0219727	-0.085144
-0.065918	-0.0186157	-0.0845337
-0.0656128	-0.0149536	-0.0805664
-0.0616455	-0.0134277	-0.0750732
-0.0564575	-0.0143433	-0.0708008
-0.0531006	-0.0170898	-0.0701904
-0.0509644	-0.0195313	-0.0704956
-0.0488281	-0.0213623	-0.0701904
-0.0476074	-0.0216675	-0.0692749
-0.0485229	-0.0210571	-0.0695801
-0.0509644	-0.0198364	-0.0708008
-0.0546265	-0.0189209	-0.0735474
-0.0567627	-0.0186157	-0.0753784
-0.0570679	-0.0195313	-0.0765991
-0.057373	-0.0189209	-0.0762939
-0.0582886	-0.0177002	-0.0759888
-0.0588989	-0.0167847	-0.0756836
-0.0598145	-0.0167847	-0.0765991
-0.0610352	-0.0161743	-0.0772095
-0.0631714	-0.0143433	-0.0775146
-0.0650024	-0.012207	-0.0772095
-0.0671387	-0.010376	-0.0775146
-0.0692749	-0.00762939	-0.0769043
-0.0732422	-0.00366211	-0.0769043
-0.0808716	0.00274658	-0.078125
-0.088501	0.00762939	-0.0808716
-0.0930786	0.00854492	-0.0845337
-0.0973511	0.00915527	-0.0881958
-0.0991821	0.00946045	-0.0897217
-0.0964355	0.010376	-0.0860596
-0.090332	0.010376	-0.0799561
-0.0808716	0.00579834	-0.0750732
-0.0689697	-0.00183105	-0.0708008
-0.0558472	-0.010376	-0.0662231
-0.0448608	-0.0164795	-0.0613403
-0.0366211	-0.0198364	-0.0564575
-0.0314331	-0.0210571	-0.0524902
-0.0320435	-0.0210571	-0.0531006
-0.0369263	-0.0213623	-0.0582886
-0.0408936	-0.022583	-0.0634766
-0.0430298	-0.0238037	-0.0668335
-0.0439453	-0.0238037	-0.067749
-0.0454712	-0.0222778	-0.067749
-0.0457764	-0.0204468	-0.0662231
-0.0430298	-0.020752	-0.0637817
-0.0372314	-0.0219727	-0.0592041
-0.0305176	-0.022583	-0.0531006
-0.022583	-0.0244141	-0.0469971
-0.0149536	-0.0271606	-0.0421143
-0.00976563	-0.0296021	-0.0393677
-0.00671387	-0.0323486	-0.0390625
-0.00854492	-0.0338745	-0.0424194
-0.0143433	-0.0344849	-0.0488281
-0.0213623	-0.0338745	-0.0552368
-0.0317383	-0.0302124	-0.0619507
-0.0430298	-0.0253296	-0.0683594
-0.0497437	-0.0228882	-0.0726318
-0.0494385	-0.0219727	-0.0714111
-0.0485229	-0.0198364	-0.0683594
-0.0506592	-0.015564	-0.0662231
-0.0549316	-0.010376	-0.0653076
-0.0588989	-0.00488281	-0.0637817
-0.0585938	-0.00274658	-0.0613403
-0.0549316	-0.00396729	-0.0588989
-0.0518799	-0.00640869	-0.0582886
-0.050354	-0.00915527	-0.0595093
-0.0500488	-0.012207	-0.0622559
-0.050354	-0.0146484	-0.0650024
-0.0500488	-0.0186157	-0.0686646
-0.0482178	-0.0231934	-0.0714111
-0.0457764	-0.0268555	-0.0726318
-0.043335	-0.0296021	-0.072937
-0.0411987	-0.0320435	-0.0732422
-0.0393677	-0.0338745	-0.0732422
-0.0405884	-0.0320435	-0.0726318
-0.0454712	-0.0265503	-0.0720215
-0.0476074	-0.0241089	-0.0717163
-0.0482178	-0.0231934	-0.0714111
-0.050354	-0.0219727	-0.0723267
-0.0546265	-0.0195313	-0.0741577
-0.0585938	-0.017395	-0.0759888
-0.0585938	-0.0180054	-0.0765991
-0.0558472	-0.0198364	-0.0756836
-0.0540161	-0.0204468	-0.0744629
-0.0534058	-0.0204468	-0.0738525
-0.0524902	-0.0222778	-0.0747681
-0.0482178	-0.0265503	-0.0747681
-0.0424194	-0.0308228	-0.0732422
-0.0396729	-0.0326538	-0.0723267
-0.039978	-0.0326538	-0.0726318
-0.0421143	-0.0326538	-0.0747681
-0.0439453	-0.0332642	-0.0772095
-0.0405884	-0.03479	-0.0753784
-0.03479	-0.0363159	-0.071106
-0.0317383	-0.0372314	-0.0689697
-0.0323486	-0.0378418	-0.0701904
-0.0326538	-0.0375366	-0.0701904
-0.0305176	-0.0372314	-0.067749
-0.0283813	-0.0366211	-0.0650024
-0.0274658	-0.0354004	-0.0628662
-0.0271606	-0.0335693	-0.06073
-0.0280762	-0.0314331	-0.0595093
-0.0305176	-0.0292969	-0.0598145
-0.0344849	-0.027771	-0.0622559
-0.0369263	-0.0265503	-0.0634766
-0.0387573	-0.0253296	-0.0640869
-0.0411987	-0.0234985	-0.0646973
-0.0418091	-0.0222778	-0.0640869
-0.0424194	-0.020752	-0.0631714
-0.045166	-0.0186157	-0.0637817
-0.0494385	-0.0164795	-0.065918
-0.0552368	-0.0137329	-0.0689697
-0.0592041	-0.0115967	-0.0708008
-0.0592041	-0.0115967	-0.0708008
-0.0567627	-0.0131226	-0.0698853
-0.0543213	-0.0143433	-0.0686646
-0.0531006	-0.015564	-0.0686646
-0.0540161	-0.015564	-0.0695801
-0.0570679	-0.0128174	-0.0698853
-0.0604248	-0.0088501	-0.0692749
-0.0640869	-0.00396729	-0.0680542
-0.0708008	0.00396729	-0.0668335
-0.0759888	0.00976563	-0.0662231
-0.0775146	0.0109863	-0.0665283
-0.0772095	0.0106812	-0.0665283
-0.0790405	0.0106812	-0.0683594
-0.0808716	0.0106812	-0.0701904
-0.0769043	0.00579834	-0.071106
-0.0665283	-0.00366211	-0.0701904
-0.0537109	-0.0158691	-0.0695801
-0.0418091	-0.0280762	-0.0698853
-0.0317383	-0.038147	-0.0698853
-0.0262451	-0.0436401	-0.0698853
-0.0259399	-0.0445557	-0.0704956
-0.027771	-0.0430298	-0.0708008
-0.0292969	-0.039978	-0.0692749
-0.0323486	-0.0344849	-0.0668335
-0.0378418	-0.0286865	-0.0665283
-0.0445557	-0.0228882	-0.0674438
-0.0488281	-0.0180054	-0.0668335
-0.0497437	-0.0149536	-0.0646973
-0.0488281	-0.0134277	-0.0622559
-0.0466919	-0.0134277	-0.0601196
-0.0454712	-0.0146484	-0.0601196
-0.0445557	-0.0164795	-0.0610352
-0.043335	-0.0183105	-0.0616455
-0.0408936	-0.0198364	-0.06073
-0.038147	-0.0201416	-0.0582886
-0.0350952	-0.0186157	-0.0537109
-0.032959	-0.0180054	-0.0509644
-0.0350952	-0.0177002	-0.0527954
-0.039978	-0.0158691	-0.0558472
-0.0427246	-0.0125122	-0.0552368
-0.0439453	-0.00854492	-0.0524902
-0.0454712	-0.00488281	-0.050354
-0.0488281	-0.000610352	-0.0494385
-0.0527954	0.00366211	-0.0491333
-0.0564575	0.00610352	-0.050354
-0.0570679	0.00518799	-0.0518799
-0.055542	0.00213623	-0.0534058
-0.0521851	-0.00213623	-0.0543213
-0.0457764	-0.00732422	-0.0531006
-0.0430298	-0.00793457	-0.0509644
-0.0430298	-0.00640869	-0.0494385
-0.0424194	-0.00732422	-0.0497437
-0.0411987	-0.00976563	-0.0509644
-0.039978	-0.010376	-0.050354
-0.0415039	-0.00671387	-0.0482178
-0.0445557	-0.000305176	-0.0448608
-0.0448608	0.00244141	-0.0424194
-0.0424194	0.00152588	-0.0408936
-0.0384521	-0.000915527	-0.0393677
-0.0338745	-0.00305176	-0.0369263
-0.0292969	-0.00610352	-0.0354004
-0.0238037	-0.0106812	-0.0344849
-0.0177002	-0.0161743	-0.0338745
-0.0128174	-0.0210571	-0.0338745
-0.010376	-0.0241089	-0.0344849
-0.010376	-0.0241089	-0.0344849
-0.0125122	-0.0213623	-0.0338745
-0.0152588	-0.0167847	-0.0320435
-0.0180054	-0.012207	-0.0302124
-0.0210571	-0.00762939	-0.0286865
-0.0234985	-0.00427246	-0.027771
-0.022583	-0.00274658	-0.0253296
-0.0186157	-0.00183105	-0.0204468
-0.0149536	-0.000610352	-0.015564
-0.0125122	-0.00152588	-0.0140381
-0.00915527	-0.00427246	-0.0134277
-0.00671387	-0.00793457	-0.0146484
-0.00549316	-0.010376	-0.0158691
-0.00488281	-0.0112915	-0.0161743
-0.00427246	-0.0106812	-0.0149536
-0.00305176	-0.0100708	-0.0131226
-0.00213623	-0.0100708	-0.012207
-0.00152588	-0.010376	-0.0119019
-0.00152588	-0.012207	-0.0137329
-0.00396729	-0.0128174	-0.0167847
-0.0125122	-0.00976563	-0.0222778
-0.0210571	-0.00518799	-0.0262451
-0.0241089	-0.000915527	-0.0250244
-0.022583	-0.0012207	-0.0238037
-0.0189209	-0.00457764	-0.0234985
-0.0195313	-0.00518799	-0.0247192
-0.0213623	-0.00457764	-0.0259399
-0.0167847	-0.00823975	-0.0250244
-0.00518799	-0.0180054	-0.0231934
0.00610352	-0.0280762	-0.0219727
0.00854492	-0.0296021	-0.0210571
0.00946045	-0.0296021	-0.0201416
0.0131226	-0.0341797	-0.0210571
0.0146484	-0.0405884	-0.0259399
0.0106812	-0.0457764	-0.0350952
0.000305176	-0.0469971	-0.0466919
-0.0128174	-0.0457764	-0.0585938
-0.0244141	-0.043335	-0.067749
-0.0320435	-0.0408936	-0.072937
-0.0360107	-0.039978	-0.0759888
-0.0387573	-0.0405884	-0.0793457
-0.0408936	-0.0415039	-0.0823975
-0.0415039	-0.0415039	-0.0830078
-0.039978	-0.0415039	-0.0814819
-0.0369263	-0.0415039	-0.0784302
-0.0341797	-0.0411987	-0.0753784
-0.032959	-0.039978	-0.072937
-0.0326538	-0.0384521	-0.071106
-0.0323486	-0.0375366	-0.0698853
-0.0332642	-0.0369263	-0.0701904
-0.03479	-0.0360107	-0.0708008
-0.0372314	-0.0344849	-0.0717163
-0.0402832	-0.0326538	-0.072937
-0.043335	-0.0305176	-0.0738525
-0.0466919	-0.0283813	-0.0750732
-0.0491333	-0.0268555	-0.0759888
-0.0524902	-0.0253296	-0.0778198
-0.0570679	-0.0234985	-0.0805664
-0.0598145	-0.0216675	-0.0814819
-0.0592041	-0.0204468	-0.0796509
-0.0564575	-0.0201416	-0.0765991
-0.0531006	-0.0213623	-0.0744629
-0.0494385	-0.0234985	-0.072937
-0.0494385	-0.0231934	-0.0726318
-0.0518799	-0.0213623	-0.0732422
-0.055542	-0.0177002	-0.0732422
-0.06073	-0.0134277	-0.0741577
-0.0653076	-0.00976563	-0.0750732
-0.0662231	-0.00915527	-0.0753784
-0.0653076	-0.0119019	-0.0772095
-0.065918	-0.015564	-0.0814819
-0.067749	-0.0177002	-0.0854492
-0.0634766	-0.0213623	-0.0848389
-0.0518799	-0.0250244	-0.0769043
-0.0341797	-0.0244141	-0.0585938
-0.0115967	-0.0186157	-0.0302124
0.0195313	-0.00976563	0.00976563
0.0595093	0.00152588	0.0610352
0.105896	0.0167847	0.122681
0.155945	0.0387573	0.194702
0.204163	0.0683594	0.272522
0.24292	0.107422	0.350342
0.273132	0.153198	0.426331
0.298462	0.198975	0.497437
0.313721	0.240173	0.553894
0.311584	0.276794	0.588379
0.285034	0.310974	0.596008
0.233154	0.340881	0.574036
0.16571	0.362244	0.527954
0.0939941	0.370789	0.464783
0.0231934	0.363159	0.386353
-0.0469971	0.340271	0.293274
-0.110168	0.303955	0.193787
-0.159912	0.255432	0.09552
-0.193787	0.198059	0.00427246
-0.210876	0.137329	-0.0735474
-0.211792	0.078125	-0.133667
-0.198669	0.022583	-0.176086
-0.178528	-0.0238037	-0.202332
-0.157471	-0.0582886	-0.215759
-0.136719	-0.0793457	-0.216064
-0.117188	-0.088501	-0.205688
-0.101929	-0.088501	-0.19043
-0.0921631	-0.0814819	-0.173645
-0.0878906	-0.0692749	-0.157166
-0.0872803	-0.0543213	-0.141602
-0.0875854	-0.0405884	-0.128174
-0.0860596	-0.0305176	-0.116577
-0.0830078	-0.0247192	-0.107727
-0.0784302	-0.0231934	-0.101624
-0.0717163	-0.0247192	-0.0964355
-0.0671387	-0.0247192	-0.0918579
-0.0656128	-0.0222778	-0.0878906
-0.0650024	-0.0204468	-0.0854492
-0.0653076	-0.020752	-0.0860596
-0.0683594	-0.0201416	-0.088501
-0.0720215	-0.0192261	-0.0912476
-0.0720215	-0.020752	-0.0927734
-0.0692749	-0.0231934	-0.0924683
-0.0665283	-0.0244141	-0.0909424
-0.0646973	-0.0250244	-0.0897217
-0.0610352	-0.027771	-0.0888062
-0.0552368	-0.0320435	-0.0872803
-0.0482178	-0.0357056	-0.0839233
-0.0402832	-0.0390625	-0.0793457
-0.0323486	-0.0408936	-0.0732422
-0.0262451	-0.0393677	-0.0656128
-0.0228882	-0.0357056	-0.0585938
-0.0216675	-0.0317383	-0.0534058
-0.0213623	-0.0292969	-0.0506592
-0.0210571	-0.027771	-0.0488281
-0.0198364	-0.0271606	-0.0469971
-0.017395	-0.0274658	-0.0448608
-0.015564	-0.0289917	-0.0445557
-0.0158691	-0.0299072	-0.0457764
-0.0161743	-0.0286865	-0.0448608
-0.0134277	-0.0271606	-0.0405884
-0.0109863	-0.0265503	-0.0375366
-0.0100708	-0.0256348	-0.0357056
-0.0109863	-0.0238037	-0.03479
-0.0140381	-0.0213623	-0.0354004
-0.0183105	-0.0192261	-0.0375366
-0.0216675	-0.0177002	-0.0393677
-0.0228882	-0.0170898	-0.039978
-0.0244141	-0.0167847	-0.0411987
-0.0299072	-0.015564	-0.0454712
-0.038147	-0.0152588	-0.0534058
-0.0424194	-0.017395	-0.0598145
-0.0408936	-0.0201416	-0.0610352
-0.0390625	-0.0210571	-0.0601196
-0.0396729	-0.0204468	-0.0601196
-0.0421143	-0.0192261	-0.0613403
-0.0427246	-0.0189209	-0.0616455
-0.038147	-0.0204468	-0.0585938
-0.0357056	-0.0198364	-0.055542
-0.0354004	-0.017395	-0.0527954
-0.0338745	-0.0152588	-0.0491333
-0.0305176	-0.015564	-0.0460815
-0.0262451	-0.017395	-0.0436401
-0.0241089	-0.0186157	-0.0427246
-0.0247192	-0.0170898	-0.0418091
-0.0286865	-0.0131226	-0.0418091
-0.0323486	-0.00976563	-0.0421143
-0.032959	-0.010376	-0.043335
-0.0280762	-0.0152588	-0.043335
-0.0189209	-0.0238037	-0.0427246
-0.0106812	-0.0326538	-0.043335
-0.012207	-0.0326538	-0.0448608
-0.0192261	-0.0268555	-0.0460815
-0.0195313	-0.0268555	-0.0463867
-0.00976563	-0.0344849	-0.0442505
0.00274658	-0.043335	-0.0405884
0.012207	-0.0494385	-0.0372314
0.0177002	-0.0534058	-0.0357056
0.0231934	-0.0558472	-0.0326538
0.0317383	-0.0576782	-0.0259399
0.0402832	-0.0601196	-0.0198364
0.0512695	-0.0628662	-0.0115967
0.0622559	-0.065918	-0.00366211
0.0723267	-0.0680542	0.00427246
0.0808716	-0.0686646	0.012207
0.0878906	-0.0674438	0.0204468
0.0924683	-0.0650024	0.0274658
0.0946045	-0.0613403	0.0332642
0.0976563	-0.057373	0.0402832
0.101318	-0.0540161	0.0473022
0.103455	-0.0515747	0.0518799
0.104065	-0.0500488	0.0540161
0.10376	-0.0491333	0.0546265
0.103455	-0.0479126	0.055542
0.103455	-0.0466919	0.0567627
0.10437	-0.0457764	0.0585938
0.105591	-0.0448608	0.06073
0.105286	-0.043335	0.0619507
0.10498	-0.0405884	0.0643921
0.107422	-0.038147	0.0692749
0.111084	-0.0375366	0.0735474
0.112305	-0.03479	0.0775146
0.11261	-0.0302124	0.0823975
0.111389	-0.0231934	0.0881958
0.108032	-0.0131226	0.0949097
0.108032	-0.00671387	0.101318
0.113831	-0.00671387	0.107117
0.121765	-0.00946045	0.112305
0.127258	-0.0109863	0.116272
0.127563	-0.0088501	0.118713
0.124512	-0.00518799	0.119324
0.122986	-0.00213623	0.12085
0.123596	-0.00213623	0.12146
0.125122	-0.00549316	0.119629
0.124512	-0.00915527	0.115356
0.120239	-0.010376	0.109863
0.108948	-0.00579834	0.103149
0.0946045	0	0.0946045
0.083313	0.00305176	0.0863647
0.0717163	0.00823975	0.0799561
0.057373	0.0137329	0.071106
0.0439453	0.0164795	0.0604248
0.0372314	0.015564	0.0527954
0.0335693	0.0134277	0.0469971
0.0286865	0.0109863	0.0396729
0.0241089	0.00915527	0.0332642
0.0216675	0.00701904	0.0286865
0.020752	0.00396729	0.0247192
0.0213623	-0.000305176	0.0210571
0.0222778	-0.00427246	0.0180054
0.0231934	-0.00732422	0.0158691
0.0238037	-0.00976563	0.0140381
0.0222778	-0.0112915	0.0109863
0.0180054	-0.0115967	0.00640869
0.0115967	-0.0109863	0.000610352
0.00518799	-0.00915527	-0.00396729
-0.00244141	-0.00610352	-0.00854492
-0.0119019	-0.00213623	-0.0140381
-0.0216675	0.00152588	-0.0201416
-0.0299072	0.00366211	-0.0262451
-0.0372314	0.00518799	-0.0320435
-0.0439453	0.00762939	-0.0363159
-0.0494385	0.010376	-0.0390625
-0.0537109	0.012207	-0.0415039
-0.0561523	0.0131226	-0.0430298
-0.0570679	0.0137329	-0.043335
-0.0564575	0.0131226	-0.043335
-0.0527954	0.00946045	-0.043335
-0.0488281	0.00457764	-0.0442505
-0.0509644	0.00457764	-0.0463867
-0.0613403	0.0131226	-0.0482178
-0.072937	0.0234985	-0.0494385
-0.0823975	0.0308228	-0.0515747
-0.0872803	0.0320435	-0.0552368
-0.0875854	0.0289917	-0.0585938
-0.0848389	0.0247192	-0.0601196
-0.0814819	0.0204468	-0.0610352
-0.0784302	0.0161743	-0.0622559
-0.072937	0.0106812	-0.0622559
-0.0610352	0.000305176	-0.06073
-0.0469971	-0.0125122	-0.0595093
-0.0378418	-0.0222778	-0.0601196
-0.0314331	-0.0299072	-0.0613403
-0.027771	-0.0350952	-0.0628662
-0.0289917	-0.0332642	-0.0622559
-0.0372314	-0.0238037	-0.0610352
-0.0476074	-0.0125122	-0.0601196
-0.0546265	-0.00518799	-0.0598145
-0.0570679	-0.00183105	-0.0588989
-0.057373	-0.000305176	-0.0576782
-0.0564575	0.000915527	-0.055542
-0.0543213	0.000610352	-0.0537109
-0.0500488	-0.00183105	-0.0518799
-0.0445557	-0.00610352	-0.0506592
-0.0393677	-0.0109863	-0.050354
-0.0360107	-0.0149536	-0.0509644
-0.0344849	-0.0177002	-0.0521851
-0.0344849	-0.0186157	-0.0531006
-0.0360107	-0.0180054	-0.0540161
-0.0390625	-0.015564	-0.0546265
-0.0442505	-0.0128174	-0.0570679
-0.0506592	-0.00976563	-0.0604248
-0.0567627	-0.00579834	-0.062561
-0.0610352	-0.00213623	-0.0631714
-0.0610352	-0.000610352	-0.0616455
-0.0579834	-0.00152588	-0.0595093
-0.0546265	-0.00183105	-0.0564575
-0.0515747	-0.000610352	-0.0521851
-0.0466919	0.000305176	-0.0463867
-0.0405884	0.000610352	-0.039978
-0.0354004	0.000610352	-0.03479
-0.0299072	0	-0.0299072
-0.0250244	-0.000610352	-0.0256348
-0.0213623	-0.00244141	-0.0238037
-0.0216675	-0.00244141	-0.0241089
-0.0271606	0.0012207	-0.0259399
-0.0335693	0.00671387	-0.0268555
-0.0387573	0.00946045	-0.0292969
-0.0396729	0.00732422	-0.0323486
-0.0390625	0.00396729	-0.0350952
-0.0402832	0.00305176	-0.0372314
-0.0408936	0.00366211	-0.0372314
-0.0405884	0.00457764	-0.0360107
-0.0396729	0.00640869	-0.0332642
-0.0402832	0.00976563	-0.0305176
-0.0424194	0.0134277	-0.0289917
-0.0436401	0.0158691	-0.027771
-0.0448608	0.017395	-0.0274658
-0.0485229	0.0210571	-0.0274658
-0.0494385	0.0222778	-0.0271606
-0.0491333	0.0216675	-0.0274658
-0.0473022	0.0192261	-0.0280762
-0.0424194	0.0134277	-0.0289917
-0.0341797	0.00488281	-0.0292969
-0.0250244	-0.00549316	-0.0305176
-0.0158691	-0.0161743	-0.0320435
-0.00915527	-0.0259399	-0.0350952
-0.00579834	-0.0335693	-0.0393677
-0.00549316	-0.0390625	-0.0445557
-0.0088501	-0.0411987	-0.0500488
-0.0134277	-0.0402832	-0.0537109
-0.0177002	-0.0375366	-0.0552368
-0.0219727	-0.0341797	-0.0561523
-0.0250244	-0.0302124	-0.0552368
-0.0265503	-0.0265503	-0.0531006
-0.0262451	-0.022583	-0.0488281
-0.0241089	-0.0189209	-0.0430298
-0.0189209	-0.0170898	-0.0360107
-0.0115967	-0.0167847	-0.0283813
-0.00579834	-0.017395	-0.0231934
-0.00183105	-0.0177002	-0.0195313
0	-0.0183105	-0.0183105
-0.000915527	-0.0195313	-0.0204468
-0.00244141	-0.0216675	-0.0241089
-0.00579834	-0.0201416	-0.0259399
-0.0158691	-0.012207	-0.0280762
-0.0280762	-0.00366211	-0.0317383
-0.0375366	0.0012207	-0.0363159
-0.0421143	0.00183105	-0.0402832
-0.0454712	0.00213623	-0.043335
-0.0454712	0.00244141	-0.0430298
-0.0411987	0.000610352	-0.0405884
-0.0354004	-0.00305176	-0.0384521
-0.0280762	-0.00946045	-0.0375366
-0.0204468	-0.0161743	-0.0366211
-0.0128174	-0.0228882	-0.0357056
-0.00335693	-0.0314331	-0.03479
0.00549316	-0.039978	-0.0344849
0.010376	-0.0457764	-0.0354004
0.00701904	-0.0445557	-0.0375366
-0.00244141	-0.0372314	-0.0396729
-0.0143433	-0.0262451	-0.0405884
-0.0244141	-0.015564	-0.039978
-0.0344849	-0.00640869	-0.0408936
-0.0436401	-0.000305176	-0.0439453
-0.0485229	0.000305176	-0.0482178
-0.0506592	-0.00152588	-0.0521851
-0.0509644	-0.00366211	-0.0546265
-0.0473022	-0.00610352	-0.0534058
-0.039978	-0.010376	-0.050354
-0.0308228	-0.0167847	-0.0476074
-0.0222778	-0.0241089	-0.0463867
-0.0164795	-0.0305176	-0.0469971
-0.0131226	-0.0341797	-0.0473022
-0.0100708	-0.0354004	-0.0454712
-0.0088501	-0.0344849	-0.043335
-0.0112915	-0.0311279	-0.0424194
-0.015564	-0.0259399	-0.0415039
-0.0201416	-0.0210571	-0.0411987
-0.0247192	-0.0167847	-0.0415039
-0.0283813	-0.0137329	-0.0421143
-0.0320435	-0.012207	-0.0442505
-0.0357056	-0.0115967	-0.0473022
-0.038147	-0.0115967	-0.0497437
-0.0384521	-0.0115967	-0.0500488
-0.0366211	-0.0109863	-0.0476074
-0.03479	-0.0106812	-0.0454712
-0.0332642	-0.0109863	-0.0442505
-0.0335693	-0.0106812	-0.0442505
-0.0350952	-0.00946045	-0.0445557
-0.0363159	-0.00854492	-0.0448608
-0.0387573	-0.00762939	-0.0463867
-0.0396729	-0.00610352	-0.0457764
-0.0372314	-0.00488281	-0.0421143
-0.032959	-0.00457764	-0.0375366
-0.0305176	-0.00457764	-0.0350952
-0.032959	-0.00152588	-0.0344849
-0.0390625	0.00396729	-0.0350952
-0.043335	0.00854492	-0.03479
-0.043335	0.0115967	-0.0317383
-0.0424194	0.0137329	-0.0286865
-0.0405884	0.0137329	-0.0268555
-0.0387573	0.0125122	-0.0262451
-0.0366211	0.00976563	-0.0268555
-0.0317383	0.00457764	-0.0271606
-0.0259399	-0.00213623	-0.0280762
-0.0210571	-0.00823975	-0.0292969
-0.0149536	-0.015564	-0.0305176
-0.00701904	-0.0241089	-0.0311279
0.000610352	-0.0332642	-0.0326538
0.00610352	-0.039978	-0.0338745
0.00579834	-0.0421143	-0.0363159
0.000610352	-0.0387573	-0.038147
-0.00518799	-0.0320435	-0.0372314
-0.0112915	-0.0256348	-0.0369263
-0.0170898	-0.0210571	-0.038147
-0.0234985	-0.0164795	-0.039978
-0.0317383	-0.00976563	-0.0415039
-0.0354004	-0.00335693	-0.0387573
-0.0332642	0.000915527	-0.0323486
-0.0292969	0.00305176	-0.0262451
-0.0250244	0.00305176	-0.0219727
-0.0204468	0.000610352	-0.0198364
-0.015564	-0.00335693	-0.0189209
-0.00915527	-0.00793457	-0.0170898
-0.00183105	-0.0125122	-0.0143433
0.00244141	-0.015564	-0.0131226
0.000305176	-0.0164795	-0.0161743
-0.00610352	-0.0167847	-0.0228882
-0.012207	-0.017395	-0.0296021
-0.0149536	-0.0186157	-0.0335693
-0.0143433	-0.0204468	-0.03479
-0.0143433	-0.020752	-0.0350952
-0.0170898	-0.0183105	-0.0354004
-0.0204468	-0.0146484	-0.0350952
-0.0201416	-0.0128174	-0.032959
-0.0164795	-0.0131226	-0.0296021
-0.0137329	-0.0125122	-0.0262451
-0.0106812	-0.0125122	-0.0231934
-0.0088501	-0.0128174	-0.0216675
-0.0100708	-0.0125122	-0.022583
-0.0140381	-0.0119019	-0.0259399
-0.0177002	-0.0115967	-0.0292969
-0.0189209	-0.0125122	-0.0314331
-0.020752	-0.012207	-0.032959
-0.0292969	-0.00793457	-0.0372314
-0.0396729	-0.00396729	-0.0436401
-0.0415039	-0.00366211	-0.045166
-0.0372314	-0.00427246	-0.0415039
-0.0314331	-0.00366211	-0.0350952
-0.0268555	-0.00183105	-0.0286865
-0.0234985	0.000305176	-0.0231934
-0.0186157	0.000915527	-0.0177002
-0.012207	-0.000305176	-0.0125122
-0.00579834	-0.00152588	-0.00732422
0	-0.00274658	-0.00274658
0.00549316	-0.00457764	0.000915527
0.0100708	-0.00671387	0.00335693
0.0125122	-0.00762939	0.00488281
0.0115967	-0.00701904	0.00457764
0.00946045	-0.00671387	0.00274658
0.00762939	-0.00671387	0.000915527
0.00640869	-0.00579834	0.000610352
0.00671387	-0.00427246	0.00244141
0.00854492	-0.00244141	0.00610352
0.0131226	-0.00335693	0.00976563
0.0204468	-0.00793457	0.0125122
0.027771	-0.0125122	0.0152588
0.0311279	-0.0134277	0.0177002
0.0323486	-0.0134277	0.0189209
0.0354004	-0.0146484	0.020752
0.039978	-0.0167847	0.0231934
0.0421143	-0.0177002	0.0244141
0.0402832	-0.0158691	0.0244141
0.0335693	-0.012207	0.0213623
0.0247192	-0.00823975	0.0164795
0.017395	-0.00457764	0.0128174
0.0112915	-0.000610352	0.0106812
0.00946045	0.000610352	0.0100708
0.010376	0	0.010376
0.0115967	-0.000610352	0.0109863
0.015564	-0.00305176	0.0125122
0.0216675	-0.00762939	0.0140381
0.0289917	-0.0134277	0.015564
0.0366211	-0.0189209	0.0177002
0.0427246	-0.0228882	0.0198364
0.0463867	-0.0259399	0.0204468
0.0463867	-0.027771	0.0186157
0.039978	-0.0274658	0.0125122
0.0271606	-0.0238037	0.00335693
0.0106812	-0.0198364	-0.00915527
-0.00213623	-0.0186157	-0.020752
-0.0131226	-0.0177002	-0.0308228
-0.0268555	-0.0137329	-0.0405884
-0.0393677	-0.0106812	-0.0500488
-0.0445557	-0.0134277	-0.0579834
-0.0436401	-0.0192261	-0.0628662
-0.0396729	-0.0256348	-0.0653076
-0.0350952	-0.0302124	-0.0653076
-0.0289917	-0.0350952	-0.0640869
-0.022583	-0.0421143	-0.0646973
-0.0167847	-0.0488281	-0.0656128
-0.0109863	-0.0531006	-0.0640869
-0.00518799	-0.0558472	-0.0610352
0	-0.0567627	-0.0567627
0.00274658	-0.0546265	-0.0518799
0.00244141	-0.0491333	-0.0466919
0.000305176	-0.0421143	-0.0418091
-0.00183105	-0.0350952	-0.0369263
-0.00305176	-0.0289917	-0.0320435
-0.00366211	-0.0241089	-0.027771
-0.00457764	-0.0198364	-0.0244141
-0.00640869	-0.0161743	-0.022583
-0.00976563	-0.012207	-0.0219727
-0.0137329	-0.00976563	-0.0234985
-0.017395	-0.0088501	-0.0262451
-0.0213623	-0.00946045	-0.0308228
-0.0244141	-0.0106812	-0.0350952
-0.0250244	-0.012207	-0.0372314
-0.0244141	-0.0137329	-0.038147
-0.0244141	-0.0149536	-0.0393677
-0.0271606	-0.0152588	-0.0424194
-0.0314331	-0.0146484	-0.0460815
-0.0344849	-0.0134277	-0.0479126
-0.03479	-0.012207	-0.0469971
-0.0332642	-0.0128174	-0.0460815
-0.0308228	-0.0158691	-0.0466919
-0.0292969	-0.0183105	-0.0476074
-0.0292969	-0.0183105	-0.0476074
-0.0274658	-0.017395	-0.0448608
-0.0189209	-0.0167847	-0.0357056
-0.000915527	-0.017395	-0.0183105
0.0244141	-0.0164795	0.00793457
0.0527954	-0.010376	0.0424194
0.0842285	0.00244141	0.0866699
0.120544	0.0231934	0.143738
0.1651	0.0463867	0.211487
0.21759	0.0695801	0.28717
0.266418	0.0970459	0.363464
0.305786	0.130615	0.436401
0.337219	0.168152	0.505371
0.355225	0.20752	0.562744
0.351563	0.247498	0.59906
0.324402	0.283203	0.607605
0.279236	0.307922	0.587158
0.219116	0.322571	0.541687
0.145874	0.3302	0.476074
0.0640869	0.328674	0.392761
-0.0189209	0.314941	0.296021
-0.0946045	0.287476	0.192871
-0.156555	0.248718	0.0921631
-0.19928	0.201416	0.00213623
-0.223083	0.150452	-0.0726318
-0.228577	0.098877	-0.1297
-0.215759	0.0491333	-0.166626
-0.189209	0.00427246	-0.184937
-0.155029	-0.0323486	-0.187378
-0.119324	-0.0585938	-0.177917
-0.0866699	-0.0744629	-0.161133
-0.0604248	-0.0814819	-0.141907
-0.0415039	-0.0814819	-0.122986
-0.0296021	-0.0756836	-0.105286
-0.0231934	-0.0665283	-0.0897217
-0.0213623	-0.0561523	-0.0775146
-0.022583	-0.0460815	-0.0686646
-0.0274658	-0.0372314	-0.0646973
-0.0332642	-0.0299072	-0.0631714
-0.0354004	-0.0247192	-0.0601196
-0.0320435	-0.0213623	-0.0534058
-0.0247192	-0.0195313	-0.0442505
-0.0189209	-0.0177002	-0.0366211
-0.0149536	-0.0158691	-0.0308228
-0.010376	-0.015564	-0.0259399
-0.00549316	-0.0152588	-0.020752
-0.00305176	-0.0128174	-0.0158691
-0.00671387	-0.00732422	-0.0140381
-0.0100708	-0.00335693	-0.0134277
-0.00946045	-0.00274658	-0.012207
-0.0106812	-0.00274658	-0.0134277
-0.0186157	0.00152588	-0.0170898
-0.0308228	0.00793457	-0.0228882
-0.0390625	0.00946045	-0.0296021
-0.0375366	0.00610352	-0.0314331
-0.0292969	-0.000305176	-0.0296021
-0.0213623	-0.00610352	-0.0274658
-0.0186157	-0.00762939	-0.0262451
-0.0192261	-0.00549316	-0.0247192
-0.0167847	-0.00488281	-0.0216675
-0.0109863	-0.00671387	-0.0177002
-0.00488281	-0.00793457	-0.0128174
-0.000915527	-0.00762939	-0.00854492
0.00274658	-0.00823975	-0.00549316
0.00640869	-0.010376	-0.00396729
0.0088501	-0.0131226	-0.00427246
0.00976563	-0.015564	-0.00579834
0.0109863	-0.0183105	-0.00732422
0.0149536	-0.0234985	-0.00854492
0.0201416	-0.0305176	-0.010376
0.0250244	-0.0375366	-0.0125122
0.0283813	-0.0427246	-0.0143433
0.0305176	-0.0463867	-0.0158691
0.0311279	-0.0473022	-0.0161743
0.0299072	-0.045166	-0.0152588
0.0286865	-0.0427246	-0.0140381
0.0250244	-0.0396729	-0.0146484
0.0201416	-0.0357056	-0.015564
0.017395	-0.032959	-0.015564
0.015564	-0.0308228	-0.0152588
0.0131226	-0.0286865	-0.015564
0.0112915	-0.0262451	-0.0149536
0.00854492	-0.0247192	-0.0161743
0.00396729	-0.0234985	-0.0195313
0.00244141	-0.0231934	-0.020752
0.00457764	-0.0228882	-0.0183105
0.00732422	-0.0228882	-0.015564
0.010376	-0.022583	-0.012207
0.0131226	-0.022583	-0.00946045
0.0149536	-0.022583	-0.00762939
0.0161743	-0.0228882	-0.00671387
0.0167847	-0.0231934	-0.00640869
0.0192261	-0.0268555	-0.00762939
0.0234985	-0.0332642	-0.00976563
0.0289917	-0.0390625	-0.0100708
0.0335693	-0.0418091	-0.00823975
0.03479	-0.039978	-0.00518799
0.0357056	-0.0360107	-0.000305176
0.0375366	-0.0341797	0.00335693
0.043335	-0.0354004	0.00793457
0.0540161	-0.0402832	0.0137329
0.0650024	-0.0442505	0.020752
0.0701904	-0.0421143	0.0280762
0.0726318	-0.0384521	0.0341797
0.0759888	-0.0366211	0.0393677
0.0793457	-0.0387573	0.0405884
0.0845337	-0.043335	0.0411987
0.0897217	-0.0469971	0.0427246
0.09552	-0.0497437	0.0457764
0.101929	-0.0515747	0.050354
0.108032	-0.0515747	0.0564575
0.115051	-0.0512695	0.0637817
0.122986	-0.0515747	0.0714111
0.131531	-0.0524902	0.0790405
0.140991	-0.0534058	0.0875854
0.150146	-0.0540161	0.0961304
0.157166	-0.0549316	0.102234
0.163269	-0.057373	0.105896
0.168762	-0.0613403	0.107422
0.173645	-0.0637817	0.109863
0.176392	-0.0640869	0.112305
0.177917	-0.0622559	0.115662
0.179138	-0.0601196	0.119019
0.180664	-0.0579834	0.122681
0.18219	-0.0552368	0.126953
0.183411	-0.0512695	0.132141
0.1828	-0.0466919	0.136108
0.178833	-0.0415039	0.137329
0.173645	-0.0360107	0.137634
0.171509	-0.0311279	0.140381
0.172424	-0.0268555	0.145569
0.173035	-0.0228882	0.150146
0.173035	-0.0192261	0.153809
0.171509	-0.0161743	0.155334
0.167847	-0.0125122	0.155334
0.162659	-0.00793457	0.154724
0.160828	-0.00549316	0.155334
0.162964	-0.00518799	0.157776
0.163574	-0.00366211	0.159912
0.160522	-0.000305176	0.160217
0.153809	0.00396729	0.157776
0.144348	0.0100708	0.154419
0.133057	0.0158691	0.148926
0.124207	0.0189209	0.143127
0.121765	0.0183105	0.140076
0.116577	0.0195313	0.136108
0.10376	0.0256348	0.129395
0.0912476	0.0296021	0.12085
0.0836182	0.027771	0.111389
0.0769043	0.0238037	0.100708
0.0689697	0.0213623	0.090332
0.0631714	0.0167847	0.0799561
0.0604248	0.0100708	0.0704956
0.0595093	0.00335693	0.0628662
0.0585938	-0.00244141	0.0561523
0.0579834	-0.00640869	0.0515747
0.055542	-0.00946045	0.0460815
0.0509644	-0.0115967	0.0393677
0.0457764	-0.0137329	0.0320435
0.0418091	-0.0161743	0.0256348
0.0363159	-0.017395	0.0189209
0.0259399	-0.0164795	0.00946045
0.0131226	-0.0146484	-0.00152588
0.0012207	-0.0125122	-0.0112915
-0.0088501	-0.010376	-0.0192261
-0.0143433	-0.0088501	-0.0231934
-0.0146484	-0.00701904	-0.0216675
-0.0140381	-0.00427246	-0.0183105
-0.0152588	-0.000305176	-0.015564
-0.015564	0.00274658	-0.0128174
-0.0137329	0.00366211	-0.0100708
-0.010376	0.00335693	-0.00701904
-0.00732422	0.00244141	-0.00488281
-0.00549316	0.00213623	-0.00335693
-0.00762939	0.00488281	-0.00274658
-0.015564	0.0088501	-0.00671387
-0.0268555	0.010376	-0.0164795
-0.03479	0.00762939	-0.0271606
-0.0357056	0.00427246	-0.0314331
-0.0344849	0.00366211	-0.0308228
-0.0332642	0.00305176	-0.0302124
-0.0320435	0.00152588	-0.0305176
-0.0320435	0.000610352	-0.0314331
-0.0326538	0	-0.0326538
-0.0302124	-0.0012207	-0.0314331
-0.0234985	-0.00549316	-0.0289917
-0.0149536	-0.0109863	-0.0259399
-0.0115967	-0.0125122	-0.0241089
-0.0177002	-0.00518799	-0.0228882
-0.0274658	0.00457764	-0.0228882
-0.0320435	0.00915527	-0.0228882
-0.0305176	0.00793457	-0.022583
-0.0265503	0.00488281	-0.0216675
-0.0222778	0.00305176	-0.0192261
-0.0189209	0.00183105	-0.0170898
-0.0152588	-0.000915527	-0.0161743
-0.0115967	-0.00427246	-0.0158691
-0.00732422	-0.0088501	-0.0161743
-0.00244141	-0.0140381	-0.0164795
0	-0.0186157	-0.0186157
-0.000915527	-0.0213623	-0.0222778
-0.00274658	-0.0213623	-0.0241089
-0.00640869	-0.0183105	-0.0247192
-0.0115967	-0.0134277	-0.0250244
-0.0170898	-0.00762939	-0.0247192
-0.022583	-0.00183105	-0.0244141
-0.0259399	0.00213623	-0.0238037
-0.0247192	0.00274658	-0.0219727
-0.0195313	0.000915527	-0.0186157
-0.0137329	-0.00183105	-0.015564
-0.0146484	0.0012207	-0.0134277
-0.0192261	0.00762939	-0.0115967
-0.0219727	0.0115967	-0.010376
-0.0238037	0.0125122	-0.0112915
-0.0247192	0.0115967	-0.0131226
-0.0244141	0.00915527	-0.0152588
-0.0259399	0.0088501	-0.0170898
-0.0289917	0.0115967	-0.017395
-0.0280762	0.0128174	-0.0152588
-0.022583	0.0100708	-0.0125122
-0.0167847	0.00488281	-0.0119019
-0.0112915	-0.000915527	-0.012207
-0.00640869	-0.00701904	-0.0134277
-0.00213623	-0.012207	-0.0143433
0.00183105	-0.015564	-0.0137329
0.0012207	-0.0131226	-0.0119019
-0.00335693	-0.00671387	-0.0100708
-0.00640869	-0.00366211	-0.0100708
-0.00640869	-0.00518799	-0.0115967
-0.00549316	-0.00854492	-0.0140381
-0.00335693	-0.010376	-0.0137329
-0.00183105	-0.010376	-0.012207
0	-0.010376	-0.010376
0.00183105	-0.0119019	-0.0100708
0.00518799	-0.0161743	-0.0109863
0.010376	-0.020752	-0.010376
0.0143433	-0.0241089	-0.00976563
0.015564	-0.0265503	-0.0109863
0.0161743	-0.0299072	-0.0137329
0.0158691	-0.0332642	-0.017395
0.0131226	-0.0350952	-0.0219727
0.0100708	-0.0366211	-0.0265503
0.00854492	-0.0372314	-0.0286865
0.00854492	-0.0369263	-0.0283813
0.00854492	-0.0369263	-0.0283813
0.00701904	-0.0366211	-0.0296021
0.00366211	-0.03479	-0.0311279
-0.000610352	-0.0302124	-0.0308228
-0.00396729	-0.0247192	-0.0286865
-0.00549316	-0.0198364	-0.0253296
-0.00762939	-0.0152588	-0.0228882
-0.0125122	-0.0106812	-0.0231934
-0.0170898	-0.00732422	-0.0244141
-0.0183105	-0.00640869	-0.0247192
-0.0158691	-0.00671387	-0.022583
-0.0119019	-0.00946045	-0.0213623
-0.00854492	-0.0128174	-0.0213623
-0.0106812	-0.0112915	-0.0219727
-0.0143433	-0.00854492	-0.0228882
-0.0140381	-0.0100708	-0.0241089
-0.0128174	-0.0131226	-0.0259399
-0.0137329	-0.015564	-0.0292969
-0.0158691	-0.0161743	-0.0320435
-0.0161743	-0.0170898	-0.0332642
-0.0143433	-0.0177002	-0.0320435
-0.0149536	-0.0164795	-0.0314331
-0.0164795	-0.017395	-0.0338745
-0.0149536	-0.020752	-0.0357056
-0.0115967	-0.0234985	-0.0350952
-0.0088501	-0.0222778	-0.0311279
-0.00762939	-0.0189209	-0.0265503
-0.00823975	-0.0158691	-0.0241089
-0.0128174	-0.0125122	-0.0253296
-0.015564	-0.0109863	-0.0265503
-0.0140381	-0.012207	-0.0262451
-0.0125122	-0.0143433	-0.0268555
-0.0109863	-0.0177002	-0.0286865
-0.00976563	-0.0201416	-0.0299072
-0.010376	-0.0201416	-0.0305176
-0.0112915	-0.020752	-0.0320435
-0.00762939	-0.0247192	-0.0323486
-0.000610352	-0.0299072	-0.0305176
0.00488281	-0.032959	-0.0280762
0.00732422	-0.032959	-0.0256348
0.00518799	-0.0299072	-0.0247192
0.0012207	-0.0250244	-0.0238037
0.00152588	-0.0222778	-0.020752
0.00427246	-0.022583	-0.0183105
0.00549316	-0.0234985	-0.0180054
0.00579834	-0.0231934	-0.017395
0.00457764	-0.0222778	-0.0177002
0.00244141	-0.0219727	-0.0195313
0.00152588	-0.0219727	-0.0204468
0.000610352	-0.022583	-0.0219727
0	-0.0234985	-0.0234985
-0.00183105	-0.0244141	-0.0262451
-0.00518799	-0.0247192	-0.0299072
-0.00915527	-0.0247192	-0.0338745
-0.0131226	-0.0234985	-0.0366211
-0.017395	-0.0219727	-0.0393677
-0.0210571	-0.0201416	-0.0411987
-0.0222778	-0.0198364	-0.0421143
-0.020752	-0.0204468	-0.0411987
-0.0180054	-0.0219727	-0.039978
-0.0164795	-0.022583	-0.0390625
-0.015564	-0.0228882	-0.0384521
-0.015564	-0.0222778	-0.0378418
-0.0195313	-0.0186157	-0.038147
-0.0210571	-0.0183105	-0.0393677
-0.0146484	-0.0250244	-0.0396729
-0.0119019	-0.0271606	-0.0390625
-0.0164795	-0.0222778	-0.0387573
-0.022583	-0.0170898	-0.0396729
-0.0265503	-0.0137329	-0.0402832
-0.0296021	-0.010376	-0.039978
-0.0335693	-0.00701904	-0.0405884
-0.0366211	-0.00488281	-0.0415039
-0.038147	-0.00335693	-0.0415039
-0.0415039	0.00274658	-0.0387573
-0.0445557	0.0112915	-0.0332642
-0.0415039	0.0128174	-0.0286865
-0.032959	0.00671387	-0.0262451
-0.0228882	-0.00274658	-0.0256348
-0.0146484	-0.012207	-0.0268555
-0.00549316	-0.0210571	-0.0265503
0.00579834	-0.0302124	-0.0244141
0.0180054	-0.0402832	-0.0222778
0.0274658	-0.050354	-0.0228882
0.0326538	-0.0585938	-0.0259399
0.0344849	-0.0640869	-0.0296021
0.0354004	-0.0662231	-0.0308228
0.032959	-0.0640869	-0.0311279
0.0259399	-0.0582886	-0.0323486
0.0161743	-0.0500488	-0.0338745
0.00793457	-0.0418091	-0.0338745
0.00366211	-0.0338745	-0.0302124
0	-0.0271606	-0.0271606
-0.00335693	-0.020752	-0.0241089
-0.00457764	-0.0146484	-0.0192261
-0.00427246	-0.00976563	-0.0140381
-0.00396729	-0.00579834	-0.00976563
-0.00427246	-0.00183105	-0.00610352
-0.00488281	0.00152588	-0.00335693
-0.00549316	0.00183105	-0.00366211
-0.00701904	-0.00152588	-0.00854492
-0.00793457	-0.00427246	-0.012207
-0.00946045	-0.00274658	-0.012207
-0.010376	-0.00152588	-0.0119019
-0.00854492	-0.00427246	-0.0128174
-0.00305176	-0.0106812	-0.0137329
0.00701904	-0.0195313	-0.0125122
0.0170898	-0.0262451	-0.00915527
0.0201416	-0.0238037	-0.00366211
0.0177002	-0.0149536	0.00274658
0.0183105	-0.00793457	0.010376
0.0253296	-0.00762939	0.0177002
0.0332642	-0.0106812	0.022583
0.0372314	-0.0128174	0.0244141
0.0369263	-0.0125122	0.0244141
0.0341797	-0.0119019	0.0222778
0.0292969	-0.0100708	0.0192261
0.0250244	-0.00854492	0.0164795
0.0231934	-0.0100708	0.0131226
0.0247192	-0.0140381	0.0106812
0.0274658	-0.0189209	0.00854492
0.027771	-0.0204468	0.00732422
0.0259399	-0.0204468	0.00549316
0.0228882	-0.0204468	0.00244141
0.0186157	-0.020752	-0.00213623
0.0149536	-0.0219727	-0.00701904
0.0152588	-0.0238037	-0.00854492
0.0201416	-0.0259399	-0.00579834
0.0268555	-0.0280762	-0.0012207
0.0311279	-0.0296021	0.00152588
0.03479	-0.0308228	0.00396729
0.0375366	-0.0317383	0.00579834
0.0393677	-0.0326538	0.00671387
0.0369263	-0.0308228	0.00610352
0.0271606	-0.0231934	0.00396729
0.0149536	-0.015564	-0.000610352
0.00671387	-0.0140381	-0.00732422
-0.000610352	-0.017395	-0.0180054
-0.0100708	-0.0222778	-0.0323486
-0.0198364	-0.0253296	-0.045166
-0.0268555	-0.0286865	-0.055542
-0.0299072	-0.0344849	-0.0643921
-0.0280762	-0.0424194	-0.0704956
-0.0228882	-0.0506592	-0.0735474
-0.0152588	-0.0579834	-0.0732422
-0.00732422	-0.0640869	-0.0714111
-0.0012207	-0.0674438	-0.0686646
0.00305176	-0.0680542	-0.0650024
0.00305176	-0.0653076	-0.0622559
0.000610352	-0.0613403	-0.06073
-0.00274658	-0.0585938	-0.0613403
-0.00701904	-0.0579834	-0.0650024
-0.0137329	-0.0564575	-0.0701904
-0.0213623	-0.0521851	-0.0735474
-0.0250244	-0.0488281	-0.0738525
-0.0247192	-0.0479126	-0.0726318
-0.0216675	-0.0479126	-0.0695801
-0.0186157	-0.0476074	-0.0662231
-0.0128174	-0.0466919	-0.0595093
-0.00549316	-0.0463867	-0.0518799
-0.000305176	-0.0448608	-0.045166
0.00213623	-0.0424194	-0.0402832
0.00457764	-0.0415039	-0.0369263
0.00671387	-0.0405884	-0.0338745
0.00732422	-0.0402832	-0.032959
0.00671387	-0.0405884	-0.0338745
0.00213623	-0.0411987	-0.0390625
-0.00579834	-0.0424194	-0.0482178
-0.015564	-0.0430298	-0.0585938
-0.0250244	-0.0430298	-0.0680542
-0.0308228	-0.0445557	-0.0753784
-0.0335693	-0.0479126	-0.0814819
-0.0332642	-0.0531006	-0.0863647
-0.0283813	-0.0598145	-0.0881958
-0.020752	-0.0643921	-0.085144
-0.0109863	-0.0662231	-0.0772095
0.00335693	-0.0668335	-0.0634766
0.0228882	-0.0637817	-0.0408936
0.0466919	-0.0552368	-0.00854492
0.0744629	-0.0415039	0.032959
0.105286	-0.0201416	0.085144
0.141602	0.00854492	0.150146
0.184937	0.0402832	0.22522
0.230713	0.071106	0.301819
0.271912	0.102844	0.374756
0.296936	0.147095	0.444031
0.307922	0.198669	0.506592
0.312195	0.239258	0.551453
0.30365	0.265503	0.569153
0.272522	0.283813	0.556335
0.216675	0.299072	0.515747
0.144653	0.308838	0.453491
0.0653076	0.307312	0.37262
-0.0164795	0.294189	0.27771
-0.0979614	0.273132	0.175171
-0.172119	0.24353	0.0714111
-0.230103	0.205994	-0.0241089
-0.264282	0.162048	-0.102234
-0.276489	0.117188	-0.159302
-0.270691	0.0747681	-0.195923
-0.249634	0.03479	-0.214844
-0.21637	-0.00274658	-0.219116
-0.177002	-0.03479	-0.211792
-0.137634	-0.0588989	-0.196533
-0.101318	-0.0756836	-0.177002
-0.0717163	-0.0860596	-0.157776
-0.0497437	-0.0924683	-0.142212
-0.0335693	-0.0961304	-0.1297
-0.0241089	-0.0952148	-0.119324
-0.0250244	-0.0872803	-0.112305
-0.0299072	-0.0756836	-0.105591
-0.0314331	-0.065918	-0.0973511
-0.0311279	-0.0592041	-0.090332
-0.0299072	-0.0546265	-0.0845337
-0.0262451	-0.0512695	-0.0775146
-0.0219727	-0.0488281	-0.0708008
-0.0186157	-0.0476074	-0.0662231
-0.0164795	-0.0476074	-0.0640869
-0.0131226	-0.0491333	-0.0622559
-0.00793457	-0.0521851	-0.0601196
-0.00427246	-0.0546265	-0.0588989
-0.00457764	-0.0567627	-0.0613403
-0.00854492	-0.0576782	-0.0662231
-0.0131226	-0.0564575	-0.0695801
-0.0152588	-0.0540161	-0.0692749
-0.0128174	-0.0524902	-0.0653076
-0.00579834	-0.0531006	-0.0588989
0.000610352	-0.0534058	-0.0527954
0.00396729	-0.0509644	-0.0469971
0.00579834	-0.0473022	-0.0415039
0.00701904	-0.0427246	-0.0357056
0.00946045	-0.0387573	-0.0292969
0.0134277	-0.0375366	-0.0241089
0.015564	-0.0375366	-0.0219727
0.0146484	-0.0360107	-0.0213623
0.0112915	-0.0338745	-0.022583
0.00701904	-0.032959	-0.0259399
0.00396729	-0.0341797	-0.0302124
0.00427246	-0.0372314	-0.032959
0.00823975	-0.0427246	-0.0344849
0.0137329	-0.0491333	-0.0354004
0.0170898	-0.0540161	-0.0369263
0.0201416	-0.0582886	-0.038147
0.0247192	-0.0631714	-0.0384521
0.0320435	-0.067749	-0.0357056
0.0384521	-0.071106	-0.0326538
0.0375366	-0.067749	-0.0302124
0.0274658	-0.0564575	-0.0289917
0.0186157	-0.0473022	-0.0286865
0.0149536	-0.0442505	-0.0292969
0.0140381	-0.043335	-0.0292969
0.0140381	-0.0430298	-0.0289917
0.0137329	-0.0424194	-0.0286865
0.0125122	-0.0424194	-0.0299072
0.0131226	-0.0448608	-0.0317383
0.0177002	-0.0509644	-0.0332642
0.0238037	-0.0595093	-0.0357056
0.0299072	-0.0683594	-0.0384521
0.0332642	-0.0741577	-0.0408936
0.0354004	-0.0756836	-0.0402832
0.0363159	-0.0753784	-0.0390625
0.0363159	-0.0744629	-0.038147
0.0360107	-0.0732422	-0.0372314
0.0372314	-0.071106	-0.0338745
0.0393677	-0.0689697	-0.0296021
0.0411987	-0.067749	-0.0265503
0.0421143	-0.0686646	-0.0265503
0.045166	-0.071106	-0.0259399
0.0518799	-0.0732422	-0.0213623
0.0576782	-0.0753784	-0.0177002
0.0601196	-0.0787354	-0.0186157
0.0634766	-0.0823975	-0.0189209
0.0668335	-0.0830078	-0.0161743
0.0695801	-0.0805664	-0.0109863
0.071106	-0.0775146	-0.00640869
0.0732422	-0.0753784	-0.00213623
0.0787354	-0.0759888	0.00274658
0.0866699	-0.0769043	0.00976563
0.0924683	-0.0750732	0.017395
0.0961304	-0.0723267	0.0238037
0.102234	-0.0732422	0.0289917
0.110168	-0.0784302	0.0317383
0.118408	-0.0836182	0.03479
0.126038	-0.0878906	0.038147
0.131531	-0.090332	0.0411987
0.135498	-0.0918579	0.0436401
0.140076	-0.0921631	0.0479126
0.143127	-0.0900269	0.0531006
0.145264	-0.0872803	0.0579834
0.149841	-0.0854492	0.0643921
0.156555	-0.085144	0.0714111
0.162048	-0.0848389	0.0772095
0.1651	-0.0836182	0.0814819
0.167847	-0.0820923	0.0857544
0.170898	-0.0802612	0.0906372
0.170593	-0.0759888	0.0946045
0.169373	-0.071106	0.0982666
0.175171	-0.072937	0.102234
0.185852	-0.0793457	0.106506
0.193787	-0.0830078	0.110779
0.197449	-0.0830078	0.114441
0.19989	-0.0827026	0.117188
0.204163	-0.0830078	0.121155
0.210876	-0.0854492	0.125427
0.218811	-0.0888062	0.130005
0.223389	-0.0909424	0.132446
0.223083	-0.090332	0.132751
0.218506	-0.088501	0.130005
0.212097	-0.0854492	0.126648
0.205078	-0.0814819	0.123596
0.195923	-0.0750732	0.12085
0.184631	-0.0662231	0.118408
0.174255	-0.057373	0.116882
0.161133	-0.0476074	0.113525
0.147705	-0.0384521	0.109253
0.137329	-0.0326538	0.104675
0.127563	-0.027771	0.0997925
0.116272	-0.0219727	0.0942993
0.105591	-0.0177002	0.0878906
0.0982666	-0.0146484	0.0836182
0.0921631	-0.0143433	0.0778198
0.0830078	-0.0164795	0.0665283
0.0741577	-0.0201416	0.0540161
0.0692749	-0.0231934	0.0460815
0.0653076	-0.0271606	0.038147
0.0619507	-0.0311279	0.0308228
0.0619507	-0.0354004	0.0265503
0.0619507	-0.038147	0.0238037
0.057373	-0.0360107	0.0213623
0.0512695	-0.0323486	0.0189209
0.0491333	-0.0332642	0.0158691
0.0497437	-0.0363159	0.0134277
0.0494385	-0.0387573	0.0106812
0.0469971	-0.0405884	0.00640869
0.0408936	-0.0415039	-0.000610352
0.0296021	-0.0402832	-0.0106812
0.0170898	-0.0387573	-0.0216675
0.00549316	-0.0375366	-0.0320435
-0.00305176	-0.0375366	-0.0405884
-0.0106812	-0.0363159	-0.0469971
-0.0189209	-0.0317383	-0.0506592
-0.0268555	-0.0259399	-0.0527954
-0.032959	-0.0204468	-0.0534058
-0.0363159	-0.0161743	-0.0524902
-0.0350952	-0.0149536	-0.0500488
-0.0289917	-0.017395	-0.0463867
-0.0201416	-0.0228882	-0.0430298
-0.0100708	-0.0302124	-0.0402832
-0.00183105	-0.0375366	-0.0393677
0.00305176	-0.0439453	-0.0408936
0.00610352	-0.0500488	-0.0439453
0.00976563	-0.0561523	-0.0463867
0.0131226	-0.0613403	-0.0482178
0.0143433	-0.0634766	-0.0491333
0.012207	-0.062561	-0.050354
0.00793457	-0.0601196	-0.0521851
0.00274658	-0.0564575	-0.0537109
-0.00366211	-0.0527954	-0.0564575
-0.0109863	-0.0494385	-0.0604248
-0.0164795	-0.0466919	-0.0631714
-0.0186157	-0.045166	-0.0637817
-0.0180054	-0.043335	-0.0613403
-0.0167847	-0.0411987	-0.0579834
-0.015564	-0.0387573	-0.0543213
-0.0143433	-0.0375366	-0.0518799
-0.0128174	-0.0372314	-0.0500488
-0.0115967	-0.0366211	-0.0482178
-0.00915527	-0.0360107	-0.045166
-0.00732422	-0.03479	-0.0421143
-0.00762939	-0.0332642	-0.0408936
-0.00854492	-0.0332642	-0.0418091
-0.00915527	-0.03479	-0.0439453
-0.0106812	-0.0360107	-0.0466919
-0.0134277	-0.03479	-0.0482178
-0.0149536	-0.0308228	-0.0457764
-0.0134277	-0.0292969	-0.0427246
-0.00762939	-0.0308228	-0.0384521
-0.00152588	-0.032959	-0.0344849
0	-0.0320435	-0.0320435
-0.000610352	-0.0268555	-0.0274658
0.00152588	-0.0210571	-0.0195313
0.00335693	-0.0158691	-0.0125122
0.00457764	-0.0143433	-0.00976563
0.00549316	-0.0161743	-0.0106812
0.00488281	-0.0192261	-0.0143433
0.00335693	-0.0213623	-0.0180054
0.0012207	-0.022583	-0.0213623
0.000305176	-0.0234985	-0.0231934
0.000610352	-0.0253296	-0.0247192
0.00366211	-0.0308228	-0.0271606
0.00793457	-0.0372314	-0.0292969
0.010376	-0.0415039	-0.0311279
0.0112915	-0.0442505	-0.032959
0.012207	-0.0457764	-0.0335693
0.0131226	-0.045166	-0.0320435
0.015564	-0.0439453	-0.0283813
0.020752	-0.0448608	-0.0241089
0.0265503	-0.0469971	-0.0204468
0.0299072	-0.0485229	-0.0186157
0.0323486	-0.0491333	-0.0167847
0.0350952	-0.0506592	-0.015564
0.0375366	-0.0524902	-0.0149536
0.0375366	-0.0534058	-0.0158691
0.0366211	-0.0534058	-0.0167847
0.0354004	-0.0527954	-0.017395
0.032959	-0.0518799	-0.0189209
0.027771	-0.0500488	-0.0222778
0.0198364	-0.0466919	-0.0268555
0.0119019	-0.0427246	-0.0308228
0.00579834	-0.038147	-0.0323486
0.00305176	-0.03479	-0.0317383
0.00396729	-0.0335693	-0.0296021
0.00793457	-0.0350952	-0.0271606
0.012207	-0.0375366	-0.0253296
0.00946045	-0.0335693	-0.0241089
0.00488281	-0.0262451	-0.0213623
0.00366211	-0.020752	-0.0170898
0.00427246	-0.017395	-0.0131226
0.00335693	-0.0146484	-0.0112915
-0.000610352	-0.0125122	-0.0131226
-0.00335693	-0.0134277	-0.0167847
-0.00274658	-0.0170898	-0.0198364
0	-0.0216675	-0.0216675
0.0012207	-0.0253296	-0.0241089
0.00335693	-0.0292969	-0.0259399
0.0088501	-0.0363159	-0.0274658
0.0161743	-0.0445557	-0.0283813
0.0231934	-0.0518799	-0.0286865
0.0289917	-0.0570679	-0.0280762
0.0332642	-0.06073	-0.0274658
0.0357056	-0.0631714	-0.0274658
0.0344849	-0.0634766	-0.0289917
0.032959	-0.0637817	-0.0308228
0.0308228	-0.0631714	-0.0323486
0.0265503	-0.0613403	-0.03479
0.0210571	-0.0576782	-0.0366211
0.0149536	-0.0534058	-0.0384521
0.010376	-0.0500488	-0.0396729
0.00762939	-0.0482178	-0.0405884
0.00457764	-0.0457764	-0.0411987
-0.000610352	-0.039978	-0.0405884
-0.00488281	-0.0335693	-0.0384521
-0.00732422	-0.0286865	-0.0360107
-0.0088501	-0.0256348	-0.0344849
-0.00915527	-0.0250244	-0.0341797
-0.00946045	-0.0259399	-0.0354004
-0.00976563	-0.0280762	-0.0378418
-0.0088501	-0.0302124	-0.0390625
-0.00762939	-0.032959	-0.0405884
-0.00488281	-0.0372314	-0.0421143
0.000915527	-0.0415039	-0.0405884
0.00335693	-0.0436401	-0.0402832
-0.0012207	-0.0408936	-0.0421143
-0.0106812	-0.0335693	-0.0442505
-0.0177002	-0.027771	-0.0454712
-0.0195313	-0.0262451	-0.0457764
-0.0213623	-0.0253296	-0.0466919
-0.0265503	-0.0238037	-0.050354
-0.0338745	-0.0222778	-0.0561523
-0.0384521	-0.0216675	-0.0601196
-0.0375366	-0.0231934	-0.06073
-0.0332642	-0.0265503	-0.0598145
-0.0314331	-0.0271606	-0.0585938
-0.0292969	-0.0268555	-0.0561523
-0.0238037	-0.0289917	-0.0527954
-0.0158691	-0.032959	-0.0488281
-0.0112915	-0.032959	-0.0442505
-0.010376	-0.0271606	-0.0375366
-0.0109863	-0.0216675	-0.0326538
-0.0125122	-0.0189209	-0.0314331
-0.0180054	-0.0161743	-0.0341797
-0.0259399	-0.0140381	-0.039978
-0.0292969	-0.015564	-0.0448608
-0.0265503	-0.0204468	-0.0469971
-0.0216675	-0.0271606	-0.0488281
-0.0158691	-0.0344849	-0.050354
-0.010376	-0.0402832	-0.0506592
-0.00488281	-0.0442505	-0.0491333
0.00305176	-0.0482178	-0.045166
0.0115967	-0.0512695	-0.0396729
0.0180054	-0.0527954	-0.03479
0.0213623	-0.0515747	-0.0302124
0.0219727	-0.0488281	-0.0268555
0.0192261	-0.0445557	-0.0253296
0.0131226	-0.0396729	-0.0265503
0.00427246	-0.0354004	-0.0311279
-0.00518799	-0.0305176	-0.0357056
-0.0140381	-0.0244141	-0.0384521
-0.0216675	-0.0198364	-0.0415039
-0.0222778	-0.0213623	-0.0436401
-0.0189209	-0.0265503	-0.0454712
-0.0167847	-0.0286865	-0.0454712
-0.0161743	-0.027771	-0.0439453
-0.0143433	-0.0271606	-0.0415039
-0.0119019	-0.0274658	-0.0393677
-0.00946045	-0.0283813	-0.0378418
-0.00518799	-0.0296021	-0.03479
0.00183105	-0.0320435	-0.0302124
0.00915527	-0.0354004	-0.0262451
0.0109863	-0.0372314	-0.0262451
0.00701904	-0.03479	-0.027771
0.00396729	-0.032959	-0.0289917
0.00396729	-0.0338745	-0.0299072
0.00366211	-0.0354004	-0.0317383
0.00152588	-0.0344849	-0.032959
-0.00274658	-0.0305176	-0.0332642
-0.00976563	-0.0259399	-0.0357056
-0.017395	-0.022583	-0.039978
-0.0238037	-0.020752	-0.0445557
-0.0268555	-0.0201416	-0.0469971
-0.0286865	-0.0189209	-0.0476074
-0.0299072	-0.0177002	-0.0476074
-0.0302124	-0.0183105	-0.0485229
-0.0271606	-0.0210571	-0.0482178
-0.0204468	-0.0250244	-0.0454712
-0.0115967	-0.0299072	-0.0415039
-0.00701904	-0.0317383	-0.0387573
-0.0119019	-0.0262451	-0.038147
-0.0198364	-0.0183105	-0.038147
-0.0244141	-0.012207	-0.0366211
-0.0256348	-0.00732422	-0.032959
-0.0250244	-0.00488281	-0.0299072
-0.0244141	-0.00366211	-0.0280762
-0.0253296	-0.00244141	-0.027771
-0.0250244	-0.00335693	-0.0283813
-0.0195313	-0.00854492	-0.0280762
-0.0106812	-0.0167847	-0.0274658
-0.00213623	-0.0250244	-0.0271606
0.00488281	-0.0314331	-0.0265503
0.0106812	-0.03479	-0.0241089
0.0149536	-0.0363159	-0.0213623
0.0143433	-0.03479	-0.0204468
0.0119019	-0.0286865	-0.0167847
0.0119019	-0.0219727	-0.0100708
0.0134277	-0.017395	-0.00396729
0.0143433	-0.0143433	0
0.0146484	-0.0128174	0.00183105
0.0158691	-0.0128174	0.00305176
0.0195313	-0.0137329	0.00579834
0.0238037	-0.0143433	0.00946045
0.0253296	-0.0152588	0.0100708
0.0238037	-0.0183105	0.00549316
0.0189209	-0.0213623	-0.00244141
0.015564	-0.022583	-0.00701904
0.0143433	-0.0228882	-0.00854492
0.0125122	-0.0222778	-0.00976563
0.0119019	-0.0228882	-0.0109863
0.0119019	-0.0244141	-0.0125122
0.0100708	-0.0253296	-0.0152588
0.00915527	-0.0271606	-0.0180054
0.0134277	-0.0296021	-0.0161743
0.0210571	-0.0317383	-0.0106812
0.0247192	-0.0332642	-0.00854492
0.020752	-0.0311279	-0.010376
0.0152588	-0.0271606	-0.0119019
0.0131226	-0.0271606	-0.0140381
0.0125122	-0.0302124	-0.0177002
0.00976563	-0.0323486	-0.022583
0.00366211	-0.032959	-0.0292969
-0.00549316	-0.0320435	-0.0375366
-0.015564	-0.0311279	-0.0466919
-0.0241089	-0.032959	-0.0570679
-0.0286865	-0.0378418	-0.0665283
-0.0296021	-0.0436401	-0.0732422
-0.0292969	-0.0491333	-0.0784302
-0.0283813	-0.0549316	-0.083313
-0.0259399	-0.0595093	-0.0854492
-0.0250244	-0.0604248	-0.0854492
-0.0250244	-0.0595093	-0.0845337
-0.022583	-0.0598145	-0.0823975
-0.0158691	-0.0616455	-0.0775146
-0.00793457	-0.0628662	-0.0708008
-0.00396729	-0.0616455	-0.0656128
-0.00457764	-0.0582886	-0.0628662
-0.00854492	-0.0537109	-0.0622559
-0.0137329	-0.0482178	-0.0619507
-0.0183105	-0.043335	-0.0616455
-0.0201416	-0.039978	-0.0601196
-0.0204468	-0.0375366	-0.0579834
-0.0216675	-0.0350952	-0.0567627
-0.0228882	-0.032959	-0.0558472
-0.0222778	-0.0323486	-0.0546265
-0.0204468	-0.0326538	-0.0531006
-0.0180054	-0.0332642	-0.0512695
-0.0161743	-0.0332642	-0.0494385
-0.0152588	-0.0326538	-0.0479126
-0.0143433	-0.0317383	-0.0460815
-0.0140381	-0.0308228	-0.0448608
-0.0183105	-0.0283813	-0.0466919
-0.0238037	-0.0262451	-0.0500488
-0.0231934	-0.0265503	-0.0497437
-0.0204468	-0.027771	-0.0482178
-0.0204468	-0.027771	-0.0482178
-0.0192261	-0.0305176	-0.0497437
-0.0152588	-0.0366211	-0.0518799
-0.010376	-0.0424194	-0.0527954
-0.0012207	-0.050354	-0.0515747
0.0137329	-0.0588989	-0.045166
0.0308228	-0.0619507	-0.0311279
0.0500488	-0.0595093	-0.00946045
0.0726318	-0.050354	0.0222778
0.0997925	-0.03479	0.0650024
0.131226	-0.0125122	0.118713
0.172119	0.0146484	0.186768
0.219421	0.0469971	0.266418
0.265503	0.0857544	0.351257
0.306091	0.13031	0.436401
0.339661	0.177612	0.517273
0.36377	0.223999	0.587769
0.373535	0.265198	0.638733
0.36438	0.298462	0.662842
0.332642	0.325623	0.658264
0.27832	0.34729	0.62561
0.206299	0.358887	0.565186
0.125122	0.357971	0.483093
0.043335	0.343018	0.386353
-0.0335693	0.315552	0.281982
-0.100403	0.2771	0.176697
-0.151367	0.231018	0.0796509
-0.184937	0.178223	-0.00671387
-0.200806	0.122375	-0.0784302
-0.198975	0.067749	-0.131226
-0.180969	0.017395	-0.163574
-0.14801	-0.0268555	-0.174866
-0.110168	-0.0616455	-0.171814
-0.0756836	-0.085144	-0.160828
-0.0485229	-0.0982666	-0.14679
-0.027771	-0.103149	-0.13092
-0.0137329	-0.100708	-0.114441
-0.00518799	-0.0924683	-0.0976563
-0.000610352	-0.0817871	-0.0823975
-0.000915527	-0.0701904	-0.071106
-0.00518799	-0.0576782	-0.0628662
-0.0100708	-0.0466919	-0.0567627
-0.0100708	-0.0415039	-0.0515747
-0.00732422	-0.0402832	-0.0476074
-0.00610352	-0.0393677	-0.0454712
-0.0012207	-0.0393677	-0.0405884
0.00671387	-0.0408936	-0.0341797
0.015564	-0.0439453	-0.0283813
0.0231934	-0.0479126	-0.0247192
0.0305176	-0.0527954	-0.0222778
0.0357056	-0.0564575	-0.020752
0.0354004	-0.0558472	-0.0204468
0.0308228	-0.0521851	-0.0213623
0.0231934	-0.0463867	-0.0231934
0.0158691	-0.0415039	-0.0256348
0.0115967	-0.0402832	-0.0286865
0.0109863	-0.0430298	-0.0320435
0.0115967	-0.0460815	-0.0344849
0.00854492	-0.0442505	-0.0357056
0.00640869	-0.0430298	-0.0366211
0.00732422	-0.045166	-0.0378418
0.00915527	-0.0469971	-0.0378418
0.0109863	-0.0457764	-0.03479
0.0137329	-0.0448608	-0.0311279
0.0170898	-0.0439453	-0.0268555
0.0198364	-0.0427246	-0.0228882
0.0222778	-0.0408936	-0.0186157
0.0244141	-0.0387573	-0.0143433
0.0265503	-0.0378418	-0.0112915
0.0299072	-0.0393677	-0.00946045
0.0354004	-0.0430298	-0.00762939
0.0390625	-0.0463867	-0.00732422
0.0408936	-0.0494385	-0.00854492
0.0418091	-0.0515747	-0.00976563
0.0411987	-0.0534058	-0.012207
0.0366211	-0.0543213	-0.0177002
0.0338745	-0.0543213	-0.0204468
0.0360107	-0.0524902	-0.0164795
0.0375366	-0.0497437	-0.012207
0.0375366	-0.0473022	-0.00976563
0.0411987	-0.0463867	-0.00518799
0.0473022	-0.0469971	0.000305176
0.0531006	-0.0473022	0.00579834
0.0564575	-0.0457764	0.0106812
0.0582886	-0.0445557	0.0137329
0.0582886	-0.045166	0.0131226
0.0567627	-0.0463867	0.010376
0.0552368	-0.0473022	0.00793457
0.0506592	-0.0457764	0.00488281
0.0421143	-0.0427246	-0.000610352
0.0332642	-0.0402832	-0.00701904
0.0280762	-0.0396729	-0.0115967
0.0262451	-0.0393677	-0.0131226
0.0265503	-0.0405884	-0.0140381
0.0299072	-0.043335	-0.0134277
0.0344849	-0.0460815	-0.0115967
0.0369263	-0.0476074	-0.0106812
0.038147	-0.0488281	-0.0106812
0.0387573	-0.0497437	-0.0109863
0.039978	-0.0506592	-0.0106812
0.0424194	-0.0537109	-0.0112915
0.0454712	-0.057373	-0.0119019
0.0491333	-0.0595093	-0.010376
0.0518799	-0.0576782	-0.00579834
0.0552368	-0.0558472	-0.000610352
0.0613403	-0.0579834	0.00335693
0.067749	-0.0604248	0.00732422
0.0750732	-0.0631714	0.0119019
0.0842285	-0.0671387	0.0170898
0.0906372	-0.067749	0.0228882
0.0939941	-0.0668335	0.0271606
0.0991821	-0.0683594	0.0308228
0.106201	-0.072937	0.0332642
0.112915	-0.0775146	0.0354004
0.117798	-0.0805664	0.0372314
0.12207	-0.0823975	0.0396729
0.127258	-0.0848389	0.0424194
0.133362	-0.088501	0.0448608
0.140076	-0.0921631	0.0479126
0.145569	-0.0939941	0.0515747
0.149536	-0.0933838	0.0561523
0.154419	-0.0918579	0.062561
0.158997	-0.0906372	0.0683594
0.160522	-0.088501	0.0720215
0.158997	-0.0848389	0.0741577
0.158081	-0.0802612	0.0778198
0.158081	-0.0750732	0.0830078
0.160828	-0.0704956	0.090332
0.166321	-0.067749	0.0985718
0.170898	-0.0665283	0.10437
0.173645	-0.0656128	0.108032
0.177002	-0.0646973	0.112305
0.183411	-0.0643921	0.119019
0.192871	-0.0653076	0.127563
0.198975	-0.0646973	0.134277
0.198975	-0.0610352	0.137939
0.198059	-0.0576782	0.140381
0.198975	-0.055542	0.143433
0.197144	-0.0506592	0.146484
0.185547	-0.0372314	0.148315
0.166931	-0.0201416	0.14679
0.154419	-0.0119019	0.142517
0.146179	-0.00946045	0.136719
0.138245	-0.00793457	0.13031
0.130005	-0.00610352	0.123901
0.121765	-0.00396729	0.117798
0.115051	-0.00396729	0.111084
0.109863	-0.00640869	0.103455
0.108032	-0.0109863	0.0970459
0.108948	-0.017395	0.0915527
0.108643	-0.0228882	0.0857544
0.10437	-0.0253296	0.0790405
0.0973511	-0.0262451	0.071106
0.0881958	-0.0250244	0.0631714
0.0775146	-0.022583	0.0549316
0.0656128	-0.0198364	0.0457764
0.0531006	-0.0167847	0.0363159
0.039978	-0.0140381	0.0259399
0.0280762	-0.0119019	0.0161743
0.0192261	-0.012207	0.00701904
0.0131226	-0.0134277	-0.000305176
0.00762939	-0.0140381	-0.00640869
0.00396729	-0.0149536	-0.0109863
0.00183105	-0.0164795	-0.0146484
-0.000305176	-0.0180054	-0.0183105
-0.00366211	-0.0192261	-0.0228882
-0.00701904	-0.020752	-0.027771
-0.00915527	-0.0216675	-0.0308228
-0.0131226	-0.0192261	-0.0323486
-0.0186157	-0.015564	-0.0341797
-0.0219727	-0.0146484	-0.0366211
-0.0234985	-0.0158691	-0.0393677
-0.0231934	-0.0186157	-0.0418091
-0.0231934	-0.0210571	-0.0442505
-0.0234985	-0.0231934	-0.0466919
-0.0228882	-0.0256348	-0.0485229
-0.0192261	-0.0292969	-0.0485229
-0.0146484	-0.0335693	-0.0482178
-0.0112915	-0.0375366	-0.0488281
-0.00976563	-0.0402832	-0.0500488
-0.0112915	-0.0405884	-0.0518799
-0.0164795	-0.0369263	-0.0534058
-0.0219727	-0.0326538	-0.0546265
-0.0265503	-0.0283813	-0.0549316
-0.027771	-0.0241089	-0.0518799
-0.0280762	-0.0192261	-0.0473022
-0.0302124	-0.0149536	-0.045166
-0.0320435	-0.0119019	-0.0439453
-0.0308228	-0.012207	-0.0430298
-0.0280762	-0.0146484	-0.0427246
-0.0253296	-0.0170898	-0.0424194
-0.0247192	-0.0189209	-0.0436401
-0.0238037	-0.020752	-0.0445557
-0.0228882	-0.0231934	-0.0460815
-0.0219727	-0.0250244	-0.0469971
-0.0222778	-0.0259399	-0.0482178
-0.0241089	-0.0259399	-0.0500488
-0.0271606	-0.0244141	-0.0515747
-0.0299072	-0.020752	-0.0506592
-0.0302124	-0.0180054	-0.0482178
-0.027771	-0.0177002	-0.0454712
-0.0247192	-0.017395	-0.0421143
-0.0219727	-0.0170898	-0.0390625
-0.0192261	-0.0170898	-0.0363159
-0.0170898	-0.0161743	-0.0332642
-0.015564	-0.0146484	-0.0302124
-0.0158691	-0.0119019	-0.027771
-0.0170898	-0.0109863	-0.0280762
-0.0158691	-0.0128174	-0.0286865
-0.0143433	-0.0143433	-0.0286865
-0.0152588	-0.0134277	-0.0286865
-0.017395	-0.0100708	-0.0274658
-0.0177002	-0.00793457	-0.0256348
-0.0177002	-0.00701904	-0.0247192
-0.0201416	-0.00396729	-0.0241089
-0.022583	-0.00183105	-0.0244141
-0.0231934	-0.000915527	-0.0241089
-0.0201416	-0.00305176	-0.0231934
-0.0143433	-0.00671387	-0.0210571
-0.00915527	-0.00976563	-0.0189209
-0.00671387	-0.0106812	-0.017395
-0.00427246	-0.0119019	-0.0161743
0.000915527	-0.0161743	-0.0152588
0.00701904	-0.0213623	-0.0143433
0.0128174	-0.0259399	-0.0131226
0.0201416	-0.0314331	-0.0112915
0.0302124	-0.039978	-0.00976563
0.0384521	-0.0479126	-0.00946045
0.0408936	-0.0515747	-0.0106812
0.0405884	-0.0527954	-0.012207
0.0427246	-0.0549316	-0.012207
0.043335	-0.0549316	-0.0115967
0.0387573	-0.0512695	-0.0125122
0.0320435	-0.0454712	-0.0134277
0.0222778	-0.0375366	-0.0152588
0.0112915	-0.0289917	-0.0177002
0.00213623	-0.0198364	-0.0177002
-0.00488281	-0.0119019	-0.0167847
-0.00640869	-0.00640869	-0.0128174
-0.00427246	-0.00396729	-0.00823975
0.000610352	-0.00427246	-0.00366211
0.00701904	-0.00701904	0
0.015564	-0.012207	0.00335693
0.0268555	-0.0186157	0.00823975
0.0363159	-0.0253296	0.0109863
0.0427246	-0.0308228	0.0119019
0.0463867	-0.03479	0.0115967
0.0469971	-0.0360107	0.0109863
0.0445557	-0.03479	0.00976563
0.0375366	-0.0308228	0.00671387
0.0259399	-0.0259399	0
0.0115967	-0.020752	-0.00915527
-0.0012207	-0.0161743	-0.017395
-0.00762939	-0.0137329	-0.0213623
-0.00823975	-0.0131226	-0.0213623
-0.00793457	-0.0137329	-0.0216675
-0.00946045	-0.0140381	-0.0234985
-0.0125122	-0.0125122	-0.0250244
-0.0137329	-0.0115967	-0.0253296
-0.0134277	-0.0115967	-0.0250244
-0.0100708	-0.0131226	-0.0231934
-0.00213623	-0.0189209	-0.0210571
0.00762939	-0.0268555	-0.0192261
0.0149536	-0.0338745	-0.0189209
0.0158691	-0.0360107	-0.0201416
0.0106812	-0.0332642	-0.022583
0.00701904	-0.0326538	-0.0256348
0.00823975	-0.0357056	-0.0274658
0.0119019	-0.0408936	-0.0289917
0.0143433	-0.045166	-0.0308228
0.0128174	-0.0463867	-0.0335693
0.010376	-0.0460815	-0.0357056
0.0088501	-0.0457764	-0.0369263
0.00793457	-0.0442505	-0.0363159
0.00610352	-0.0418091	-0.0357056
0.00457764	-0.0408936	-0.0363159
0.00335693	-0.0411987	-0.0378418
0.00213623	-0.0421143	-0.039978
0.000915527	-0.0424194	-0.0415039
-0.00183105	-0.0418091	-0.0436401
-0.00518799	-0.039978	-0.045166
-0.00976563	-0.0390625	-0.0488281
-0.0140381	-0.039978	-0.0540161
-0.0189209	-0.0390625	-0.0579834
-0.0247192	-0.03479	-0.0595093
-0.027771	-0.0317383	-0.0595093
-0.0286865	-0.0311279	-0.0598145
-0.0268555	-0.0320435	-0.0588989
-0.022583	-0.032959	-0.055542
-0.0186157	-0.0320435	-0.0506592
-0.0158691	-0.0296021	-0.0454712
-0.0143433	-0.0280762	-0.0424194
-0.0119019	-0.0280762	-0.039978
-0.010376	-0.0299072	-0.0402832
-0.0112915	-0.0332642	-0.0445557
-0.0119019	-0.0366211	-0.0485229
-0.010376	-0.0387573	-0.0491333
-0.0088501	-0.0402832	-0.0491333
-0.0109863	-0.039978	-0.0509644
-0.0177002	-0.0384521	-0.0561523
-0.0247192	-0.0344849	-0.0592041
-0.0289917	-0.0302124	-0.0592041
-0.0292969	-0.0271606	-0.0564575
-0.027771	-0.0247192	-0.0524902
-0.0296021	-0.0201416	-0.0497437
-0.0387573	-0.00976563	-0.0485229
-0.0488281	0.000305176	-0.0485229
-0.0534058	0.00335693	-0.0500488
-0.0518799	0	-0.0518799
-0.0506592	-0.00396729	-0.0546265
-0.0537109	-0.00396729	-0.0576782
-0.0582886	-0.00213623	-0.0604248
-0.0595093	-0.00366211	-0.0631714
-0.0549316	-0.0106812	-0.0656128
-0.0466919	-0.0213623	-0.0680542
-0.0384521	-0.0311279	-0.0695801
-0.0326538	-0.0384521	-0.071106
-0.0296021	-0.0427246	-0.0723267
-0.0268555	-0.045166	-0.0720215
-0.0256348	-0.0454712	-0.071106
-0.0268555	-0.0445557	-0.0714111
-0.0271606	-0.0439453	-0.071106
-0.0271606	-0.043335	-0.0704956
-0.0292969	-0.0415039	-0.0708008
-0.0326538	-0.038147	-0.0708008
-0.0363159	-0.03479	-0.071106
-0.038147	-0.0317383	-0.0698853
-0.0396729	-0.0299072	-0.0695801
-0.0415039	-0.0296021	-0.071106
-0.0436401	-0.0299072	-0.0735474
-0.0466919	-0.0302124	-0.0769043
-0.050354	-0.0305176	-0.0808716
-0.0534058	-0.0305176	-0.0839233
-0.055542	-0.0302124	-0.0857544
-0.0582886	-0.0289917	-0.0872803
-0.0634766	-0.0271606	-0.0906372
-0.0689697	-0.0247192	-0.093689
-0.072937	-0.0228882	-0.0958252
-0.0756836	-0.0216675	-0.0973511
-0.0769043	-0.0210571	-0.0979614
-0.0778198	-0.020752	-0.0985718
-0.0772095	-0.0210571	-0.0982666
-0.0726318	-0.020752	-0.0933838
-0.0662231	-0.0192261	-0.0854492
-0.0622559	-0.0170898	-0.0793457
-0.0592041	-0.0164795	-0.0756836
-0.0561523	-0.0177002	-0.0738525
-0.0518799	-0.020752	-0.0726318
-0.045166	-0.0238037	-0.0689697
-0.0375366	-0.0262451	-0.0637817
-0.0320435	-0.0286865	-0.06073
-0.0311279	-0.0305176	-0.0616455
-0.0366211	-0.0292969	-0.065918
-0.0473022	-0.0231934	-0.0704956
-0.0534058	-0.0192261	-0.0726318
-0.0524902	-0.0216675	-0.0741577
-0.0515747	-0.0244141	-0.0759888
-0.0592041	-0.0186157	-0.0778198
-0.0714111	-0.00915527	-0.0805664
-0.0796509	-0.00427246	-0.0839233
-0.083313	-0.00213623	-0.0854492
-0.0857544	-0.000305176	-0.0860596
-0.0860596	-0.000915527	-0.0869751
-0.0839233	-0.00610352	-0.0900269
-0.0793457	-0.0143433	-0.093689
-0.071106	-0.022583	-0.093689
-0.0613403	-0.0292969	-0.0906372
-0.0531006	-0.0350952	-0.0881958
-0.0466919	-0.0408936	-0.0875854
-0.039978	-0.0466919	-0.0866699
-0.0326538	-0.0515747	-0.0842285
-0.0259399	-0.0546265	-0.0805664
-0.0222778	-0.055542	-0.0778198
-0.0216675	-0.0534058	-0.0750732
-0.0238037	-0.0497437	-0.0735474
-0.0283813	-0.0448608	-0.0732422
-0.0357056	-0.038147	-0.0738525
-0.0427246	-0.0311279	-0.0738525
-0.0479126	-0.0247192	-0.0726318
-0.0512695	-0.0195313	-0.0708008
-0.0537109	-0.0146484	-0.0683594
-0.0564575	-0.0106812	-0.0671387
-0.0570679	-0.00793457	-0.0650024
-0.0552368	-0.00549316	-0.06073
-0.0524902	-0.00335693	-0.0558472
-0.0500488	-0.00274658	-0.0527954
-0.0479126	-0.00274658	-0.0506592
-0.0457764	-0.00335693	-0.0491333
-0.0439453	-0.00488281	-0.0488281
-0.0415039	-0.00671387	-0.0482178
-0.0393677	-0.00793457	-0.0473022
-0.0390625	-0.00823975	-0.0473022
-0.0402832	-0.00976563	-0.0500488
-0.0427246	-0.0131226	-0.0558472
-0.0473022	-0.0149536	-0.0622559
-0.0543213	-0.0115967	-0.065918
-0.0601196	-0.00701904	-0.0671387
-0.0616455	-0.00427246	-0.065918
-0.0582886	-0.00427246	-0.062561
-0.0494385	-0.00701904	-0.0564575
-0.0363159	-0.012207	-0.0485229
-0.0231934	-0.0180054	-0.0411987
-0.0119019	-0.022583	-0.0344849
-0.00305176	-0.0244141	-0.0274658
0.00396729	-0.0259399	-0.0219727
0.0109863	-0.0305176	-0.0195313
0.0167847	-0.0360107	-0.0192261
0.0189209	-0.0402832	-0.0213623
0.015564	-0.0418091	-0.0262451
0.00701904	-0.0402832	-0.0332642
-0.00488281	-0.0369263	-0.0418091
-0.0170898	-0.0335693	-0.0506592
-0.0280762	-0.0314331	-0.0595093
-0.0372314	-0.0305176	-0.067749
-0.0439453	-0.0305176	-0.0744629
-0.0479126	-0.0311279	-0.0790405
-0.050354	-0.0326538	-0.0830078
-0.0515747	-0.0338745	-0.0854492
-0.0537109	-0.0350952	-0.0888062
-0.0567627	-0.0363159	-0.0930786
-0.0604248	-0.0375366	-0.0979614
-0.0631714	-0.0390625	-0.102234
-0.0643921	-0.0405884	-0.10498
-0.065918	-0.0415039	-0.107422
-0.067749	-0.0418091	-0.109558
-0.0689697	-0.0418091	-0.110779
-0.0698853	-0.0421143	-0.112
-0.0717163	-0.0415039	-0.11322
-0.0747681	-0.0387573	-0.113525
-0.0769043	-0.0354004	-0.112305
-0.0765991	-0.0341797	-0.110779
-0.0744629	-0.03479	-0.109253
-0.0714111	-0.0363159	-0.107727
-0.0714111	-0.0357056	-0.107117
-0.0744629	-0.032959	-0.107422
-0.0787354	-0.0286865	-0.107422
-0.0784302	-0.0271606	-0.105591
-0.0720215	-0.0311279	-0.103149
-0.065918	-0.0357056	-0.101624
-0.0637817	-0.0378418	-0.101624
-0.0640869	-0.0375366	-0.101624
-0.0668335	-0.0344849	-0.101318
-0.0692749	-0.0311279	-0.100403
-0.0680542	-0.0314331	-0.0994873
-0.065918	-0.0357056	-0.101624
-0.0671387	-0.038147	-0.105286
-0.0753784	-0.0323486	-0.107727
-0.0894165	-0.0204468	-0.109863
-0.0991821	-0.0125122	-0.111694
-0.0997925	-0.0115967	-0.111389
-0.0967407	-0.0143433	-0.111084
-0.0921631	-0.0186157	-0.110779
-0.0860596	-0.0228882	-0.108948
-0.0784302	-0.027771	-0.106201
-0.0665283	-0.03479	-0.101318
-0.0448608	-0.0445557	-0.0894165
-0.0137329	-0.0546265	-0.0683594
0.0201416	-0.0601196	-0.039978
0.0521851	-0.0552368	-0.00305176
0.0848389	-0.0387573	0.0460815
0.120239	-0.0137329	0.106506
0.159912	0.0180054	0.177917
0.201111	0.0561523	0.257263
0.239258	0.100098	0.339355
0.267639	0.152893	0.420532
0.280151	0.214539	0.49469
0.27832	0.274048	0.552368
0.261841	0.325012	0.586853
0.227966	0.366211	0.594177
0.176392	0.396729	0.57312
0.110474	0.415955	0.526428
0.0372314	0.419617	0.456848
-0.038147	0.407104	0.368958
-0.110168	0.377197	0.267029
-0.173035	0.332947	0.159912
-0.222473	0.27832	0.0558472
-0.255127	0.216675	-0.0384521
-0.26886	0.151672	-0.117188
-0.264893	0.0866699	-0.178223
-0.246582	0.0265503	-0.220032
-0.219116	-0.0247192	-0.243835
-0.188599	-0.0634766	-0.252075
-0.158691	-0.0894165	-0.248108
-0.131531	-0.103455	-0.234985
-0.108032	-0.108337	-0.21637
-0.0891113	-0.106506	-0.195618
-0.0762939	-0.0970459	-0.17334
-0.072937	-0.0805664	-0.153503
-0.0738525	-0.0646973	-0.13855
-0.0762939	-0.0506592	-0.126953
-0.0820923	-0.0357056	-0.117798
-0.0854492	-0.0253296	-0.110779
-0.0836182	-0.0222778	-0.105896
-0.0827026	-0.0216675	-0.10437
-0.0854492	-0.0201416	-0.105591
-0.0909424	-0.015564	-0.106506
-0.093689	-0.0128174	-0.106506
-0.0891113	-0.0183105	-0.107422
-0.0817871	-0.0286865	-0.110474
-0.0738525	-0.039978	-0.113831
-0.0683594	-0.0482178	-0.116577
-0.0650024	-0.0509644	-0.115967
-0.0601196	-0.0512695	-0.111389
-0.0531006	-0.0527954	-0.105896
-0.045166	-0.0549316	-0.100098
-0.0369263	-0.0570679	-0.0939941
-0.0296021	-0.0570679	-0.0866699
-0.0262451	-0.055542	-0.0817871
-0.0271606	-0.0512695	-0.0784302
-0.0286865	-0.0448608	-0.0735474
-0.0283813	-0.0390625	-0.0674438
-0.0302124	-0.0335693	-0.0637817
-0.0360107	-0.0274658	-0.0634766
-0.0411987	-0.0238037	-0.0650024
-0.0436401	-0.0244141	-0.0680542
-0.0463867	-0.0262451	-0.0726318
-0.0515747	-0.0271606	-0.0787354
-0.0546265	-0.0274658	-0.0820923
-0.0549316	-0.0274658	-0.0823975
-0.0534058	-0.027771	-0.0811768
-0.0518799	-0.0283813	-0.0802612
-0.0497437	-0.0296021	-0.0793457
-0.0482178	-0.0296021	-0.0778198
-0.0466919	-0.0280762	-0.0747681
-0.043335	-0.0265503	-0.0698853
-0.0402832	-0.0253296	-0.0656128
-0.0378418	-0.0244141	-0.0622559
-0.0366211	-0.0234985	-0.0601196
-0.0357056	-0.0222778	-0.0579834
-0.0369263	-0.0204468	-0.057373
-0.0411987	-0.0177002	-0.0588989
-0.045166	-0.0158691	-0.0610352
-0.0485229	-0.0149536	-0.0634766
-0.0500488	-0.0161743	-0.0662231
-0.0527954	-0.015564	-0.0683594
-0.0561523	-0.0143433	-0.0704956
-0.0543213	-0.0177002	-0.0720215
-0.0482178	-0.0234985	-0.0717163
-0.0436401	-0.0286865	-0.0723267
-0.0396729	-0.0335693	-0.0732422
-0.0341797	-0.0387573	-0.072937
-0.0292969	-0.0424194	-0.0717163
-0.0268555	-0.0439453	-0.0708008
-0.0265503	-0.043335	-0.0698853
-0.0253296	-0.0424194	-0.067749
-0.0231934	-0.0421143	-0.0653076
-0.0213623	-0.0427246	-0.0640869
-0.0198364	-0.0424194	-0.0622559
-0.0177002	-0.0424194	-0.0601196
-0.015564	-0.0436401	-0.0592041
-0.0119019	-0.0466919	-0.0585938
-0.00610352	-0.0515747	-0.0576782
0.000610352	-0.057373	-0.0567627
0.00823975	-0.0637817	-0.055542
0.0180054	-0.0692749	-0.0512695
0.0265503	-0.071106	-0.0445557
0.0286865	-0.0680542	-0.0393677
0.0289917	-0.065918	-0.0369263
0.0296021	-0.0640869	-0.0344849
0.0308228	-0.0616455	-0.0308228
0.0341797	-0.0592041	-0.0250244
0.038147	-0.0570679	-0.0189209
0.0421143	-0.0552368	-0.0131226
0.0463867	-0.0543213	-0.00793457
0.0506592	-0.0552368	-0.00457764
0.0567627	-0.0564575	0.000305176
0.0622559	-0.0570679	0.00518799
0.0656128	-0.0558472	0.00976563
0.071106	-0.055542	0.015564
0.0765991	-0.0567627	0.0198364
0.0796509	-0.0552368	0.0244141
0.0823975	-0.0521851	0.0302124
0.0863647	-0.0500488	0.0363159
0.0881958	-0.0473022	0.0408936
0.0881958	-0.0427246	0.0454712
0.0869751	-0.0369263	0.0500488
0.085144	-0.0320435	0.0531006
0.085144	-0.0302124	0.0549316
0.0894165	-0.0305176	0.0588989
0.0973511	-0.0323486	0.0650024
0.106506	-0.0363159	0.0701904
0.111389	-0.0360107	0.0753784
0.109863	-0.0292969	0.0805664
0.108948	-0.0253296	0.0836182
0.111084	-0.0256348	0.0854492
0.118408	-0.0280762	0.090332
0.127869	-0.0292969	0.0985718
0.133667	-0.0280762	0.105591
0.133972	-0.0247192	0.109253
0.1297	-0.0195313	0.110168
0.123596	-0.0137329	0.109863
0.117493	-0.0088501	0.108643
0.11261	-0.00640869	0.106201
0.109558	-0.00701904	0.102539
0.106812	-0.00854492	0.0982666
0.101013	-0.00793457	0.0930786
0.0921631	-0.00518799	0.0869751
0.0802612	-0.000305176	0.0799561
0.0668335	0.00579834	0.0726318
0.0558472	0.00793457	0.0637817
0.0485229	0.00640869	0.0549316
0.043335	0.00427246	0.0476074
0.0384521	0.00305176	0.0415039
0.0314331	0.00213623	0.0335693
0.0234985	0.000915527	0.0244141
0.0170898	-0.0012207	0.0158691
0.0134277	-0.00427246	0.00915527
0.0106812	-0.00732422	0.00335693
0.00701904	-0.0100708	-0.00305176
0.00213623	-0.0119019	-0.00976563
-0.00305176	-0.0125122	-0.015564
-0.00793457	-0.0128174	-0.020752
-0.0137329	-0.0128174	-0.0265503
-0.0238037	-0.00976563	-0.0335693
-0.0363159	-0.00457764	-0.0408936
-0.0494385	0.00152588	-0.0479126
-0.0588989	0.00549316	-0.0534058
-0.0640869	0.00823975	-0.0558472
-0.0686646	0.010376	-0.0582886
-0.0732422	0.012207	-0.0610352
-0.0735474	0.0109863	-0.062561
-0.0704956	0.00640869	-0.0640869
-0.0674438	0.00152588	-0.065918
-0.0588989	-0.00762939	-0.0665283
-0.0457764	-0.0204468	-0.0662231
-0.0418091	-0.0238037	-0.0656128
-0.0457764	-0.020752	-0.0665283
-0.0500488	-0.0189209	-0.0689697
-0.0524902	-0.0201416	-0.0726318
-0.0558472	-0.020752	-0.0765991
-0.062561	-0.0183105	-0.0808716
-0.072937	-0.012207	-0.085144
-0.0839233	-0.00366211	-0.0875854
-0.0927734	0.00488281	-0.0878906
-0.0964355	0.00946045	-0.0869751
-0.0958252	0.00793457	-0.0878906
-0.0933838	0.00305176	-0.090332
-0.0881958	-0.00274658	-0.0909424
-0.0796509	-0.00762939	-0.0872803
-0.0714111	-0.0115967	-0.0830078
-0.0656128	-0.0152588	-0.0808716
-0.0604248	-0.0186157	-0.0790405
-0.0576782	-0.0213623	-0.0790405
-0.0567627	-0.0234985	-0.0802612
-0.0564575	-0.0241089	-0.0805664
-0.0564575	-0.0234985	-0.0799561
-0.0576782	-0.0219727	-0.0796509
-0.0592041	-0.0201416	-0.0793457
-0.0616455	-0.0180054	-0.0796509
-0.0637817	-0.0149536	-0.0787354
-0.0640869	-0.0106812	-0.0747681
-0.0637817	-0.00549316	-0.0692749
-0.0622559	-0.00274658	-0.0650024
-0.0579834	-0.00335693	-0.0613403
-0.0531006	-0.00457764	-0.0576782
-0.0509644	-0.00457764	-0.055542
-0.0506592	-0.00518799	-0.0558472
-0.0497437	-0.00701904	-0.0567627
-0.0488281	-0.00946045	-0.0582886
-0.0479126	-0.0128174	-0.06073
-0.0473022	-0.0164795	-0.0637817
-0.0476074	-0.0192261	-0.0668335
-0.0488281	-0.0201416	-0.0689697
-0.0506592	-0.0201416	-0.0708008
-0.0531006	-0.0189209	-0.0720215
-0.0570679	-0.0158691	-0.072937
-0.062561	-0.0112915	-0.0738525
-0.0717163	-0.00427246	-0.0759888
-0.0817871	0.00305176	-0.0787354
-0.0869751	0.00671387	-0.0802612
-0.0845337	0.00640869	-0.078125
-0.078125	0.00488281	-0.0732422
-0.0744629	0.00488281	-0.0695801
-0.0735474	0.00579834	-0.067749
-0.072937	0.00579834	-0.0671387
-0.0701904	0.00518799	-0.0650024
-0.0628662	0.0012207	-0.0616455
-0.0518799	-0.00640869	-0.0582886
-0.0402832	-0.0152588	-0.055542
-0.0326538	-0.0216675	-0.0543213
-0.032959	-0.022583	-0.055542
-0.0369263	-0.0213623	-0.0582886
-0.0408936	-0.0216675	-0.062561
-0.0424194	-0.0238037	-0.0662231
-0.0402832	-0.0253296	-0.0656128
-0.039978	-0.0244141	-0.0643921
-0.0427246	-0.0216675	-0.0643921
-0.0442505	-0.0192261	-0.0634766
-0.0439453	-0.017395	-0.0613403
-0.0439453	-0.015564	-0.0595093
-0.0436401	-0.0152588	-0.0588989
-0.0427246	-0.0158691	-0.0585938
-0.0415039	-0.0152588	-0.0567627
-0.0390625	-0.0149536	-0.0540161
-0.0366211	-0.0149536	-0.0515747
-0.0357056	-0.015564	-0.0512695
-0.0363159	-0.015564	-0.0518799
-0.0372314	-0.0149536	-0.0521851
-0.0375366	-0.0146484	-0.0521851
-0.0390625	-0.0140381	-0.0531006
-0.0430298	-0.0137329	-0.0567627
-0.0485229	-0.0140381	-0.062561
-0.0521851	-0.0149536	-0.0671387
-0.0527954	-0.0167847	-0.0695801
-0.0531006	-0.0189209	-0.0720215
-0.0549316	-0.0201416	-0.0750732
-0.0558472	-0.020752	-0.0765991
-0.0537109	-0.020752	-0.0744629
-0.050354	-0.0192261	-0.0695801
-0.0476074	-0.0164795	-0.0640869
-0.045166	-0.0134277	-0.0585938
-0.043335	-0.0100708	-0.0534058
-0.0402832	-0.00854492	-0.0488281
-0.0363159	-0.00854492	-0.0448608
-0.0366211	-0.00579834	-0.0424194
-0.0430298	-0.000305176	-0.043335
-0.0537109	0.00732422	-0.0463867
-0.0619507	0.0119019	-0.0500488
-0.0631714	0.0100708	-0.0531006
-0.06073	0.00488281	-0.0558472
-0.0567627	-0.00244141	-0.0592041
-0.0531006	-0.00915527	-0.0622559
-0.0494385	-0.0143433	-0.0637817
-0.0405884	-0.0228882	-0.0634766
-0.027771	-0.0354004	-0.0631714
-0.0149536	-0.0488281	-0.0637817
-0.00244141	-0.0616455	-0.0640869
0.00671387	-0.0698853	-0.0631714
0.0106812	-0.072937	-0.0622559
0.00976563	-0.0714111	-0.0616455
0.00396729	-0.0668335	-0.0628662
-0.00427246	-0.0604248	-0.0646973
-0.0106812	-0.0527954	-0.0634766
-0.017395	-0.0442505	-0.0616455
-0.0244141	-0.0363159	-0.06073
-0.0311279	-0.0302124	-0.0613403
-0.0372314	-0.0265503	-0.0637817
-0.0405884	-0.0250244	-0.0656128
-0.0384521	-0.0256348	-0.0640869
-0.0350952	-0.0268555	-0.0619507
-0.0326538	-0.0274658	-0.0601196
-0.0314331	-0.027771	-0.0592041
-0.0317383	-0.0274658	-0.0592041
-0.0320435	-0.0265503	-0.0585938
-0.0326538	-0.0241089	-0.0567627
-0.0344849	-0.0201416	-0.0546265
-0.0372314	-0.0158691	-0.0531006
-0.0408936	-0.0106812	-0.0515747
-0.0445557	-0.00488281	-0.0494385
-0.0473022	-0.0012207	-0.0485229
-0.0497437	0.000305176	-0.0494385
-0.0534058	0.000305176	-0.0531006
-0.0576782	-0.000610352	-0.0582886
-0.0595093	-0.00213623	-0.0616455
-0.0576782	-0.00366211	-0.0613403
-0.0534058	-0.00579834	-0.0592041
-0.0488281	-0.00854492	-0.057373
-0.0463867	-0.010376	-0.0567627
-0.0463867	-0.00823975	-0.0546265
-0.0500488	-0.0012207	-0.0512695
-0.0521851	0.00488281	-0.0473022
-0.0482178	0.00457764	-0.0436401
-0.0448608	0.00335693	-0.0415039
-0.045166	0.00457764	-0.0405884
-0.0466919	0.00488281	-0.0418091
-0.0469971	0.00244141	-0.0445557
-0.0454712	-0.00152588	-0.0469971
-0.0439453	-0.00457764	-0.0485229
-0.0439453	-0.00762939	-0.0515747
-0.0439453	-0.010376	-0.0543213
-0.0424194	-0.0128174	-0.0552368
-0.0415039	-0.0140381	-0.055542
-0.0418091	-0.0143433	-0.0561523
-0.0454712	-0.00946045	-0.0549316
-0.0479126	-0.00427246	-0.0521851
-0.0460815	-0.00366211	-0.0497437
-0.0408936	-0.00701904	-0.0479126
-0.032959	-0.0143433	-0.0473022
-0.0253296	-0.0216675	-0.0469971
-0.0192261	-0.027771	-0.0469971
-0.0140381	-0.0332642	-0.0473022
-0.00946045	-0.0384521	-0.0479126
-0.00549316	-0.043335	-0.0488281
-0.00244141	-0.0473022	-0.0497437
-0.000610352	-0.0494385	-0.0500488
-0.00396729	-0.0479126	-0.0518799
-0.0137329	-0.0421143	-0.0558472
-0.0259399	-0.0341797	-0.0601196
-0.03479	-0.0271606	-0.0619507
-0.0375366	-0.0216675	-0.0592041
-0.0357056	-0.0186157	-0.0543213
-0.0311279	-0.0167847	-0.0479126
-0.0280762	-0.0152588	-0.043335
-0.0268555	-0.0137329	-0.0405884
-0.0262451	-0.0125122	-0.0387573
-0.0250244	-0.0115967	-0.0366211
-0.0216675	-0.0128174	-0.0344849
-0.0186157	-0.015564	-0.0341797
-0.020752	-0.0164795	-0.0372314
-0.0274658	-0.0152588	-0.0427246
-0.03479	-0.0140381	-0.0488281
-0.0430298	-0.0115967	-0.0546265
-0.0534058	-0.00701904	-0.0604248
-0.0585938	-0.00549316	-0.0640869
-0.0567627	-0.00823975	-0.0650024
-0.0524902	-0.0128174	-0.0653076
-0.0494385	-0.0140381	-0.0634766
-0.0491333	-0.0112915	-0.0604248
-0.0506592	-0.00701904	-0.0576782
-0.0515747	-0.00274658	-0.0543213
-0.0506592	-0.00152588	-0.0521851
-0.0494385	-0.00213623	-0.0515747
-0.0479126	-0.00427246	-0.0521851
-0.0457764	-0.00732422	-0.0531006
-0.0445557	-0.0100708	-0.0546265
-0.0448608	-0.00915527	-0.0540161
-0.0457764	-0.00823975	-0.0540161
-0.0460815	-0.0106812	-0.0567627
-0.043335	-0.0177002	-0.0610352
-0.0363159	-0.0256348	-0.0619507
-0.0289917	-0.0311279	-0.0601196
-0.0244141	-0.0314331	-0.0558472
-0.0234985	-0.0271606	-0.0506592
-0.0216675	-0.0241089	-0.0457764
-0.0186157	-0.0222778	-0.0408936
-0.0149536	-0.0216675	-0.0366211
-0.0100708	-0.0210571	-0.0311279
-0.00549316	-0.0201416	-0.0256348
-0.00183105	-0.0192261	-0.0210571
-0.000610352	-0.0183105	-0.0189209
-0.000915527	-0.0186157	-0.0195313
-0.000610352	-0.0201416	-0.020752
0.0012207	-0.0219727	-0.020752
0.00427246	-0.0228882	-0.0186157
0.00427246	-0.0222778	-0.0180054
0.00183105	-0.0198364	-0.0180054
-0.00213623	-0.0167847	-0.0189209
-0.00213623	-0.0146484	-0.0167847
0.000305176	-0.0128174	-0.0125122
0.00244141	-0.0088501	-0.00640869
0.00793457	-0.00793457	0
0.0146484	-0.0106812	0.00396729
0.0183105	-0.0128174	0.00549316
0.0167847	-0.0115967	0.00518799
0.015564	-0.010376	0.00518799
0.0164795	-0.0115967	0.00488281
0.0143433	-0.0100708	0.00427246
0.0088501	-0.00518799	0.00366211
0.00274658	-0.000305176	0.00244141
-0.00335693	0.00244141	-0.000915527
-0.00701904	0.00213623	-0.00488281
-0.00488281	-0.000915527	-0.00579834
0.000610352	-0.00579834	-0.00518799
0.00396729	-0.00854492	-0.00457764
0.000305176	-0.00701904	-0.00671387
-0.00488281	-0.00549316	-0.010376
-0.00427246	-0.00732422	-0.0115967
0.00213623	-0.012207	-0.0100708
0.00946045	-0.0183105	-0.0088501
0.0140381	-0.022583	-0.00854492
0.0140381	-0.0222778	-0.00823975
0.0119019	-0.020752	-0.0088501
0.0119019	-0.020752	-0.0088501
0.0134277	-0.0234985	-0.0100708
0.0149536	-0.027771	-0.0128174
0.0131226	-0.0302124	-0.0170898
0.00793457	-0.0326538	-0.0247192
0.00244141	-0.0363159	-0.0338745
-0.00213623	-0.0396729	-0.0418091
-0.0088501	-0.0415039	-0.050354
-0.0158691	-0.0430298	-0.0588989
-0.0216675	-0.0424194	-0.0640869
-0.0286865	-0.0393677	-0.0680542
-0.0360107	-0.0354004	-0.0714111
-0.0411987	-0.0314331	-0.0726318
-0.0424194	-0.0289917	-0.0714111
-0.0390625	-0.0280762	-0.0671387
-0.0332642	-0.0280762	-0.0613403
-0.0274658	-0.027771	-0.0552368
-0.0231934	-0.027771	-0.0509644
-0.0219727	-0.0268555	-0.0488281
-0.0222778	-0.0265503	-0.0488281
-0.0198364	-0.0292969	-0.0491333
-0.0170898	-0.0320435	-0.0491333
-0.0180054	-0.0317383	-0.0497437
-0.0219727	-0.0292969	-0.0512695
-0.0274658	-0.0268555	-0.0543213
-0.0338745	-0.0219727	-0.0558472
-0.0402832	-0.015564	-0.0558472
-0.0482178	-0.00793457	-0.0561523
-0.0561523	-0.000915527	-0.0570679
-0.0598145	0.00244141	-0.057373
-0.0567627	0.00274658	-0.0540161
-0.0476074	0	-0.0476074
-0.0363159	-0.00671387	-0.0430298
-0.0247192	-0.0161743	-0.0408936
-0.0158691	-0.0253296	-0.0411987
-0.00640869	-0.0350952	-0.0415039
0.00518799	-0.0457764	-0.0405884
0.0177002	-0.0588989	-0.0411987
0.0262451	-0.0717163	-0.0454712
0.0253296	-0.0778198	-0.0524902
0.0149536	-0.0741577	-0.0592041
0.00366211	-0.0674438	-0.0637817
-0.00274658	-0.0601196	-0.0628662
-0.00579834	-0.0515747	-0.057373
-0.00396729	-0.0421143	-0.0460815
0.00579834	-0.0317383	-0.0259399
0.0241089	-0.0180054	0.00610352
0.0515747	-0.000305176	0.0512695
0.0881958	0.0213623	0.109558
0.132751	0.0445557	0.177307
0.183105	0.0698853	0.252991
0.236816	0.0985718	0.335388
0.287781	0.130615	0.418396
0.324707	0.169373	0.49408
0.340576	0.216675	0.557251
0.335693	0.264587	0.600281
0.310059	0.307007	0.617065
0.261841	0.342102	0.603943
0.194397	0.369568	0.563965
0.115967	0.386963	0.50293
0.0350952	0.389709	0.424805
-0.0421143	0.374756	0.332642
-0.111084	0.342102	0.231018
-0.167542	0.29541	0.127869
-0.205994	0.239258	0.0332642
-0.224304	0.176697	-0.0476074
-0.223083	0.112	-0.111084
-0.205383	0.0497437	-0.15564
-0.177917	-0.00427246	-0.18219
-0.148926	-0.0448608	-0.193787
-0.123596	-0.0704956	-0.194092
-0.10376	-0.0836182	-0.187378
-0.0875854	-0.0872803	-0.174866
-0.0762939	-0.0823975	-0.158691
-0.0692749	-0.0708008	-0.140076
-0.067749	-0.0540161	-0.121765
-0.0692749	-0.0378418	-0.107117
-0.0662231	-0.0292969	-0.09552
-0.0570679	-0.0286865	-0.0857544
-0.0463867	-0.0317383	-0.078125
-0.03479	-0.0372314	-0.0720215
-0.022583	-0.045166	-0.067749
-0.0115967	-0.0540161	-0.0656128
-0.00244141	-0.0634766	-0.065918
0.00579834	-0.0735474	-0.067749
0.0100708	-0.078125	-0.0680542
0.00793457	-0.0741577	-0.0662231
0.00152588	-0.0662231	-0.0646973
-0.00274658	-0.0598145	-0.062561
-0.00305176	-0.0561523	-0.0592041
-0.00427246	-0.0515747	-0.0558472
-0.00762939	-0.045166	-0.0527954
-0.0112915	-0.0402832	-0.0515747
-0.0115967	-0.0393677	-0.0509644
-0.00793457	-0.0411987	-0.0491333
-0.00396729	-0.0421143	-0.0460815
-0.000915527	-0.043335	-0.0442505
0.000610352	-0.0466919	-0.0460815
-0.000305176	-0.0500488	-0.050354
-0.000305176	-0.0521851	-0.0524902
0.00274658	-0.0524902	-0.0497437
0.00671387	-0.0531006	-0.0463867
0.0109863	-0.0561523	-0.045166
0.0158691	-0.06073	-0.0448608
0.0170898	-0.062561	-0.0454712
0.0161743	-0.0604248	-0.0442505
0.015564	-0.0567627	-0.0411987
0.0146484	-0.0524902	-0.0378418
0.0131226	-0.0485229	-0.0354004
0.0112915	-0.0463867	-0.0350952
0.00946045	-0.0439453	-0.0344849
0.00427246	-0.0369263	-0.0326538
-0.00183105	-0.0289917	-0.0308228
-0.00488281	-0.0244141	-0.0292969
-0.00396729	-0.0238037	-0.027771
-0.00244141	-0.0250244	-0.0274658
-0.00183105	-0.0259399	-0.027771
-0.00152588	-0.0283813	-0.0299072
0.000915527	-0.0326538	-0.0317383
0.00244141	-0.0354004	-0.032959
0.00152588	-0.0360107	-0.0344849
0.000915527	-0.0372314	-0.0363159
-0.0012207	-0.0372314	-0.0384521
-0.00762939	-0.0323486	-0.039978
-0.0161743	-0.0244141	-0.0405884
-0.0213623	-0.0183105	-0.0396729
-0.0180054	-0.0186157	-0.0366211
-0.0112915	-0.022583	-0.0338745
-0.00427246	-0.027771	-0.0320435
0.00213623	-0.0332642	-0.0311279
0.00976563	-0.0408936	-0.0311279
0.0186157	-0.050354	-0.0317383
0.0256348	-0.057373	-0.0317383
0.032959	-0.062561	-0.0296021
0.0430298	-0.0698853	-0.0268555
0.0518799	-0.0769043	-0.0250244
0.0564575	-0.0805664	-0.0241089
0.057373	-0.0799561	-0.022583
0.0576782	-0.0753784	-0.0177002
0.055542	-0.0671387	-0.0115967
0.0518799	-0.0595093	-0.00762939
0.0509644	-0.0576782	-0.00671387
0.0540161	-0.0592041	-0.00518799
0.06073	-0.0616455	-0.000915527
0.0674438	-0.0637817	0.00366211
0.0701904	-0.0668335	0.00335693
0.072937	-0.0708008	0.00213623
0.0805664	-0.0753784	0.00518799
0.0906372	-0.0796509	0.0109863
0.100098	-0.083313	0.0167847
0.108032	-0.0845337	0.0234985
0.114746	-0.0839233	0.0308228
0.12085	-0.0827026	0.038147
0.128174	-0.0811768	0.0469971
0.135498	-0.0793457	0.0561523
0.140686	-0.0762939	0.0643921
0.143738	-0.072937	0.0708008
0.145874	-0.0698853	0.0759888
0.14679	-0.0671387	0.0796509
0.145874	-0.0646973	0.0811768
0.145874	-0.0619507	0.0839233
0.148315	-0.0604248	0.0878906
0.152283	-0.0601196	0.0921631
0.156555	-0.0595093	0.0970459
0.162048	-0.0613403	0.100708
0.168762	-0.0643921	0.10437
0.177612	-0.0656128	0.112
0.184631	-0.0634766	0.121155
0.185547	-0.0558472	0.1297
0.184937	-0.0485229	0.136414
0.188599	-0.0460815	0.142517
0.191345	-0.0436401	0.147705
0.187683	-0.0360107	0.151672
0.18158	-0.0274658	0.154114
0.174866	-0.0195313	0.155334
0.170898	-0.0137329	0.157166
0.168152	-0.0100708	0.158081
0.166321	-0.00793457	0.158386
0.167542	-0.00854492	0.158997
0.169373	-0.010376	0.158997
0.171814	-0.0125122	0.159302
0.173645	-0.0146484	0.158997
0.17395	-0.0167847	0.157166
0.172424	-0.0183105	0.154114
0.169983	-0.0195313	0.150452
0.166016	-0.0198364	0.146179
0.158691	-0.0192261	0.139465
0.150452	-0.0192261	0.131226
0.143738	-0.0198364	0.123901
0.138245	-0.0204468	0.117798
0.131836	-0.0210571	0.110779
0.124207	-0.0213623	0.102844
0.116272	-0.0216675	0.0946045
0.108337	-0.0222778	0.0860596
0.101624	-0.0238037	0.0778198
0.0946045	-0.0253296	0.0692749
0.0857544	-0.0262451	0.0595093
0.0753784	-0.0265503	0.0488281
0.0646973	-0.0259399	0.0387573
0.0537109	-0.0247192	0.0289917
0.043335	-0.0228882	0.0204468
0.0308228	-0.0216675	0.00915527
0.0170898	-0.0204468	-0.00335693
0.010376	-0.0195313	-0.00915527
0.010376	-0.0189209	-0.00854492
0.0109863	-0.0180054	-0.00701904
0.0115967	-0.015564	-0.00396729
0.00976563	-0.0115967	-0.00183105
0.00762939	-0.00732422	0.000305176
0.00823975	-0.00518799	0.00305176
0.0119019	-0.00488281	0.00701904
0.0189209	-0.00823975	0.0106812
0.0262451	-0.0134277	0.0128174
0.0289917	-0.0167847	0.012207
0.0271606	-0.0192261	0.00793457
0.0262451	-0.0238037	0.00244141
0.0280762	-0.0292969	-0.0012207
0.0283813	-0.0344849	-0.00610352
0.0274658	-0.0384521	-0.0109863
0.0268555	-0.0415039	-0.0146484
0.0238037	-0.0427246	-0.0189209
0.0189209	-0.0411987	-0.0222778
0.0149536	-0.0372314	-0.0222778
0.0119019	-0.0332642	-0.0213623
0.0109863	-0.0317383	-0.020752
0.0106812	-0.0305176	-0.0198364
0.0088501	-0.027771	-0.0189209
0.00915527	-0.027771	-0.0186157
0.0112915	-0.0305176	-0.0192261
0.0131226	-0.0323486	-0.0192261
0.0140381	-0.032959	-0.0189209
0.0143433	-0.032959	-0.0186157
0.0137329	-0.0332642	-0.0195313
0.0119019	-0.0335693	-0.0216675
0.0106812	-0.032959	-0.0222778
0.0106812	-0.0320435	-0.0213623
0.0106812	-0.0314331	-0.020752
0.0109863	-0.0311279	-0.0201416
0.00946045	-0.0308228	-0.0213623
0.00671387	-0.0308228	-0.0241089
0.00610352	-0.0308228	-0.0247192
0.00762939	-0.0305176	-0.0228882
0.00946045	-0.0305176	-0.0210571
0.0112915	-0.0302124	-0.0189209
0.012207	-0.0292969	-0.0170898
0.0112915	-0.027771	-0.0164795
0.0106812	-0.0271606	-0.0164795
0.0115967	-0.0265503	-0.0149536
0.0137329	-0.0262451	-0.0125122
0.0149536	-0.0253296	-0.010376
0.0140381	-0.0247192	-0.0106812
0.0106812	-0.0241089	-0.0134277
0.00335693	-0.0213623	-0.0180054
-0.00457764	-0.0180054	-0.022583
-0.010376	-0.0161743	-0.0265503
-0.017395	-0.0119019	-0.0292969
-0.0247192	-0.00610352	-0.0308228
-0.0292969	-0.00366211	-0.032959
-0.0317383	-0.00244141	-0.0341797
-0.0308228	-0.00457764	-0.0354004
-0.0268555	-0.00946045	-0.0363159
-0.020752	-0.0149536	-0.0357056
-0.0119019	-0.0216675	-0.0335693
0	-0.0305176	-0.0305176
0.0161743	-0.0402832	-0.0241089
0.0317383	-0.0497437	-0.0180054
0.0427246	-0.0570679	-0.0143433
0.050354	-0.062561	-0.012207
0.0549316	-0.0646973	-0.00976563
0.0561523	-0.0631714	-0.00701904
0.0552368	-0.0595093	-0.00427246
0.0537109	-0.0561523	-0.00244141
0.0518799	-0.0552368	-0.00335693
0.0473022	-0.0549316	-0.00762939
0.0363159	-0.0500488	-0.0137329
0.0231934	-0.0424194	-0.0192261
0.0112915	-0.0363159	-0.0250244
0.00427246	-0.0326538	-0.0283813
0.00335693	-0.0292969	-0.0259399
0.00274658	-0.0247192	-0.0219727
0.000610352	-0.0201416	-0.0195313
-0.000305176	-0.017395	-0.0177002
0.00274658	-0.017395	-0.0146484
0.00854492	-0.0189209	-0.010376
0.0131226	-0.0195313	-0.00640869
0.0161743	-0.0210571	-0.00488281
0.0201416	-0.0262451	-0.00610352
0.0231934	-0.0326538	-0.00946045
0.020752	-0.0360107	-0.0152588
0.0161743	-0.0396729	-0.0234985
0.00946045	-0.0421143	-0.0326538
0.00396729	-0.0408936	-0.0369263
0.000610352	-0.0384521	-0.0378418
-0.00488281	-0.03479	-0.0396729
-0.0106812	-0.0317383	-0.0424194
-0.0158691	-0.0274658	-0.043335
-0.0180054	-0.0241089	-0.0421143
-0.0131226	-0.0262451	-0.0393677
-0.00518799	-0.0308228	-0.0360107
0.000915527	-0.0344849	-0.0335693
0.00305176	-0.0357056	-0.0326538
0.00366211	-0.0360107	-0.0323486
0.00518799	-0.0369263	-0.0317383
0.0109863	-0.0415039	-0.0305176
0.0170898	-0.0476074	-0.0305176
0.017395	-0.0497437	-0.0323486
0.0146484	-0.0485229	-0.0338745
0.0119019	-0.0466919	-0.03479
0.00976563	-0.0454712	-0.0357056
0.00823975	-0.0448608	-0.0366211
0.00793457	-0.0442505	-0.0363159
0.00579834	-0.0411987	-0.0354004
0.00274658	-0.0390625	-0.0363159
0.0012207	-0.0393677	-0.038147
0.00213623	-0.0405884	-0.0384521
0.00396729	-0.0418091	-0.0378418
0.00488281	-0.0418091	-0.0369263
0.00671387	-0.0418091	-0.0350952
0.010376	-0.0424194	-0.0320435
0.0164795	-0.0436401	-0.0271606
0.0210571	-0.045166	-0.0241089
0.0228882	-0.0460815	-0.0231934
0.0231934	-0.0448608	-0.0216675
0.0228882	-0.0421143	-0.0192261
0.020752	-0.0387573	-0.0180054
0.0161743	-0.0354004	-0.0192261
0.0112915	-0.0335693	-0.0222778
0.00732422	-0.0335693	-0.0262451
0.00396729	-0.0344849	-0.0305176
-0.000305176	-0.0341797	-0.0344849
-0.00579834	-0.0326538	-0.0384521
-0.00946045	-0.0326538	-0.0421143
-0.0115967	-0.0357056	-0.0473022
-0.0106812	-0.0393677	-0.0500488
-0.00976563	-0.0408936	-0.0506592
-0.0134277	-0.0378418	-0.0512695
-0.0222778	-0.0296021	-0.0518799
-0.0305176	-0.0216675	-0.0521851
-0.0350952	-0.0167847	-0.0518799
-0.0360107	-0.0125122	-0.0485229
-0.0341797	-0.00976563	-0.0439453
-0.03479	-0.00732422	-0.0421143
-0.0378418	-0.00274658	-0.0405884
-0.0415039	0.00244141	-0.0390625
-0.0384521	0.000915527	-0.0375366
-0.0262451	-0.00823975	-0.0344849
-0.00946045	-0.0210571	-0.0305176
0.00213623	-0.0326538	-0.0305176
0.00488281	-0.038147	-0.0332642
0.00549316	-0.0408936	-0.0354004
0.00793457	-0.0448608	-0.0369263
0.00976563	-0.0473022	-0.0375366
0.0112915	-0.0485229	-0.0372314
0.0112915	-0.0482178	-0.0369263
0.00793457	-0.0454712	-0.0375366
0.00305176	-0.0415039	-0.0384521
-0.00183105	-0.0384521	-0.0402832
-0.00488281	-0.0360107	-0.0408936
-0.00457764	-0.0335693	-0.038147
-0.000610352	-0.0320435	-0.0326538
0.00549316	-0.0323486	-0.0268555
0.00946045	-0.0341797	-0.0247192
0.0125122	-0.0360107	-0.0234985
0.017395	-0.0372314	-0.0198364
0.0222778	-0.0372314	-0.0149536
0.0259399	-0.0378418	-0.0119019
0.0289917	-0.0396729	-0.0106812
0.0286865	-0.039978	-0.0112915
0.0247192	-0.0372314	-0.0125122
0.020752	-0.0350952	-0.0143433
0.0177002	-0.03479	-0.0170898
0.0137329	-0.0350952	-0.0213623
0.0088501	-0.03479	-0.0259399
0.00427246	-0.0332642	-0.0289917
-0.000305176	-0.0311279	-0.0314331
-0.00640869	-0.0286865	-0.0350952
-0.0106812	-0.0268555	-0.0375366
-0.010376	-0.0262451	-0.0366211
-0.00823975	-0.0265503	-0.03479
-0.00701904	-0.0280762	-0.0350952
-0.00793457	-0.027771	-0.0357056
-0.0100708	-0.0247192	-0.03479
-0.0088501	-0.0231934	-0.0320435
-0.00396729	-0.0247192	-0.0286865
0.000915527	-0.0256348	-0.0247192
0.00488281	-0.0265503	-0.0216675
0.00671387	-0.0256348	-0.0189209
0.00610352	-0.0219727	-0.0158691
0.00457764	-0.0177002	-0.0131226
0.00396729	-0.0149536	-0.0109863
0.00427246	-0.0146484	-0.010376
0.00518799	-0.0158691	-0.0106812
0.00335693	-0.017395	-0.0140381
-0.0012207	-0.0170898	-0.0183105
-0.00610352	-0.0128174	-0.0189209
-0.00671387	-0.00976563	-0.0164795
-0.00518799	-0.0088501	-0.0140381
-0.00274658	-0.010376	-0.0131226
0.00213623	-0.0140381	-0.0119019
0.0125122	-0.0204468	-0.00793457
0.0256348	-0.0274658	-0.00183105
0.0363159	-0.0302124	0.00610352
0.043335	-0.0305176	0.0128174
0.0494385	-0.0308228	0.0186157
0.0546265	-0.0323486	0.0222778
0.0598145	-0.0341797	0.0256348
0.0640869	-0.03479	0.0292969
0.0628662	-0.0335693	0.0292969
0.0540161	-0.0302124	0.0238037
0.0439453	-0.0259399	0.0180054
0.0384521	-0.0216675	0.0167847
0.0350952	-0.0183105	0.0167847
0.0314331	-0.0158691	0.015564
0.0317383	-0.0149536	0.0167847
0.0369263	-0.0152588	0.0216675
0.043335	-0.0167847	0.0265503
0.0491333	-0.0180054	0.0311279
0.0558472	-0.0201416	0.0357056
0.0610352	-0.0210571	0.039978
0.0646973	-0.0210571	0.0436401
0.067749	-0.0222778	0.0454712
0.0674438	-0.0247192	0.0427246
0.0634766	-0.0271606	0.0363159
0.0558472	-0.0280762	0.027771
0.0473022	-0.027771	0.0195313
0.0418091	-0.027771	0.0140381
0.0375366	-0.0296021	0.00793457
0.0341797	-0.0323486	0.00183105
0.0317383	-0.0354004	-0.00366211
0.0326538	-0.0387573	-0.00610352
0.0317383	-0.0387573	-0.00701904
0.0210571	-0.0296021	-0.00854492
0.010376	-0.0219727	-0.0115967
0.0088501	-0.0234985	-0.0146484
0.012207	-0.0302124	-0.0180054
0.0140381	-0.0357056	-0.0216675
0.0106812	-0.0375366	-0.0268555
0.00518799	-0.0384521	-0.0332642
0.00152588	-0.039978	-0.0384521
-0.000305176	-0.0421143	-0.0424194
-0.0012207	-0.0436401	-0.0448608
0	-0.0463867	-0.0463867
0.00274658	-0.0494385	-0.0466919
0.00549316	-0.0512695	-0.0457764
0.00701904	-0.0509644	-0.0439453
0.00793457	-0.0494385	-0.0415039
0.0106812	-0.0485229	-0.0378418
0.0152588	-0.0485229	-0.0332642
0.0183105	-0.0485229	-0.0302124
0.0210571	-0.0488281	-0.027771
0.0231934	-0.0485229	-0.0253296
0.0253296	-0.0482178	-0.0228882
0.0274658	-0.0476074	-0.0201416
0.0283813	-0.0466919	-0.0183105
0.0268555	-0.0448608	-0.0180054
0.0238037	-0.0424194	-0.0186157
0.0201416	-0.0393677	-0.0192261
0.0158691	-0.0369263	-0.0210571
0.0131226	-0.0354004	-0.0222778
0.012207	-0.0360107	-0.0238037
0.0109863	-0.0372314	-0.0262451
0.00732422	-0.0387573	-0.0314331
-0.000915527	-0.0396729	-0.0405884
-0.0131226	-0.0396729	-0.0527954
-0.0222778	-0.0415039	-0.0637817
-0.0231934	-0.0448608	-0.0680542
-0.0192261	-0.0485229	-0.067749
-0.0128174	-0.0527954	-0.0656128
-0.00244141	-0.0567627	-0.0592041
0.0143433	-0.0595093	-0.045166
0.0396729	-0.0613403	-0.0216675
0.0726318	-0.0604248	0.012207
0.110168	-0.0531006	0.0570679
0.150452	-0.0375366	0.112915
0.191345	-0.0119019	0.179443
0.230713	0.0219727	0.252686
0.26825	0.0598145	0.328064
0.299377	0.102234	0.401611
0.318298	0.150757	0.469055
0.324402	0.201111	0.525513
0.320435	0.247498	0.567932
0.30426	0.286255	0.590515
0.267334	0.316467	0.583801
0.209351	0.338135	0.547485
0.136108	0.350952	0.487061
0.0543213	0.354614	0.408936
-0.0271606	0.345459	0.318298
-0.10376	0.323792	0.220032
-0.171814	0.292358	0.120544
-0.22644	0.252075	0.0256348
-0.264587	0.204468	-0.0601196
-0.282593	0.154114	-0.128479
-0.276794	0.103455	-0.17334
-0.251465	0.0531006	-0.198364
-0.212708	0.00518799	-0.20752
-0.167236	-0.0366211	-0.203857
-0.120239	-0.071106	-0.191345
-0.0790405	-0.0949097	-0.17395
-0.0473022	-0.106812	-0.154114
-0.0241089	-0.109863	-0.133972
-0.00854492	-0.106506	-0.115051
0.000610352	-0.0985718	-0.0979614
0.00549316	-0.0897217	-0.0842285
0.00762939	-0.0802612	-0.0726318
0.00640869	-0.071106	-0.0646973
0.00427246	-0.0640869	-0.0598145
0.000915527	-0.0585938	-0.0576782
-0.00488281	-0.050354	-0.0552368
-0.00915527	-0.0415039	-0.0506592
-0.0115967	-0.0360107	-0.0476074
-0.0115967	-0.0335693	-0.045166
-0.0125122	-0.0311279	-0.0436401
-0.0131226	-0.0286865	-0.0418091
-0.0137329	-0.0262451	-0.039978
-0.0134277	-0.0244141	-0.0378418
-0.012207	-0.0234985	-0.0357056
-0.00915527	-0.0247192	-0.0338745
-0.00457764	-0.0283813	-0.032959
0.000610352	-0.0338745	-0.0332642
0.00366211	-0.039978	-0.0363159
0.00427246	-0.0442505	-0.039978
0.00427246	-0.0460815	-0.0418091
0.00274658	-0.0463867	-0.0436401
0	-0.0469971	-0.0469971
-0.00427246	-0.0445557	-0.0488281
-0.0100708	-0.0375366	-0.0476074
-0.0131226	-0.0311279	-0.0442505
-0.0109863	-0.0296021	-0.0405884
-0.00701904	-0.0302124	-0.0372314
-0.00274658	-0.0314331	-0.0341797
-0.000305176	-0.0320435	-0.0323486
0.00305176	-0.0338745	-0.0308228
0.00915527	-0.0384521	-0.0292969
0.0152588	-0.0421143	-0.0268555
0.017395	-0.0418091	-0.0244141
0.0161743	-0.0393677	-0.0231934
0.0125122	-0.0366211	-0.0241089
0.0112915	-0.0357056	-0.0244141
0.0100708	-0.0357056	-0.0256348
0.00457764	-0.0314331	-0.0268555
-0.00457764	-0.0228882	-0.0274658
-0.0134277	-0.0134277	-0.0268555
-0.0167847	-0.00976563	-0.0265503
-0.0158691	-0.012207	-0.0280762
-0.0119019	-0.0192261	-0.0311279
-0.00518799	-0.027771	-0.032959
0.00183105	-0.0366211	-0.03479
0.00732422	-0.0436401	-0.0363159
0.0109863	-0.0494385	-0.0384521
0.0161743	-0.0549316	-0.0387573
0.0256348	-0.0604248	-0.03479
0.0354004	-0.0650024	-0.0296021
0.0387573	-0.0646973	-0.0259399
0.0369263	-0.0595093	-0.022583
0.032959	-0.0521851	-0.0192261
0.0292969	-0.0454712	-0.0161743
0.0253296	-0.0405884	-0.0152588
0.0213623	-0.0369263	-0.015564
0.0167847	-0.0341797	-0.017395
0.012207	-0.0335693	-0.0213623
0.010376	-0.0357056	-0.0253296
0.012207	-0.0402832	-0.0280762
0.0146484	-0.0442505	-0.0296021
0.0183105	-0.0494385	-0.0311279
0.0247192	-0.0549316	-0.0302124
0.0305176	-0.0595093	-0.0289917
0.0354004	-0.0631714	-0.027771
0.0418091	-0.0662231	-0.0244141
0.050354	-0.0674438	-0.0170898
0.0604248	-0.0662231	-0.00579834
0.0689697	-0.0637817	0.00518799
0.0759888	-0.062561	0.0134277
0.0823975	-0.0622559	0.0201416
0.0857544	-0.0598145	0.0259399
0.0857544	-0.0543213	0.0314331
0.0857544	-0.050354	0.0354004
0.0878906	-0.0485229	0.0393677
0.0921631	-0.0476074	0.0445557
0.0982666	-0.0488281	0.0494385
0.10498	-0.0524902	0.0524902
0.108948	-0.0537109	0.0552368
0.112305	-0.0540161	0.0582886
0.117798	-0.0552368	0.062561
0.126648	-0.0588989	0.067749
0.136108	-0.062561	0.0735474
0.144653	-0.0643921	0.0802612
0.151978	-0.065918	0.0860596
0.159302	-0.0686646	0.0906372
0.163879	-0.0701904	0.093689
0.161743	-0.0689697	0.0927734
0.15686	-0.0668335	0.0900269
0.157471	-0.0656128	0.0918579
0.16449	-0.0634766	0.101013
0.171204	-0.0598145	0.111389
0.174561	-0.0564575	0.118103
0.175171	-0.0524902	0.122681
0.175781	-0.0485229	0.127258
0.177917	-0.0445557	0.133362
0.18219	-0.039978	0.142212
0.185242	-0.0360107	0.149231
0.184631	-0.0326538	0.151978
0.181885	-0.0305176	0.151367
0.179138	-0.0302124	0.148926
0.176697	-0.0320435	0.144653
0.168457	-0.0302124	0.138245
0.154114	-0.0234985	0.130615
0.13916	-0.015564	0.123596
0.127258	-0.00976563	0.117493
0.118713	-0.00518799	0.113525
0.110474	0.0012207	0.111694
0.101624	0.00793457	0.109558
0.0921631	0.012207	0.10437
0.0830078	0.0140381	0.0970459
0.0762939	0.0143433	0.0906372
0.0738525	0.0128174	0.0866699
0.0744629	0.00915527	0.0836182
0.0756836	0.00335693	0.0790405
0.0744629	-0.00183105	0.0726318
0.0689697	-0.00457764	0.0643921
0.0585938	-0.00396729	0.0546265
0.0454712	-0.00152588	0.0439453
0.0320435	0.00183105	0.0338745
0.0183105	0.00701904	0.0253296
0.00488281	0.0140381	0.0189209
-0.0088501	0.0210571	0.012207
-0.0231934	0.0271606	0.00396729
-0.0357056	0.0320435	-0.00366211
-0.0415039	0.0323486	-0.00915527
-0.0402832	0.0274658	-0.0128174
-0.0363159	0.0213623	-0.0149536
-0.0335693	0.017395	-0.0161743
-0.032959	0.0158691	-0.0170898
-0.0299072	0.0119019	-0.0180054
-0.0250244	0.00549316	-0.0195313
-0.0265503	0.00396729	-0.022583
-0.0338745	0.00793457	-0.0259399
-0.0372314	0.00915527	-0.0280762
-0.0366211	0.00762939	-0.0289917
-0.0372314	0.00701904	-0.0302124
-0.0408936	0.0100708	-0.0308228
-0.0466919	0.0143433	-0.0323486
-0.050354	0.0149536	-0.0354004
-0.0485229	0.0109863	-0.0375366
-0.0421143	0.00427246	-0.0378418
-0.0363159	-0.00274658	-0.0390625
-0.0323486	-0.00823975	-0.0405884
-0.0308228	-0.010376	-0.0411987
-0.0317383	-0.00976563	-0.0415039
-0.0317383	-0.0100708	-0.0418091
-0.0280762	-0.0119019	-0.039978
-0.0219727	-0.0134277	-0.0354004
-0.0189209	-0.0119019	-0.0308228
-0.020752	-0.00854492	-0.0292969
-0.0241089	-0.00488281	-0.0289917
-0.0259399	-0.00213623	-0.0280762
-0.0296021	0	-0.0296021
-0.0341797	0.00183105	-0.0323486
-0.0384521	0.00366211	-0.03479
-0.0436401	0.00549316	-0.038147
-0.0485229	0.00732422	-0.0411987
-0.050354	0.00854492	-0.0418091
-0.0497437	0.00976563	-0.039978
-0.0469971	0.0109863	-0.0360107
-0.0421143	0.0109863	-0.0311279
-0.03479	0.00976563	-0.0250244
-0.0268555	0.00793457	-0.0189209
-0.0210571	0.00823975	-0.0128174
-0.0186157	0.00976563	-0.0088501
-0.0198364	0.0137329	-0.00610352
-0.022583	0.0183105	-0.00427246
-0.0247192	0.0195313	-0.00518799
-0.0274658	0.0192261	-0.00823975
-0.0317383	0.0192261	-0.0125122
-0.0375366	0.0210571	-0.0164795
-0.0454712	0.0256348	-0.0198364
-0.0552368	0.0326538	-0.022583
-0.0604248	0.0375366	-0.0228882
-0.0579834	0.0375366	-0.0204468
-0.0527954	0.0338745	-0.0189209
-0.0485229	0.0292969	-0.0192261
-0.0445557	0.0265503	-0.0180054
-0.0436401	0.0268555	-0.0167847
-0.045166	0.0308228	-0.0143433
-0.0442505	0.0320435	-0.012207
-0.0387573	0.0271606	-0.0115967
-0.0299072	0.0177002	-0.012207
-0.0216675	0.00854492	-0.0131226
-0.0149536	0.0012207	-0.0137329
-0.00854492	-0.00427246	-0.0128174
-0.00366211	-0.00946045	-0.0131226
0.0012207	-0.015564	-0.0143433
0.00518799	-0.0216675	-0.0164795
0.00701904	-0.0250244	-0.0180054
0.00762939	-0.0262451	-0.0186157
0.00701904	-0.0244141	-0.017395
0.00335693	-0.0192261	-0.0158691
-0.00183105	-0.0119019	-0.0137329
-0.00732422	-0.00457764	-0.0119019
-0.0128174	0.00183105	-0.0109863
-0.0192261	0.00793457	-0.0112915
-0.0250244	0.0119019	-0.0131226
-0.027771	0.0131226	-0.0146484
-0.027771	0.0115967	-0.0161743
-0.0256348	0.0088501	-0.0167847
-0.0219727	0.00671387	-0.0152588
-0.0146484	0.00305176	-0.0115967
-0.00640869	-0.000915527	-0.00732422
-0.000610352	-0.00366211	-0.00427246
0.00305176	-0.00457764	-0.00152588
0.00518799	-0.00366211	0.00152588
0.00518799	-0.000610352	0.00457764
0.00213623	0.00213623	0.00427246
-0.00183105	0.00366211	0.00183105
-0.00366211	0.00457764	0.000915527
-0.00335693	0.00488281	0.00152588
-0.00610352	0.00488281	-0.0012207
-0.0106812	0.00366211	-0.00701904
-0.0125122	0.0012207	-0.0112915
-0.0140381	0	-0.0140381
-0.0177002	0.00305176	-0.0146484
-0.0216675	0.00701904	-0.0146484
-0.0219727	0.00823975	-0.0137329
-0.0192261	0.00823975	-0.0109863
-0.0180054	0.0088501	-0.00915527
-0.0228882	0.0143433	-0.00854492
-0.0299072	0.0204468	-0.00946045
-0.0357056	0.0247192	-0.0109863
-0.0393677	0.0265503	-0.0128174
-0.039978	0.0247192	-0.0152588
-0.0384521	0.0204468	-0.0180054
-0.03479	0.0146484	-0.0201416
-0.0311279	0.00793457	-0.0231934
-0.0283813	0.00183105	-0.0265503
-0.0259399	-0.00213623	-0.0280762
-0.0219727	-0.00427246	-0.0262451
-0.0167847	-0.00518799	-0.0219727
-0.0149536	-0.00549316	-0.0204468
-0.012207	-0.00671387	-0.0189209
-0.00793457	-0.0088501	-0.0167847
-0.00549316	-0.00823975	-0.0137329
-0.00732422	-0.00396729	-0.0112915
-0.0115967	0.00213623	-0.00946045
-0.0167847	0.00793457	-0.0088501
-0.020752	0.0112915	-0.00946045
-0.0228882	0.0115967	-0.0112915
-0.0259399	0.0119019	-0.0140381
-0.0305176	0.0140381	-0.0164795
-0.0338745	0.0152588	-0.0186157
-0.0326538	0.0134277	-0.0192261
-0.0280762	0.0106812	-0.017395
-0.0238037	0.0088501	-0.0149536
-0.020752	0.00854492	-0.012207
-0.0183105	0.00762939	-0.0106812
-0.0161743	0.00610352	-0.0100708
-0.0143433	0.00488281	-0.00946045
-0.0131226	0.00396729	-0.00915527
-0.0140381	0.00457764	-0.00946045
-0.0216675	0.010376	-0.0112915
-0.0357056	0.0204468	-0.0152588
-0.0485229	0.0274658	-0.0210571
-0.0549316	0.0305176	-0.0244141
-0.0579834	0.0326538	-0.0253296
-0.0601196	0.0357056	-0.0244141
-0.0592041	0.0375366	-0.0216675
-0.0561523	0.0378418	-0.0183105
-0.050354	0.0369263	-0.0134277
-0.0405884	0.0326538	-0.00793457
-0.0268555	0.0253296	-0.00152588
-0.0115967	0.0164795	0.00488281
0.00274658	0.00671387	0.00946045
0.0140381	-0.00244141	0.0115967
0.0180054	-0.00671387	0.0112915
0.0140381	-0.00518799	0.0088501
0.00366211	0.000305176	0.00396729
-0.00946045	0.00793457	-0.00152588
-0.0213623	0.012207	-0.00915527
-0.0308228	0.0128174	-0.0180054
-0.0405884	0.0161743	-0.0244141
-0.0512695	0.0222778	-0.0289917
-0.0604248	0.0280762	-0.0323486
-0.0634766	0.0311279	-0.0323486
-0.0601196	0.0302124	-0.0299072
-0.0524902	0.0259399	-0.0265503
-0.0430298	0.0204468	-0.022583
-0.0323486	0.0152588	-0.0170898
-0.022583	0.0119019	-0.0106812
-0.0158691	0.0109863	-0.00488281
-0.0128174	0.012207	-0.000610352
-0.010376	0.0143433	0.00396729
-0.00854492	0.0161743	0.00762939
-0.010376	0.0195313	0.00915527
-0.015564	0.0253296	0.00976563
-0.0180054	0.0299072	0.0119019
-0.0186157	0.0323486	0.0137329
-0.0183105	0.0338745	0.015564
-0.0158691	0.0338745	0.0180054
-0.0125122	0.0338745	0.0213623
-0.010376	0.03479	0.0244141
-0.00915527	0.0366211	0.0274658
-0.00793457	0.0378418	0.0299072
-0.00640869	0.0384521	0.0320435
-0.00640869	0.0396729	0.0332642
-0.0109863	0.0427246	0.0317383
-0.0216675	0.0491333	0.0274658
-0.03479	0.0564575	0.0216675
-0.0430298	0.0610352	0.0180054
-0.0460815	0.062561	0.0164795
-0.0460815	0.0610352	0.0149536
-0.0439453	0.0579834	0.0140381
-0.038147	0.0527954	0.0146484
-0.0302124	0.0466919	0.0164795
-0.0198364	0.039978	0.0201416
-0.00579834	0.0311279	0.0253296
0.00976563	0.020752	0.0305176
0.0219727	0.0119019	0.0338745
0.0268555	0.00671387	0.0335693
0.0256348	0.00518799	0.0308228
0.0241089	0.00488281	0.0289917
0.0256348	0.00457764	0.0302124
0.0289917	0.00457764	0.0335693
0.0259399	0.0088501	0.03479
0.0180054	0.0143433	0.0323486
0.0131226	0.0170898	0.0302124
0.0131226	0.0167847	0.0299072
0.0152588	0.0149536	0.0302124
0.0164795	0.0128174	0.0292969
0.0164795	0.0100708	0.0265503
0.0149536	0.00762939	0.022583
0.00915527	0.00518799	0.0143433
0.00366211	0.00244141	0.00610352
0.000610352	-0.000305176	0.000305176
-0.00305176	-0.00274658	-0.00579834
-0.00732422	-0.00427246	-0.0115967
-0.0128174	-0.00549316	-0.0183105
-0.0192261	-0.00610352	-0.0253296
-0.0234985	-0.00579834	-0.0292969
-0.0250244	-0.00488281	-0.0299072
-0.0271606	-0.00213623	-0.0292969
-0.0308228	0.00183105	-0.0289917
-0.0344849	0.00366211	-0.0308228
-0.0387573	0.00457764	-0.0341797
-0.0457764	0.00701904	-0.0387573
-0.050354	0.00915527	-0.0411987
-0.0509644	0.00915527	-0.0418091
-0.0497437	0.00793457	-0.0418091
-0.0494385	0.00854492	-0.0408936
-0.0469971	0.0088501	-0.038147
-0.0445557	0.0088501	-0.0357056
-0.0439453	0.00976563	-0.0341797
-0.0436401	0.00915527	-0.0344849
-0.0408936	0.00640869	-0.0344849
-0.0360107	0.00396729	-0.0320435
-0.0314331	0.00366211	-0.027771
-0.0311279	0.00671387	-0.0244141
-0.0338745	0.0112915	-0.022583
-0.0344849	0.0131226	-0.0213623
-0.0360107	0.0146484	-0.0213623
-0.0375366	0.015564	-0.0219727
-0.0344849	0.0137329	-0.020752
-0.0326538	0.0119019	-0.020752
-0.0350952	0.010376	-0.0247192
-0.0387573	0.00701904	-0.0317383
-0.0418091	0.00427246	-0.0375366
-0.043335	0.00335693	-0.039978
-0.0448608	0.000915527	-0.0439453
-0.0457764	-0.00274658	-0.0485229
-0.0430298	-0.00671387	-0.0497437
-0.0341797	-0.0115967	-0.0457764
-0.0216675	-0.0167847	-0.0384521
-0.0088501	-0.0183105	-0.0271606
0.00701904	-0.0167847	-0.00976563
0.0274658	-0.0119019	0.015564
0.0549316	-0.00396729	0.0509644
0.0881958	0.00793457	0.0961304
0.126343	0.0256348	0.151978
0.166016	0.0500488	0.216064
0.202637	0.083313	0.28595
0.23468	0.125122	0.359802
0.264587	0.171204	0.435791
0.288696	0.219421	0.508118
0.303345	0.267944	0.571289
0.300903	0.315247	0.61615
0.276489	0.358276	0.634766
0.232544	0.392456	0.625
0.170898	0.415955	0.586853
0.0967407	0.426331	0.523071
0.0180054	0.421753	0.439758
-0.0579834	0.402832	0.344849
-0.13031	0.372925	0.242615
-0.193176	0.333557	0.140381
-0.239258	0.285645	0.0463867
-0.264893	0.231628	-0.0332642
-0.271606	0.176392	-0.0952148
-0.262146	0.124207	-0.137939
-0.239868	0.0787354	-0.161133
-0.209656	0.0418091	-0.167847
-0.174561	0.0109863	-0.163574
-0.140076	-0.0119019	-0.151978
-0.110168	-0.0259399	-0.136108
-0.085144	-0.032959	-0.118103
-0.0674438	-0.03479	-0.102234
-0.0576782	-0.0320435	-0.0897217
-0.0531006	-0.0262451	-0.0793457
-0.0494385	-0.0195313	-0.0689697
-0.0442505	-0.0146484	-0.0588989
-0.0363159	-0.0140381	-0.050354
-0.0286865	-0.0149536	-0.0436401
-0.0259399	-0.012207	-0.038147
-0.0238037	-0.0088501	-0.0326538
-0.0192261	-0.00701904	-0.0262451
-0.0152588	-0.00579834	-0.0210571
-0.0134277	-0.00335693	-0.0167847
-0.012207	-0.000915527	-0.0131226
-0.0112915	0.000610352	-0.0106812
-0.0115967	0.00152588	-0.0100708
-0.0134277	0.00244141	-0.0109863
-0.0161743	0.00396729	-0.012207
-0.0192261	0.00701904	-0.012207
-0.0241089	0.0106812	-0.0134277
-0.027771	0.0131226	-0.0146484
-0.0317383	0.015564	-0.0161743
-0.038147	0.0198364	-0.0183105
-0.0439453	0.0231934	-0.020752
-0.0463867	0.0241089	-0.0222778
-0.0439453	0.022583	-0.0213623
-0.0415039	0.0192261	-0.0222778
-0.0424194	0.0180054	-0.0244141
-0.0424194	0.0195313	-0.0228882
-0.0387573	0.0189209	-0.0198364
-0.0299072	0.0137329	-0.0161743
-0.0180054	0.00579834	-0.012207
-0.00579834	-0.000915527	-0.00671387
0.00366211	-0.00518799	-0.00152588
0.0106812	-0.00732422	0.00335693
0.0164795	-0.00915527	0.00732422
0.0213623	-0.010376	0.0109863
0.0231934	-0.00915527	0.0140381
0.0201416	-0.00427246	0.0158691
0.0131226	0.00274658	0.0158691
0.00549316	0.00762939	0.0131226
-0.00183105	0.0088501	0.00701904
-0.010376	0.0109863	0.000610352
-0.0161743	0.0146484	-0.00152588
-0.0167847	0.0161743	-0.000610352
-0.0158691	0.0152588	-0.000610352
-0.0125122	0.0131226	0.000610352
-0.00671387	0.0100708	0.00335693
0.000610352	0.00579834	0.00640869
0.00732422	0.0012207	0.00854492
0.0125122	-0.0012207	0.0112915
0.0177002	-0.00366211	0.0140381
0.0219727	-0.00518799	0.0167847
0.0238037	-0.00610352	0.0177002
0.0238037	-0.00701904	0.0167847
0.0222778	-0.00701904	0.0152588
0.0180054	-0.00396729	0.0140381
0.012207	0.0012207	0.0134277
0.012207	0.00305176	0.0152588
0.0183105	0.00183105	0.0201416
0.0234985	0.000610352	0.0241089
0.0247192	0.00244141	0.0271606
0.0216675	0.00762939	0.0292969
0.0198364	0.012207	0.0320435
0.0238037	0.0109863	0.03479
0.0289917	0.00762939	0.0366211
0.0317383	0.00518799	0.0369263
0.032959	0.00213623	0.0350952
0.0338745	-0.00152588	0.0323486
0.0344849	-0.00610352	0.0283813
0.0372314	-0.0115967	0.0256348
0.039978	-0.0158691	0.0241089
0.0418091	-0.0186157	0.0231934
0.0454712	-0.0213623	0.0241089
0.0521851	-0.0244141	0.027771
0.0588989	-0.0253296	0.0335693
0.0634766	-0.0231934	0.0402832
0.0662231	-0.0192261	0.0469971
0.0668335	-0.0146484	0.0521851
0.0689697	-0.0106812	0.0582886
0.0772095	-0.010376	0.0668335
0.0875854	-0.0112915	0.0762939
0.0976563	-0.0125122	0.085144
0.107422	-0.0137329	0.093689
0.115967	-0.0140381	0.101929
0.122375	-0.0143433	0.108032
0.130005	-0.0170898	0.112915
0.138245	-0.0192261	0.119019
0.144043	-0.0192261	0.124817
0.150757	-0.020752	0.130005
0.157166	-0.0231934	0.133972
0.162659	-0.0253296	0.137329
0.16571	-0.0244141	0.141296
0.163574	-0.020752	0.142822
0.161133	-0.0167847	0.144348
0.162964	-0.0158691	0.147095
0.167847	-0.0177002	0.150146
0.170593	-0.0189209	0.151672
0.170898	-0.0186157	0.152283
0.171814	-0.017395	0.154419
0.171814	-0.0152588	0.156555
0.169983	-0.0125122	0.157471
0.167236	-0.0088501	0.158386
0.165405	-0.00457764	0.160828
0.165405	0	0.165405
0.16571	0.00457764	0.170288
0.16449	0.0088501	0.17334
0.162048	0.0128174	0.174866
0.157776	0.0177002	0.175476
0.151978	0.0228882	0.174866
0.145264	0.0274658	0.172729
0.134888	0.0326538	0.167542
0.119629	0.039978	0.159607
0.102844	0.0473022	0.150146
0.0881958	0.0527954	0.140991
0.0762939	0.0558472	0.132141
0.065918	0.0585938	0.124512
0.0543213	0.0622559	0.116577
0.0424194	0.065918	0.108337
0.0323486	0.0686646	0.101013
0.0256348	0.0708008	0.0964355
0.0238037	0.0695801	0.0933838
0.0253296	0.0643921	0.0897217
0.0283813	0.0570679	0.0854492
0.0311279	0.0494385	0.0805664
0.0317383	0.043335	0.0750732
0.0280762	0.0405884	0.0686646
0.0198364	0.0405884	0.0604248
0.0100708	0.0411987	0.0512695
0.00183105	0.0408936	0.0427246
-0.00579834	0.0405884	0.03479
-0.0164795	0.0445557	0.0280762
-0.0286865	0.0515747	0.0228882
-0.0390625	0.0558472	0.0167847
-0.0448608	0.055542	0.0106812
-0.0466919	0.0540161	0.00732422
-0.0442505	0.0509644	0.00671387
-0.039978	0.0476074	0.00762939
-0.0344849	0.0439453	0.00946045
-0.0289917	0.0393677	0.010376
-0.022583	0.0338745	0.0112915
-0.0146484	0.0283813	0.0137329
-0.00701904	0.0241089	0.0170898
-0.00183105	0.020752	0.0189209
-0.00274658	0.0216675	0.0189209
-0.00976563	0.0271606	0.017395
-0.0198364	0.0338745	0.0140381
-0.0289917	0.0387573	0.00976563
-0.0350952	0.0418091	0.00671387
-0.0375366	0.0439453	0.00640869
-0.0366211	0.0457764	0.00915527
-0.0363159	0.0476074	0.0112915
-0.038147	0.0491333	0.0109863
-0.0390625	0.0497437	0.0106812
-0.0369263	0.050354	0.0134277
-0.0338745	0.050354	0.0164795
-0.0299072	0.0509644	0.0210571
-0.0259399	0.0515747	0.0256348
-0.022583	0.0521851	0.0296021
-0.0192261	0.0509644	0.0317383
-0.0195313	0.0509644	0.0314331
-0.0247192	0.055542	0.0308228
-0.0302124	0.0601196	0.0299072
-0.0350952	0.0619507	0.0268555
-0.0390625	0.0631714	0.0241089
-0.0427246	0.0674438	0.0247192
-0.0469971	0.0741577	0.0271606
-0.050354	0.0808716	0.0305176
-0.0494385	0.0836182	0.0341797
-0.0454712	0.0845337	0.0390625
-0.0421143	0.0857544	0.0436401
-0.0390625	0.0860596	0.0469971
-0.0360107	0.0872803	0.0512695
-0.0280762	0.0891113	0.0610352
-0.0149536	0.0863647	0.0714111
-0.000610352	0.0775146	0.0769043
0.00976563	0.0680542	0.0778198
0.0140381	0.062561	0.0765991
0.015564	0.0601196	0.0756836
0.0143433	0.0598145	0.0741577
0.0106812	0.06073	0.0714111
0.00793457	0.0604248	0.0683594
0.00549316	0.0598145	0.0653076
0.000915527	0.0610352	0.0619507
-0.00579834	0.0646973	0.0588989
-0.0128174	0.0686646	0.0558472
-0.0192261	0.0714111	0.0521851
-0.022583	0.0726318	0.0500488
-0.0219727	0.0726318	0.0506592
-0.0177002	0.0708008	0.0531006
-0.010376	0.0671387	0.0567627
-0.00213623	0.0631714	0.0610352
0.00396729	0.06073	0.0646973
0.00946045	0.0588989	0.0683594
0.0149536	0.0579834	0.072937
0.0180054	0.0576782	0.0756836
0.0201416	0.0567627	0.0769043
0.0222778	0.0552368	0.0775146
0.0213623	0.0546265	0.0759888
0.0152588	0.0567627	0.0720215
0.0088501	0.06073	0.0695801
0.00457764	0.0634766	0.0680542
0.00274658	0.0643921	0.0671387
0.00305176	0.0631714	0.0662231
0.00366211	0.062561	0.0662231
0.00305176	0.0640869	0.0671387
0.00305176	0.0668335	0.0698853
0.00610352	0.0674438	0.0735474
0.010376	0.0656128	0.0759888
0.0115967	0.065918	0.0775146
0.00915527	0.0695801	0.0787354
0.00518799	0.0732422	0.0784302
0.0012207	0.0753784	0.0765991
-0.0012207	0.0756836	0.0744629
-0.000610352	0.0744629	0.0738525
0.000915527	0.0708008	0.0717163
0.000610352	0.0683594	0.0689697
-0.00244141	0.0686646	0.0662231
-0.00427246	0.0689697	0.0646973
-0.000610352	0.065918	0.0653076
0.00335693	0.0631714	0.0665283
0.00396729	0.0622559	0.0662231
0.00671387	0.0598145	0.0665283
0.0119019	0.0558472	0.067749
0.0192261	0.0500488	0.0692749
0.0268555	0.0439453	0.0708008
0.0320435	0.0405884	0.0726318
0.0344849	0.0390625	0.0735474
0.0375366	0.0369263	0.0744629
0.0415039	0.0335693	0.0750732
0.0439453	0.0305176	0.0744629
0.0427246	0.0286865	0.0714111
0.0387573	0.0283813	0.0671387
0.032959	0.0286865	0.0616455
0.0274658	0.0311279	0.0585938
0.0219727	0.0360107	0.0579834
0.0146484	0.0421143	0.0567627
0.00732422	0.0469971	0.0543213
0.00366211	0.0497437	0.0534058
0.00457764	0.050354	0.0549316
0.00610352	0.0512695	0.057373
0.00610352	0.0527954	0.0588989
0.00610352	0.0546265	0.06073
0.00640869	0.0564575	0.0628662
0.00457764	0.0585938	0.0631714
0.00274658	0.0592041	0.0619507
0.00366211	0.0579834	0.0616455
0.00671387	0.055542	0.0622559
0.00976563	0.0531006	0.0628662
0.010376	0.0512695	0.0616455
0.0106812	0.0497437	0.0604248
0.0125122	0.0479126	0.0604248
0.0149536	0.0454712	0.0604248
0.0167847	0.0436401	0.0604248
0.0186157	0.0436401	0.0622559
0.0201416	0.0448608	0.0650024
0.0189209	0.0460815	0.0650024
0.0146484	0.0488281	0.0634766
0.00854492	0.0531006	0.0616455
0.00274658	0.0570679	0.0598145
-0.00244141	0.0601196	0.0576782
-0.00762939	0.0634766	0.0558472
-0.0140381	0.067749	0.0537109
-0.0170898	0.0695801	0.0524902
-0.0167847	0.0686646	0.0518799
-0.0137329	0.0646973	0.0509644
-0.0115967	0.0610352	0.0494385
-0.0134277	0.0613403	0.0479126
-0.0189209	0.065918	0.0469971
-0.0222778	0.0689697	0.0466919
-0.0234985	0.0704956	0.0469971
-0.0238037	0.0723267	0.0485229
-0.0204468	0.0720215	0.0515747
-0.0134277	0.0695801	0.0561523
-0.0106812	0.0680542	0.057373
-0.0100708	0.0665283	0.0564575
-0.00610352	0.0610352	0.0549316
0.00244141	0.0509644	0.0534058
0.0112915	0.0418091	0.0531006
0.0170898	0.0363159	0.0534058
0.0201416	0.0311279	0.0512695
0.0204468	0.0256348	0.0460815
0.0170898	0.0231934	0.0402832
0.0100708	0.0259399	0.0360107
0.00213623	0.0311279	0.0332642
-0.00549316	0.0360107	0.0305176
-0.0131226	0.0408936	0.027771
-0.0189209	0.0454712	0.0265503
-0.0204468	0.0485229	0.0280762
-0.017395	0.0497437	0.0323486
-0.0131226	0.0497437	0.0366211
-0.010376	0.0494385	0.0390625
-0.0100708	0.0491333	0.0390625
-0.0109863	0.0491333	0.038147
-0.0119019	0.0491333	0.0372314
-0.010376	0.0497437	0.0393677
-0.00579834	0.0506592	0.0448608
-0.00152588	0.0521851	0.0506592
0.000915527	0.0549316	0.0558472
0.00244141	0.0576782	0.0601196
0.00396729	0.0601196	0.0640869
0.00579834	0.0622559	0.0680542
0.00946045	0.0640869	0.0735474
0.0143433	0.0653076	0.0796509
0.0189209	0.0653076	0.0842285
0.0198364	0.0665283	0.0863647
0.0167847	0.0708008	0.0875854
0.0137329	0.072937	0.0866699
0.0109863	0.0741577	0.085144
0.00457764	0.0772095	0.0817871
-0.00335693	0.0799561	0.0765991
-0.00854492	0.0811768	0.0726318
-0.00671387	0.0799561	0.0732422
-0.00274658	0.0796509	0.0769043
-0.00183105	0.0808716	0.0790405
-0.000305176	0.0808716	0.0805664
0.00274658	0.0778198	0.0805664
0.00549316	0.0741577	0.0796509
0.00915527	0.0695801	0.0787354
0.015564	0.0634766	0.0790405
0.0238037	0.057373	0.0811768
0.0317383	0.0521851	0.0839233
0.038147	0.0466919	0.0848389
0.0427246	0.0402832	0.0830078
0.0457764	0.03479	0.0805664
0.0457764	0.0323486	0.078125
0.0439453	0.0323486	0.0762939
0.045166	0.0317383	0.0769043
0.0491333	0.0289917	0.078125
0.0512695	0.0253296	0.0765991
0.0518799	0.022583	0.0744629
0.0534058	0.0216675	0.0750732
0.0546265	0.0204468	0.0750732
0.0540161	0.0192261	0.0732422
0.0512695	0.0180054	0.0692749
0.0479126	0.0167847	0.0646973
0.045166	0.0149536	0.0601196
0.0415039	0.0137329	0.0552368
0.0357056	0.0137329	0.0494385
0.0259399	0.0164795	0.0424194
0.0134277	0.0183105	0.0317383
0.000610352	0.0195313	0.0201416
-0.0106812	0.020752	0.0100708
-0.0183105	0.0204468	0.00213623
-0.0213623	0.0170898	-0.00427246
-0.0219727	0.0149536	-0.00701904
-0.022583	0.0140381	-0.00854492
-0.020752	0.0109863	-0.00976563
-0.0146484	0.00732422	-0.00732422
-0.00671387	0.00427246	-0.00244141
0.000305176	0.00305176	0.00335693
0.00549316	0.00335693	0.0088501
0.00854492	0.00579834	0.0143433
0.00946045	0.00915527	0.0186157
0.00762939	0.0125122	0.0201416
0.00305176	0.015564	0.0186157
-0.00274658	0.0192261	0.0164795
-0.00701904	0.0222778	0.0152588
-0.0100708	0.0241089	0.0140381
-0.0125122	0.0234985	0.0109863
-0.015564	0.0216675	0.00610352
-0.0213623	0.0219727	0.000610352
-0.0268555	0.0234985	-0.00335693
-0.0259399	0.0222778	-0.00366211
-0.020752	0.0213623	0.000610352
-0.017395	0.0238037	0.00640869
-0.0195313	0.0299072	0.010376
-0.0228882	0.0360107	0.0131226
-0.0213623	0.0378418	0.0164795
-0.0177002	0.0363159	0.0186157
-0.0152588	0.0344849	0.0192261
-0.0158691	0.0344849	0.0186157
-0.0186157	0.0344849	0.0158691
-0.0167847	0.0283813	0.0115967
-0.0106812	0.0170898	0.00640869
-0.00366211	0.00610352	0.00244141
0.00396729	-0.00305176	0.000915527
0.015564	-0.00976563	0.00579834
0.0305176	-0.0119019	0.0186157
0.0497437	-0.0088501	0.0408936
0.0735474	0.0012207	0.0747681
0.102844	0.0192261	0.12207
0.135803	0.0454712	0.181274
0.173035	0.0784302	0.251465
0.213928	0.116882	0.330811
0.253601	0.160217	0.413818
0.28717	0.209351	0.496521
0.308228	0.262451	0.570679
0.312195	0.317688	0.629883
0.300598	0.368652	0.66925
0.275879	0.409241	0.68512
0.236816	0.438232	0.675049
0.180664	0.456848	0.637512
0.110168	0.463867	0.574036
0.0354004	0.454712	0.490112
-0.0344849	0.426941	0.392456
-0.0958252	0.383301	0.287476
-0.148315	0.3302	0.181885
-0.188904	0.271301	0.0823975
-0.210876	0.209656	-0.0012207
-0.213623	0.147705	-0.065918
-0.201721	0.090332	-0.111389
-0.180664	0.0418091	-0.138855
-0.152893	0.00274658	-0.150146
-0.124512	-0.0234985	-0.14801
-0.0997925	-0.0372314	-0.137024
-0.078125	-0.0421143	-0.120239
-0.0601196	-0.0408936	-0.101013
-0.0457764	-0.0360107	-0.0817871
-0.0360107	-0.0286865	-0.0646973
-0.0302124	-0.020752	-0.0509644
-0.0289917	-0.0125122	-0.0415039
-0.0289917	-0.00671387	-0.0357056
-0.0296021	-0.00244141	-0.0320435
-0.0311279	0.00183105	-0.0292969
-0.0320435	0.00427246	-0.027771
-0.0302124	0.00488281	-0.0253296
-0.0289917	0.00640869	-0.022583
-0.0292969	0.00915527	-0.0201416
-0.0286865	0.0109863	-0.0177002
-0.0271606	0.0112915	-0.0158691
-0.0234985	0.0106812	-0.0128174
-0.0167847	0.00671387	-0.0100708
-0.010376	0.0012207	-0.00915527
-0.00793457	-0.000305176	-0.00823975
-0.00854492	0.000915527	-0.00762939
-0.0100708	0.000610352	-0.00946045
-0.0125122	-0.000305176	-0.0128174
-0.0140381	-0.000915527	-0.0149536
-0.0128174	-0.00183105	-0.0146484
-0.0112915	-0.00183105	-0.0131226
-0.0119019	-0.000610352	-0.0125122
-0.0137329	0.0012207	-0.0125122
-0.0140381	0.00305176	-0.0109863
-0.0109863	0.00305176	-0.00793457
-0.00457764	0.0012207	-0.00335693
0.00244141	-0.000610352	0.00183105
0.00762939	-0.0012207	0.00640869
0.0100708	-0.00152588	0.00854492
0.0100708	-0.00213623	0.00793457
0.00915527	-0.00274658	0.00640869
0.00762939	-0.00244141	0.00518799
0.00518799	-0.00244141	0.00274658
0.000610352	-0.00244141	-0.00183105
-0.00488281	-0.00213623	-0.00701904
-0.00976563	-0.00152588	-0.0112915
-0.0137329	-0.000915527	-0.0146484
-0.0140381	0.000305176	-0.0137329
-0.0137329	0.00274658	-0.0109863
-0.0161743	0.00671387	-0.00946045
-0.0183105	0.00946045	-0.0088501
-0.0167847	0.0109863	-0.00579834
-0.0137329	0.0131226	-0.000610352
-0.0119019	0.0161743	0.00427246
-0.00976563	0.0177002	0.00793457
-0.00610352	0.0164795	0.010376
-0.00366211	0.0149536	0.0112915
-0.00274658	0.0134277	0.0106812
0.000305176	0.00946045	0.00976563
0.00549316	0.00183105	0.00732422
0.0115967	-0.00793457	0.00366211
0.0128174	-0.0131226	-0.000305176
0.00671387	-0.0106812	-0.00396729
0.00274658	-0.00732422	-0.00457764
0.00518799	-0.00762939	-0.00244141
0.00701904	-0.00854492	-0.00152588
0.00762939	-0.00946045	-0.00183105
0.00732422	-0.00915527	-0.00183105
0.00640869	-0.00488281	0.00152588
0.0088501	-0.00244141	0.00640869
0.0146484	-0.00366211	0.0109863
0.0198364	-0.00579834	0.0140381
0.0219727	-0.00671387	0.0152588
0.0228882	-0.00854492	0.0143433
0.0234985	-0.0106812	0.0128174
0.0256348	-0.0128174	0.0128174
0.0274658	-0.0149536	0.0125122
0.0274658	-0.0152588	0.012207
0.0262451	-0.0137329	0.0125122
0.0262451	-0.0131226	0.0131226
0.0280762	-0.0146484	0.0134277
0.032959	-0.0170898	0.0158691
0.0415039	-0.0195313	0.0219727
0.0515747	-0.0219727	0.0296021
0.0622559	-0.0253296	0.0369263
0.0726318	-0.0292969	0.043335
0.0823975	-0.032959	0.0494385
0.0918579	-0.0357056	0.0561523
0.101318	-0.038147	0.0631714
0.108948	-0.0393677	0.0695801
0.111694	-0.0357056	0.0759888
0.111694	-0.0302124	0.0814819
0.111694	-0.0256348	0.0860596
0.111694	-0.022583	0.0891113
0.109558	-0.020752	0.0888062
0.105591	-0.0192261	0.0863647
0.101929	-0.017395	0.0845337
0.102539	-0.0164795	0.0860596
0.106201	-0.0170898	0.0891113
0.109863	-0.017395	0.0924683
0.112305	-0.015564	0.0967407
0.116577	-0.0131226	0.103455
0.123291	-0.012207	0.111084
0.131836	-0.0143433	0.117493
0.13916	-0.0161743	0.122986
0.142517	-0.0143433	0.128174
0.145874	-0.0119019	0.133972
0.150452	-0.0112915	0.13916
0.154724	-0.0137329	0.140991
0.157166	-0.0167847	0.140381
0.152588	-0.0143433	0.138245
0.144348	-0.0088501	0.135498
0.137634	-0.00457764	0.133057
0.132141	-0.00183105	0.13031
0.125122	0.00213623	0.127258
0.116577	0.00640869	0.122986
0.108948	0.010376	0.119324
0.101624	0.0143433	0.115967
0.0933838	0.0170898	0.110474
0.0869751	0.0158691	0.102844
0.0830078	0.0119019	0.0949097
0.0793457	0.00671387	0.0860596
0.0756836	0.000915527	0.0765991
0.071106	-0.00366211	0.0674438
0.0646973	-0.00671387	0.0579834
0.0564575	-0.00732422	0.0491333
0.0454712	-0.00518799	0.0402832
0.0320435	-0.0012207	0.0308228
0.0195313	0.0012207	0.020752
0.00701904	0.00305176	0.0100708
-0.00610352	0.00457764	-0.00152588
-0.0177002	0.00671387	-0.0109863
-0.027771	0.00976563	-0.0180054
-0.0363159	0.0119019	-0.0244141
-0.0427246	0.0119019	-0.0308228
-0.0427246	0.0100708	-0.0326538
-0.0402832	0.00854492	-0.0317383
-0.039978	0.00732422	-0.0326538
-0.0408936	0.00488281	-0.0360107
-0.0430298	0.00305176	-0.039978
-0.0454712	0.000610352	-0.0448608
-0.0463867	-0.00366211	-0.0500488
-0.0460815	-0.0112915	-0.057373
-0.0466919	-0.0186157	-0.0653076
-0.0527954	-0.0216675	-0.0744629
-0.0610352	-0.0219727	-0.0830078
-0.0650024	-0.0244141	-0.0894165
-0.0653076	-0.0271606	-0.0924683
-0.0643921	-0.0289917	-0.0933838
-0.0628662	-0.0283813	-0.0912476
-0.0616455	-0.0247192	-0.0863647
-0.0601196	-0.0198364	-0.0799561
-0.0585938	-0.0158691	-0.0744629
-0.057373	-0.0134277	-0.0708008
-0.0576782	-0.0128174	-0.0704956
-0.0582886	-0.0125122	-0.0708008
-0.0598145	-0.0115967	-0.0714111
-0.0604248	-0.0128174	-0.0732422
-0.0628662	-0.0149536	-0.0778198
-0.0671387	-0.015564	-0.0827026
-0.0704956	-0.0161743	-0.0866699
-0.0747681	-0.0149536	-0.0897217
-0.0796509	-0.012207	-0.0918579
-0.083313	-0.00854492	-0.0918579
-0.0836182	-0.00640869	-0.0900269
-0.0796509	-0.00732422	-0.0869751
-0.0735474	-0.0100708	-0.0836182
-0.0665283	-0.0140381	-0.0805664
-0.0588989	-0.0192261	-0.078125
-0.0558472	-0.0198364	-0.0756836
-0.0546265	-0.0183105	-0.072937
-0.0521851	-0.0195313	-0.0717163
-0.0500488	-0.020752	-0.0708008
-0.0515747	-0.0195313	-0.071106
-0.0579834	-0.0140381	-0.0720215
-0.0671387	-0.00640869	-0.0735474
-0.0741577	0.000305176	-0.0738525
-0.0793457	0.00427246	-0.0750732
-0.0839233	0.00518799	-0.0787354
-0.0869751	0.00366211	-0.083313
-0.0860596	-0.000305176	-0.0863647
-0.0808716	-0.00518799	-0.0860596
-0.072937	-0.0106812	-0.0836182
-0.065918	-0.0152588	-0.0811768
-0.0610352	-0.0183105	-0.0793457
-0.055542	-0.0219727	-0.0775146
-0.0515747	-0.0247192	-0.0762939
-0.0509644	-0.0234985	-0.0744629
-0.0518799	-0.0192261	-0.071106
-0.0527954	-0.0146484	-0.0674438
-0.0537109	-0.0115967	-0.0653076
-0.0537109	-0.010376	-0.0640869
-0.0531006	-0.0115967	-0.0646973
-0.0531006	-0.0137329	-0.0668335
-0.0527954	-0.0161743	-0.0689697
-0.0506592	-0.0198364	-0.0704956
-0.045166	-0.0219727	-0.0671387
-0.0402832	-0.0228882	-0.0631714
-0.0393677	-0.0238037	-0.0631714
-0.0387573	-0.0250244	-0.0637817
-0.0369263	-0.0265503	-0.0634766
-0.0369263	-0.0256348	-0.062561
-0.038147	-0.0234985	-0.0616455
-0.0405884	-0.020752	-0.0613403
-0.0430298	-0.0189209	-0.0619507
-0.0427246	-0.0198364	-0.062561
-0.0418091	-0.0213623	-0.0631714
-0.0424194	-0.0219727	-0.0643921
-0.0442505	-0.0216675	-0.065918
-0.0473022	-0.0210571	-0.0683594
-0.0491333	-0.0210571	-0.0701904
-0.0488281	-0.0222778	-0.071106
-0.0476074	-0.0234985	-0.071106
-0.0497437	-0.0213623	-0.071106
-0.0515747	-0.0183105	-0.0698853
-0.0506592	-0.0170898	-0.067749
-0.0479126	-0.0177002	-0.0656128
-0.045166	-0.0180054	-0.0631714
-0.0436401	-0.0177002	-0.0613403
-0.0445557	-0.015564	-0.0601196
-0.0454712	-0.0137329	-0.0592041
-0.0442505	-0.0134277	-0.0576782
-0.0402832	-0.0164795	-0.0567627
-0.0369263	-0.0204468	-0.057373
-0.0366211	-0.0228882	-0.0595093
-0.0369263	-0.0244141	-0.0613403
-0.0372314	-0.0271606	-0.0643921
-0.0384521	-0.0314331	-0.0698853
-0.0436401	-0.0320435	-0.0756836
-0.0482178	-0.0296021	-0.0778198
-0.0482178	-0.0280762	-0.0762939
-0.0497437	-0.0244141	-0.0741577
-0.0531006	-0.0198364	-0.072937
-0.0552368	-0.0177002	-0.072937
-0.055542	-0.0180054	-0.0735474
-0.0543213	-0.0195313	-0.0738525
-0.0506592	-0.0213623	-0.0720215
-0.043335	-0.0250244	-0.0683594
-0.032959	-0.0314331	-0.0643921
-0.0231934	-0.0384521	-0.0616455
-0.0177002	-0.0445557	-0.0622559
-0.0143433	-0.0500488	-0.0643921
-0.012207	-0.0552368	-0.0674438
-0.0143433	-0.055542	-0.0698853
-0.0219727	-0.0466919	-0.0686646
-0.0320435	-0.0326538	-0.0646973
-0.0411987	-0.0222778	-0.0634766
-0.0479126	-0.0158691	-0.0637817
-0.0527954	-0.012207	-0.0650024
-0.0558472	-0.00976563	-0.0656128
-0.057373	-0.00701904	-0.0643921
-0.0579834	-0.00549316	-0.0634766
-0.0534058	-0.00854492	-0.0619507
-0.0442505	-0.0167847	-0.0610352
-0.0320435	-0.0268555	-0.0588989
-0.0204468	-0.0354004	-0.0558472
-0.0131226	-0.0411987	-0.0543213
-0.00915527	-0.0439453	-0.0531006
-0.0088501	-0.0439453	-0.0527954
-0.0109863	-0.0418091	-0.0527954
-0.0143433	-0.0390625	-0.0534058
-0.0170898	-0.0372314	-0.0543213
-0.020752	-0.0354004	-0.0561523
-0.0271606	-0.0323486	-0.0595093
-0.0326538	-0.0280762	-0.06073
-0.0363159	-0.0244141	-0.06073
-0.0418091	-0.0195313	-0.0613403
-0.0460815	-0.0152588	-0.0613403
-0.0469971	-0.0140381	-0.0610352
-0.0448608	-0.0143433	-0.0592041
-0.0402832	-0.0140381	-0.0543213
-0.0357056	-0.0131226	-0.0488281
-0.0320435	-0.012207	-0.0442505
-0.0296021	-0.0128174	-0.0424194
-0.0292969	-0.0140381	-0.043335
-0.0299072	-0.015564	-0.0454712
-0.0305176	-0.0177002	-0.0482178
-0.0308228	-0.0198364	-0.0506592
-0.032959	-0.0198364	-0.0527954
-0.0360107	-0.0183105	-0.0543213
-0.038147	-0.0167847	-0.0549316
-0.0387573	-0.0158691	-0.0546265
-0.0393677	-0.0149536	-0.0543213
-0.0405884	-0.0140381	-0.0546265
-0.039978	-0.0149536	-0.0549316
-0.0357056	-0.0177002	-0.0534058
-0.0296021	-0.0213623	-0.0509644
-0.0259399	-0.0231934	-0.0491333
-0.0244141	-0.0228882	-0.0473022
-0.0280762	-0.0186157	-0.0466919
-0.0338745	-0.0125122	-0.0463867
-0.0354004	-0.012207	-0.0476074
-0.0326538	-0.0161743	-0.0488281
-0.0286865	-0.0201416	-0.0488281
-0.0268555	-0.0216675	-0.0485229
-0.0280762	-0.020752	-0.0488281
-0.0308228	-0.0195313	-0.050354
-0.0311279	-0.020752	-0.0518799
-0.0280762	-0.0253296	-0.0534058
-0.0241089	-0.0311279	-0.0552368
-0.0222778	-0.0332642	-0.055542
-0.0250244	-0.0289917	-0.0540161
-0.032959	-0.0189209	-0.0518799
-0.0427246	-0.00854492	-0.0512695
-0.0485229	-0.00213623	-0.0506592
-0.0491333	0.0012207	-0.0479126
-0.0448608	0.00183105	-0.0430298
-0.0402832	0.000610352	-0.0396729
-0.0366211	-0.00213623	-0.0387573
-0.0335693	-0.00579834	-0.0393677
-0.0299072	-0.0119019	-0.0418091
-0.0250244	-0.0201416	-0.045166
-0.0198364	-0.0292969	-0.0491333
-0.0131226	-0.0369263	-0.0500488
-0.00701904	-0.0427246	-0.0497437
-0.00427246	-0.0448608	-0.0491333
-0.00671387	-0.0421143	-0.0488281
-0.0106812	-0.0363159	-0.0469971
-0.0131226	-0.0289917	-0.0421143
-0.0152588	-0.0192261	-0.0344849
-0.0170898	-0.010376	-0.0274658
-0.0189209	-0.00274658	-0.0216675
-0.0219727	0.00366211	-0.0183105
-0.0231934	0.00793457	-0.0152588
-0.0213623	0.0100708	-0.0112915
-0.0213623	0.0119019	-0.00946045
-0.0238037	0.0119019	-0.0119019
-0.0256348	0.00946045	-0.0161743
-0.0238037	0.00488281	-0.0189209
-0.0180054	-0.00244141	-0.0204468
-0.0109863	-0.00854492	-0.0195313
-0.00854492	-0.00854492	-0.0170898
-0.00793457	-0.00518799	-0.0131226
-0.00762939	-0.00183105	-0.00946045
-0.00701904	0.00183105	-0.00518799
-0.00427246	0.00366211	-0.000610352
-0.000305176	0.00366211	0.00335693
0.00152588	0.00488281	0.00640869
0.00335693	0.00427246	0.00762939
0.00762939	0.00183105	0.00946045
0.0134277	-0.00396729	0.00946045
0.0183105	-0.0109863	0.00732422
0.0222778	-0.0186157	0.00366211
0.0250244	-0.0253296	-0.000305176
0.0262451	-0.0289917	-0.00274658
0.0271606	-0.0299072	-0.00274658
0.0259399	-0.027771	-0.00183105
0.0231934	-0.0241089	-0.000915527
0.0219727	-0.0210571	0.000915527
0.0219727	-0.0183105	0.00366211
0.0228882	-0.015564	0.00732422
0.0228882	-0.0128174	0.0100708
0.0234985	-0.0125122	0.0109863
0.0271606	-0.0164795	0.0106812
0.0335693	-0.0241089	0.00946045
0.0378418	-0.0305176	0.00732422
0.0384521	-0.0341797	0.00427246
0.0375366	-0.0369263	0.000610352
0.0369263	-0.0396729	-0.00274658
0.0335693	-0.0408936	-0.00732422
0.0274658	-0.0408936	-0.0134277
0.0195313	-0.038147	-0.0186157
0.00915527	-0.0320435	-0.0228882
-0.00183105	-0.0259399	-0.027771
-0.0112915	-0.0222778	-0.0335693
-0.0192261	-0.0216675	-0.0408936
-0.0247192	-0.0222778	-0.0469971
-0.0280762	-0.0231934	-0.0512695
-0.0308228	-0.0244141	-0.0552368
-0.0354004	-0.0250244	-0.0604248
-0.0427246	-0.0247192	-0.0674438
-0.0466919	-0.0241089	-0.0708008
-0.0463867	-0.022583	-0.0689697
-0.0445557	-0.0222778	-0.0668335
-0.0405884	-0.0234985	-0.0640869
-0.0363159	-0.0247192	-0.0610352
-0.0323486	-0.0250244	-0.057373
-0.0280762	-0.0268555	-0.0549316
-0.0228882	-0.0286865	-0.0515747
-0.0186157	-0.0299072	-0.0485229
-0.0146484	-0.0320435	-0.0466919
-0.00701904	-0.0369263	-0.0439453
-0.000610352	-0.0405884	-0.0411987
-0.00213623	-0.0396729	-0.0418091
-0.00915527	-0.0360107	-0.045166
-0.0125122	-0.03479	-0.0473022
-0.0115967	-0.0375366	-0.0491333
-0.0125122	-0.0378418	-0.050354
-0.0161743	-0.0354004	-0.0515747
-0.0186157	-0.0323486	-0.0509644
-0.0198364	-0.0311279	-0.0509644
-0.0201416	-0.0323486	-0.0524902
-0.0195313	-0.0354004	-0.0549316
-0.0198364	-0.0369263	-0.0567627
-0.0204468	-0.0375366	-0.0579834
-0.0219727	-0.0366211	-0.0585938
-0.0262451	-0.032959	-0.0592041
-0.0299072	-0.0311279	-0.0610352
-0.0332642	-0.0314331	-0.0646973
-0.0357056	-0.0323486	-0.0680542
-0.0335693	-0.0335693	-0.0671387
-0.0247192	-0.0369263	-0.0616455
-0.00976563	-0.0415039	-0.0512695
0.010376	-0.0454712	-0.0350952
0.0350952	-0.0454712	-0.010376
0.0634766	-0.0396729	0.0238037
0.0970459	-0.0271606	0.0698853
0.135498	-0.00762939	0.127869
0.177002	0.0180054	0.195007
0.219116	0.0500488	0.269165
0.259094	0.0878906	0.346985
0.293274	0.132141	0.425415
0.316467	0.1828	0.499268
0.325623	0.235596	0.561218
0.314941	0.28595	0.600891
0.283203	0.331116	0.614319
0.234985	0.366516	0.601501
0.172729	0.39032	0.563049
0.0991821	0.402222	0.501404
0.0167847	0.403137	0.419922
-0.067749	0.390015	0.322266
-0.143433	0.358887	0.215454
-0.203552	0.312805	0.109253
-0.243225	0.258179	0.0149536
-0.26062	0.197754	-0.0628662
-0.256958	0.133057	-0.123901
-0.236206	0.0701904	-0.166016
-0.202637	0.0134277	-0.189209
-0.162659	-0.0335693	-0.196228
-0.120239	-0.0698853	-0.190125
-0.0799561	-0.0958252	-0.175781
-0.0469971	-0.110474	-0.157471
-0.0268555	-0.112305	-0.13916
-0.0189209	-0.10437	-0.123291
-0.0192261	-0.0921631	-0.111389
-0.0234985	-0.0790405	-0.102539
-0.0302124	-0.0653076	-0.09552
-0.038147	-0.0521851	-0.090332
-0.0457764	-0.0418091	-0.0875854
-0.0512695	-0.03479	-0.0860596
-0.0527954	-0.0308228	-0.0836182
-0.0512695	-0.027771	-0.0790405
-0.0469971	-0.0268555	-0.0738525
-0.039978	-0.0286865	-0.0686646
-0.032959	-0.0320435	-0.0650024
-0.0268555	-0.0354004	-0.0622559
-0.0216675	-0.0372314	-0.0588989
-0.017395	-0.0384521	-0.0558472
-0.0146484	-0.0390625	-0.0537109
-0.0143433	-0.0393677	-0.0537109
-0.0143433	-0.0396729	-0.0540161
-0.0143433	-0.039978	-0.0543213
-0.0146484	-0.0415039	-0.0561523
-0.0177002	-0.0418091	-0.0595093
-0.0222778	-0.0405884	-0.0628662
-0.0262451	-0.0390625	-0.0653076
-0.0265503	-0.038147	-0.0646973
-0.022583	-0.0384521	-0.0610352
-0.0189209	-0.038147	-0.0570679
-0.0177002	-0.0375366	-0.0552368
-0.017395	-0.0366211	-0.0540161
-0.017395	-0.0350952	-0.0524902
-0.017395	-0.0323486	-0.0497437
-0.0189209	-0.0274658	-0.0463867
-0.0213623	-0.022583	-0.0439453
-0.0231934	-0.0213623	-0.0445557
-0.0256348	-0.0204468	-0.0460815
-0.0283813	-0.0189209	-0.0473022
-0.0296021	-0.0186157	-0.0482178
-0.0286865	-0.0222778	-0.0509644
-0.0259399	-0.0286865	-0.0546265
-0.0244141	-0.0338745	-0.0582886
-0.0219727	-0.0378418	-0.0598145
-0.0180054	-0.0411987	-0.0592041
-0.0131226	-0.0439453	-0.0570679
-0.00946045	-0.0457764	-0.0552368
-0.00793457	-0.0454712	-0.0534058
-0.00823975	-0.043335	-0.0515747
-0.0106812	-0.038147	-0.0488281
-0.0134277	-0.0326538	-0.0460815
-0.0115967	-0.0323486	-0.0439453
-0.0106812	-0.0317383	-0.0424194
-0.0158691	-0.0268555	-0.0427246
-0.0195313	-0.0241089	-0.0436401
-0.0192261	-0.0247192	-0.0439453
-0.0180054	-0.0265503	-0.0445557
-0.0177002	-0.0292969	-0.0469971
-0.0195313	-0.0317383	-0.0512695
-0.022583	-0.0320435	-0.0546265
-0.0250244	-0.0299072	-0.0549316
-0.0283813	-0.0253296	-0.0537109
-0.0292969	-0.0238037	-0.0531006
-0.0241089	-0.0280762	-0.0521851
-0.015564	-0.0341797	-0.0497437
-0.00701904	-0.0390625	-0.0460815
0.00213623	-0.0427246	-0.0405884
0.0128174	-0.0466919	-0.0338745
0.0259399	-0.0527954	-0.0268555
0.0387573	-0.0601196	-0.0213623
0.0473022	-0.0646973	-0.017395
0.0534058	-0.0680542	-0.0146484
0.0610352	-0.0720215	-0.0109863
0.067749	-0.0741577	-0.00640869
0.0698853	-0.0732422	-0.00335693
0.065918	-0.0701904	-0.00427246
0.0616455	-0.0668335	-0.00518799
0.06073	-0.0637817	-0.00305176
0.0616455	-0.0616455	0
0.0637817	-0.0592041	0.00457764
0.067749	-0.0567627	0.0109863
0.0732422	-0.0564575	0.0167847
0.0802612	-0.057373	0.0228882
0.0881958	-0.0588989	0.0292969
0.09552	-0.0604248	0.0350952
0.102234	-0.062561	0.0396729
0.108337	-0.0653076	0.0430298
0.112915	-0.0683594	0.0445557
0.115662	-0.0704956	0.045166
0.116577	-0.0704956	0.0460815
0.116272	-0.0680542	0.0482178
0.115662	-0.0653076	0.050354
0.116272	-0.0628662	0.0534058
0.117188	-0.0604248	0.0567627
0.119934	-0.0582886	0.0616455
0.122986	-0.0558472	0.0671387
0.122681	-0.050354	0.0723267
0.119324	-0.0436401	0.0756836
0.12085	-0.0430298	0.0778198
0.129395	-0.0482178	0.0811768
0.136414	-0.0500488	0.0863647
0.134888	-0.0442505	0.0906372
0.130005	-0.0366211	0.0933838
0.1297	-0.032959	0.0967407
0.133362	-0.0314331	0.101929
0.135803	-0.0289917	0.106812
0.138245	-0.0262451	0.112
0.13916	-0.0234985	0.115662
0.138855	-0.0198364	0.119019
0.139771	-0.0183105	0.12146
0.141907	-0.0201416	0.121765
0.141602	-0.0222778	0.119324
0.133667	-0.0183105	0.115356
0.12085	-0.0128174	0.108032
0.109253	-0.00946045	0.0997925
0.101624	-0.00701904	0.0946045
0.0961304	-0.00427246	0.0918579
0.0878906	0.000610352	0.088501
0.0765991	0.00701904	0.0836182
0.0662231	0.0115967	0.0778198
0.0592041	0.0134277	0.0726318
0.0546265	0.0131226	0.067749
0.0512695	0.0112915	0.062561
0.0466919	0.00823975	0.0549316
0.0427246	0.00457764	0.0473022
0.0415039	0.000915527	0.0424194
0.0402832	-0.0012207	0.0390625
0.0354004	-0.00152588	0.0338745
0.027771	-0.00152588	0.0262451
0.020752	-0.0012207	0.0195313
0.0164795	-0.000915527	0.015564
0.0106812	0.000305176	0.0109863
0.00213623	0.00366211	0.00579834
-0.00671387	0.00854492	0.00183105
-0.0149536	0.0125122	-0.00244141
-0.0213623	0.0128174	-0.00854492
-0.0268555	0.0106812	-0.0161743
-0.0314331	0.00732422	-0.0241089
-0.0366211	0.00396729	-0.0326538
-0.0424194	0.00152588	-0.0408936
-0.0445557	-0.00183105	-0.0463867
-0.0430298	-0.00610352	-0.0491333
-0.0396729	-0.0109863	-0.0506592
-0.0375366	-0.0149536	-0.0524902
-0.0384521	-0.015564	-0.0540161
-0.039978	-0.0152588	-0.0552368
-0.0384521	-0.0177002	-0.0561523
-0.03479	-0.0219727	-0.0567627
-0.0366211	-0.020752	-0.057373
-0.0421143	-0.0164795	-0.0585938
-0.0436401	-0.0161743	-0.0598145
-0.0424194	-0.0192261	-0.0616455
-0.0405884	-0.022583	-0.0631714
-0.0390625	-0.0259399	-0.0650024
-0.0372314	-0.0292969	-0.0665283
-0.03479	-0.0305176	-0.0653076
-0.0326538	-0.0302124	-0.0628662
-0.0311279	-0.0286865	-0.0598145
-0.0302124	-0.0265503	-0.0567627
-0.0283813	-0.0253296	-0.0537109
-0.027771	-0.0222778	-0.0500488
-0.0283813	-0.0170898	-0.0454712
-0.0289917	-0.0125122	-0.0415039
-0.0311279	-0.0088501	-0.039978
-0.0335693	-0.00610352	-0.0396729
-0.0354004	-0.00427246	-0.0396729
-0.0360107	-0.00396729	-0.039978
-0.0350952	-0.00488281	-0.039978
-0.0338745	-0.00671387	-0.0405884
-0.0326538	-0.00915527	-0.0418091
-0.0311279	-0.0115967	-0.0427246
-0.0283813	-0.0140381	-0.0424194
-0.0244141	-0.0158691	-0.0402832
-0.0204468	-0.0170898	-0.0375366
-0.0183105	-0.0170898	-0.0354004
-0.0192261	-0.0149536	-0.0341797
-0.0210571	-0.0125122	-0.0335693
-0.0247192	-0.010376	-0.0350952
-0.027771	-0.00915527	-0.0369263
-0.0259399	-0.00793457	-0.0338745
-0.0247192	-0.00579834	-0.0305176
-0.0262451	-0.00335693	-0.0296021
-0.0268555	-0.00274658	-0.0296021
-0.0271606	-0.00183105	-0.0289917
-0.0305176	0.00183105	-0.0286865
-0.0341797	0.00579834	-0.0283813
-0.0338745	0.00610352	-0.027771
-0.0314331	0.00457764	-0.0268555
-0.0308228	0.00396729	-0.0268555
-0.0289917	0.00244141	-0.0265503
-0.0241089	-0.00244141	-0.0265503
-0.0192261	-0.00823975	-0.0274658
-0.0161743	-0.0137329	-0.0299072
-0.0164795	-0.0161743	-0.0326538
-0.0152588	-0.0195313	-0.03479
-0.0100708	-0.0256348	-0.0357056
-0.00549316	-0.0311279	-0.0366211
-0.00457764	-0.0332642	-0.0378418
-0.00518799	-0.0341797	-0.0393677
-0.00579834	-0.0344849	-0.0402832
-0.00793457	-0.0341797	-0.0421143
-0.0112915	-0.032959	-0.0442505
-0.0131226	-0.0317383	-0.0448608
-0.0125122	-0.0311279	-0.0436401
-0.0109863	-0.0308228	-0.0418091
-0.00976563	-0.0311279	-0.0408936
-0.0088501	-0.0314331	-0.0402832
-0.00701904	-0.0320435	-0.0390625
-0.00457764	-0.0335693	-0.038147
-0.00244141	-0.0344849	-0.0369263
-0.00396729	-0.032959	-0.0369263
-0.00762939	-0.0302124	-0.0378418
-0.0128174	-0.0262451	-0.0390625
-0.0198364	-0.0219727	-0.0418091
-0.0274658	-0.0183105	-0.0457764
-0.0335693	-0.0161743	-0.0497437
-0.0372314	-0.0149536	-0.0521851
-0.039978	-0.0140381	-0.0540161
-0.0411987	-0.0131226	-0.0543213
-0.0402832	-0.0128174	-0.0531006
-0.0375366	-0.0143433	-0.0518799
-0.0314331	-0.017395	-0.0488281
-0.022583	-0.022583	-0.045166
-0.0119019	-0.0289917	-0.0408936
0.000610352	-0.0350952	-0.0344849
0.012207	-0.0402832	-0.0280762
0.0201416	-0.0430298	-0.0228882
0.0222778	-0.043335	-0.0210571
0.0189209	-0.0418091	-0.0228882
0.012207	-0.0393677	-0.0271606
0.00274658	-0.032959	-0.0302124
-0.00762939	-0.0253296	-0.032959
-0.0143433	-0.0228882	-0.0372314
-0.0170898	-0.0253296	-0.0424194
-0.0204468	-0.0253296	-0.0457764
-0.0231934	-0.022583	-0.0457764
-0.0244141	-0.0195313	-0.0439453
-0.0213623	-0.0198364	-0.0411987
-0.0146484	-0.0241089	-0.0387573
-0.00671387	-0.0292969	-0.0360107
0.000915527	-0.0344849	-0.0335693
0.00518799	-0.0372314	-0.0320435
0.00732422	-0.038147	-0.0308228
0.00762939	-0.0378418	-0.0302124
0.00427246	-0.0354004	-0.0311279
-0.00213623	-0.0326538	-0.03479
-0.0088501	-0.0314331	-0.0402832
-0.0134277	-0.0302124	-0.0436401
-0.0158691	-0.0292969	-0.045166
-0.0177002	-0.0283813	-0.0460815
-0.0192261	-0.0286865	-0.0479126
-0.0192261	-0.0296021	-0.0488281
-0.0189209	-0.0305176	-0.0494385
-0.0183105	-0.0311279	-0.0494385
-0.017395	-0.0314331	-0.0488281
-0.0149536	-0.0320435	-0.0469971
-0.012207	-0.0323486	-0.0445557
-0.0125122	-0.0311279	-0.0436401
-0.0140381	-0.0280762	-0.0421143
-0.0152588	-0.0244141	-0.0396729
-0.0164795	-0.0204468	-0.0369263
-0.0192261	-0.015564	-0.03479
-0.0238037	-0.0100708	-0.0338745
-0.0274658	-0.00701904	-0.0344849
-0.0286865	-0.00793457	-0.0366211
-0.0283813	-0.0106812	-0.0390625
-0.0283813	-0.0143433	-0.0427246
-0.0271606	-0.0167847	-0.0439453
-0.0250244	-0.0192261	-0.0442505
-0.0238037	-0.0204468	-0.0442505
-0.0238037	-0.0204468	-0.0442505
-0.0247192	-0.020752	-0.0454712
-0.0253296	-0.0198364	-0.045166
-0.0238037	-0.0189209	-0.0427246
-0.0198364	-0.0198364	-0.0396729
-0.0180054	-0.0186157	-0.0366211
-0.0213623	-0.0125122	-0.0338745
-0.0259399	-0.00671387	-0.0326538
-0.0274658	-0.00518799	-0.0326538
-0.0256348	-0.00701904	-0.0326538
-0.0219727	-0.0106812	-0.0326538
-0.0189209	-0.0143433	-0.0332642
-0.015564	-0.0167847	-0.0323486
-0.012207	-0.0183105	-0.0305176
-0.010376	-0.0195313	-0.0299072
-0.0115967	-0.0198364	-0.0314331
-0.0137329	-0.0198364	-0.0335693
-0.0134277	-0.0201416	-0.0335693
-0.0119019	-0.0213623	-0.0332642
-0.0112915	-0.0222778	-0.0335693
-0.0112915	-0.0238037	-0.0350952
-0.0115967	-0.0241089	-0.0357056
-0.0125122	-0.0222778	-0.03479
-0.0125122	-0.020752	-0.0332642
-0.0119019	-0.0201416	-0.0320435
-0.0112915	-0.0204468	-0.0317383
-0.0106812	-0.0201416	-0.0308228
-0.0100708	-0.0183105	-0.0283813
-0.0109863	-0.015564	-0.0265503
-0.0137329	-0.0115967	-0.0253296
-0.0161743	-0.00762939	-0.0238037
-0.0189209	-0.00427246	-0.0231934
-0.0213623	-0.000610352	-0.0219727
-0.022583	0.00335693	-0.0192261
-0.022583	0.00579834	-0.0167847
-0.0210571	0.00579834	-0.0152588
-0.0183105	0.00427246	-0.0140381
-0.0170898	0.00396729	-0.0131226
-0.0177002	0.00488281	-0.0128174
-0.0164795	0.00396729	-0.0125122
-0.0125122	-0.000610352	-0.0131226
-0.00701904	-0.00701904	-0.0140381
-0.0012207	-0.0143433	-0.015564
0.00457764	-0.0201416	-0.015564
0.00610352	-0.0204468	-0.0143433
0.00335693	-0.015564	-0.012207
0	-0.0109863	-0.0109863
-0.0012207	-0.0088501	-0.0100708
-0.000610352	-0.00732422	-0.00793457
-0.00183105	-0.00305176	-0.00488281
-0.00793457	0.00427246	-0.00366211
-0.0140381	0.0100708	-0.00396729
-0.0167847	0.012207	-0.00457764
-0.0140381	0.0109863	-0.00305176
-0.00732422	0.00732422	0
-0.00335693	0.00518799	0.00183105
0.000915527	0.00274658	0.00366211
0.00976563	-0.00305176	0.00671387
0.020752	-0.0100708	0.0106812
0.0332642	-0.0183105	0.0149536
0.0445557	-0.0262451	0.0183105
0.0527954	-0.0323486	0.0204468
0.0564575	-0.0366211	0.0198364
0.0561523	-0.0393677	0.0167847
0.0524902	-0.0418091	0.0106812
0.0479126	-0.0439453	0.00396729
0.0436401	-0.0448608	-0.0012207
0.0393677	-0.0448608	-0.00549316
0.03479	-0.0445557	-0.00976563
0.0286865	-0.0436401	-0.0149536
0.0210571	-0.0415039	-0.0204468
0.0131226	-0.0393677	-0.0262451
0.00732422	-0.0378418	-0.0305176
0.00579834	-0.0378418	-0.0320435
0.00610352	-0.0396729	-0.0335693
0.00457764	-0.0421143	-0.0375366
0.0012207	-0.0448608	-0.0436401
-0.00457764	-0.0473022	-0.0518799
-0.0109863	-0.0482178	-0.0592041
-0.015564	-0.0488281	-0.0643921
-0.0183105	-0.0494385	-0.067749
-0.020752	-0.0497437	-0.0704956
-0.022583	-0.0491333	-0.0717163
-0.0234985	-0.0476074	-0.071106
-0.0241089	-0.0463867	-0.0704956
-0.0262451	-0.0448608	-0.071106
-0.0280762	-0.043335	-0.0714111
-0.0262451	-0.0436401	-0.0698853
-0.0231934	-0.0454712	-0.0686646
-0.0222778	-0.0454712	-0.067749
-0.0241089	-0.043335	-0.0674438
-0.0274658	-0.0415039	-0.0689697
-0.0305176	-0.0415039	-0.0720215
-0.0323486	-0.0424194	-0.0747681
-0.0350952	-0.0402832	-0.0753784
-0.0396729	-0.0344849	-0.0741577
-0.0408936	-0.0311279	-0.0720215
-0.0411987	-0.0302124	-0.0714111
-0.0405884	-0.0305176	-0.071106
-0.0369263	-0.0326538	-0.0695801
-0.0323486	-0.03479	-0.0671387
-0.0302124	-0.0341797	-0.0643921
-0.0292969	-0.0335693	-0.0628662
-0.0283813	-0.03479	-0.0631714
-0.0268555	-0.0375366	-0.0643921
-0.0244141	-0.0402832	-0.0646973
-0.0244141	-0.039978	-0.0643921
-0.0271606	-0.0378418	-0.0650024
-0.0299072	-0.0375366	-0.0674438
-0.0305176	-0.0387573	-0.0692749
-0.0265503	-0.0411987	-0.067749
-0.0180054	-0.0448608	-0.0628662
-0.00549316	-0.0482178	-0.0537109
0.0109863	-0.0506592	-0.0396729
0.0335693	-0.0506592	-0.0170898
0.0643921	-0.0466919	0.0177002
0.101929	-0.0369263	0.0650024
0.144348	-0.0204468	0.123901
0.190125	0.00274658	0.192871
0.236511	0.0317383	0.26825
0.278931	0.0668335	0.345764
0.314026	0.106506	0.420532
0.336609	0.150452	0.487061
0.341187	0.196228	0.537415
0.326233	0.238342	0.564575
0.291748	0.273132	0.56488
0.237732	0.300293	0.538025
0.166931	0.319519	0.48645
0.0860596	0.328979	0.415039
0.00213623	0.325623	0.327759
-0.0772095	0.308838	0.231628
-0.14801	0.281677	0.133667
-0.206299	0.246887	0.0405884
-0.246582	0.205994	-0.0405884
-0.264587	0.159912	-0.104675
-0.26001	0.109863	-0.150146
-0.238342	0.0595093	-0.178833
-0.20874	0.015564	-0.193176
-0.175171	-0.0198364	-0.195007
-0.139771	-0.0473022	-0.187073
-0.108032	-0.0656128	-0.173645
-0.0863647	-0.0708008	-0.157166
-0.0802612	-0.0592041	-0.139465
-0.0799561	-0.0442505	-0.124207
-0.0732422	-0.0390625	-0.112305
-0.0622559	-0.0384521	-0.100708
-0.057373	-0.0338745	-0.0912476
-0.0585938	-0.0250244	-0.0836182
-0.0558472	-0.0216675	-0.0775146
-0.0473022	-0.0259399	-0.0732422
-0.0366211	-0.0341797	-0.0708008
-0.0256348	-0.0442505	-0.0698853
-0.0158691	-0.0546265	-0.0704956
-0.00823975	-0.0628662	-0.071106
-0.00335693	-0.0662231	-0.0695801
-0.00183105	-0.0643921	-0.0662231
-0.00305176	-0.0595093	-0.062561
-0.00579834	-0.0534058	-0.0592041
-0.00915527	-0.0473022	-0.0564575
-0.0106812	-0.0424194	-0.0531006
-0.0088501	-0.0402832	-0.0491333
-0.00274658	-0.0405884	-0.043335
0.00335693	-0.0411987	-0.0378418
0.00701904	-0.0421143	-0.0350952
0.00854492	-0.0445557	-0.0360107
0.00762939	-0.0457764	-0.038147
0.00457764	-0.045166	-0.0405884
0.00305176	-0.0442505	-0.0411987
0.0012207	-0.043335	-0.0421143
-0.0012207	-0.0411987	-0.0424194
-0.00488281	-0.0363159	-0.0411987
-0.00915527	-0.0308228	-0.039978
-0.0109863	-0.0274658	-0.0384521
-0.00946045	-0.0274658	-0.0369263
-0.00549316	-0.0308228	-0.0363159
-0.00427246	-0.0311279	-0.0354004
-0.00701904	-0.0274658	-0.0344849
-0.00946045	-0.0256348	-0.0350952
-0.0112915	-0.0250244	-0.0363159
-0.0143433	-0.0244141	-0.0387573
-0.0180054	-0.0228882	-0.0408936
-0.0201416	-0.0213623	-0.0415039
-0.020752	-0.0204468	-0.0411987
-0.0234985	-0.0183105	-0.0418091
-0.0244141	-0.0152588	-0.0396729
-0.0231934	-0.0143433	-0.0375366
-0.0256348	-0.0131226	-0.0387573
-0.0320435	-0.00732422	-0.0393677
-0.0311279	-0.00488281	-0.0360107
-0.0219727	-0.0100708	-0.0320435
-0.0119019	-0.0167847	-0.0286865
-0.00518799	-0.0213623	-0.0265503
0.0012207	-0.0256348	-0.0244141
0.0109863	-0.0317383	-0.020752
0.0228882	-0.0402832	-0.017395
0.0360107	-0.050354	-0.0143433
0.0485229	-0.0613403	-0.0128174
0.0579834	-0.0708008	-0.0128174
0.0610352	-0.0747681	-0.0137329
0.0598145	-0.0753784	-0.015564
0.0527954	-0.0717163	-0.0189209
0.0430298	-0.0656128	-0.022583
0.0338745	-0.0592041	-0.0253296
0.0274658	-0.0543213	-0.0268555
0.022583	-0.0506592	-0.0280762
0.0210571	-0.0476074	-0.0265503
0.0219727	-0.0457764	-0.0238037
0.0271606	-0.0473022	-0.0201416
0.038147	-0.0521851	-0.0140381
0.0524902	-0.0585938	-0.00610352
0.0671387	-0.0656128	0.00152588
0.0790405	-0.0714111	0.00762939
0.0860596	-0.072937	0.0131226
0.088501	-0.0708008	0.0177002
0.090332	-0.0692749	0.0210571
0.0918579	-0.0692749	0.022583
0.0906372	-0.0680542	0.022583
0.0845337	-0.0643921	0.0201416
0.0772095	-0.0601196	0.0170898
0.0750732	-0.0582886	0.0167847
0.0784302	-0.0582886	0.0201416
0.0842285	-0.0595093	0.0247192
0.0933838	-0.0631714	0.0302124
0.106506	-0.0686646	0.0378418
0.12207	-0.0753784	0.0466919
0.138245	-0.0814819	0.0567627
0.154724	-0.085144	0.0695801
0.16449	-0.0817871	0.0827026
0.166321	-0.0726318	0.093689
0.167847	-0.0665283	0.101318
0.170593	-0.0640869	0.106506
0.172729	-0.0622559	0.110474
0.172119	-0.0576782	0.114441
0.167542	-0.0497437	0.117798
0.161438	-0.0421143	0.119324
0.158081	-0.0375366	0.120544
0.158691	-0.0378418	0.12085
0.162354	-0.0415039	0.12085
0.167847	-0.0448608	0.122986
0.17395	-0.0466919	0.127258
0.181885	-0.0497437	0.132141
0.189514	-0.0521851	0.137329
0.193787	-0.0509644	0.142822
0.193481	-0.0457764	0.147705
0.192871	-0.0396729	0.153198
0.193176	-0.0357056	0.157471
0.193787	-0.0332642	0.160522
0.192871	-0.0302124	0.162659
0.188904	-0.0271606	0.161743
0.181274	-0.0238037	0.157471
0.172729	-0.0216675	0.151062
0.167847	-0.0204468	0.1474
0.163574	-0.0201416	0.143433
0.156555	-0.0195313	0.137024
0.147095	-0.0177002	0.129395
0.137024	-0.0146484	0.122375
0.126343	-0.0119019	0.114441
0.115356	-0.0088501	0.106506
0.105591	-0.00518799	0.100403
0.0964355	-0.000915527	0.09552
0.0866699	0.00274658	0.0894165
0.0762939	0.00518799	0.0814819
0.0653076	0.00640869	0.0717163
0.0549316	0.00640869	0.0613403
0.0460815	0.00610352	0.0521851
0.0387573	0.00610352	0.0448608
0.0311279	0.00671387	0.0378418
0.0247192	0.00579834	0.0305176
0.0192261	0.00366211	0.0228882
0.0140381	0.00244141	0.0164795
0.00854492	0.00305176	0.0115967
0.0012207	0.00671387	0.00793457
-0.00549316	0.0106812	0.00518799
-0.00823975	0.0115967	0.00335693
-0.00732422	0.0106812	0.00335693
-0.00396729	0.00854492	0.00457764
-0.000915527	0.00488281	0.00396729
0.0012207	0.000915527	0.00213623
-0.000305176	0	-0.000305176
-0.00366211	0.000305176	-0.00335693
-0.00183105	-0.00396729	-0.00579834
0.00274658	-0.010376	-0.00762939
0.00457764	-0.0158691	-0.0112915
0.00244141	-0.0189209	-0.0164795
-0.000305176	-0.0210571	-0.0213623
-0.00213623	-0.0234985	-0.0256348
-0.00549316	-0.0238037	-0.0292969
-0.00793457	-0.0219727	-0.0299072
-0.00793457	-0.0192261	-0.0271606
-0.00793457	-0.0164795	-0.0244141
-0.00762939	-0.0143433	-0.0219727
-0.00671387	-0.0119019	-0.0186157
-0.00579834	-0.00915527	-0.0149536
-0.00427246	-0.00610352	-0.010376
-0.00396729	-0.00305176	-0.00701904
-0.00518799	-0.000610352	-0.00579834
-0.00640869	0.0012207	-0.00518799
-0.00823975	0.00183105	-0.00640869
-0.0115967	0.00152588	-0.0100708
-0.0146484	0.000305176	-0.0143433
-0.0164795	-0.000915527	-0.017395
-0.0180054	-0.00213623	-0.0201416
-0.0189209	-0.00305176	-0.0219727
-0.020752	-0.00305176	-0.0238037
-0.0222778	-0.00305176	-0.0253296
-0.0222778	-0.00213623	-0.0244141
-0.0204468	-0.00183105	-0.0222778
-0.0167847	-0.00244141	-0.0192261
-0.0137329	-0.00244141	-0.0161743
-0.0128174	-0.000305176	-0.0131226
-0.0149536	0.00274658	-0.012207
-0.0204468	0.00640869	-0.0140381
-0.027771	0.0109863	-0.0167847
-0.0335693	0.015564	-0.0180054
-0.0369263	0.0183105	-0.0186157
-0.0418091	0.022583	-0.0192261
-0.0469971	0.0274658	-0.0195313
-0.0494385	0.0289917	-0.0204468
-0.050354	0.0289917	-0.0213623
-0.0500488	0.0283813	-0.0216675
-0.0469971	0.0265503	-0.0204468
-0.0415039	0.0216675	-0.0198364
-0.03479	0.0158691	-0.0189209
-0.0259399	0.00915527	-0.0167847
-0.0167847	0.00335693	-0.0134277
-0.00823975	-0.00213623	-0.010376
0.00183105	-0.0100708	-0.00823975
0.0109863	-0.0186157	-0.00762939
0.0158691	-0.0241089	-0.00823975
0.0189209	-0.0268555	-0.00793457
0.022583	-0.0289917	-0.00640869
0.0256348	-0.0311279	-0.00549316
0.0262451	-0.0338745	-0.00762939
0.0268555	-0.0378418	-0.0109863
0.0268555	-0.0390625	-0.012207
0.0250244	-0.0372314	-0.012207
0.0228882	-0.0338745	-0.0109863
0.0213623	-0.0296021	-0.00823975
0.020752	-0.0253296	-0.00457764
0.0210571	-0.0219727	-0.000915527
0.0210571	-0.0192261	0.00183105
0.0189209	-0.0158691	0.00305176
0.0140381	-0.0109863	0.00305176
0.00946045	-0.00640869	0.00305176
0.00549316	-0.00335693	0.00213623
0.00213623	-0.00213623	0
-0.00152588	-0.00213623	-0.00366211
-0.00579834	-0.00244141	-0.00823975
-0.0088501	-0.00335693	-0.012207
-0.0106812	-0.00457764	-0.0152588
-0.012207	-0.00671387	-0.0189209
-0.0125122	-0.0088501	-0.0213623
-0.0112915	-0.00976563	-0.0210571
-0.0100708	-0.0088501	-0.0189209
-0.00823975	-0.00915527	-0.017395
-0.00640869	-0.0112915	-0.0177002
-0.00579834	-0.0128174	-0.0186157
-0.00610352	-0.0125122	-0.0186157
-0.00640869	-0.0109863	-0.017395
-0.00701904	-0.00762939	-0.0146484
-0.0100708	-0.00183105	-0.0119019
-0.0152588	0.00457764	-0.0106812
-0.0189209	0.00732422	-0.0115967
-0.0216675	0.00854492	-0.0131226
-0.0265503	0.0112915	-0.0152588
-0.0323486	0.0143433	-0.0180054
-0.0357056	0.0140381	-0.0216675
-0.0366211	0.010376	-0.0262451
-0.0366211	0.00579834	-0.0308228
-0.0357056	0.00396729	-0.0317383
-0.0323486	0.00305176	-0.0292969
-0.0253296	-0.00183105	-0.0271606
-0.0167847	-0.0088501	-0.0256348
-0.0112915	-0.012207	-0.0234985
-0.00701904	-0.0128174	-0.0198364
-0.000915527	-0.0131226	-0.0140381
0.00549316	-0.0143433	-0.0088501
0.0100708	-0.0161743	-0.00610352
0.0128174	-0.0195313	-0.00671387
0.0112915	-0.0219727	-0.0106812
0.00427246	-0.0219727	-0.0177002
-0.00396729	-0.0210571	-0.0250244
-0.00793457	-0.0213623	-0.0292969
-0.00579834	-0.0231934	-0.0289917
-0.000610352	-0.0241089	-0.0247192
0.00152588	-0.0210571	-0.0195313
0.000915527	-0.015564	-0.0146484
0.0012207	-0.0100708	-0.0088501
0.00244141	-0.00579834	-0.00335693
0.00457764	-0.00274658	0.00183105
0.00976563	-0.000610352	0.00915527
0.0152588	0.0012207	0.0164795
0.0167847	0.00244141	0.0192261
0.0149536	0.00305176	0.0180054
0.0106812	0.00366211	0.0143433
0.00610352	0.00396729	0.0100708
0.00183105	0.00396729	0.00579834
-0.000610352	0.00244141	0.00183105
-0.000305176	0	-0.000305176
-0.000305176	-0.00152588	-0.00183105
-0.00213623	-0.00152588	-0.00366211
-0.00396729	-0.00183105	-0.00579834
-0.00640869	-0.0012207	-0.00762939
-0.0109863	0.000915527	-0.0100708
-0.0161743	0.00274658	-0.0134277
-0.0167847	0.00305176	-0.0137329
-0.0119019	0.00183105	-0.0100708
-0.00976563	0.00183105	-0.00793457
-0.0134277	0.00823975	-0.00518799
-0.0186157	0.0189209	0.000305176
-0.0195313	0.0259399	0.00640869
-0.015564	0.0289917	0.0134277
-0.0131226	0.0338745	0.020752
-0.0119019	0.0384521	0.0265503
-0.010376	0.0408936	0.0305176
-0.00823975	0.0421143	0.0338745
-0.00671387	0.0421143	0.0354004
-0.00427246	0.0405884	0.0363159
0.00213623	0.0344849	0.0366211
0.0112915	0.0244141	0.0357056
0.0183105	0.015564	0.0338745
0.0219727	0.00976563	0.0317383
0.0265503	0.00396729	0.0305176
0.0323486	-0.00152588	0.0308228
0.0375366	-0.00549316	0.0320435
0.0390625	-0.00671387	0.0323486
0.0402832	-0.00518799	0.0350952
0.0405884	-0.00183105	0.0387573
0.0366211	0.00427246	0.0408936
0.0332642	0.0109863	0.0442505
0.0344849	0.0152588	0.0497437
0.0396729	0.0167847	0.0564575
0.0442505	0.0177002	0.0619507
0.0469971	0.0186157	0.0656128
0.0485229	0.0183105	0.0668335
0.0512695	0.0152588	0.0665283
0.0564575	0.0100708	0.0665283
0.0634766	0.00518799	0.0686646
0.0692749	0.0012207	0.0704956
0.0723267	-0.000610352	0.0717163
0.0723267	-0.000305176	0.0720215
0.0680542	0.0012207	0.0692749
0.0622559	0.00213623	0.0643921
0.0595093	0.00274658	0.0622559
0.0582886	0.00549316	0.0637817
0.0531006	0.0128174	0.065918
0.0442505	0.0213623	0.0656128
0.0369263	0.0262451	0.0631714
0.032959	0.0271606	0.0601196
0.0308228	0.0259399	0.0567627
0.0296021	0.0234985	0.0531006
0.0305176	0.0204468	0.0509644
0.0326538	0.0161743	0.0488281
0.032959	0.0125122	0.0454712
0.0292969	0.0106812	0.039978
0.0238037	0.00854492	0.0323486
0.0201416	0.00396729	0.0241089
0.0192261	-0.00183105	0.017395
0.0167847	-0.00610352	0.0106812
0.0128174	-0.0109863	0.00183105
0.00701904	-0.0146484	-0.00762939
-0.00335693	-0.0100708	-0.0134277
-0.0125122	-0.00183105	-0.0143433
-0.0152588	0.000915527	-0.0143433
-0.0140381	-0.000915527	-0.0149536
-0.0119019	-0.00213623	-0.0140381
-0.00976563	-0.00213623	-0.0119019
-0.00732422	-0.00183105	-0.00915527
-0.00457764	-0.00244141	-0.00701904
0	-0.00488281	-0.00488281
0.00640869	-0.010376	-0.00396729
0.0131226	-0.0177002	-0.00457764
0.0201416	-0.0256348	-0.00549316
0.0253296	-0.0326538	-0.00732422
0.0283813	-0.0375366	-0.00915527
0.0292969	-0.039978	-0.0106812
0.0280762	-0.0402832	-0.012207
0.0274658	-0.039978	-0.0125122
0.0268555	-0.039978	-0.0131226
0.0228882	-0.0378418	-0.0149536
0.0143433	-0.0326538	-0.0183105
0.00427246	-0.0259399	-0.0216675
-0.00396729	-0.0219727	-0.0259399
-0.00946045	-0.0198364	-0.0292969
-0.0137329	-0.017395	-0.0311279
-0.0177002	-0.0128174	-0.0305176
-0.0210571	-0.00793457	-0.0289917
-0.0210571	-0.00427246	-0.0253296
-0.0183105	-0.00274658	-0.0210571
-0.0149536	-0.00213623	-0.0170898
-0.0112915	-0.00213623	-0.0134277
-0.00701904	-0.00396729	-0.0109863
-0.00183105	-0.00823975	-0.0100708
0.00488281	-0.0149536	-0.0100708
0.0125122	-0.022583	-0.0100708
0.0228882	-0.0323486	-0.00946045
0.0363159	-0.039978	-0.00366211
0.0482178	-0.0393677	0.0088501
0.0595093	-0.0292969	0.0302124
0.071106	-0.0109863	0.0601196
0.0900269	0.0128174	0.102844
0.12085	0.0421143	0.162964
0.15686	0.0793457	0.236206
0.192261	0.122986	0.315247
0.227661	0.170288	0.397949
0.257568	0.217896	0.475464
0.27832	0.262146	0.540466
0.28595	0.301208	0.587158
0.275269	0.333862	0.609131
0.246887	0.356445	0.603333
0.202637	0.367432	0.570068
0.144348	0.368958	0.513306
0.0735474	0.362244	0.435791
-0.00518799	0.346985	0.341797
-0.0845337	0.324707	0.240173
-0.157166	0.2948	0.137634
-0.214844	0.257874	0.0430298
-0.25238	0.215454	-0.0369263
-0.270691	0.170593	-0.100098
-0.269165	0.125427	-0.143738
-0.249329	0.0820923	-0.167236
-0.219421	0.0439453	-0.175476
-0.184631	0.0115967	-0.173035
-0.146179	-0.0158691	-0.162048
-0.107422	-0.0390625	-0.146484
-0.0747681	-0.0543213	-0.129089
-0.0527954	-0.0585938	-0.111389
-0.0390625	-0.0564575	-0.09552
-0.0302124	-0.0506592	-0.0808716
-0.0256348	-0.0430298	-0.0686646
-0.0259399	-0.0332642	-0.0592041
-0.0308228	-0.0222778	-0.0531006
-0.0369263	-0.0125122	-0.0494385
-0.0415039	-0.00488281	-0.0463867
-0.0448608	0.0012207	-0.0436401
-0.0485229	0.00671387	-0.0418091
-0.0491333	0.00946045	-0.0396729
-0.045166	0.00915527	-0.0360107
-0.0384521	0.00671387	-0.0317383
-0.0311279	0.00396729	-0.0271606
-0.0241089	0.000610352	-0.0234985
-0.017395	-0.00244141	-0.0198364
-0.00976563	-0.00488281	-0.0146484
-0.00457764	-0.00640869	-0.0109863
-0.00732422	-0.00427246	-0.0115967
-0.0143433	0.000305176	-0.0140381
-0.0177002	0.00366211	-0.0140381
-0.0189209	0.00518799	-0.0137329
-0.0201416	0.00610352	-0.0140381
-0.0238037	0.00732422	-0.0164795
-0.0283813	0.00946045	-0.0189209
-0.0314331	0.0109863	-0.0204468
-0.0311279	0.010376	-0.020752
-0.0268555	0.0088501	-0.0180054
-0.0192261	0.00579834	-0.0134277
-0.0100708	0.000305176	-0.00976563
-0.000915527	-0.00610352	-0.00701904
0.00701904	-0.0119019	-0.00488281
0.0125122	-0.0161743	-0.00366211
0.0167847	-0.0180054	-0.0012207
0.0198364	-0.0198364	0
0.0195313	-0.0216675	-0.00213623
0.0146484	-0.0216675	-0.00701904
0.00823975	-0.020752	-0.0125122
0.00549316	-0.0201416	-0.0146484
0.00610352	-0.0189209	-0.0128174
0.00427246	-0.0143433	-0.0100708
0	-0.00946045	-0.00946045
-0.00244141	-0.00671387	-0.00915527
-0.00152588	-0.00732422	-0.0088501
0.00152588	-0.00946045	-0.00793457
0.00610352	-0.012207	-0.00610352
0.010376	-0.0131226	-0.00274658
0.0125122	-0.012207	0.000305176
0.0140381	-0.0137329	0.000305176
0.0164795	-0.0177002	-0.0012207
0.0170898	-0.0204468	-0.00335693
0.0140381	-0.0204468	-0.00640869
0.00854492	-0.0195313	-0.0109863
0.00579834	-0.0183105	-0.0125122
0.00640869	-0.0180054	-0.0115967
0.00976563	-0.0186157	-0.0088501
0.0119019	-0.0186157	-0.00671387
0.0134277	-0.0186157	-0.00518799
0.015564	-0.0189209	-0.00335693
0.0192261	-0.020752	-0.00152588
0.0241089	-0.0228882	0.0012207
0.0265503	-0.022583	0.00396729
0.0256348	-0.0192261	0.00640869
0.0219727	-0.0143433	0.00762939
0.0192261	-0.0125122	0.00671387
0.0213623	-0.0152588	0.00610352
0.0244141	-0.0167847	0.00762939
0.0265503	-0.0158691	0.0106812
0.027771	-0.0140381	0.0137329
0.0271606	-0.0106812	0.0164795
0.0286865	-0.00915527	0.0195313
0.0360107	-0.0128174	0.0231934
0.0488281	-0.0210571	0.027771
0.062561	-0.0302124	0.0323486
0.0741577	-0.0375366	0.0366211
0.0830078	-0.0436401	0.0393677
0.0906372	-0.050354	0.0402832
0.0991821	-0.0585938	0.0405884
0.108948	-0.0656128	0.043335
0.118408	-0.0701904	0.0482178
0.127869	-0.0741577	0.0537109
0.135803	-0.0765991	0.0592041
0.138855	-0.0744629	0.0643921
0.136108	-0.0674438	0.0686646
0.133362	-0.0601196	0.0732422
0.133972	-0.0521851	0.0817871
0.135498	-0.0445557	0.0909424
0.137634	-0.0390625	0.0985718
0.137939	-0.0341797	0.10376
0.137329	-0.0302124	0.107117
0.139771	-0.0296021	0.110168
0.145569	-0.0302124	0.115356
0.152893	-0.0308228	0.12207
0.158386	-0.0314331	0.126953
0.162354	-0.0320435	0.13031
0.163269	-0.0314331	0.131836
0.163879	-0.0296021	0.134277
0.166321	-0.0292969	0.137024
0.169983	-0.0314331	0.13855
0.171814	-0.0320435	0.139771
0.168152	-0.0289917	0.13916
0.161743	-0.0238037	0.137939
0.157166	-0.0201416	0.137024
0.155945	-0.0177002	0.138245
0.153503	-0.0143433	0.13916
0.147095	-0.00732422	0.139771
0.13855	0.0012207	0.139771
0.132141	0.00854492	0.140686
0.127258	0.0134277	0.140686
0.12085	0.0167847	0.137634
0.113525	0.0201416	0.133667
0.106506	0.022583	0.129089
0.102234	0.0216675	0.123901
0.0991821	0.0186157	0.117798
0.0927734	0.0177002	0.110474
0.083313	0.0192261	0.102539
0.0708008	0.0228882	0.093689
0.0567627	0.0262451	0.0830078
0.0421143	0.0289917	0.071106
0.0283813	0.0311279	0.0595093
0.0183105	0.0320435	0.050354
0.0109863	0.0323486	0.043335
0.00305176	0.0332642	0.0363159
-0.00366211	0.0335693	0.0299072
-0.00549316	0.0302124	0.0247192
-0.00335693	0.0241089	0.020752
-0.000610352	0.0186157	0.0180054
0.00213623	0.0143433	0.0164795
0.00366211	0.010376	0.0140381
0.00183105	0.0088501	0.0106812
-0.00244141	0.0088501	0.00640869
-0.00976563	0.0106812	0.000915527
-0.0186157	0.0128174	-0.00579834
-0.0274658	0.0143433	-0.0131226
-0.0366211	0.0161743	-0.0204468
-0.0488281	0.0170898	-0.0317383
-0.0585938	0.0167847	-0.0418091
-0.0592041	0.0161743	-0.0430298
-0.0567627	0.0158691	-0.0408936
-0.0546265	0.0137329	-0.0408936
-0.0531006	0.0100708	-0.0430298
-0.0500488	0.00701904	-0.0430298
-0.0436401	0.00518799	-0.0384521
-0.0363159	0.00274658	-0.0335693
-0.0320435	0.00152588	-0.0305176
-0.0314331	0.00213623	-0.0292969
-0.0320435	0.00274658	-0.0292969
-0.0320435	0.00213623	-0.0299072
-0.0320435	0.000915527	-0.0311279
-0.03479	0.000305176	-0.0344849
-0.039978	0.000610352	-0.0393677
-0.0463867	0.00183105	-0.0445557
-0.0521851	0.00335693	-0.0488281
-0.0567627	0.00518799	-0.0515747
-0.0592041	0.00701904	-0.0521851
-0.0616455	0.00854492	-0.0531006
-0.0610352	0.00762939	-0.0534058
-0.0588989	0.00640869	-0.0524902
-0.0601196	0.00915527	-0.0509644
-0.0643921	0.0146484	-0.0497437
-0.0695801	0.020752	-0.0488281
-0.0738525	0.0265503	-0.0473022
-0.0762939	0.0308228	-0.0454712
-0.0753784	0.0317383	-0.0436401
-0.0750732	0.0323486	-0.0427246
-0.0787354	0.0341797	-0.0445557
-0.0811768	0.0338745	-0.0473022
-0.0814819	0.0311279	-0.050354
-0.0787354	0.0271606	-0.0515747
-0.0723267	0.0222778	-0.0500488
-0.0631714	0.0158691	-0.0473022
-0.0524902	0.00793457	-0.0445557
-0.0445557	0.00213623	-0.0424194
-0.0375366	-0.00152588	-0.0390625
-0.0274658	-0.00793457	-0.0354004
-0.020752	-0.0112915	-0.0320435
-0.0189209	-0.0100708	-0.0289917
-0.0170898	-0.0100708	-0.0271606
-0.0167847	-0.010376	-0.0271606
-0.0241089	-0.00579834	-0.0299072
-0.0344849	0.000915527	-0.0335693
-0.0418091	0.00549316	-0.0363159
-0.0439453	0.00732422	-0.0366211
-0.0454712	0.00823975	-0.0372314
-0.0482178	0.0088501	-0.0393677
-0.0506592	0.00915527	-0.0415039
-0.0488281	0.0088501	-0.039978
-0.0445557	0.00823975	-0.0363159
-0.0396729	0.00671387	-0.032959
-0.0341797	0.00305176	-0.0311279
-0.027771	-0.0012207	-0.0289917
-0.0195313	-0.00366211	-0.0231934
-0.0146484	-0.00488281	-0.0195313
-0.0146484	-0.00518799	-0.0198364
-0.0180054	-0.00518799	-0.0231934
-0.0231934	-0.00549316	-0.0286865
-0.0283813	-0.00457764	-0.032959
-0.0317383	-0.00396729	-0.0357056
-0.0360107	-0.00366211	-0.0396729
-0.0393677	-0.00366211	-0.0430298
-0.0387573	-0.00518799	-0.0439453
-0.0372314	-0.00732422	-0.0445557
-0.038147	-0.00732422	-0.0454712
-0.0418091	-0.00335693	-0.045166
-0.045166	0.00213623	-0.0430298
-0.0442505	0.00427246	-0.039978
-0.0408936	0.00396729	-0.0369263
-0.0384521	0.00366211	-0.03479
-0.0384521	0.00488281	-0.0335693
-0.0424194	0.0088501	-0.0335693
-0.0469971	0.012207	-0.03479
-0.0497437	0.0125122	-0.0372314
-0.0491333	0.0088501	-0.0402832
-0.0463867	0.00274658	-0.0436401
-0.0436401	-0.00427246	-0.0479126
-0.0411987	-0.00915527	-0.050354
-0.0378418	-0.0140381	-0.0518799
-0.03479	-0.0192261	-0.0540161
-0.0286865	-0.0241089	-0.0527954
-0.020752	-0.027771	-0.0485229
-0.015564	-0.0296021	-0.045166
-0.0143433	-0.0296021	-0.0439453
-0.0149536	-0.0280762	-0.0430298
-0.0167847	-0.0250244	-0.0418091
-0.0201416	-0.0198364	-0.039978
-0.0253296	-0.0137329	-0.0390625
-0.0302124	-0.00976563	-0.039978
-0.0308228	-0.0109863	-0.0418091
-0.0292969	-0.0149536	-0.0442505
-0.0323486	-0.0149536	-0.0473022
-0.0390625	-0.0131226	-0.0521851
-0.0457764	-0.012207	-0.0579834
-0.0494385	-0.0125122	-0.0619507
-0.0500488	-0.0131226	-0.0631714
-0.0485229	-0.0131226	-0.0616455
-0.0473022	-0.0115967	-0.0588989
-0.0482178	-0.00854492	-0.0567627
-0.0515747	-0.00335693	-0.0549316
-0.0561523	0.00274658	-0.0534058
-0.0564575	0.00640869	-0.0500488
-0.0515747	0.00640869	-0.045166
-0.0439453	0.00366211	-0.0402832
-0.0390625	0.000610352	-0.0384521
-0.0402832	0.000610352	-0.0396729
-0.043335	0.000610352	-0.0427246
-0.0448608	-0.000305176	-0.045166
-0.0448608	-0.000305176	-0.045166
-0.0448608	-0.000305176	-0.045166
-0.0454712	-0.00152588	-0.0469971
-0.045166	-0.00305176	-0.0482178
-0.045166	-0.00274658	-0.0479126
-0.0479126	0	-0.0479126
-0.0506592	0.00183105	-0.0488281
-0.0494385	0.000610352	-0.0488281
-0.0457764	-0.00213623	-0.0479126
-0.0439453	-0.00335693	-0.0473022
-0.0442505	-0.00335693	-0.0476074
-0.0430298	-0.00335693	-0.0463867
-0.0418091	-0.00335693	-0.045166
-0.0424194	-0.00335693	-0.0457764
-0.043335	-0.00366211	-0.0469971
-0.0445557	-0.00335693	-0.0479126
-0.0457764	-0.00213623	-0.0479126
-0.0457764	0	-0.0457764
-0.0476074	0.00366211	-0.0439453
-0.0497437	0.00549316	-0.0442505
-0.050354	0.00671387	-0.0436401
-0.0518799	0.00854492	-0.043335
-0.0570679	0.0137329	-0.043335
-0.0637817	0.0204468	-0.043335
-0.0650024	0.0222778	-0.0427246
-0.06073	0.0186157	-0.0421143
-0.0549316	0.0143433	-0.0405884
-0.0497437	0.0119019	-0.0378418
-0.0448608	0.00946045	-0.0354004
-0.0411987	0.00701904	-0.0341797
-0.0396729	0.00579834	-0.0338745
-0.0360107	0.00427246	-0.0317383
-0.0311279	0.00213623	-0.0289917
-0.0271606	0.000915527	-0.0262451
-0.0274658	0.00244141	-0.0250244
-0.0274658	0.00488281	-0.022583
-0.022583	0.00549316	-0.0170898
-0.0180054	0.00762939	-0.010376
-0.0183105	0.0125122	-0.00579834
-0.020752	0.0186157	-0.00213623
-0.0201416	0.0216675	0.00152588
-0.0180054	0.0219727	0.00396729
-0.0180054	0.022583	0.00457764
-0.0195313	0.0234985	0.00396729
-0.0231934	0.0256348	0.00244141
-0.0271606	0.0271606	0
-0.0296021	0.0262451	-0.00335693
-0.0299072	0.0216675	-0.00823975
-0.0314331	0.0164795	-0.0149536
-0.0335693	0.0125122	-0.0210571
-0.0350952	0.0088501	-0.0262451
-0.0326538	0.00518799	-0.0274658
-0.0259399	0.000610352	-0.0253296
-0.0186157	-0.00396729	-0.022583
-0.0134277	-0.00732422	-0.020752
-0.0106812	-0.00946045	-0.0201416
-0.0112915	-0.00793457	-0.0192261
-0.0134277	-0.00549316	-0.0189209
-0.0134277	-0.00549316	-0.0189209
-0.012207	-0.00823975	-0.0204468
-0.0115967	-0.012207	-0.0238037
-0.0134277	-0.0161743	-0.0296021
-0.0183105	-0.0195313	-0.0378418
-0.0280762	-0.0216675	-0.0497437
-0.0393677	-0.0234985	-0.0628662
-0.045166	-0.0253296	-0.0704956
-0.0466919	-0.0283813	-0.0750732
-0.0485229	-0.032959	-0.0814819
-0.0534058	-0.0350952	-0.088501
-0.0585938	-0.0335693	-0.0921631
-0.0601196	-0.0302124	-0.090332
-0.0582886	-0.027771	-0.0860596
-0.0549316	-0.0265503	-0.0814819
-0.0518799	-0.0259399	-0.0778198
-0.0494385	-0.0262451	-0.0756836
-0.0469971	-0.0268555	-0.0738525
-0.0454712	-0.0286865	-0.0741577
-0.0427246	-0.0311279	-0.0738525
-0.0408936	-0.0302124	-0.071106
-0.0448608	-0.0247192	-0.0695801
-0.0509644	-0.0204468	-0.0714111
-0.0531006	-0.0219727	-0.0750732
-0.0515747	-0.0262451	-0.0778198
-0.0506592	-0.0289917	-0.0796509
-0.0500488	-0.0286865	-0.0787354
-0.0500488	-0.0271606	-0.0772095
-0.0518799	-0.0247192	-0.0765991
-0.0561523	-0.020752	-0.0769043
-0.0595093	-0.0183105	-0.0778198
-0.0585938	-0.0204468	-0.0790405
-0.055542	-0.0234985	-0.0790405
-0.0527954	-0.0253296	-0.078125
-0.0524902	-0.0259399	-0.0784302
-0.0531006	-0.0256348	-0.0787354
-0.0540161	-0.0250244	-0.0790405
-0.055542	-0.0250244	-0.0805664
-0.0576782	-0.0247192	-0.0823975
-0.0588989	-0.0262451	-0.085144
-0.0592041	-0.0286865	-0.0878906
-0.0579834	-0.0299072	-0.0878906
-0.0521851	-0.0320435	-0.0842285
-0.0439453	-0.03479	-0.0787354
-0.0341797	-0.0363159	-0.0704956
-0.0201416	-0.0366211	-0.0567627
-0.0012207	-0.0326538	-0.0338745
0.0222778	-0.0219727	0.000305176
0.0527954	-0.00671387	0.0460815
0.0912476	0.0128174	0.104065
0.134277	0.0363159	0.170593
0.178528	0.0646973	0.243225
0.217285	0.0991821	0.316467
0.244141	0.141602	0.385742
0.258484	0.190125	0.448608
0.26062	0.238953	0.499573
0.255737	0.279236	0.534973
0.237427	0.309448	0.546875
0.198364	0.331116	0.52948
0.13916	0.345764	0.484924
0.0662231	0.351563	0.417786
-0.0088501	0.344238	0.335388
-0.0790405	0.322571	0.24353
-0.142822	0.290833	0.14801
-0.201416	0.254211	0.0527954
-0.25177	0.21698	-0.03479
-0.283508	0.173645	-0.109863
-0.292664	0.123901	-0.168762
-0.282898	0.0723267	-0.210571
-0.261536	0.0265503	-0.234985
-0.232239	-0.00915527	-0.241394
-0.199585	-0.0341797	-0.233765
-0.166931	-0.0515747	-0.218506
-0.132751	-0.0656128	-0.198364
-0.100708	-0.0759888	-0.176697
-0.0772095	-0.0775146	-0.154724
-0.0619507	-0.0723267	-0.134277
-0.0527954	-0.0634766	-0.116272
-0.0479126	-0.0521851	-0.100098
-0.0463867	-0.0405884	-0.0869751
-0.0482178	-0.0302124	-0.0784302
-0.0500488	-0.0231934	-0.0732422
-0.0497437	-0.0198364	-0.0695801
-0.0476074	-0.0195313	-0.0671387
-0.0473022	-0.0201416	-0.0674438
-0.0476074	-0.0213623	-0.0689697
-0.0448608	-0.0241089	-0.0689697
-0.0421143	-0.0280762	-0.0701904
-0.0408936	-0.0311279	-0.0720215
-0.0396729	-0.0320435	-0.0717163
-0.0387573	-0.0314331	-0.0701904
-0.0390625	-0.0296021	-0.0686646
-0.0402832	-0.0271606	-0.0674438
-0.0421143	-0.0253296	-0.0674438
-0.0448608	-0.022583	-0.0674438
-0.0497437	-0.0177002	-0.0674438
-0.0552368	-0.0140381	-0.0692749
-0.0561523	-0.0131226	-0.0692749
-0.0552368	-0.0131226	-0.0683594
-0.0558472	-0.0140381	-0.0698853
-0.0570679	-0.0158691	-0.072937
-0.0564575	-0.017395	-0.0738525
-0.0515747	-0.0192261	-0.0708008
-0.0454712	-0.0222778	-0.067749
-0.0396729	-0.0250244	-0.0646973
-0.0363159	-0.0253296	-0.0616455
-0.0326538	-0.0238037	-0.0564575
-0.0283813	-0.0210571	-0.0494385
-0.0259399	-0.0164795	-0.0424194
-0.0274658	-0.0100708	-0.0375366
-0.0323486	-0.00213623	-0.0344849
-0.0363159	0.00396729	-0.0323486
-0.0369263	0.00579834	-0.0311279
-0.0360107	0.00396729	-0.0320435
-0.0341797	0.000915527	-0.0332642
-0.0332642	-0.00305176	-0.0363159
-0.0332642	-0.00793457	-0.0411987
-0.0338745	-0.0146484	-0.0485229
-0.0317383	-0.022583	-0.0543213
-0.0271606	-0.0302124	-0.057373
-0.0244141	-0.0344849	-0.0588989
-0.0262451	-0.0338745	-0.0601196
-0.0320435	-0.0286865	-0.06073
-0.0387573	-0.0219727	-0.06073
-0.0405884	-0.0192261	-0.0598145
-0.0378418	-0.0198364	-0.0576782
-0.0338745	-0.020752	-0.0546265
-0.0323486	-0.0192261	-0.0515747
-0.0326538	-0.017395	-0.0500488
-0.0314331	-0.0180054	-0.0494385
-0.0265503	-0.0228882	-0.0494385
-0.0189209	-0.0302124	-0.0491333
-0.012207	-0.0375366	-0.0497437
-0.00701904	-0.0427246	-0.0497437
-0.00396729	-0.0454712	-0.0494385
-0.00244141	-0.0457764	-0.0482178
-0.00152588	-0.0445557	-0.0460815
-0.00213623	-0.0418091	-0.0439453
-0.00305176	-0.038147	-0.0411987
-0.00213623	-0.0360107	-0.038147
0.000305176	-0.0354004	-0.0350952
0.00335693	-0.0360107	-0.0326538
0.00549316	-0.0372314	-0.0317383
0.00579834	-0.0387573	-0.032959
0.00640869	-0.0396729	-0.0332642
0.00946045	-0.0405884	-0.0311279
0.0131226	-0.0424194	-0.0292969
0.017395	-0.0457764	-0.0283813
0.0250244	-0.0497437	-0.0247192
0.0341797	-0.0527954	-0.0186157
0.0436401	-0.0537109	-0.0100708
0.0521851	-0.0524902	-0.000305176
0.0595093	-0.0506592	0.0088501
0.0665283	-0.0500488	0.0164795
0.0723267	-0.0482178	0.0241089
0.0775146	-0.045166	0.0323486
0.0823975	-0.0439453	0.0384521
0.0857544	-0.0445557	0.0411987
0.0866699	-0.0457764	0.0408936
0.0848389	-0.0454712	0.0393677
0.0814819	-0.0457764	0.0357056
0.0805664	-0.0476074	0.032959
0.0866699	-0.0506592	0.0360107
0.0970459	-0.0534058	0.0436401
0.108032	-0.0552368	0.0527954
0.115967	-0.0558472	0.0601196
0.122375	-0.0549316	0.0674438
0.129089	-0.0537109	0.0753784
0.133972	-0.0512695	0.0827026
0.131531	-0.0415039	0.0900269
0.127869	-0.0308228	0.0970459
0.127563	-0.0244141	0.103149
0.127869	-0.0219727	0.105896
0.126648	-0.0198364	0.106812
0.124512	-0.0177002	0.106812
0.123291	-0.0158691	0.107422
0.123291	-0.0146484	0.108643
0.125427	-0.0140381	0.111389
0.127869	-0.0146484	0.11322
0.130615	-0.0158691	0.114746
0.132751	-0.0170898	0.115662
0.131531	-0.0177002	0.113831
0.125732	-0.0167847	0.108948
0.115967	-0.0128174	0.103149
0.104675	-0.00732422	0.0973511
0.0946045	-0.00305176	0.0915527
0.0857544	0	0.0857544
0.0769043	0.00244141	0.0793457
0.0671387	0.00549316	0.0726318
0.057373	0.00793457	0.0653076
0.0482178	0.0088501	0.0570679
0.0402832	0.0088501	0.0491333
0.0302124	0.0106812	0.0408936
0.0195313	0.0131226	0.0326538
0.0112915	0.0128174	0.0241089
0.00457764	0.0106812	0.0152588
-0.00183105	0.00823975	0.00640869
-0.00946045	0.00732422	-0.00213623
-0.0177002	0.00701904	-0.0106812
-0.0256348	0.00640869	-0.0192261
-0.0326538	0.00671387	-0.0259399
-0.0390625	0.00854492	-0.0305176
-0.0421143	0.00915527	-0.032959
-0.0421143	0.00823975	-0.0338745
-0.0427246	0.00640869	-0.0363159
-0.0466919	0.00579834	-0.0408936
-0.0549316	0.00793457	-0.0469971
-0.0619507	0.010376	-0.0515747
-0.0604248	0.00976563	-0.0506592
-0.0543213	0.00579834	-0.0485229
-0.0482178	-0.000610352	-0.0488281
-0.0466919	-0.00701904	-0.0537109
-0.0463867	-0.0115967	-0.0579834
-0.0485229	-0.00976563	-0.0582886
-0.0521851	-0.00335693	-0.055542
-0.0540161	0.000610352	-0.0534058
-0.0552368	0.00152588	-0.0537109
-0.0567627	0.0012207	-0.055542
-0.0592041	0.0012207	-0.0579834
-0.062561	0.00427246	-0.0582886
-0.0674438	0.00915527	-0.0582886
-0.0735474	0.0152588	-0.0582886
-0.0787354	0.0204468	-0.0582886
-0.0808716	0.0231934	-0.0576782
-0.0796509	0.0219727	-0.0576782
-0.0744629	0.017395	-0.0570679
-0.067749	0.0125122	-0.0552368
-0.0595093	0.00610352	-0.0534058
-0.0527954	0.000610352	-0.0521851
-0.0518799	-0.000610352	-0.0524902
-0.0509644	-0.00213623	-0.0531006
-0.0469971	-0.00610352	-0.0531006
-0.043335	-0.0112915	-0.0546265
-0.0418091	-0.0140381	-0.0558472
-0.0442505	-0.0125122	-0.0567627
-0.0497437	-0.0088501	-0.0585938
-0.0564575	-0.00305176	-0.0595093
-0.0631714	0.00396729	-0.0592041
-0.0683594	0.0106812	-0.0576782
-0.0714111	0.0152588	-0.0561523
-0.0723267	0.0183105	-0.0540161
-0.071106	0.0195313	-0.0515747
-0.0701904	0.0195313	-0.0506592
-0.0701904	0.0186157	-0.0515747
-0.0692749	0.017395	-0.0518799
-0.0680542	0.0177002	-0.050354
-0.0650024	0.017395	-0.0476074
-0.0622559	0.0164795	-0.0457764
-0.0604248	0.0170898	-0.043335
-0.0579834	0.0183105	-0.0396729
-0.0543213	0.0186157	-0.0357056
-0.0512695	0.0189209	-0.0323486
-0.0500488	0.0195313	-0.0305176
-0.0494385	0.0201416	-0.0292969
-0.0497437	0.0195313	-0.0302124
-0.0527954	0.0180054	-0.03479
-0.0549316	0.0152588	-0.0396729
-0.0531006	0.0109863	-0.0421143
-0.050354	0.00793457	-0.0424194
-0.0506592	0.00793457	-0.0427246
-0.0527954	0.00946045	-0.043335
-0.0540161	0.0106812	-0.043335
-0.0558472	0.0143433	-0.0415039
-0.0613403	0.0228882	-0.0384521
-0.0628662	0.0289917	-0.0338745
-0.0576782	0.0283813	-0.0292969
-0.0500488	0.0253296	-0.0247192
-0.045166	0.022583	-0.022583
-0.0424194	0.0204468	-0.0219727
-0.0375366	0.0167847	-0.020752
-0.0289917	0.010376	-0.0186157
-0.0198364	0.0012207	-0.0186157
-0.0106812	-0.00854492	-0.0192261
-0.00366211	-0.017395	-0.0210571
-0.000915527	-0.020752	-0.0216675
0.000305176	-0.0219727	-0.0216675
0.00274658	-0.0238037	-0.0210571
0.00152588	-0.0234985	-0.0219727
-0.00335693	-0.0204468	-0.0238037
-0.0115967	-0.0152588	-0.0268555
-0.017395	-0.0106812	-0.0280762
-0.020752	-0.00640869	-0.0271606
-0.0231934	-0.00274658	-0.0259399
-0.0250244	-0.000610352	-0.0256348
-0.0265503	0.000610352	-0.0259399
-0.0262451	0.00152588	-0.0247192
-0.0231934	0.0012207	-0.0219727
-0.0198364	-0.000305176	-0.0201416
-0.0183105	-0.00152588	-0.0198364
-0.0201416	-0.0012207	-0.0213623
-0.0219727	-0.000915527	-0.0228882
-0.0219727	-0.00244141	-0.0244141
-0.022583	-0.00244141	-0.0250244
-0.0244141	-0.0012207	-0.0256348
-0.0256348	-0.000610352	-0.0262451
-0.0265503	-0.000305176	-0.0268555
-0.0271606	0.00152588	-0.0256348
-0.0280762	0.00305176	-0.0250244
-0.0299072	0.00457764	-0.0253296
-0.0335693	0.00671387	-0.0268555
-0.0363159	0.00732422	-0.0289917
-0.0390625	0.00793457	-0.0311279
-0.043335	0.0100708	-0.0332642
-0.0469971	0.0112915	-0.0357056
-0.0512695	0.012207	-0.0390625
-0.0552368	0.0131226	-0.0421143
-0.057373	0.0140381	-0.043335
-0.0598145	0.0167847	-0.0430298
-0.0628662	0.0213623	-0.0415039
-0.0665283	0.0271606	-0.0393677
-0.0689697	0.0323486	-0.0366211
-0.0650024	0.0311279	-0.0338745
-0.0558472	0.0250244	-0.0308228
-0.0469971	0.0180054	-0.0289917
-0.0411987	0.0125122	-0.0286865
-0.0369263	0.00854492	-0.0283813
-0.0320435	0.00396729	-0.0280762
-0.0250244	-0.00305176	-0.0280762
-0.0183105	-0.0106812	-0.0289917
-0.017395	-0.0131226	-0.0305176
-0.0201416	-0.0119019	-0.0320435
-0.0228882	-0.0112915	-0.0341797
-0.0268555	-0.0088501	-0.0357056
-0.0317383	-0.00366211	-0.0354004
-0.0344849	0.00213623	-0.0323486
-0.0323486	0.00518799	-0.0271606
-0.0292969	0.00579834	-0.0234985
-0.0274658	0.00610352	-0.0213623
-0.0262451	0.00579834	-0.0204468
-0.0244141	0.00396729	-0.0204468
-0.0213623	0.00152588	-0.0198364
-0.0161743	-0.000610352	-0.0167847
-0.0131226	0	-0.0131226
-0.0170898	0.00396729	-0.0131226
-0.0259399	0.00915527	-0.0167847
-0.0341797	0.0131226	-0.0210571
-0.038147	0.0137329	-0.0244141
-0.0427246	0.0152588	-0.0274658
-0.0506592	0.0204468	-0.0302124
-0.0564575	0.0247192	-0.0317383
-0.055542	0.0241089	-0.0314331
-0.0509644	0.0213623	-0.0296021
-0.0466919	0.0186157	-0.0280762
-0.0448608	0.017395	-0.0274658
-0.0439453	0.0167847	-0.0271606
-0.0424194	0.0161743	-0.0262451
-0.0375366	0.0134277	-0.0241089
-0.0317383	0.010376	-0.0213623
-0.0308228	0.012207	-0.0186157
-0.0302124	0.0134277	-0.0167847
-0.0262451	0.0100708	-0.0161743
-0.0231934	0.00732422	-0.0158691
-0.0250244	0.00915527	-0.0158691
-0.027771	0.012207	-0.015564
-0.0283813	0.0143433	-0.0140381
-0.0305176	0.0177002	-0.0128174
-0.0357056	0.0238037	-0.0119019
-0.0421143	0.0296021	-0.0125122
-0.0482178	0.0338745	-0.0143433
-0.0509644	0.0357056	-0.0152588
-0.0491333	0.0360107	-0.0131226
-0.0442505	0.03479	-0.00946045
-0.0390625	0.0335693	-0.00549316
-0.0338745	0.0323486	-0.00152588
-0.0286865	0.0296021	0.000915527
-0.0219727	0.0268555	0.00488281
-0.0146484	0.0241089	0.00946045
-0.010376	0.0238037	0.0134277
-0.010376	0.0265503	0.0161743
-0.0106812	0.0289917	0.0183105
-0.00854492	0.0299072	0.0213623
-0.00579834	0.0302124	0.0244141
-0.00457764	0.0299072	0.0253296
-0.00640869	0.0311279	0.0247192
-0.00976563	0.03479	0.0250244
-0.010376	0.0366211	0.0262451
-0.00793457	0.0354004	0.0274658
-0.00488281	0.032959	0.0280762
0.000610352	0.0314331	0.0320435
0.00549316	0.0311279	0.0366211
0.00701904	0.0308228	0.0378418
0.00427246	0.0299072	0.0341797
0.000305176	0.0296021	0.0299072
0.000610352	0.0302124	0.0308228
0.00518799	0.0302124	0.0354004
0.0088501	0.0289917	0.0378418
0.0100708	0.027771	0.0378418
0.012207	0.0262451	0.0384521
0.0158691	0.0238037	0.0396729
0.0204468	0.0195313	0.039978
0.0253296	0.0137329	0.0390625
0.0271606	0.0109863	0.038147
0.0247192	0.0112915	0.0360107
0.0192261	0.0115967	0.0308228
0.0134277	0.0100708	0.0234985
0.00976563	0.00732422	0.0170898
0.00946045	0.00335693	0.0128174
0.00854492	0.000305176	0.0088501
-0.00213623	0.00610352	0.00396729
-0.0210571	0.0195313	-0.00152588
-0.0332642	0.0271606	-0.00610352
-0.0354004	0.0253296	-0.0100708
-0.0341797	0.0210571	-0.0131226
-0.032959	0.0183105	-0.0146484
-0.032959	0.0164795	-0.0164795
-0.032959	0.0131226	-0.0198364
-0.0311279	0.00701904	-0.0241089
-0.0268555	-0.00244141	-0.0292969
-0.0210571	-0.0134277	-0.0344849
-0.015564	-0.0231934	-0.0387573
-0.012207	-0.0308228	-0.0430298
-0.010376	-0.0357056	-0.0460815
-0.00854492	-0.0387573	-0.0473022
-0.00762939	-0.0402832	-0.0479126
-0.0088501	-0.038147	-0.0469971
-0.0134277	-0.0320435	-0.0454712
-0.0192261	-0.0247192	-0.0439453
-0.022583	-0.0192261	-0.0418091
-0.022583	-0.0161743	-0.0387573
-0.0213623	-0.0146484	-0.0360107
-0.0195313	-0.0146484	-0.0341797
-0.0170898	-0.0146484	-0.0317383
-0.0161743	-0.0143433	-0.0305176
-0.0164795	-0.0140381	-0.0305176
-0.0189209	-0.0146484	-0.0335693
-0.0228882	-0.0152588	-0.038147
-0.0265503	-0.0146484	-0.0411987
-0.0317383	-0.0106812	-0.0424194
-0.0390625	-0.00427246	-0.043335
-0.0418091	0.0012207	-0.0405884
-0.0390625	0.00488281	-0.0341797
-0.0350952	0.00701904	-0.0280762
-0.0323486	0.00854492	-0.0238037
-0.0323486	0.0109863	-0.0213623
-0.0335693	0.0146484	-0.0189209
-0.0357056	0.0183105	-0.017395
-0.0387573	0.0198364	-0.0189209
-0.039978	0.0183105	-0.0216675
-0.0396729	0.0146484	-0.0250244
-0.0411987	0.0128174	-0.0283813
-0.0418091	0.012207	-0.0296021
-0.0354004	0.00946045	-0.0259399
-0.0204468	0.00518799	-0.0152588
-0.0012207	0.00671387	0.00549316
0.0228882	0.0146484	0.0375366
0.0567627	0.0256348	0.0823975
0.0982666	0.0415039	0.139771
0.143127	0.0637817	0.206909
0.186462	0.0958252	0.282288
0.224609	0.137939	0.362549
0.257874	0.185852	0.443726
0.284119	0.236816	0.520935
0.299072	0.28656	0.585632
0.298157	0.332642	0.630798
0.274048	0.376892	0.65094
0.229492	0.413513	0.643005
0.171814	0.436401	0.608215
0.107117	0.4422	0.549316
0.0393677	0.430298	0.469666
-0.0286865	0.402222	0.373535
-0.0942993	0.361328	0.267029
-0.151672	0.310059	0.158386
-0.195313	0.251465	0.0561523
-0.222168	0.189514	-0.0326538
-0.231934	0.126953	-0.10498
-0.22583	0.0674438	-0.158386
-0.204773	0.0158691	-0.188904
-0.173035	-0.0247192	-0.197754
-0.13855	-0.0527954	-0.191345
-0.109558	-0.0680542	-0.177612
-0.0863647	-0.0720215	-0.158386
-0.0692749	-0.0662231	-0.135498
-0.0561523	-0.0552368	-0.111389
-0.0454712	-0.0430298	-0.088501
-0.0363159	-0.0317383	-0.0680542
-0.0308228	-0.0204468	-0.0512695
-0.032959	-0.00854492	-0.0415039
-0.0384521	0.000305176	-0.038147
-0.0415039	0.00457764	-0.0369263
-0.0415039	0.00518799	-0.0363159
-0.0405884	0.00518799	-0.0354004
-0.0411987	0.00518799	-0.0360107
-0.0463867	0.00762939	-0.0387573
-0.0509644	0.00915527	-0.0418091
-0.0488281	0.00793457	-0.0408936
-0.0479126	0.010376	-0.0375366
-0.0512695	0.0161743	-0.0350952
-0.0534058	0.0186157	-0.03479
-0.0537109	0.0183105	-0.0354004
-0.0540161	0.0186157	-0.0354004
-0.0518799	0.0186157	-0.0332642
-0.0466919	0.015564	-0.0311279
-0.0411987	0.0106812	-0.0305176
-0.0372314	0.00579834	-0.0314331
-0.0314331	0.000610352	-0.0308228
-0.0259399	-0.00396729	-0.0299072
-0.0213623	-0.00732422	-0.0286865
-0.017395	-0.00946045	-0.0268555
-0.0149536	-0.0100708	-0.0250244
-0.0149536	-0.0088501	-0.0238037
-0.0161743	-0.00640869	-0.022583
-0.017395	-0.00244141	-0.0198364
-0.020752	0.00366211	-0.0170898
-0.0253296	0.00915527	-0.0161743
-0.0262451	0.00946045	-0.0167847
-0.0234985	0.00549316	-0.0180054
-0.0177002	0.000915527	-0.0167847
-0.0125122	-0.0012207	-0.0137329
-0.00946045	-0.00183105	-0.0112915
-0.0088501	-0.00274658	-0.0115967
-0.0088501	-0.00366211	-0.0125122
-0.0088501	-0.00396729	-0.0128174
-0.00823975	-0.00427246	-0.0125122
-0.00793457	-0.00457764	-0.0125122
-0.00793457	-0.00427246	-0.012207
-0.00946045	-0.00183105	-0.0112915
-0.0137329	0.00213623	-0.0115967
-0.0189209	0.00579834	-0.0131226
-0.0222778	0.00640869	-0.0158691
-0.0231934	0.00396729	-0.0192261
-0.0222778	0.000915527	-0.0213623
-0.0201416	-0.000915527	-0.0210571
-0.0186157	-0.0012207	-0.0198364
-0.0183105	-0.000305176	-0.0186157
-0.0161743	-0.0012207	-0.017395
-0.0125122	-0.00396729	-0.0164795
-0.0100708	-0.00701904	-0.0170898
-0.010376	-0.00793457	-0.0183105
-0.0119019	-0.00671387	-0.0186157
-0.0115967	-0.00488281	-0.0164795
-0.00976563	-0.00244141	-0.012207
-0.00732422	-0.000610352	-0.00793457
-0.00579834	0.000610352	-0.00518799
-0.00366211	-0.0012207	-0.00488281
-0.00305176	-0.00305176	-0.00610352
-0.00366211	-0.000915527	-0.00457764
-0.00305176	0.00335693	0.000305176
-0.0012207	0.00427246	0.00305176
0.00457764	0	0.00457764
0.0152588	-0.00701904	0.00823975
0.0265503	-0.0137329	0.0128174
0.0363159	-0.0195313	0.0167847
0.0457764	-0.0244141	0.0213623
0.0543213	-0.0286865	0.0256348
0.0619507	-0.0317383	0.0302124
0.0698853	-0.0357056	0.0341797
0.0769043	-0.0396729	0.0372314
0.0839233	-0.043335	0.0405884
0.0906372	-0.0466919	0.0439453
0.0958252	-0.0491333	0.0466919
0.0967407	-0.0482178	0.0485229
0.0952148	-0.0448608	0.050354
0.0949097	-0.0427246	0.0521851
0.0967407	-0.0418091	0.0549316
0.100403	-0.0411987	0.0592041
0.105286	-0.0402832	0.0650024
0.110474	-0.0387573	0.0717163
0.115356	-0.0372314	0.078125
0.120544	-0.0366211	0.0839233
0.125732	-0.0375366	0.0881958
0.130005	-0.038147	0.0918579
0.134277	-0.0372314	0.0970459
0.137939	-0.0350952	0.102844
0.13916	-0.0317383	0.107422
0.138245	-0.0259399	0.112305
0.137024	-0.0201416	0.116882
0.137634	-0.0158691	0.121765
0.136719	-0.0109863	0.125732
0.133057	-0.00427246	0.128784
0.13092	0.0012207	0.132141
0.130615	0.00671387	0.137329
0.129089	0.0140381	0.143127
0.127563	0.0195313	0.147095
0.127258	0.0201416	0.1474
0.126343	0.0180054	0.144348
0.127563	0.0149536	0.142517
0.132751	0.0128174	0.145569
0.138245	0.0115967	0.149841
0.13916	0.010376	0.149536
0.135498	0.00854492	0.144043
0.13031	0.00640869	0.136719
0.126648	0.00366211	0.13031
0.119019	0.00427246	0.123291
0.108643	0.00732422	0.115967
0.10376	0.00762939	0.111389
0.0964355	0.0100708	0.106506
0.0778198	0.0228882	0.100708
0.0564575	0.0372314	0.093689
0.0415039	0.0448608	0.0863647
0.0323486	0.0457764	0.078125
0.0231934	0.0457764	0.0689697
0.0152588	0.0476074	0.0628662
0.0112915	0.0485229	0.0598145
0.010376	0.0457764	0.0561523
0.010376	0.0396729	0.0500488
0.00976563	0.032959	0.0427246
0.0088501	0.0268555	0.0357056
0.00823975	0.0219727	0.0302124
0.00640869	0.0198364	0.0262451
0.00274658	0.0198364	0.022583
-0.0012207	0.0198364	0.0186157
-0.00701904	0.020752	0.0137329
-0.0189209	0.0265503	0.00762939
-0.0320435	0.032959	0.000915527
-0.0408936	0.0350952	-0.00579834
-0.0460815	0.0344849	-0.0115967
-0.0506592	0.0341797	-0.0164795
-0.0543213	0.0332642	-0.0210571
-0.0558472	0.0317383	-0.0241089
-0.0543213	0.027771	-0.0265503
-0.0515747	0.022583	-0.0289917
-0.0479126	0.0177002	-0.0302124
-0.043335	0.0137329	-0.0296021
-0.0384521	0.010376	-0.0280762
-0.0357056	0.00915527	-0.0265503
-0.03479	0.00854492	-0.0262451
-0.0354004	0.00854492	-0.0268555
-0.0415039	0.0131226	-0.0283813
-0.050354	0.0204468	-0.0299072
-0.0546265	0.0253296	-0.0292969
-0.0558472	0.0280762	-0.027771
-0.0558472	0.0289917	-0.0268555
-0.0564575	0.0286865	-0.027771
-0.0598145	0.0305176	-0.0292969
-0.0650024	0.0344849	-0.0305176
-0.0656128	0.0341797	-0.0314331
-0.0576782	0.0265503	-0.0311279
-0.0445557	0.0140381	-0.0305176
-0.0390625	0.00915527	-0.0299072
-0.0445557	0.0134277	-0.0311279
-0.0534058	0.0198364	-0.0335693
-0.0585938	0.0222778	-0.0363159
-0.0640869	0.0241089	-0.039978
-0.0662231	0.0268555	-0.0393677
-0.0631714	0.0289917	-0.0341797
-0.0601196	0.0305176	-0.0296021
-0.0604248	0.0326538	-0.027771
-0.0622559	0.0354004	-0.0268555
-0.0604248	0.0344849	-0.0259399
-0.0543213	0.0289917	-0.0253296
-0.0476074	0.0216675	-0.0259399
-0.0393677	0.0149536	-0.0244141
-0.0326538	0.010376	-0.0222778
-0.0299072	0.00793457	-0.0219727
-0.0323486	0.00732422	-0.0250244
-0.0369263	0.00762939	-0.0292969
-0.0405884	0.0088501	-0.0317383
-0.0415039	0.0100708	-0.0314331
-0.038147	0.0106812	-0.0274658
-0.0326538	0.0112915	-0.0213623
-0.0314331	0.015564	-0.0158691
-0.0341797	0.022583	-0.0115967
-0.0338745	0.0262451	-0.00762939
-0.0299072	0.0253296	-0.00457764
-0.0253296	0.0234985	-0.00183105
-0.0228882	0.0219727	-0.000915527
-0.0219727	0.0201416	-0.00183105
-0.0238037	0.0201416	-0.00366211
-0.0280762	0.0219727	-0.00610352
-0.0314331	0.0216675	-0.00976563
-0.0354004	0.020752	-0.0146484
-0.0390625	0.0198364	-0.0192261
-0.0393677	0.017395	-0.0219727
-0.0387573	0.0146484	-0.0241089
-0.0396729	0.0143433	-0.0253296
-0.0411987	0.0149536	-0.0262451
-0.0408936	0.0140381	-0.0268555
-0.0384521	0.012207	-0.0262451
-0.03479	0.00946045	-0.0253296
-0.0305176	0.00671387	-0.0238037
-0.0271606	0.00457764	-0.022583
-0.0241089	0.00244141	-0.0216675
-0.0228882	0.0012207	-0.0216675
-0.022583	-0.000305176	-0.0228882
-0.0204468	-0.00396729	-0.0244141
-0.0186157	-0.00640869	-0.0250244
-0.0210571	-0.00457764	-0.0256348
-0.0265503	-0.0012207	-0.027771
-0.0366211	0.00610352	-0.0305176
-0.0488281	0.0195313	-0.0292969
-0.057373	0.0305176	-0.0268555
-0.0588989	0.0335693	-0.0253296
-0.0585938	0.032959	-0.0256348
-0.0585938	0.0320435	-0.0265503
-0.0567627	0.0317383	-0.0250244
-0.0518799	0.0302124	-0.0216675
-0.0457764	0.0274658	-0.0183105
-0.0393677	0.0222778	-0.0170898
-0.0338745	0.0146484	-0.0192261
-0.0262451	0.00579834	-0.0204468
-0.015564	-0.00305176	-0.0186157
-0.00701904	-0.0100708	-0.0170898
-0.00640869	-0.0125122	-0.0189209
-0.0109863	-0.0112915	-0.0222778
-0.0137329	-0.00793457	-0.0216675
-0.0137329	-0.00549316	-0.0192261
-0.0128174	-0.00427246	-0.0170898
-0.012207	-0.00457764	-0.0167847
-0.0119019	-0.00579834	-0.0177002
-0.012207	-0.00640869	-0.0186157
-0.0137329	-0.00579834	-0.0195313
-0.0152588	-0.00427246	-0.0195313
-0.0170898	-0.00213623	-0.0192261
-0.0201416	-0.000305176	-0.0204468
-0.0247192	0.00183105	-0.0228882
-0.0326538	0.00427246	-0.0283813
-0.0430298	0.00671387	-0.0363159
-0.0506592	0.00823975	-0.0424194
-0.0515747	0.0088501	-0.0427246
-0.0476074	0.00854492	-0.0390625
-0.0418091	0.00762939	-0.0341797
-0.0360107	0.00579834	-0.0302124
-0.0305176	0.00427246	-0.0262451
-0.0253296	0.00457764	-0.020752
-0.0198364	0.00457764	-0.0152588
-0.0149536	0.00488281	-0.0100708
-0.0128174	0.00762939	-0.00518799
-0.0125122	0.0109863	-0.00152588
-0.0146484	0.0137329	-0.000915527
-0.0180054	0.0149536	-0.00305176
-0.0213623	0.0152588	-0.00610352
-0.0250244	0.0152588	-0.00976563
-0.0286865	0.0158691	-0.0128174
-0.03479	0.0195313	-0.0152588
-0.0390625	0.0222778	-0.0167847
-0.0378418	0.0201416	-0.0177002
-0.0338745	0.015564	-0.0183105
-0.0308228	0.0137329	-0.0170898
-0.0344849	0.0189209	-0.015564
-0.0445557	0.0289917	-0.015564
-0.0506592	0.0335693	-0.0170898
-0.0512695	0.0323486	-0.0189209
-0.0497437	0.0296021	-0.0201416
-0.0491333	0.0289917	-0.0201416
-0.0479126	0.0286865	-0.0192261
-0.0469971	0.0259399	-0.0210571
-0.0463867	0.0219727	-0.0244141
-0.043335	0.0170898	-0.0262451
-0.0366211	0.010376	-0.0262451
-0.0283813	0.00366211	-0.0247192
-0.0213623	-0.00152588	-0.0228882
-0.0183105	-0.00396729	-0.0222778
-0.0201416	-0.00244141	-0.022583
-0.0244141	0.000915527	-0.0234985
-0.0286865	0.00488281	-0.0238037
-0.0326538	0.00976563	-0.0228882
-0.0378418	0.0152588	-0.022583
-0.043335	0.0201416	-0.0231934
-0.0460815	0.0216675	-0.0244141
-0.0476074	0.0216675	-0.0259399
-0.0491333	0.0210571	-0.0280762
-0.045166	0.0204468	-0.0247192
-0.038147	0.0189209	-0.0192261
-0.0323486	0.0167847	-0.015564
-0.0268555	0.0140381	-0.0128174
-0.0210571	0.010376	-0.0106812
-0.0140381	0.00549316	-0.00854492
-0.0088501	0.00335693	-0.00549316
-0.00915527	0.00579834	-0.00335693
-0.0131226	0.0100708	-0.00305176
-0.0189209	0.0125122	-0.00640869
-0.0283813	0.0152588	-0.0131226
-0.0430298	0.0204468	-0.022583
-0.0567627	0.0253296	-0.0314331
-0.0646973	0.0286865	-0.0360107
-0.0671387	0.0280762	-0.0390625
-0.0628662	0.0210571	-0.0418091
-0.0592041	0.0170898	-0.0421143
-0.057373	0.0183105	-0.0390625
-0.050354	0.0167847	-0.0335693
-0.0402832	0.0137329	-0.0265503
-0.0308228	0.0112915	-0.0195313
-0.022583	0.00946045	-0.0131226
-0.017395	0.0109863	-0.00640869
-0.0183105	0.0183105	0
-0.0241089	0.027771	0.00366211
-0.0311279	0.03479	0.00366211
-0.0372314	0.0390625	0.00183105
-0.0418091	0.0408936	-0.000915527
-0.0448608	0.0396729	-0.00518799
-0.045166	0.0344849	-0.0106812
-0.043335	0.0280762	-0.0152588
-0.0387573	0.0204468	-0.0183105
-0.0305176	0.0106812	-0.0198364
-0.0213623	0.000610352	-0.020752
-0.0137329	-0.00823975	-0.0219727
-0.00854492	-0.0146484	-0.0231934
-0.00579834	-0.0180054	-0.0238037
-0.00610352	-0.017395	-0.0234985
-0.00823975	-0.0131226	-0.0213623
-0.0115967	-0.00732422	-0.0189209
-0.0170898	-0.000305176	-0.017395
-0.0231934	0.00732422	-0.0158691
-0.0271606	0.0146484	-0.0125122
-0.0289917	0.0216675	-0.00732422
-0.0289917	0.0280762	-0.000915527
-0.0274658	0.0320435	0.00457764
-0.0241089	0.0332642	0.00915527
-0.0210571	0.032959	0.0119019
-0.0183105	0.0326538	0.0143433
-0.0158691	0.032959	0.0170898
-0.0143433	0.032959	0.0186157
-0.0128174	0.0311279	0.0183105
-0.0112915	0.0280762	0.0167847
-0.0112915	0.0265503	0.0152588
-0.0131226	0.0265503	0.0134277
-0.015564	0.0286865	0.0131226
-0.0143433	0.0305176	0.0161743
-0.00793457	0.0308228	0.0228882
-0.00244141	0.0311279	0.0286865
0.00213623	0.0302124	0.0323486
0.00671387	0.0299072	0.0366211
0.00976563	0.0308228	0.0405884
0.0131226	0.0299072	0.0430298
0.0164795	0.0268555	0.043335
0.0183105	0.0219727	0.0402832
0.0192261	0.0167847	0.0360107
0.0192261	0.0125122	0.0317383
0.0158691	0.0106812	0.0265503
0.010376	0.0115967	0.0219727
0.00213623	0.0164795	0.0186157
-0.00183105	0.0192261	0.017395
0.000915527	0.0170898	0.0180054
0.00762939	0.0137329	0.0213623
0.0131226	0.0125122	0.0256348
0.015564	0.0134277	0.0289917
0.0161743	0.0134277	0.0296021
0.0152588	0.0115967	0.0268555
0.0143433	0.00762939	0.0219727
0.0140381	0.00244141	0.0164795
0.0119019	-0.00213623	0.00976563
0.00915527	-0.00549316	0.00366211
0.00518799	-0.00732422	-0.00213623
0.000915527	-0.00762939	-0.00671387
-0.00213623	-0.00854492	-0.0106812
-0.00457764	-0.0088501	-0.0134277
-0.0088501	-0.00640869	-0.0152588
-0.0128174	-0.00335693	-0.0161743
-0.0152588	-0.00152588	-0.0167847
-0.0167847	-0.0012207	-0.0180054
-0.0189209	-0.0012207	-0.0201416
-0.0241089	-0.000915527	-0.0250244
-0.0314331	0	-0.0314331
-0.0375366	0.000915527	-0.0366211
-0.0408936	0.0012207	-0.0396729
-0.0418091	0.000915527	-0.0408936
-0.0415039	0	-0.0415039
-0.0402832	-0.00152588	-0.0418091
-0.038147	-0.00305176	-0.0411987
-0.03479	-0.00427246	-0.0390625
-0.0305176	-0.00457764	-0.0350952
-0.0289917	-0.00244141	-0.0314331
-0.0320435	0.00152588	-0.0305176
-0.0390625	0.00640869	-0.0326538
-0.045166	0.0106812	-0.0344849
-0.0473022	0.0146484	-0.0326538
-0.0488281	0.0192261	-0.0296021
-0.050354	0.0234985	-0.0268555
-0.0521851	0.0265503	-0.0256348
-0.0546265	0.0292969	-0.0253296
-0.0515747	0.0289917	-0.022583
-0.0439453	0.0250244	-0.0189209
-0.0350952	0.0195313	-0.015564
-0.0262451	0.0128174	-0.0134277
-0.0204468	0.00610352	-0.0143433
-0.0192261	0.000915527	-0.0183105
-0.0222778	-0.00183105	-0.0241089
-0.0283813	-0.0012207	-0.0296021
-0.0369263	0.00183105	-0.0350952
-0.0436401	0.00274658	-0.0408936
-0.0482178	0.0012207	-0.0469971
-0.0527954	0.000915527	-0.0518799
-0.0531006	0.000915527	-0.0521851
-0.0482178	0.000915527	-0.0473022
-0.0415039	0.00244141	-0.0390625
-0.0280762	0.00244141	-0.0256348
-0.00457764	0.00213623	-0.00244141
0.0271606	0.00457764	0.0317383
0.0634766	0.0119019	0.0753784
0.101929	0.027771	0.1297
0.143738	0.0515747	0.195313
0.188599	0.0817871	0.270386
0.230408	0.118103	0.348511
0.264282	0.161438	0.42572
0.286865	0.211792	0.498657
0.296631	0.266724	0.563354
0.292969	0.318909	0.611877
0.274048	0.364075	0.638123
0.235596	0.401001	0.636597
0.178528	0.429077	0.607605
0.108948	0.445557	0.554504
0.0354004	0.446777	0.482178
-0.0372314	0.430908	0.393677
-0.104065	0.397644	0.293579
-0.160522	0.349426	0.188904
-0.202637	0.291138	0.088501
-0.228577	0.227661	-0.000915527
-0.237427	0.162964	-0.0744629
-0.231323	0.101013	-0.13031
-0.214539	0.0457764	-0.168762
-0.187988	-0.0012207	-0.189209
-0.15564	-0.038147	-0.193787
-0.124207	-0.062561	-0.186768
-0.0970459	-0.0759888	-0.173035
-0.0769043	-0.0784302	-0.155334
-0.0622559	-0.0735474	-0.135803
-0.0521851	-0.0643921	-0.116577
-0.0463867	-0.0531006	-0.0994873
-0.0485229	-0.0375366	-0.0860596
-0.0549316	-0.0219727	-0.0769043
-0.0613403	-0.010376	-0.0717163
-0.0662231	-0.00305176	-0.0692749
-0.0686646	0.0012207	-0.0674438
-0.0698853	0.00335693	-0.0665283
-0.0686646	0.00366211	-0.0650024
-0.0634766	0.00152588	-0.0619507
-0.0561523	-0.00305176	-0.0592041
-0.0476074	-0.010376	-0.0579834
-0.0326538	-0.0195313	-0.0521851
-0.0161743	-0.027771	-0.0439453
-0.00518799	-0.032959	-0.038147
0.00366211	-0.0363159	-0.0326538
0.00823975	-0.0378418	-0.0296021
0.00762939	-0.0369263	-0.0292969
0.00457764	-0.0335693	-0.0289917
-0.000610352	-0.0283813	-0.0289917
-0.00854492	-0.0216675	-0.0302124
-0.0161743	-0.0149536	-0.0311279
-0.0222778	-0.010376	-0.0326538
-0.0274658	-0.00732422	-0.03479
-0.0323486	-0.00427246	-0.0366211
-0.0363159	-0.0012207	-0.0375366
-0.0372314	0.000305176	-0.0369263
-0.0341797	0	-0.0341797
-0.0305176	-0.000305176	-0.0308228
-0.0286865	-0.000305176	-0.0289917
-0.0271606	-0.00152588	-0.0286865
-0.0259399	-0.00366211	-0.0296021
-0.0271606	-0.00427246	-0.0314331
-0.0320435	-0.00305176	-0.0350952
-0.0332642	-0.00518799	-0.0384521
-0.0323486	-0.00946045	-0.0418091
-0.0341797	-0.0100708	-0.0442505
-0.0384521	-0.00671387	-0.045166
-0.0415039	-0.00213623	-0.0436401
-0.0427246	0.00183105	-0.0408936
-0.0439453	0.00640869	-0.0375366
-0.0460815	0.012207	-0.0338745
-0.0421143	0.0131226	-0.0289917
-0.0326538	0.0100708	-0.022583
-0.0256348	0.00854492	-0.0170898
-0.0231934	0.00976563	-0.0134277
-0.0216675	0.00915527	-0.0125122
-0.0195313	0.00427246	-0.0152588
-0.0192261	-0.000915527	-0.0201416
-0.0210571	-0.00549316	-0.0265503
-0.0180054	-0.0115967	-0.0296021
-0.0106812	-0.0177002	-0.0283813
-0.00457764	-0.0213623	-0.0259399
0.000610352	-0.0231934	-0.022583
0.00640869	-0.0250244	-0.0186157
0.0149536	-0.0286865	-0.0137329
0.0247192	-0.0332642	-0.00854492
0.0335693	-0.0366211	-0.00305176
0.0405884	-0.0390625	0.00152588
0.045166	-0.0411987	0.00396729
0.0476074	-0.0427246	0.00488281
0.0473022	-0.043335	0.00396729
0.043335	-0.0421143	0.0012207
0.03479	-0.0393677	-0.00457764
0.0228882	-0.0357056	-0.0128174
0.0137329	-0.0317383	-0.0180054
0.0112915	-0.0289917	-0.0177002
0.0125122	-0.0274658	-0.0149536
0.0161743	-0.0268555	-0.0106812
0.0210571	-0.0268555	-0.00579834
0.0259399	-0.0271606	-0.0012207
0.0323486	-0.0274658	0.00488281
0.0415039	-0.0292969	0.012207
0.0512695	-0.0317383	0.0195313
0.0604248	-0.0341797	0.0262451
0.067749	-0.0354004	0.0323486
0.0738525	-0.0366211	0.0372314
0.0769043	-0.0363159	0.0405884
0.0769043	-0.0344849	0.0424194
0.0787354	-0.0335693	0.045166
0.083313	-0.0344849	0.0488281
0.088501	-0.0350952	0.0534058
0.0918579	-0.0341797	0.0576782
0.093689	-0.0314331	0.0622559
0.0942993	-0.0265503	0.067749
0.0970459	-0.0231934	0.0738525
0.10498	-0.0259399	0.0790405
0.113525	-0.0292969	0.0842285
0.119934	-0.0311279	0.0888062
0.123596	-0.0308228	0.0927734
0.123596	-0.0280762	0.09552
0.122986	-0.0250244	0.0979614
0.124512	-0.0234985	0.101013
0.126953	-0.0228882	0.104065
0.128784	-0.0213623	0.107422
0.128784	-0.0195313	0.109253
0.127869	-0.0177002	0.110168
0.128479	-0.0158691	0.11261
0.131226	-0.0140381	0.117188
0.132751	-0.010376	0.122375
0.130005	-0.00427246	0.125732
0.126953	0.000305176	0.127258
0.127258	-0.000305176	0.126953
0.13031	-0.00274658	0.127563
0.133057	-0.00396729	0.129089
0.136414	-0.00213623	0.134277
0.138855	0.00152588	0.140381
0.13855	0.00457764	0.143127
0.136414	0.00427246	0.140686
0.133057	0.00335693	0.136414
0.127869	0.00549316	0.133362
0.123901	0.00793457	0.131836
0.119324	0.0100708	0.129395
0.109558	0.0128174	0.122375
0.093689	0.017395	0.111084
0.0753784	0.0222778	0.0976563
0.0585938	0.0265503	0.085144
0.0439453	0.0308228	0.0747681
0.0305176	0.0344849	0.0650024
0.0180054	0.0378418	0.0558472
0.00915527	0.0387573	0.0479126
0.00549316	0.0354004	0.0408936
0.00274658	0.0308228	0.0335693
-0.00213623	0.0296021	0.0274658
-0.00610352	0.0289917	0.0228882
-0.00762939	0.0268555	0.0192261
-0.00762939	0.0231934	0.015564
-0.00946045	0.0195313	0.0100708
-0.0134277	0.0170898	0.00366211
-0.0186157	0.0164795	-0.00213623
-0.0253296	0.0180054	-0.00732422
-0.0280762	0.0164795	-0.0115967
-0.0323486	0.0164795	-0.0158691
-0.0454712	0.0228882	-0.022583
-0.0610352	0.0305176	-0.0305176
-0.0726318	0.0372314	-0.0354004
-0.0759888	0.039978	-0.0360107
-0.0735474	0.0387573	-0.03479
-0.071106	0.0378418	-0.0332642
-0.0695801	0.0369263	-0.0326538
-0.0668335	0.0332642	-0.0335693
-0.062561	0.0283813	-0.0341797
-0.0546265	0.0216675	-0.032959
-0.0442505	0.0134277	-0.0308228
-0.0338745	0.00518799	-0.0286865
-0.0256348	-0.0012207	-0.0268555
-0.0198364	-0.00549316	-0.0253296
-0.017395	-0.00823975	-0.0256348
-0.0167847	-0.0088501	-0.0256348
-0.0183105	-0.00701904	-0.0253296
-0.0210571	-0.00366211	-0.0247192
-0.0238037	-0.000305176	-0.0241089
-0.0256348	0.00305176	-0.022583
-0.0250244	0.00579834	-0.0192261
-0.0222778	0.00762939	-0.0146484
-0.020752	0.00915527	-0.0115967
-0.0201416	0.010376	-0.00976563
-0.0210571	0.0112915	-0.00976563
-0.0219727	0.012207	-0.00976563
-0.0219727	0.012207	-0.00976563
-0.0222778	0.0115967	-0.0106812
-0.0238037	0.0106812	-0.0131226
-0.0283813	0.0112915	-0.0170898
-0.0341797	0.0125122	-0.0216675
-0.0396729	0.0131226	-0.0265503
-0.0445557	0.0149536	-0.0296021
-0.0497437	0.0183105	-0.0314331
-0.0546265	0.0210571	-0.0335693
-0.055542	0.0231934	-0.0323486
-0.0543213	0.0256348	-0.0286865
-0.0531006	0.0292969	-0.0238037
-0.0518799	0.032959	-0.0189209
-0.0463867	0.0317383	-0.0146484
-0.038147	0.0268555	-0.0112915
-0.0302124	0.0216675	-0.00854492
-0.0241089	0.0167847	-0.00732422
-0.0189209	0.012207	-0.00671387
-0.0143433	0.00732422	-0.00701904
-0.0119019	0.00305176	-0.0088501
-0.0140381	0.00305176	-0.0109863
-0.0198364	0.00671387	-0.0131226
-0.0253296	0.00915527	-0.0161743
-0.027771	0.00946045	-0.0183105
-0.0283813	0.00793457	-0.0204468
-0.0302124	0.00793457	-0.0222778
-0.0323486	0.010376	-0.0219727
-0.0299072	0.0106812	-0.0192261
-0.022583	0.00671387	-0.0158691
-0.0164795	0.00244141	-0.0140381
-0.0140381	0.000305176	-0.0137329
-0.0106812	-0.00244141	-0.0131226
-0.00579834	-0.00610352	-0.0119019
-0.000610352	-0.0088501	-0.00946045
0.00244141	-0.00946045	-0.00701904
0.000915527	-0.00793457	-0.00701904
-0.00335693	-0.00549316	-0.0088501
-0.00793457	-0.00366211	-0.0115967
-0.0106812	-0.00366211	-0.0143433
-0.0119019	-0.00427246	-0.0161743
-0.0131226	-0.00427246	-0.017395
-0.0140381	-0.00488281	-0.0189209
-0.0158691	-0.00549316	-0.0213623
-0.0170898	-0.00579834	-0.0228882
-0.0164795	-0.00518799	-0.0216675
-0.0143433	-0.00488281	-0.0192261
-0.0128174	-0.00427246	-0.0170898
-0.0125122	-0.00335693	-0.0158691
-0.0134277	-0.00183105	-0.0152588
-0.0137329	-0.00244141	-0.0161743
-0.0137329	-0.00427246	-0.0180054
-0.015564	-0.00366211	-0.0192261
-0.0183105	-0.00152588	-0.0198364
-0.0180054	-0.000610352	-0.0186157
-0.0170898	-0.000610352	-0.0177002
-0.0192261	0.00183105	-0.017395
-0.0234985	0.00579834	-0.0177002
-0.0253296	0.00732422	-0.0180054
-0.0268555	0.0088501	-0.0180054
-0.0305176	0.0131226	-0.017395
-0.0387573	0.020752	-0.0180054
-0.0469971	0.0286865	-0.0183105
-0.0476074	0.0305176	-0.0170898
-0.0405884	0.0228882	-0.0177002
-0.0332642	0.0131226	-0.0201416
-0.0299072	0.00762939	-0.0222778
-0.027771	0.00396729	-0.0238037
-0.0241089	-0.00183105	-0.0259399
-0.0161743	-0.0106812	-0.0268555
-0.00488281	-0.0210571	-0.0259399
0.00610352	-0.0299072	-0.0238037
0.0115967	-0.0338745	-0.0222778
0.0109863	-0.0323486	-0.0213623
0.00701904	-0.0292969	-0.0222778
0.000915527	-0.0256348	-0.0247192
-0.00518799	-0.0222778	-0.0274658
-0.0115967	-0.0177002	-0.0292969
-0.0183105	-0.0112915	-0.0296021
-0.0198364	-0.00610352	-0.0259399
-0.0180054	-0.00518799	-0.0231934
-0.0149536	-0.00732422	-0.0222778
-0.0106812	-0.0106812	-0.0213623
-0.00640869	-0.0131226	-0.0195313
-0.00335693	-0.0146484	-0.0180054
-0.00183105	-0.0149536	-0.0167847
-0.00305176	-0.0137329	-0.0167847
-0.00610352	-0.0125122	-0.0186157
-0.0100708	-0.0109863	-0.0210571
-0.0158691	-0.0088501	-0.0247192
-0.0241089	-0.00579834	-0.0299072
-0.0335693	-0.00244141	-0.0360107
-0.0424194	-0.000305176	-0.0427246
-0.0524902	0.00274658	-0.0497437
-0.0616455	0.00701904	-0.0546265
-0.0637817	0.00976563	-0.0540161
-0.06073	0.0109863	-0.0497437
-0.0570679	0.0119019	-0.045166
-0.0537109	0.0131226	-0.0405884
-0.0485229	0.0134277	-0.0350952
-0.0424194	0.012207	-0.0302124
-0.0344849	0.010376	-0.0241089
-0.0231934	0.00610352	-0.0170898
-0.012207	0.000915527	-0.0112915
-0.00671387	-0.00213623	-0.0088501
-0.0088501	-0.000305176	-0.00915527
-0.0177002	0.00640869	-0.0112915
-0.0283813	0.0131226	-0.0152588
-0.0360107	0.0161743	-0.0198364
-0.039978	0.0152588	-0.0247192
-0.0457764	0.0164795	-0.0292969
-0.0543213	0.0216675	-0.0326538
-0.0598145	0.0250244	-0.03479
-0.0598145	0.0238037	-0.0360107
-0.0567627	0.0201416	-0.0366211
-0.0497437	0.0125122	-0.0372314
-0.0405884	0.00213623	-0.0384521
-0.0317383	-0.00518799	-0.0369263
-0.0244141	-0.010376	-0.03479
-0.0192261	-0.0143433	-0.0335693
-0.015564	-0.0164795	-0.0320435
-0.0134277	-0.0164795	-0.0299072
-0.0143433	-0.0143433	-0.0286865
-0.017395	-0.0112915	-0.0286865
-0.0204468	-0.00793457	-0.0283813
-0.0222778	-0.00518799	-0.0274658
-0.0231934	-0.00335693	-0.0265503
-0.0241089	-0.00305176	-0.0271606
-0.0253296	-0.00305176	-0.0283813
-0.0274658	-0.00274658	-0.0302124
-0.0296021	-0.00213623	-0.0317383
-0.0320435	-0.00213623	-0.0341797
-0.0363159	-0.00335693	-0.0396729
-0.0424194	-0.00488281	-0.0473022
-0.0457764	-0.00579834	-0.0515747
-0.0421143	-0.00732422	-0.0494385
-0.03479	-0.00915527	-0.0439453
-0.0311279	-0.00854492	-0.0396729
-0.0320435	-0.00640869	-0.0384521
-0.0320435	-0.00427246	-0.0363159
-0.0292969	-0.00244141	-0.0317383
-0.0271606	0	-0.0271606
-0.0286865	0.00518799	-0.0234985
-0.0305176	0.00976563	-0.020752
-0.0326538	0.0131226	-0.0195313
-0.0360107	0.0140381	-0.0219727
-0.0427246	0.0143433	-0.0283813
-0.050354	0.0140381	-0.0363159
-0.0537109	0.0115967	-0.0421143
-0.0500488	0.00518799	-0.0448608
-0.0424194	-0.00244141	-0.0448608
-0.0357056	-0.00762939	-0.043335
-0.0323486	-0.0088501	-0.0411987
-0.0308228	-0.00762939	-0.0384521
-0.0302124	-0.00488281	-0.0350952
-0.0280762	-0.00274658	-0.0308228
-0.0238037	-0.00366211	-0.0274658
-0.0192261	-0.00610352	-0.0253296
-0.0180054	-0.00732422	-0.0253296
-0.0186157	-0.00762939	-0.0262451
-0.0195313	-0.0088501	-0.0283813
-0.0210571	-0.0115967	-0.0326538
-0.0213623	-0.015564	-0.0369263
-0.020752	-0.0201416	-0.0408936
-0.0183105	-0.0244141	-0.0427246
-0.015564	-0.027771	-0.043335
-0.0152588	-0.0283813	-0.0436401
-0.0177002	-0.0265503	-0.0442505
-0.0210571	-0.0231934	-0.0442505
-0.0259399	-0.0177002	-0.0436401
-0.0344849	-0.0100708	-0.0445557
-0.0405884	-0.00427246	-0.0448608
-0.0424194	-0.00183105	-0.0442505
-0.043335	0.0012207	-0.0421143
-0.0445557	0.00518799	-0.0393677
-0.0448608	0.0088501	-0.0360107
-0.0421143	0.0106812	-0.0314331
-0.0354004	0.010376	-0.0250244
-0.0274658	0.00915527	-0.0183105
-0.0204468	0.00732422	-0.0131226
-0.0152588	0.00518799	-0.0100708
-0.00915527	0.00183105	-0.00732422
-0.00396729	-0.00183105	-0.00579834
-0.0012207	-0.00396729	-0.00518799
-0.000915527	-0.00610352	-0.00701904
-0.00183105	-0.0088501	-0.0106812
-0.00579834	-0.00946045	-0.0152588
-0.0119019	-0.00701904	-0.0189209
-0.0167847	-0.00457764	-0.0213623
-0.0195313	-0.00183105	-0.0213623
-0.0228882	0.00427246	-0.0186157
-0.0259399	0.0112915	-0.0146484
-0.0262451	0.0146484	-0.0115967
-0.0241089	0.0149536	-0.00915527
-0.0192261	0.0149536	-0.00427246
-0.012207	0.0149536	0.00274658
-0.00640869	0.0128174	0.00640869
-0.00488281	0.010376	0.00549316
-0.00396729	0.00701904	0.00305176
0.000915527	0.00183105	0.00274658
0.00854492	-0.00335693	0.00518799
0.0143433	-0.00579834	0.00854492
0.0186157	-0.00762939	0.0109863
0.0210571	-0.00976563	0.0112915
0.0216675	-0.00946045	0.012207
0.0219727	-0.00762939	0.0143433
0.0238037	-0.00671387	0.0170898
0.0265503	-0.00671387	0.0198364
0.027771	-0.00671387	0.0210571
0.0262451	-0.00579834	0.0204468
0.0228882	-0.00518799	0.0177002
0.0186157	-0.00549316	0.0131226
0.0134277	-0.00579834	0.00762939
0.00823975	-0.00671387	0.00152588
0.00640869	-0.010376	-0.00396729
0.00671387	-0.0152588	-0.00854492
0.00366211	-0.017395	-0.0137329
-0.00396729	-0.015564	-0.0195313
-0.010376	-0.0140381	-0.0244141
-0.0137329	-0.0143433	-0.0280762
-0.0167847	-0.015564	-0.0323486
-0.0219727	-0.0158691	-0.0378418
-0.0296021	-0.0143433	-0.0439453
-0.0390625	-0.0100708	-0.0491333
-0.050354	-0.00457764	-0.0549316
-0.0616455	0	-0.0616455
-0.0714111	0.00427246	-0.0671387
-0.0747681	0.00610352	-0.0686646
-0.0717163	0.00427246	-0.0674438
-0.0662231	0.000610352	-0.0656128
-0.0595093	-0.00366211	-0.0631714
-0.0524902	-0.00762939	-0.0601196
-0.045166	-0.0106812	-0.0558472
-0.0360107	-0.0143433	-0.050354
-0.0250244	-0.0216675	-0.0466919
-0.0146484	-0.0308228	-0.0454712
-0.00640869	-0.0384521	-0.0448608
-0.00213623	-0.0402832	-0.0424194
-0.00274658	-0.0369263	-0.0396729
-0.00335693	-0.0341797	-0.0375366
-0.00213623	-0.0335693	-0.0357056
-0.000915527	-0.0338745	-0.03479
-0.0012207	-0.0320435	-0.0332642
-0.00335693	-0.027771	-0.0311279
-0.00640869	-0.0238037	-0.0302124
-0.0088501	-0.020752	-0.0296021
-0.0115967	-0.0180054	-0.0296021
-0.0146484	-0.0170898	-0.0317383
-0.0183105	-0.0180054	-0.0363159
-0.0241089	-0.0189209	-0.0430298
-0.032959	-0.0167847	-0.0497437
-0.0418091	-0.0146484	-0.0564575
-0.0485229	-0.0149536	-0.0634766
-0.0512695	-0.0177002	-0.0689697
-0.0491333	-0.0216675	-0.0708008
-0.0415039	-0.0271606	-0.0686646
-0.0302124	-0.0326538	-0.0628662
-0.0183105	-0.0341797	-0.0524902
-0.00244141	-0.0314331	-0.0338745
0.0210571	-0.0262451	-0.00518799
0.0524902	-0.017395	0.0350952
0.0891113	-0.00244141	0.0866699
0.129089	0.0201416	0.149231
0.171814	0.0494385	0.221252
0.212708	0.0863647	0.299072
0.248108	0.129395	0.377502
0.2771	0.176697	0.453796
0.297546	0.22644	0.523987
0.305481	0.273438	0.578918
0.296021	0.312195	0.608215
0.264587	0.344543	0.609131
0.212708	0.371399	0.584106
0.147705	0.389099	0.536804
0.0735474	0.394897	0.468445
-0.00183105	0.383301	0.38147
-0.072937	0.355835	0.282898
-0.140991	0.321045	0.180054
-0.19928	0.278625	0.0793457
-0.237732	0.22644	-0.0112915
-0.255737	0.168457	-0.0872803
-0.254517	0.108643	-0.145874
-0.23468	0.0500488	-0.184631
-0.203552	-0.000305176	-0.203857
-0.168152	-0.039978	-0.20813
-0.132141	-0.0689697	-0.201111
-0.0982666	-0.0891113	-0.187378
-0.067749	-0.101013	-0.168762
-0.045166	-0.10376	-0.148926
-0.0302124	-0.0985718	-0.128784
-0.0198364	-0.0894165	-0.109253
-0.0140381	-0.0787354	-0.0927734
-0.0119019	-0.0686646	-0.0805664
-0.0125122	-0.0601196	-0.0726318
-0.0149536	-0.0527954	-0.067749
-0.0170898	-0.0469971	-0.0640869
-0.0186157	-0.043335	-0.0619507
-0.0198364	-0.0405884	-0.0604248
-0.0219727	-0.0384521	-0.0604248
-0.0247192	-0.0366211	-0.0613403
-0.0268555	-0.0354004	-0.0622559
-0.0286865	-0.0338745	-0.062561
-0.0305176	-0.0326538	-0.0631714
-0.0326538	-0.0311279	-0.0637817
-0.0338745	-0.0299072	-0.0637817
-0.0354004	-0.0292969	-0.0646973
-0.0354004	-0.0296021	-0.0650024
-0.0311279	-0.0308228	-0.0619507
-0.0250244	-0.0326538	-0.0576782
-0.0186157	-0.0341797	-0.0527954
-0.0146484	-0.0341797	-0.0488281
-0.0131226	-0.0323486	-0.0454712
-0.0128174	-0.0283813	-0.0411987
-0.0146484	-0.0231934	-0.0378418
-0.0177002	-0.0192261	-0.0369263
-0.0204468	-0.0158691	-0.0363159
-0.0228882	-0.0106812	-0.0335693
-0.0262451	-0.00457764	-0.0308228
-0.0305176	0	-0.0305176
-0.0341797	0.0012207	-0.032959
-0.03479	-0.00183105	-0.0366211
-0.032959	-0.00640869	-0.0393677
-0.0289917	-0.0125122	-0.0415039
-0.0213623	-0.0219727	-0.043335
-0.0088501	-0.0354004	-0.0442505
0.000610352	-0.0466919	-0.0460815
0.00152588	-0.0506592	-0.0491333
-0.0012207	-0.0524902	-0.0537109
-0.00457764	-0.0524902	-0.0570679
-0.00915527	-0.0469971	-0.0561523
-0.0119019	-0.0402832	-0.0521851
-0.0146484	-0.0335693	-0.0482178
-0.0177002	-0.0256348	-0.043335
-0.0213623	-0.0180054	-0.0393677
-0.0228882	-0.0115967	-0.0344849
-0.0213623	-0.00823975	-0.0296021
-0.0183105	-0.00854492	-0.0268555
-0.0128174	-0.0128174	-0.0256348
-0.00518799	-0.0195313	-0.0247192
0.00274658	-0.0274658	-0.0247192
0.00946045	-0.0354004	-0.0259399
0.0134277	-0.0415039	-0.0280762
0.0140381	-0.043335	-0.0292969
0.0115967	-0.0408936	-0.0292969
0.00793457	-0.0375366	-0.0296021
0.00549316	-0.0350952	-0.0296021
0.00366211	-0.0335693	-0.0299072
0.0012207	-0.0308228	-0.0296021
0	-0.0271606	-0.0271606
0.00152588	-0.0253296	-0.0238037
0.00549316	-0.0271606	-0.0216675
0.0100708	-0.0311279	-0.0210571
0.0131226	-0.0354004	-0.0222778
0.0161743	-0.0390625	-0.0228882
0.0216675	-0.0424194	-0.020752
0.0274658	-0.0457764	-0.0183105
0.0360107	-0.0509644	-0.0149536
0.0454712	-0.0567627	-0.0112915
0.0540161	-0.0610352	-0.00701904
0.0604248	-0.0634766	-0.00305176
0.065918	-0.0650024	0.000915527
0.0717163	-0.0668335	0.00488281
0.0765991	-0.0686646	0.00793457
0.0808716	-0.0701904	0.0106812
0.0842285	-0.0708008	0.0134277
0.0866699	-0.071106	0.015564
0.088501	-0.0714111	0.0170898
0.0900269	-0.0714111	0.0186157
0.0875854	-0.0668335	0.020752
0.0817871	-0.0588989	0.0228882
0.0796509	-0.0534058	0.0262451
0.0808716	-0.0494385	0.0314331
0.0848389	-0.0479126	0.0369263
0.093689	-0.0512695	0.0424194
0.105896	-0.0576782	0.0482178
0.116577	-0.0634766	0.0531006
0.126038	-0.0674438	0.0585938
0.135803	-0.0717163	0.0640869
0.145874	-0.0772095	0.0686646
0.155029	-0.0820923	0.072937
0.161133	-0.0836182	0.0775146
0.162354	-0.0805664	0.0817871
0.159912	-0.0747681	0.085144
0.157166	-0.0680542	0.0891113
0.153809	-0.0601196	0.093689
0.149841	-0.0509644	0.098877
0.148315	-0.0427246	0.105591
0.148621	-0.0366211	0.112
0.149536	-0.0323486	0.117188
0.150452	-0.0299072	0.120544
0.151672	-0.0289917	0.122681
0.153809	-0.0280762	0.125732
0.15564	-0.0268555	0.128784
0.153809	-0.0238037	0.130005
0.148315	-0.0195313	0.128784
0.139771	-0.0149536	0.124817
0.128479	-0.0106812	0.117798
0.116577	-0.00762939	0.108948
0.107117	-0.00640869	0.100708
0.100708	-0.00549316	0.0952148
0.0961304	-0.00335693	0.0927734
0.0918579	-0.00183105	0.0900269
0.0869751	-0.0012207	0.0857544
0.0814819	-0.000915527	0.0805664
0.0765991	-0.000915527	0.0756836
0.0753784	-0.00305176	0.0723267
0.0726318	-0.00244141	0.0701904
0.0653076	0.00244141	0.067749
0.0567627	0.00732422	0.0640869
0.0476074	0.0112915	0.0588989
0.0360107	0.0143433	0.050354
0.0234985	0.0167847	0.0402832
0.00946045	0.0195313	0.0289917
-0.00396729	0.020752	0.0167847
-0.0152588	0.0216675	0.00640869
-0.0247192	0.0228882	-0.00183105
-0.0323486	0.0231934	-0.00915527
-0.0360107	0.0195313	-0.0164795
-0.0354004	0.0125122	-0.0228882
-0.032959	0.00518799	-0.027771
-0.0302124	-0.00152588	-0.0317383
-0.0265503	-0.00823975	-0.03479
-0.0192261	-0.0177002	-0.0369263
-0.00915527	-0.0299072	-0.0390625
0	-0.0408936	-0.0408936
0.00244141	-0.0457764	-0.043335
-0.00427246	-0.043335	-0.0476074
-0.0125122	-0.0384521	-0.0509644
-0.0167847	-0.0360107	-0.0527954
-0.0231934	-0.0332642	-0.0564575
-0.032959	-0.0262451	-0.0592041
-0.0421143	-0.0170898	-0.0592041
-0.0479126	-0.00915527	-0.0570679
-0.0521851	-0.00366211	-0.0558472
-0.055542	-0.000915527	-0.0564575
-0.0570679	0.000305176	-0.0567627
-0.0546265	-0.000610352	-0.0552368
-0.050354	-0.00244141	-0.0527954
-0.0476074	-0.00366211	-0.0512695
-0.0473022	-0.00427246	-0.0515747
-0.0479126	-0.00518799	-0.0531006
-0.0485229	-0.00762939	-0.0561523
-0.0494385	-0.00915527	-0.0585938
-0.0494385	-0.00854492	-0.0579834
-0.0485229	-0.00762939	-0.0561523
-0.0479126	-0.00732422	-0.0552368
-0.0488281	-0.00793457	-0.0567627
-0.0494385	-0.010376	-0.0598145
-0.0488281	-0.0131226	-0.0619507
-0.0476074	-0.0143433	-0.0619507
-0.0485229	-0.0128174	-0.0613403
-0.0491333	-0.0106812	-0.0598145
-0.0473022	-0.0109863	-0.0582886
-0.0439453	-0.0119019	-0.0558472
-0.0405884	-0.0115967	-0.0521851
-0.0378418	-0.0100708	-0.0479126
-0.0341797	-0.0088501	-0.0430298
-0.0299072	-0.00793457	-0.0378418
-0.0259399	-0.00854492	-0.0344849
-0.0250244	-0.0088501	-0.0338745
-0.0320435	-0.00457764	-0.0366211
-0.0473022	0.00793457	-0.0393677
-0.0592041	0.0189209	-0.0402832
-0.0616455	0.0210571	-0.0405884
-0.0595093	0.017395	-0.0421143
-0.0619507	0.0167847	-0.045166
-0.065918	0.0183105	-0.0476074
-0.0653076	0.0167847	-0.0485229
-0.0576782	0.0109863	-0.0466919
-0.0457764	0.00274658	-0.0430298
-0.0317383	-0.00854492	-0.0402832
-0.0192261	-0.0201416	-0.0393677
-0.012207	-0.027771	-0.039978
-0.00976563	-0.0320435	-0.0418091
-0.00854492	-0.03479	-0.043335
-0.00976563	-0.0344849	-0.0442505
-0.0137329	-0.0317383	-0.0454712
-0.0177002	-0.0292969	-0.0469971
-0.0216675	-0.0262451	-0.0479126
-0.0231934	-0.0234985	-0.0466919
-0.0222778	-0.0222778	-0.0445557
-0.0216675	-0.0213623	-0.0430298
-0.022583	-0.0201416	-0.0427246
-0.0234985	-0.0186157	-0.0421143
-0.0222778	-0.0170898	-0.0393677
-0.0204468	-0.0170898	-0.0375366
-0.0180054	-0.0177002	-0.0357056
-0.0164795	-0.0186157	-0.0350952
-0.0180054	-0.0192261	-0.0372314
-0.0204468	-0.0198364	-0.0402832
-0.0201416	-0.020752	-0.0408936
-0.0180054	-0.0219727	-0.039978
-0.0158691	-0.0231934	-0.0390625
-0.015564	-0.0241089	-0.0396729
-0.0161743	-0.0241089	-0.0402832
-0.0119019	-0.0231934	-0.0350952
-0.00457764	-0.0228882	-0.0274658
0.00244141	-0.0234985	-0.0210571
0.00854492	-0.0238037	-0.0152588
0.0128174	-0.0234985	-0.0106812
0.0158691	-0.0231934	-0.00732422
0.0177002	-0.0231934	-0.00549316
0.0149536	-0.0210571	-0.00610352
0.00701904	-0.0158691	-0.0088501
-0.00366211	-0.0088501	-0.0125122
-0.0146484	-0.00244141	-0.0170898
-0.0250244	0.0012207	-0.0238037
-0.0341797	0.00427246	-0.0299072
-0.0390625	0.00701904	-0.0320435
-0.038147	0.00671387	-0.0314331
-0.0338745	0.00457764	-0.0292969
-0.0286865	0.00244141	-0.0262451
-0.0195313	-0.00213623	-0.0216675
-0.00732422	-0.00976563	-0.0170898
0.00427246	-0.0186157	-0.0143433
0.0115967	-0.0256348	-0.0140381
0.0125122	-0.0280762	-0.015564
0.00762939	-0.0271606	-0.0195313
0.000610352	-0.0256348	-0.0250244
-0.00640869	-0.0234985	-0.0299072
-0.0128174	-0.0216675	-0.0344849
-0.0180054	-0.0201416	-0.038147
-0.0213623	-0.0204468	-0.0418091
-0.0222778	-0.022583	-0.0448608
-0.0192261	-0.0247192	-0.0439453
-0.0146484	-0.0259399	-0.0405884
-0.010376	-0.0271606	-0.0375366
-0.00610352	-0.0296021	-0.0357056
-0.00183105	-0.0326538	-0.0344849
0.0012207	-0.0344849	-0.0332642
0.0012207	-0.0344849	-0.0332642
-0.000915527	-0.0338745	-0.03479
-0.00549316	-0.0320435	-0.0375366
-0.0119019	-0.0268555	-0.0387573
-0.0183105	-0.020752	-0.0390625
-0.022583	-0.0161743	-0.0387573
-0.0241089	-0.0140381	-0.038147
-0.0234985	-0.0140381	-0.0375366
-0.0216675	-0.0146484	-0.0363159
-0.0201416	-0.0143433	-0.0344849
-0.0204468	-0.0125122	-0.032959
-0.020752	-0.0115967	-0.0323486
-0.017395	-0.0137329	-0.0311279
-0.0109863	-0.0177002	-0.0286865
-0.00518799	-0.020752	-0.0259399
-0.00396729	-0.0204468	-0.0244141
-0.00671387	-0.0183105	-0.0250244
-0.00793457	-0.0170898	-0.0250244
-0.00457764	-0.0161743	-0.020752
0.000915527	-0.0158691	-0.0149536
0.00457764	-0.0167847	-0.012207
0.00335693	-0.0152588	-0.0119019
-0.0012207	-0.0106812	-0.0119019
-0.00732422	-0.00427246	-0.0115967
-0.0140381	0.00152588	-0.0125122
-0.0222778	0.00549316	-0.0167847
-0.0308228	0.00823975	-0.022583
-0.0375366	0.0112915	-0.0262451
-0.0436401	0.0140381	-0.0296021
-0.0473022	0.0143433	-0.032959
-0.045166	0.0128174	-0.0323486
-0.0402832	0.00946045	-0.0308228
-0.0354004	0.00518799	-0.0302124
-0.0296021	-0.0012207	-0.0308228
-0.0201416	-0.0088501	-0.0289917
-0.00823975	-0.0177002	-0.0259399
0.000305176	-0.0231934	-0.0228882
0	-0.0210571	-0.0210571
-0.00366211	-0.0177002	-0.0213623
-0.00762939	-0.0167847	-0.0244141
-0.0128174	-0.015564	-0.0283813
-0.0189209	-0.012207	-0.0311279
-0.0247192	-0.00793457	-0.0326538
-0.0292969	-0.00427246	-0.0335693
-0.032959	-0.00183105	-0.03479
-0.0341797	-0.000610352	-0.03479
-0.0335693	0	-0.0335693
-0.0314331	-0.000610352	-0.0320435
-0.027771	-0.00244141	-0.0302124
-0.0228882	-0.00518799	-0.0280762
-0.017395	-0.00823975	-0.0256348
-0.0137329	-0.00946045	-0.0231934
-0.012207	-0.00976563	-0.0219727
-0.010376	-0.0115967	-0.0219727
-0.00732422	-0.0143433	-0.0216675
-0.00671387	-0.0158691	-0.022583
-0.00762939	-0.0158691	-0.0234985
-0.0088501	-0.015564	-0.0244141
-0.0115967	-0.0137329	-0.0253296
-0.015564	-0.0106812	-0.0262451
-0.020752	-0.00549316	-0.0262451
-0.0256348	-0.0012207	-0.0268555
-0.0262451	-0.00305176	-0.0292969
-0.0219727	-0.00762939	-0.0296021
-0.0177002	-0.0088501	-0.0265503
-0.0183105	-0.00518799	-0.0234985
-0.0216675	-0.000610352	-0.0222778
-0.0222778	0.0012207	-0.0210571
-0.0183105	0.00152588	-0.0167847
-0.0140381	0.00244141	-0.0115967
-0.0125122	0.00610352	-0.00640869
-0.0125122	0.0115967	-0.000915527
-0.0109863	0.0158691	0.00488281
-0.00640869	0.017395	0.0109863
0.000915527	0.0164795	0.017395
0.00793457	0.0143433	0.0222778
0.0149536	0.00976563	0.0247192
0.0213623	0.00366211	0.0250244
0.0268555	-0.00335693	0.0234985
0.0341797	-0.0100708	0.0241089
0.039978	-0.0152588	0.0247192
0.0415039	-0.0180054	0.0234985
0.0405884	-0.0189209	0.0216675
0.038147	-0.0161743	0.0219727
0.0344849	-0.0115967	0.0228882
0.0308228	-0.00640869	0.0244141
0.0280762	-0.00213623	0.0259399
0.0268555	0	0.0268555
0.0265503	0.00183105	0.0283813
0.0283813	0.00396729	0.0323486
0.0305176	0.00518799	0.0357056
0.0317383	0.00488281	0.0366211
0.0305176	0.00457764	0.0350952
0.0280762	0.00396729	0.0320435
0.0238037	0.00335693	0.0271606
0.0195313	0.00244141	0.0219727
0.0177002	0.000610352	0.0183105
0.0177002	-0.00183105	0.0158691
0.0180054	-0.00457764	0.0134277
0.0164795	-0.00701904	0.00946045
0.012207	-0.00793457	0.00427246
0.00457764	-0.00549316	-0.000915527
-0.00152588	-0.00427246	-0.00579834
-0.00335693	-0.00762939	-0.0109863
-0.00457764	-0.0115967	-0.0161743
-0.00762939	-0.0140381	-0.0216675
-0.00854492	-0.0183105	-0.0268555
-0.00762939	-0.0238037	-0.0314331
-0.0125122	-0.0241089	-0.0366211
-0.0195313	-0.0234985	-0.0430298
-0.0222778	-0.0253296	-0.0476074
-0.0183105	-0.0302124	-0.0485229
-0.012207	-0.03479	-0.0469971
-0.00732422	-0.0378418	-0.045166
-0.00305176	-0.0396729	-0.0427246
0.000305176	-0.0402832	-0.039978
0.00213623	-0.0402832	-0.038147
0.00274658	-0.0402832	-0.0375366
0.00366211	-0.0415039	-0.0378418
0.00732422	-0.0445557	-0.0372314
0.00915527	-0.0476074	-0.0384521
0.00549316	-0.0469971	-0.0415039
0.000915527	-0.045166	-0.0442505
-0.00213623	-0.0421143	-0.0442505
-0.00457764	-0.0375366	-0.0421143
-0.00671387	-0.032959	-0.0396729
-0.00579834	-0.0296021	-0.0354004
-0.00274658	-0.0262451	-0.0289917
-0.000305176	-0.0222778	-0.022583
-0.000610352	-0.0186157	-0.0192261
-0.00244141	-0.015564	-0.0180054
-0.00335693	-0.0140381	-0.017395
-0.00274658	-0.0146484	-0.017395
-0.00274658	-0.0158691	-0.0186157
-0.00610352	-0.0170898	-0.0231934
-0.0131226	-0.0180054	-0.0311279
-0.0192261	-0.0186157	-0.0378418
-0.0213623	-0.0210571	-0.0424194
-0.020752	-0.0238037	-0.0445557
-0.0183105	-0.0265503	-0.0448608
-0.0100708	-0.0302124	-0.0402832
0.00427246	-0.03479	-0.0305176
0.0213623	-0.0372314	-0.0158691
0.0408936	-0.0354004	0.00549316
0.0631714	-0.0280762	0.0350952
0.0878906	-0.0146484	0.0732422
0.115051	0.00732422	0.122375
0.145874	0.0357056	0.18158
0.180664	0.0683594	0.249023
0.220642	0.101624	0.322266
0.257874	0.138245	0.396118
0.284424	0.181274	0.465698
0.299072	0.22583	0.524902
0.301208	0.266113	0.567322
0.28656	0.299988	0.586548
0.250854	0.325928	0.576782
0.197144	0.343323	0.540466
0.13092	0.350647	0.481567
0.0543213	0.350037	0.404358
-0.0271606	0.340881	0.313721
-0.105286	0.321045	0.215759
-0.17334	0.291748	0.118408
-0.22522	0.254822	0.0296021
-0.257874	0.212097	-0.0457764
-0.26886	0.163879	-0.10498
-0.256958	0.111389	-0.145569
-0.230103	0.0601196	-0.169983
-0.191956	0.0143433	-0.177612
-0.151367	-0.0210571	-0.172424
-0.114441	-0.0463867	-0.160828
-0.0817871	-0.0640869	-0.145874
-0.0540161	-0.0753784	-0.129395
-0.0344849	-0.0793457	-0.113831
-0.0231934	-0.0759888	-0.0991821
-0.0186157	-0.0668335	-0.0854492
-0.0189209	-0.0552368	-0.0741577
-0.0204468	-0.043335	-0.0637817
-0.0216675	-0.0323486	-0.0540161
-0.0234985	-0.0222778	-0.0457764
-0.0244141	-0.0146484	-0.0390625
-0.0222778	-0.0109863	-0.0332642
-0.0180054	-0.010376	-0.0283813
-0.012207	-0.010376	-0.022583
-0.00701904	-0.010376	-0.017395
-0.00335693	-0.0106812	-0.0140381
-0.000305176	-0.0112915	-0.0115967
0.00244141	-0.0119019	-0.00946045
0.00457764	-0.0125122	-0.00793457
0.00518799	-0.0128174	-0.00762939
0.00427246	-0.012207	-0.00793457
0.00152588	-0.00976563	-0.00823975
-0.000610352	-0.00671387	-0.00732422
-0.000305176	-0.00610352	-0.00640869
0.000610352	-0.00732422	-0.00671387
0.00152588	-0.0088501	-0.00732422
0.000915527	-0.0088501	-0.00793457
0.0012207	-0.00671387	-0.00549316
0.00457764	-0.00671387	-0.00213623
0.0106812	-0.0106812	0
0.0189209	-0.0167847	0.00213623
0.0256348	-0.0201416	0.00549316
0.0296021	-0.0204468	0.00915527
0.0332642	-0.0222778	0.0109863
0.0360107	-0.0228882	0.0131226
0.0360107	-0.0201416	0.0158691
0.0354004	-0.0170898	0.0183105
0.0344849	-0.0161743	0.0183105
0.0323486	-0.0137329	0.0186157
0.0302124	-0.0112915	0.0189209
0.0265503	-0.0100708	0.0164795
0.0204468	-0.0100708	0.010376
0.017395	-0.012207	0.00518799
0.0189209	-0.0161743	0.00274658
0.0213623	-0.0204468	0.000915527
0.0256348	-0.0244141	0.0012207
0.0344849	-0.0296021	0.00488281
0.0442505	-0.0357056	0.00854492
0.0524902	-0.0408936	0.0115967
0.0595093	-0.0454712	0.0140381
0.0640869	-0.0473022	0.0167847
0.0653076	-0.0460815	0.0192261
0.0646973	-0.0430298	0.0216675
0.0634766	-0.0393677	0.0241089
0.0622559	-0.0378418	0.0244141
0.0598145	-0.0372314	0.022583
0.0527954	-0.0341797	0.0186157
0.0439453	-0.0289917	0.0149536
0.038147	-0.0244141	0.0137329
0.0369263	-0.0238037	0.0131226
0.0378418	-0.0265503	0.0112915
0.0402832	-0.0302124	0.0100708
0.0439453	-0.0338745	0.0100708
0.0485229	-0.0366211	0.0119019
0.0543213	-0.0396729	0.0146484
0.0616455	-0.0442505	0.017395
0.071106	-0.0506592	0.0204468
0.0802612	-0.0561523	0.0241089
0.0866699	-0.0598145	0.0268555
0.0909424	-0.0598145	0.0311279
0.0952148	-0.0585938	0.0366211
0.0997925	-0.0579834	0.0418091
0.104675	-0.0585938	0.0460815
0.106812	-0.0576782	0.0491333
0.10437	-0.0521851	0.0521851
0.102234	-0.0466919	0.055542
0.104065	-0.0457764	0.0582886
0.108032	-0.0479126	0.0601196
0.110474	-0.0466919	0.0637817
0.112305	-0.0448608	0.0674438
0.116272	-0.0454712	0.0708008
0.12207	-0.0473022	0.0747681
0.128784	-0.0485229	0.0802612
0.137024	-0.0506592	0.0863647
0.145264	-0.0543213	0.0909424
0.152588	-0.0585938	0.0939941
0.158691	-0.0616455	0.0970459
0.165405	-0.0646973	0.100708
0.172729	-0.0692749	0.103455
0.178833	-0.0738525	0.10498
0.1828	-0.0778198	0.10498
0.185547	-0.0808716	0.104675
0.188293	-0.0836182	0.104675
0.191345	-0.0854492	0.105896
0.193481	-0.0857544	0.107727
0.194702	-0.085144	0.109558
0.198059	-0.0830078	0.115051
0.203552	-0.0799561	0.123596
0.20874	-0.0759888	0.132751
0.213013	-0.0720215	0.140991
0.217896	-0.0686646	0.149231
0.223999	-0.065918	0.158081
0.228577	-0.0619507	0.166626
0.227356	-0.055542	0.171814
0.222778	-0.0488281	0.17395
0.218506	-0.0430298	0.175476
0.213623	-0.0375366	0.176086
0.206604	-0.0317383	0.174866
0.197144	-0.0253296	0.171814
0.185852	-0.0183105	0.167542
0.172729	-0.0100708	0.162659
0.156555	-0.0012207	0.155334
0.144043	0.00488281	0.148926
0.137024	0.00701904	0.144043
0.132141	0.00793457	0.140076
0.126038	0.0106812	0.136719
0.115662	0.0170898	0.132751
0.101624	0.0253296	0.126953
0.0915527	0.0299072	0.12146
0.0866699	0.0302124	0.116882
0.083313	0.0299072	0.11322
0.0796509	0.0296021	0.109253
0.0756836	0.0286865	0.10437
0.0720215	0.0259399	0.0979614
0.0689697	0.0210571	0.0900269
0.065918	0.0140381	0.0799561
0.0619507	0.00549316	0.0674438
0.0588989	-0.00366211	0.0552368
0.0546265	-0.0119019	0.0427246
0.0457764	-0.0158691	0.0299072
0.0326538	-0.0152588	0.017395
0.0189209	-0.0125122	0.00640869
0.00823975	-0.00793457	0.000305176
-0.000305176	-0.00213623	-0.00244141
-0.00946045	0.00488281	-0.00457764
-0.0158691	0.0112915	-0.00457764
-0.0167847	0.0164795	-0.000305176
-0.0152588	0.0195313	0.00427246
-0.0125122	0.0198364	0.00732422
-0.00823975	0.0170898	0.0088501
-0.00366211	0.0146484	0.0109863
-0.0012207	0.0128174	0.0115967
-0.0012207	0.00976563	0.00854492
-0.00488281	0.00640869	0.00152588
-0.00976563	0.00244141	-0.00732422
-0.0128174	-0.00152588	-0.0143433
-0.015564	-0.00335693	-0.0189209
-0.0195313	-0.00274658	-0.0222778
-0.0222778	-0.00183105	-0.0241089
-0.0238037	-0.0012207	-0.0250244
-0.0247192	-0.000610352	-0.0253296
-0.0241089	-0.000610352	-0.0247192
-0.0210571	-0.00152588	-0.022583
-0.017395	-0.00305176	-0.0204468
-0.0134277	-0.00518799	-0.0186157
-0.0106812	-0.0088501	-0.0195313
-0.0140381	-0.00823975	-0.0222778
-0.0198364	-0.00396729	-0.0238037
-0.022583	-0.00213623	-0.0247192
-0.0247192	-0.00152588	-0.0262451
-0.027771	-0.000305176	-0.0280762
-0.0305176	0.0012207	-0.0292969
-0.0341797	0.00427246	-0.0299072
-0.0387573	0.00793457	-0.0308228
-0.0424194	0.010376	-0.0320435
-0.0418091	0.010376	-0.0314331
-0.0387573	0.0088501	-0.0299072
-0.0341797	0.00640869	-0.027771
-0.0302124	0.00274658	-0.0274658
-0.0268555	-0.00213623	-0.0289917
-0.0228882	-0.00732422	-0.0302124
-0.0177002	-0.0119019	-0.0296021
-0.0128174	-0.0143433	-0.0271606
-0.0119019	-0.0140381	-0.0259399
-0.0137329	-0.012207	-0.0259399
-0.0180054	-0.00915527	-0.0271606
-0.0250244	-0.00640869	-0.0314331
-0.0299072	-0.00427246	-0.0341797
-0.0323486	-0.00274658	-0.0350952
-0.0350952	0.000305176	-0.03479
-0.0390625	0.00457764	-0.0344849
-0.0421143	0.00701904	-0.0350952
-0.0415039	0.00610352	-0.0354004
-0.0360107	0.00213623	-0.0338745
-0.0289917	-0.00213623	-0.0311279
-0.0216675	-0.00640869	-0.0280762
-0.0146484	-0.0100708	-0.0247192
-0.0088501	-0.0131226	-0.0219727
-0.00732422	-0.0134277	-0.020752
-0.00701904	-0.0137329	-0.020752
-0.00701904	-0.0158691	-0.0228882
-0.00701904	-0.0180054	-0.0250244
-0.00518799	-0.0189209	-0.0241089
-0.00427246	-0.0186157	-0.0228882
-0.00762939	-0.0167847	-0.0244141
-0.0119019	-0.0149536	-0.0268555
-0.0137329	-0.0137329	-0.0274658
-0.0128174	-0.0131226	-0.0259399
-0.0106812	-0.0131226	-0.0238037
-0.00823975	-0.0131226	-0.0213623
-0.00701904	-0.0125122	-0.0195313
-0.00671387	-0.0106812	-0.017395
-0.00732422	-0.00915527	-0.0164795
-0.0109863	-0.00640869	-0.017395
-0.0140381	-0.00366211	-0.0177002
-0.0170898	-0.000610352	-0.0177002
-0.0222778	0.00335693	-0.0189209
-0.0283813	0.00701904	-0.0213623
-0.0366211	0.012207	-0.0244141
-0.0445557	0.017395	-0.0271606
-0.0466919	0.0177002	-0.0289917
-0.0415039	0.0131226	-0.0283813
-0.032959	0.00762939	-0.0253296
-0.0247192	0.00244141	-0.0222778
-0.015564	-0.00457764	-0.0201416
-0.00366211	-0.0140381	-0.0177002
0.00854492	-0.0250244	-0.0164795
0.0189209	-0.0344849	-0.015564
0.0262451	-0.0418091	-0.015564
0.0305176	-0.0460815	-0.015564
0.0305176	-0.0476074	-0.0170898
0.0262451	-0.0457764	-0.0195313
0.0198364	-0.0430298	-0.0231934
0.0119019	-0.0384521	-0.0265503
0.000610352	-0.0305176	-0.0299072
-0.0128174	-0.0204468	-0.0332642
-0.0268555	-0.010376	-0.0372314
-0.0369263	-0.00366211	-0.0405884
-0.0421143	0.000305176	-0.0418091
-0.045166	0.00274658	-0.0424194
-0.0482178	0.00518799	-0.0430298
-0.0500488	0.00671387	-0.043335
-0.0515747	0.00701904	-0.0445557
-0.0506592	0.00549316	-0.045166
-0.0445557	-0.000305176	-0.0448608
-0.0344849	-0.0088501	-0.043335
-0.0259399	-0.0158691	-0.0418091
-0.0198364	-0.0198364	-0.0396729
-0.0164795	-0.020752	-0.0372314
-0.0158691	-0.0198364	-0.0357056
-0.0158691	-0.0195313	-0.0354004
-0.0177002	-0.0195313	-0.0372314
-0.0213623	-0.0177002	-0.0390625
-0.0265503	-0.0137329	-0.0402832
-0.0320435	-0.00823975	-0.0402832
-0.0408936	-0.000610352	-0.0415039
-0.0527954	0.00671387	-0.0460815
-0.0637817	0.0112915	-0.0524902
-0.0686646	0.0128174	-0.0558472
-0.0695801	0.0134277	-0.0561523
-0.0698853	0.0152588	-0.0546265
-0.0668335	0.0152588	-0.0515747
-0.0601196	0.0125122	-0.0476074
-0.0509644	0.0088501	-0.0421143
-0.0430298	0.00610352	-0.0369263
-0.039978	0.00579834	-0.0341797
-0.0393677	0.00671387	-0.0326538
-0.0357056	0.00671387	-0.0289917
-0.0283813	0.00579834	-0.022583
-0.0219727	0.00366211	-0.0183105
-0.0210571	0.000915527	-0.0201416
-0.0241089	-0.000610352	-0.0247192
-0.0274658	-0.00183105	-0.0292969
-0.0274658	-0.00396729	-0.0314331
-0.0250244	-0.00793457	-0.032959
-0.0216675	-0.0125122	-0.0341797
-0.0195313	-0.017395	-0.0369263
-0.0170898	-0.0210571	-0.038147
-0.0146484	-0.0241089	-0.0387573
-0.0109863	-0.027771	-0.0387573
-0.00762939	-0.0314331	-0.0390625
-0.00793457	-0.0308228	-0.0387573
-0.012207	-0.0250244	-0.0372314
-0.0195313	-0.0161743	-0.0357056
-0.0247192	-0.0100708	-0.03479
-0.0274658	-0.00701904	-0.0344849
-0.0274658	-0.00488281	-0.0323486
-0.027771	-0.000915527	-0.0286865
-0.0292969	0.00305176	-0.0262451
-0.0302124	0.00549316	-0.0247192
-0.0292969	0.00640869	-0.0228882
-0.027771	0.00640869	-0.0213623
-0.0262451	0.00610352	-0.0201416
-0.0256348	0.00579834	-0.0198364
-0.0262451	0.00732422	-0.0189209
-0.0268555	0.010376	-0.0164795
-0.0268555	0.0119019	-0.0149536
-0.0253296	0.0109863	-0.0143433
-0.0234985	0.010376	-0.0131226
-0.0256348	0.0125122	-0.0131226
-0.0302124	0.015564	-0.0146484
-0.0344849	0.0195313	-0.0149536
-0.0366211	0.0234985	-0.0131226
-0.0360107	0.0256348	-0.010376
-0.0305176	0.0244141	-0.00610352
-0.0228882	0.0210571	-0.00183105
-0.0180054	0.0192261	0.0012207
-0.0186157	0.020752	0.00213623
-0.0195313	0.0222778	0.00274658
-0.0158691	0.0192261	0.00335693
-0.00732422	0.0134277	0.00610352
0.00213623	0.00701904	0.00915527
0.0088501	0.00518799	0.0140381
0.010376	0.00823975	0.0186157
0.00854492	0.0125122	0.0210571
0.00610352	0.015564	0.0216675
0.00549316	0.0167847	0.0222778
0.00610352	0.0186157	0.0247192
0.00854492	0.0204468	0.0289917
0.0100708	0.022583	0.0326538
0.0119019	0.0244141	0.0363159
0.0140381	0.0231934	0.0372314
0.0149536	0.0192261	0.0341797
0.0164795	0.0128174	0.0292969
0.0192261	0.00579834	0.0250244
0.022583	-0.000610352	0.0219727
0.0250244	-0.00579834	0.0192261
0.0268555	-0.0100708	0.0167847
0.0265503	-0.0134277	0.0131226
0.0234985	-0.0158691	0.00762939
0.0201416	-0.0180054	0.00213623
0.0149536	-0.0183105	-0.00335693
0.00579834	-0.0152588	-0.00946045
-0.00549316	-0.0131226	-0.0186157
-0.015564	-0.0128174	-0.0283813
-0.0228882	-0.0128174	-0.0357056
-0.0299072	-0.012207	-0.0421143
-0.0363159	-0.0106812	-0.0469971
-0.0396729	-0.00823975	-0.0479126
-0.0427246	-0.00518799	-0.0479126
-0.0439453	-0.00396729	-0.0479126
-0.039978	-0.00579834	-0.0457764
-0.032959	-0.00946045	-0.0424194
-0.0268555	-0.0112915	-0.038147
-0.0219727	-0.0128174	-0.03479
-0.0149536	-0.0164795	-0.0314331
-0.00671387	-0.0228882	-0.0296021
-0.00274658	-0.0268555	-0.0296021
-0.00549316	-0.0259399	-0.0314331
-0.0149536	-0.0189209	-0.0338745
-0.0241089	-0.0128174	-0.0369263
-0.0256348	-0.0119019	-0.0375366
-0.0228882	-0.0143433	-0.0372314
-0.0234985	-0.012207	-0.0357056
-0.0283813	-0.00457764	-0.032959
-0.0320435	0.00305176	-0.0289917
-0.0323486	0.00671387	-0.0256348
-0.0302124	0.00579834	-0.0244141
-0.027771	0.00305176	-0.0247192
-0.0231934	-0.000915527	-0.0241089
-0.0180054	-0.00579834	-0.0238037
-0.0152588	-0.0112915	-0.0265503
-0.0146484	-0.0158691	-0.0305176
-0.0140381	-0.0201416	-0.0341797
-0.0137329	-0.0244141	-0.038147
-0.015564	-0.0280762	-0.0436401
-0.0180054	-0.0314331	-0.0494385
-0.0216675	-0.0332642	-0.0549316
-0.0244141	-0.0311279	-0.055542
-0.0228882	-0.0271606	-0.0500488
-0.0146484	-0.0241089	-0.0387573
-0.000305176	-0.0213623	-0.0216675
0.0189209	-0.017395	0.00152588
0.0448608	-0.0088501	0.0360107
0.0775146	0.00549316	0.0830078
0.116882	0.0262451	0.143127
0.162048	0.0524902	0.214539
0.210266	0.0827026	0.292969
0.255432	0.118408	0.37384
0.290527	0.159302	0.449829
0.312195	0.205688	0.517883
0.316772	0.253601	0.570374
0.302734	0.298462	0.601196
0.267639	0.336914	0.604553
0.213013	0.367432	0.580444
0.143433	0.386047	0.52948
0.0637817	0.391541	0.455322
-0.020752	0.383301	0.362549
-0.103149	0.36377	0.26062
-0.175171	0.333862	0.158691
-0.231018	0.293579	0.062561
-0.267639	0.245972	-0.0216675
-0.285645	0.195923	-0.0897217
-0.28717	0.149231	-0.137939
-0.273132	0.105591	-0.167542
-0.246887	0.0665283	-0.180359
-0.214844	0.0332642	-0.18158
-0.178833	0.00549316	-0.17334
-0.143127	-0.0143433	-0.157471
-0.113525	-0.0256348	-0.13916
-0.0933838	-0.0292969	-0.122681
-0.0802612	-0.0289917	-0.109253
-0.0701904	-0.0286865	-0.098877
-0.0604248	-0.0289917	-0.0894165
-0.0500488	-0.0286865	-0.0787354
-0.0408936	-0.0283813	-0.0692749
-0.0344849	-0.0286865	-0.0631714
-0.0308228	-0.0296021	-0.0604248
-0.027771	-0.0296021	-0.057373
-0.0234985	-0.0305176	-0.0540161
-0.0192261	-0.0323486	-0.0515747
-0.015564	-0.0332642	-0.0488281
-0.0137329	-0.0317383	-0.0454712
-0.0146484	-0.027771	-0.0424194
-0.0170898	-0.0238037	-0.0408936
-0.0158691	-0.0219727	-0.0378418
-0.0100708	-0.0231934	-0.0332642
-0.00549316	-0.0241089	-0.0296021
-0.00640869	-0.0210571	-0.0274658
-0.0106812	-0.0161743	-0.0268555
-0.0125122	-0.0134277	-0.0259399
-0.0125122	-0.012207	-0.0247192
-0.0128174	-0.0112915	-0.0241089
-0.0140381	-0.010376	-0.0244141
-0.0170898	-0.00854492	-0.0256348
-0.022583	-0.00518799	-0.027771
-0.0280762	-0.00183105	-0.0299072
-0.0341797	0.000610352	-0.0335693
-0.0366211	0.00183105	-0.03479
-0.0332642	0.00244141	-0.0308228
-0.0280762	0.0012207	-0.0268555
-0.022583	-0.000915527	-0.0234985
-0.0189209	-0.00244141	-0.0213623
-0.0180054	-0.00213623	-0.0201416
-0.0149536	-0.00244141	-0.017395
-0.00823975	-0.00610352	-0.0143433
-0.00457764	-0.00823975	-0.0128174
-0.00823975	-0.00518799	-0.0134277
-0.0137329	-0.00152588	-0.0152588
-0.0161743	-0.00152588	-0.0177002
-0.017395	-0.00335693	-0.020752
-0.0186157	-0.00610352	-0.0247192
-0.0192261	-0.00915527	-0.0283813
-0.0222778	-0.00946045	-0.0317383
-0.0280762	-0.00671387	-0.03479
-0.0320435	-0.00396729	-0.0360107
-0.0296021	-0.00488281	-0.0344849
-0.0241089	-0.00976563	-0.0338745
-0.0189209	-0.0134277	-0.0323486
-0.0161743	-0.0137329	-0.0299072
-0.0137329	-0.0140381	-0.027771
-0.0106812	-0.0161743	-0.0268555
-0.00823975	-0.0180054	-0.0262451
-0.00579834	-0.0186157	-0.0244141
-0.0012207	-0.0204468	-0.0216675
0.00396729	-0.0228882	-0.0189209
0.00732422	-0.0241089	-0.0167847
0.00946045	-0.0250244	-0.015564
0.0119019	-0.0262451	-0.0143433
0.0137329	-0.027771	-0.0140381
0.0161743	-0.0296021	-0.0134277
0.0183105	-0.0311279	-0.0128174
0.0186157	-0.0314331	-0.0128174
0.0170898	-0.0305176	-0.0134277
0.0167847	-0.0302124	-0.0134277
0.0186157	-0.0302124	-0.0115967
0.020752	-0.0302124	-0.00946045
0.0234985	-0.0308228	-0.00732422
0.0268555	-0.0317383	-0.00488281
0.0283813	-0.0311279	-0.00274658
0.0296021	-0.0305176	-0.000915527
0.0317383	-0.0317383	0
0.0326538	-0.0323486	0.000305176
0.0338745	-0.0320435	0.00183105
0.0363159	-0.0320435	0.00427246
0.0393677	-0.0317383	0.00762939
0.0424194	-0.0314331	0.0109863
0.0457764	-0.0311279	0.0146484
0.0515747	-0.032959	0.0186157
0.0613403	-0.0384521	0.0228882
0.0738525	-0.0457764	0.0280762
0.0854492	-0.0509644	0.0344849
0.0930786	-0.0521851	0.0408936
0.0961304	-0.0491333	0.0469971
0.0991821	-0.0473022	0.0518799
0.10437	-0.0482178	0.0561523
0.108948	-0.0500488	0.0588989
0.110474	-0.0494385	0.0610352
0.111084	-0.0473022	0.0637817
0.113525	-0.0448608	0.0686646
0.115967	-0.0408936	0.0750732
0.120239	-0.0369263	0.083313
0.127258	-0.0366211	0.0906372
0.135498	-0.039978	0.09552
0.141296	-0.0421143	0.0991821
0.144653	-0.0415039	0.103149
0.145569	-0.0378418	0.107727
0.142822	-0.0320435	0.110779
0.138245	-0.0268555	0.111389
0.132141	-0.0210571	0.111084
0.126343	-0.0149536	0.111389
0.123901	-0.0106812	0.11322
0.122681	-0.00701904	0.115662
0.118713	-0.00152588	0.117188
0.114136	0.00396729	0.118103
0.11261	0.00610352	0.118713
0.114136	0.00518799	0.119324
0.115356	0.00396729	0.119324
0.113831	0.00457764	0.118408
0.110168	0.00610352	0.116272
0.10498	0.00640869	0.111389
0.0991821	0.00549316	0.104675
0.0927734	0.00488281	0.0976563
0.0854492	0.00488281	0.090332
0.0787354	0.00518799	0.0839233
0.071106	0.00579834	0.0769043
0.0613403	0.00823975	0.0695801
0.0515747	0.0109863	0.062561
0.0408936	0.0137329	0.0546265
0.0299072	0.0161743	0.0460815
0.0195313	0.0189209	0.0384521
0.00762939	0.0216675	0.0292969
-0.00274658	0.0241089	0.0213623
-0.012207	0.0265503	0.0143433
-0.022583	0.0299072	0.00732422
-0.0308228	0.0314331	0.000610352
-0.0350952	0.0314331	-0.00366211
-0.0369263	0.0292969	-0.00762939
-0.0375366	0.0265503	-0.0109863
-0.0384521	0.0244141	-0.0140381
-0.0393677	0.0228882	-0.0164795
-0.0396729	0.0213623	-0.0183105
-0.0402832	0.0198364	-0.0204468
-0.0436401	0.0192261	-0.0244141
-0.0488281	0.0204468	-0.0283813
-0.0549316	0.0216675	-0.0332642
-0.0628662	0.0250244	-0.0378418
-0.0732422	0.0296021	-0.0436401
-0.0817871	0.032959	-0.0488281
-0.0881958	0.0372314	-0.0509644
-0.0949097	0.0418091	-0.0531006
-0.0997925	0.0442505	-0.055542
-0.098877	0.0442505	-0.0546265
-0.0958252	0.0439453	-0.0518799
-0.093689	0.043335	-0.050354
-0.0869751	0.0390625	-0.0479126
-0.0796509	0.0335693	-0.0460815
-0.0723267	0.0280762	-0.0442505
-0.0637817	0.020752	-0.0430298
-0.055542	0.0134277	-0.0421143
-0.0506592	0.00793457	-0.0427246
-0.0497437	0.00488281	-0.0448608
-0.0512695	0.00305176	-0.0482178
-0.0543213	0.00274658	-0.0515747
-0.0604248	0.00488281	-0.055542
-0.0695801	0.00976563	-0.0598145
-0.0790405	0.0152588	-0.0637817
-0.0872803	0.0216675	-0.0656128
-0.0933838	0.0280762	-0.0653076
-0.0958252	0.0335693	-0.0622559
-0.0949097	0.0375366	-0.057373
-0.0921631	0.0393677	-0.0527954
-0.0866699	0.0387573	-0.0479126
-0.0787354	0.0354004	-0.043335
-0.0689697	0.0305176	-0.0384521
-0.0592041	0.0253296	-0.0338745
-0.0521851	0.0210571	-0.0311279
-0.0491333	0.0186157	-0.0305176
-0.0485229	0.017395	-0.0311279
-0.0500488	0.017395	-0.0326538
-0.0537109	0.0183105	-0.0354004
-0.0588989	0.0192261	-0.0396729
-0.0643921	0.0201416	-0.0442505
-0.067749	0.0210571	-0.0466919
-0.0698853	0.0213623	-0.0485229
-0.0723267	0.0213623	-0.0509644
-0.0714111	0.0210571	-0.050354
-0.065918	0.0198364	-0.0460815
-0.0610352	0.0195313	-0.0415039
-0.0588989	0.0219727	-0.0369263
-0.057373	0.0244141	-0.032959
-0.0549316	0.0259399	-0.0289917
-0.0531006	0.0271606	-0.0259399
-0.0537109	0.0296021	-0.0241089
-0.0576782	0.0326538	-0.0250244
-0.0601196	0.0341797	-0.0259399
-0.0585938	0.0320435	-0.0265503
-0.0570679	0.0286865	-0.0283813
-0.0595093	0.0268555	-0.0326538
-0.0616455	0.0234985	-0.038147
-0.0582886	0.0180054	-0.0402832
-0.0518799	0.0115967	-0.0402832
-0.0463867	0.00549316	-0.0408936
-0.0402832	0.000610352	-0.0396729
-0.0350952	-0.00152588	-0.0366211
-0.0305176	-0.00152588	-0.0320435
-0.0262451	-0.000610352	-0.0268555
-0.0228882	0	-0.0228882
-0.0189209	-0.00244141	-0.0213623
-0.0149536	-0.00640869	-0.0213623
-0.0115967	-0.00946045	-0.0210571
-0.0112915	-0.00946045	-0.020752
-0.0152588	-0.00701904	-0.0222778
-0.0222778	-0.00335693	-0.0256348
-0.0292969	-0.0012207	-0.0305176
-0.0326538	-0.00152588	-0.0341797
-0.0357056	-0.00183105	-0.0375366
-0.0393677	-0.000305176	-0.0396729
-0.043335	0.00335693	-0.039978
-0.0460815	0.00610352	-0.039978
-0.0479126	0.0088501	-0.0390625
-0.0488281	0.0109863	-0.0378418
-0.0457764	0.0100708	-0.0357056
-0.039978	0.00671387	-0.0332642
-0.0341797	0.00366211	-0.0305176
-0.0280762	0.0012207	-0.0268555
-0.0228882	-0.00152588	-0.0244141
-0.0201416	-0.00366211	-0.0238037
-0.0216675	-0.00274658	-0.0244141
-0.0262451	0.000915527	-0.0253296
-0.0323486	0.00640869	-0.0259399
-0.0387573	0.0115967	-0.0271606
-0.0436401	0.0158691	-0.027771
-0.0476074	0.0183105	-0.0292969
-0.0527954	0.0186157	-0.0341797
-0.0579834	0.0177002	-0.0402832
-0.0595093	0.0161743	-0.043335
-0.055542	0.0146484	-0.0408936
-0.0497437	0.0131226	-0.0366211
-0.0457764	0.0100708	-0.0357056
-0.0421143	0.00701904	-0.0350952
-0.0366211	0.00366211	-0.032959
-0.0280762	0	-0.0280762
-0.0213623	-0.00183105	-0.0231934
-0.0186157	-0.000915527	-0.0195313
-0.0170898	0.000915527	-0.0161743
-0.0164795	0.00335693	-0.0131226
-0.0177002	0.00579834	-0.0119019
-0.0195313	0.00732422	-0.012207
-0.020752	0.00732422	-0.0134277
-0.0216675	0.00701904	-0.0146484
-0.0238037	0.00915527	-0.0146484
-0.0274658	0.012207	-0.0152588
-0.0320435	0.0161743	-0.0158691
-0.038147	0.020752	-0.017395
-0.0418091	0.0228882	-0.0189209
-0.0424194	0.0222778	-0.0201416
-0.0418091	0.020752	-0.0210571
-0.0411987	0.0192261	-0.0219727
-0.0411987	0.0170898	-0.0241089
-0.0424194	0.0158691	-0.0265503
-0.0418091	0.0143433	-0.0274658
-0.0378418	0.0119019	-0.0259399
-0.0335693	0.0100708	-0.0234985
-0.0280762	0.00793457	-0.0201416
-0.0222778	0.00671387	-0.015564
-0.0167847	0.00701904	-0.00976563
-0.0119019	0.00823975	-0.00366211
-0.00915527	0.0106812	0.00152588
-0.00610352	0.0119019	0.00579834
-0.00305176	0.012207	0.00915527
-0.00183105	0.0143433	0.0125122
-0.00274658	0.0167847	0.0140381
-0.00610352	0.0198364	0.0137329
-0.010376	0.0222778	0.0119019
-0.0146484	0.0234985	0.0088501
-0.0177002	0.0244141	0.00671387
-0.0183105	0.0253296	0.00701904
-0.0177002	0.0259399	0.00823975
-0.017395	0.0265503	0.00915527
-0.0158691	0.0253296	0.00946045
-0.012207	0.0222778	0.0100708
-0.00518799	0.0170898	0.0119019
0.00488281	0.0100708	0.0149536
0.0112915	0.00732422	0.0186157
0.0088501	0.0128174	0.0216675
0.00274658	0.0195313	0.0222778
-0.0012207	0.0231934	0.0219727
-0.000915527	0.0250244	0.0241089
0.00152588	0.0274658	0.0289917
0.00274658	0.0311279	0.0338745
0.00274658	0.0354004	0.038147
0.00213623	0.0390625	0.0411987
0.00305176	0.0408936	0.0439453
0.00640869	0.039978	0.0463867
0.0109863	0.0378418	0.0488281
0.0143433	0.0344849	0.0488281
0.0167847	0.0311279	0.0479126
0.0189209	0.027771	0.0466919
0.0192261	0.0265503	0.0457764
0.0186157	0.0283813	0.0469971
0.0183105	0.0314331	0.0497437
0.0170898	0.0350952	0.0521851
0.0164795	0.0375366	0.0540161
0.0177002	0.0378418	0.055542
0.0201416	0.0366211	0.0567627
0.0231934	0.0354004	0.0585938
0.0253296	0.03479	0.0601196
0.0271606	0.0344849	0.0616455
0.0280762	0.0344849	0.062561
0.0286865	0.0338745	0.062561
0.0292969	0.0335693	0.0628662
0.0299072	0.0332642	0.0631714
0.0317383	0.0326538	0.0643921
0.0360107	0.0302124	0.0662231
0.039978	0.0280762	0.0680542
0.0418091	0.0262451	0.0680542
0.045166	0.0219727	0.0671387
0.0537109	0.0158691	0.0695801
0.0595093	0.0109863	0.0704956
0.0579834	0.00976563	0.067749
0.0546265	0.00854492	0.0631714
0.0509644	0.00701904	0.0579834
0.0466919	0.00671387	0.0534058
0.0415039	0.00732422	0.0488281
0.0354004	0.00823975	0.0436401
0.0271606	0.010376	0.0375366
0.020752	0.0125122	0.0332642
0.0149536	0.0125122	0.0274658
0.00762939	0.010376	0.0180054
0.0012207	0.00762939	0.0088501
-0.000915527	0.00274658	0.00183105
-0.000610352	-0.00457764	-0.00518799
0	-0.0106812	-0.0106812
-0.000915527	-0.0143433	-0.0152588
-0.00274658	-0.017395	-0.0201416
-0.00427246	-0.0201416	-0.0244141
-0.00274658	-0.0222778	-0.0250244
0.00152588	-0.0238037	-0.0222778
0.00518799	-0.0244141	-0.0192261
0.00640869	-0.0244141	-0.0180054
0.00732422	-0.0238037	-0.0164795
0.0100708	-0.0234985	-0.0134277
0.0134277	-0.0238037	-0.010376
0.0137329	-0.0234985	-0.00976563
0.012207	-0.022583	-0.010376
0.0115967	-0.0216675	-0.0100708
0.0125122	-0.0213623	-0.0088501
0.0131226	-0.020752	-0.00762939
0.0125122	-0.0192261	-0.00671387
0.0100708	-0.0164795	-0.00640869
0.00732422	-0.0131226	-0.00579834
0.00549316	-0.010376	-0.00488281
0.00427246	-0.00762939	-0.00335693
0.00213623	-0.00427246	-0.00213623
-0.00244141	0.000610352	-0.00183105
-0.00793457	0.00457764	-0.00335693
-0.012207	0.00549316	-0.00671387
-0.0177002	0.00610352	-0.0115967
-0.0271606	0.0106812	-0.0164795
-0.0402832	0.0183105	-0.0219727
-0.0524902	0.0241089	-0.0283813
-0.0622559	0.0262451	-0.0360107
-0.0662231	0.0234985	-0.0427246
-0.0631714	0.0186157	-0.0445557
-0.057373	0.0167847	-0.0405884
-0.0463867	0.0143433	-0.0320435
-0.0262451	0.00915527	-0.0170898
0.00213623	0.00457764	0.00671387
0.0384521	0.00335693	0.0418091
0.0817871	0.00732422	0.0891113
0.130615	0.0183105	0.148926
0.1828	0.0372314	0.220032
0.231934	0.0665283	0.298462
0.274658	0.104675	0.379333
0.308838	0.149536	0.458374
0.331726	0.19928	0.531006
0.339355	0.25116	0.590515
0.329895	0.299988	0.629883
0.302429	0.343933	0.646362
0.254822	0.380554	0.635376
0.191345	0.405884	0.597229
0.119934	0.416565	0.536499
0.045166	0.411072	0.456238
-0.027771	0.390015	0.362244
-0.0946045	0.354919	0.260315
-0.150757	0.308533	0.157776
-0.191345	0.254517	0.0631714
-0.214844	0.196533	-0.0183105
-0.222473	0.137024	-0.0854492
-0.213623	0.0796509	-0.133972
-0.19043	0.027771	-0.162659
-0.160217	-0.0152588	-0.175476
-0.129395	-0.0463867	-0.175781
-0.100708	-0.0656128	-0.166321
-0.0750732	-0.0744629	-0.149536
-0.0531006	-0.0750732	-0.128174
-0.0378418	-0.0683594	-0.106201
-0.0296021	-0.0564575	-0.0860596
-0.0262451	-0.0430298	-0.0692749
-0.0247192	-0.0305176	-0.0552368
-0.0244141	-0.0204468	-0.0448608
-0.0274658	-0.0109863	-0.0384521
-0.0308228	-0.00305176	-0.0338745
-0.0314331	0.00366211	-0.027771
-0.0289917	0.00762939	-0.0213623
-0.0256348	0.00915527	-0.0164795
-0.0216675	0.00915527	-0.0125122
-0.0180054	0.00915527	-0.0088501
-0.0112915	0.00579834	-0.00549316
-0.00518799	0.00274658	-0.00244141
-0.00549316	0.00488281	-0.000610352
-0.00549316	0.00671387	0.0012207
-0.00152588	0.00274658	0.0012207
0.00244141	-0.00305176	-0.000610352
0.00518799	-0.00854492	-0.00335693
0.00549316	-0.012207	-0.00671387
0.00518799	-0.0146484	-0.00946045
0.00793457	-0.0177002	-0.00976563
0.0125122	-0.020752	-0.00823975
0.0170898	-0.0241089	-0.00701904
0.0195313	-0.0265503	-0.00701904
0.0204468	-0.0268555	-0.00640869
0.0231934	-0.0259399	-0.00274658
0.0265503	-0.0250244	0.00152588
0.0283813	-0.0234985	0.00488281
0.0271606	-0.0216675	0.00549316
0.0253296	-0.0201416	0.00518799
0.0265503	-0.0189209	0.00762939
0.0302124	-0.017395	0.0128174
0.0323486	-0.0149536	0.017395
0.0323486	-0.0131226	0.0192261
0.0326538	-0.012207	0.0204468
0.0338745	-0.0119019	0.0219727
0.0354004	-0.0112915	0.0241089
0.0366211	-0.0106812	0.0259399
0.0360107	-0.00976563	0.0262451
0.0320435	-0.00762939	0.0244141
0.0286865	-0.00457764	0.0241089
0.0253296	-0.000915527	0.0244141
0.0216675	0.00274658	0.0244141
0.0186157	0.00549316	0.0241089
0.0198364	0.00427246	0.0241089
0.0247192	0.000610352	0.0253296
0.0302124	-0.00274658	0.0274658
0.0357056	-0.00488281	0.0308228
0.0405884	-0.00732422	0.0332642
0.0442505	-0.0088501	0.0354004
0.0476074	-0.00946045	0.038147
0.0515747	-0.0109863	0.0405884
0.0558472	-0.0143433	0.0415039
0.0585938	-0.0164795	0.0421143
0.0601196	-0.0186157	0.0415039
0.0604248	-0.0189209	0.0415039
0.0592041	-0.017395	0.0418091
0.0567627	-0.0149536	0.0418091
0.0549316	-0.0128174	0.0421143
0.0570679	-0.0131226	0.0439453
0.0631714	-0.0164795	0.0466919
0.0726318	-0.0231934	0.0494385
0.0823975	-0.0299072	0.0524902
0.0872803	-0.0326538	0.0546265
0.0912476	-0.0344849	0.0567627
0.0979614	-0.0375366	0.0604248
0.105896	-0.0418091	0.0640869
0.112915	-0.0460815	0.0668335
0.117493	-0.0491333	0.0683594
0.121765	-0.0509644	0.0708008
0.126343	-0.0537109	0.0726318
0.131226	-0.0564575	0.0747681
0.134888	-0.0588989	0.0759888
0.137329	-0.0592041	0.078125
0.13855	-0.0576782	0.0808716
0.140381	-0.0561523	0.0842285
0.142212	-0.0537109	0.088501
0.143433	-0.0509644	0.0924683
0.144958	-0.0494385	0.09552
0.146484	-0.0485229	0.0979614
0.148315	-0.0476074	0.100708
0.151367	-0.0457764	0.105591
0.15625	-0.0439453	0.112305
0.161438	-0.0442505	0.117188
0.167236	-0.0469971	0.120239
0.174255	-0.0506592	0.123596
0.18158	-0.0534058	0.128174
0.187988	-0.0552368	0.132751
0.193481	-0.0567627	0.136719
0.198669	-0.0579834	0.140686
0.201721	-0.0576782	0.144043
0.203247	-0.0552368	0.14801
0.203247	-0.0500488	0.153198
0.205078	-0.0463867	0.158691
0.208435	-0.0448608	0.163574
0.207214	-0.039978	0.167236
0.202026	-0.0311279	0.170898
0.200195	-0.0259399	0.174255
0.203857	-0.0241089	0.179749
0.207825	-0.0222778	0.185547
0.20813	-0.020752	0.187378
0.203247	-0.0186157	0.184631
0.196533	-0.0170898	0.179443
0.191956	-0.0164795	0.175476
0.190735	-0.0158691	0.174866
0.188599	-0.015564	0.173035
0.182495	-0.0146484	0.167847
0.175476	-0.0140381	0.161438
0.168152	-0.0119019	0.15625
0.161438	-0.00854492	0.152893
0.155029	-0.00549316	0.149536
0.147095	-0.000915527	0.146179
0.139465	0.00274658	0.142212
0.134277	0.00244141	0.136719
0.130005	-0.000305176	0.1297
0.124512	-0.00244141	0.12207
0.119324	-0.00427246	0.115051
0.114746	-0.00701904	0.107727
0.109253	-0.00946045	0.0997925
0.101929	-0.0109863	0.0909424
0.0942993	-0.0112915	0.0830078
0.0863647	-0.0115967	0.0747681
0.0793457	-0.0119019	0.0674438
0.0741577	-0.0125122	0.0616455
0.0701904	-0.0128174	0.057373
0.0643921	-0.0119019	0.0524902
0.0558472	-0.0088501	0.0469971
0.0473022	-0.00640869	0.0408936
0.0415039	-0.00518799	0.0363159
0.0360107	-0.00457764	0.0314331
0.0292969	-0.00396729	0.0253296
0.0231934	-0.00427246	0.0189209
0.0170898	-0.00457764	0.0125122
0.00976563	-0.00396729	0.00579834
0.00305176	-0.00213623	0.000915527
-0.00274658	-0.000610352	-0.00335693
-0.00793457	-0.000610352	-0.00854492
-0.0106812	-0.0012207	-0.0119019
-0.0109863	-0.00183105	-0.0128174
-0.010376	-0.00244141	-0.0128174
-0.00915527	-0.00152588	-0.0106812
-0.0100708	0.0012207	-0.0088501
-0.0134277	0.00457764	-0.0088501
-0.0189209	0.00854492	-0.010376
-0.0250244	0.0115967	-0.0134277
-0.0286865	0.012207	-0.0164795
-0.0302124	0.0125122	-0.0177002
-0.0305176	0.0125122	-0.0180054
-0.0302124	0.012207	-0.0180054
-0.0308228	0.012207	-0.0186157
-0.0283813	0.00915527	-0.0192261
-0.0213623	0.00213623	-0.0192261
-0.0167847	-0.0012207	-0.0180054
-0.0143433	-0.000915527	-0.0152588
-0.012207	0.000305176	-0.0119019
-0.00946045	0.0012207	-0.00823975
-0.00610352	0.000610352	-0.00549316
-0.00579834	-0.000915527	-0.00671387
-0.00671387	-0.00244141	-0.00915527
-0.00671387	-0.00427246	-0.0109863
-0.00640869	-0.00671387	-0.0131226
-0.00732422	-0.00854492	-0.0158691
-0.00732422	-0.00915527	-0.0164795
-0.00457764	-0.0100708	-0.0146484
0.000305176	-0.0119019	-0.0115967
0.00305176	-0.0115967	-0.00854492
0.00305176	-0.00915527	-0.00610352
0.00244141	-0.00610352	-0.00366211
-0.00244141	0.00152588	-0.000915527
-0.00793457	0.00946045	0.00152588
-0.00976563	0.012207	0.00244141
-0.00976563	0.0119019	0.00213623
-0.00976563	0.0100708	0.000305176
-0.00915527	0.00732422	-0.00183105
-0.00701904	0.00335693	-0.00366211
-0.00366211	-0.0012207	-0.00488281
0	-0.00488281	-0.00488281
0.00244141	-0.00793457	-0.00549316
0.00396729	-0.0109863	-0.00701904
0.00457764	-0.0137329	-0.00915527
0.00579834	-0.015564	-0.00976563
0.00640869	-0.015564	-0.00915527
0.00305176	-0.0140381	-0.0109863
0.000305176	-0.0119019	-0.0115967
0.00183105	-0.010376	-0.00854492
0.00427246	-0.010376	-0.00610352
0.00549316	-0.0109863	-0.00549316
0.00488281	-0.0109863	-0.00610352
0.00427246	-0.0112915	-0.00701904
0.00427246	-0.0106812	-0.00640869
0.00213623	-0.00701904	-0.00488281
-0.00183105	-0.00274658	-0.00457764
-0.00579834	-0.000610352	-0.00640869
-0.00732422	-0.00244141	-0.00976563
-0.00671387	-0.00488281	-0.0115967
-0.00915527	-0.00274658	-0.0119019
-0.0140381	0.00183105	-0.012207
-0.0158691	0.00427246	-0.0115967
-0.0128174	0.0012207	-0.0115967
-0.00457764	-0.00640869	-0.0109863
0.00579834	-0.0137329	-0.00793457
0.0128174	-0.0170898	-0.00427246
0.0167847	-0.0183105	-0.00152588
0.020752	-0.0204468	0.000305176
0.0228882	-0.0219727	0.000915527
0.0216675	-0.0216675	0
0.0195313	-0.0222778	-0.00274658
0.0167847	-0.0228882	-0.00610352
0.0146484	-0.0210571	-0.00640869
0.0134277	-0.0186157	-0.00518799
0.0115967	-0.0158691	-0.00427246
0.00854492	-0.0131226	-0.00457764
0.00610352	-0.012207	-0.00610352
0.00640869	-0.0128174	-0.00640869
0.00976563	-0.0143433	-0.00457764
0.0137329	-0.0158691	-0.00213623
0.0177002	-0.0189209	-0.0012207
0.0204468	-0.0210571	-0.000610352
0.0198364	-0.020752	-0.000915527
0.0192261	-0.020752	-0.00152588
0.0180054	-0.0210571	-0.00305176
0.0143433	-0.0201416	-0.00579834
0.0106812	-0.0186157	-0.00793457
0.00823975	-0.0183105	-0.0100708
0.00488281	-0.0167847	-0.0119019
-0.000915527	-0.0125122	-0.0134277
-0.00732422	-0.00793457	-0.0152588
-0.00946045	-0.00762939	-0.0170898
-0.0106812	-0.00701904	-0.0177002
-0.0164795	-0.000305176	-0.0167847
-0.0183105	0.00274658	-0.015564
-0.0143433	-0.000610352	-0.0149536
-0.0119019	-0.00427246	-0.0161743
-0.0115967	-0.00579834	-0.017395
-0.00762939	-0.00823975	-0.0158691
0.000610352	-0.0134277	-0.0128174
0.00793457	-0.0195313	-0.0115967
0.00976563	-0.0222778	-0.0125122
0.00946045	-0.0228882	-0.0134277
0.0106812	-0.0247192	-0.0140381
0.0112915	-0.0265503	-0.0152588
0.00976563	-0.0268555	-0.0170898
0.00762939	-0.0256348	-0.0180054
0.00610352	-0.0231934	-0.0170898
0.00671387	-0.0204468	-0.0137329
0.00854492	-0.0189209	-0.010376
0.010376	-0.0192261	-0.0088501
0.0128174	-0.0198364	-0.00701904
0.0167847	-0.0210571	-0.00427246
0.0204468	-0.0213623	-0.000915527
0.0234985	-0.0213623	0.00213623
0.0253296	-0.0198364	0.00549316
0.0234985	-0.0177002	0.00579834
0.0167847	-0.0146484	0.00213623
0.00854492	-0.0106812	-0.00213623
0.00305176	-0.00732422	-0.00427246
0	-0.00457764	-0.00457764
-0.00366211	-0.00305176	-0.00671387
-0.00671387	-0.00244141	-0.00915527
-0.00793457	-0.00274658	-0.0106812
-0.00762939	-0.00335693	-0.0109863
-0.00427246	-0.00396729	-0.00823975
0.000305176	-0.00518799	-0.00488281
0.00427246	-0.00762939	-0.00335693
0.00640869	-0.00915527	-0.00274658
0.00793457	-0.00915527	-0.0012207
0.00762939	-0.00823975	-0.000610352
0.0012207	-0.00183105	-0.000610352
-0.00854492	0.00793457	-0.000610352
-0.0137329	0.0134277	-0.000305176
-0.0134277	0.0137329	0.000305176
-0.0115967	0.0128174	0.0012207
-0.0109863	0.0131226	0.00213623
-0.0119019	0.0149536	0.00305176
-0.0161743	0.0201416	0.00396729
-0.0183105	0.0216675	0.00335693
-0.0125122	0.015564	0.00305176
-0.00152588	0.00488281	0.00335693
0.00732422	-0.00366211	0.00366211
0.0088501	-0.00701904	0.00183105
0.00549316	-0.00549316	0
0.00366211	-0.00396729	-0.000305176
0.00396729	-0.00396729	0
0.00640869	-0.00579834	0.000610352
0.010376	-0.010376	0
0.0131226	-0.0137329	-0.000610352
0.0125122	-0.0128174	-0.000305176
0.0119019	-0.010376	0.00152588
0.0125122	-0.00793457	0.00457764
0.0143433	-0.00701904	0.00732422
0.0164795	-0.00762939	0.0088501
0.017395	-0.00762939	0.00976563
0.0143433	-0.00579834	0.00854492
0.0115967	-0.00244141	0.00915527
0.0134277	0.00244141	0.0158691
0.0167847	0.00671387	0.0234985
0.0195313	0.00946045	0.0289917
0.020752	0.010376	0.0311279
0.0210571	0.00976563	0.0308228
0.020752	0.00854492	0.0292969
0.022583	0.00701904	0.0296021
0.0292969	0.00579834	0.0350952
0.0350952	0.00488281	0.039978
0.0378418	0.00427246	0.0421143
0.0384521	0.00335693	0.0418091
0.0375366	0.00274658	0.0402832
0.0363159	0.00274658	0.0390625
0.0363159	0.00305176	0.0393677
0.0369263	0.00396729	0.0408936
0.0366211	0.00549316	0.0421143
0.0366211	0.00579834	0.0424194
0.0344849	0.00671387	0.0411987
0.0283813	0.0106812	0.0390625
0.0213623	0.0164795	0.0378418
0.0164795	0.0210571	0.0375366
0.0143433	0.0216675	0.0360107
0.0146484	0.0198364	0.0344849
0.0164795	0.0158691	0.0323486
0.0186157	0.0115967	0.0302124
0.0222778	0.00640869	0.0286865
0.022583	0.00427246	0.0268555
0.0170898	0.00762939	0.0247192
0.00915527	0.0115967	0.020752
0.00579834	0.00976563	0.015564
0.00640869	0.00427246	0.0106812
0.00823975	-0.00152588	0.00671387
0.00915527	-0.00579834	0.00335693
0.00793457	-0.00823975	-0.000305176
0.00488281	-0.0100708	-0.00518799
0.00274658	-0.0128174	-0.0100708
0.00274658	-0.0177002	-0.0149536
0.00549316	-0.0253296	-0.0198364
0.0088501	-0.0341797	-0.0253296
0.00915527	-0.0415039	-0.0323486
0.00610352	-0.045166	-0.0390625
0.000305176	-0.0466919	-0.0463867
-0.00762939	-0.0460815	-0.0537109
-0.0186157	-0.0424194	-0.0610352
-0.0317383	-0.0378418	-0.0695801
-0.043335	-0.0344849	-0.0778198
-0.0476074	-0.0332642	-0.0808716
-0.0454712	-0.0332642	-0.0787354
-0.043335	-0.0323486	-0.0756836
-0.0411987	-0.0314331	-0.0726318
-0.0384521	-0.0311279	-0.0695801
-0.03479	-0.0314331	-0.0662231
-0.0305176	-0.0323486	-0.0628662
-0.0247192	-0.0338745	-0.0585938
-0.0177002	-0.0354004	-0.0531006
-0.0152588	-0.0360107	-0.0512695
-0.017395	-0.0357056	-0.0531006
-0.0213623	-0.0350952	-0.0564575
-0.0256348	-0.0341797	-0.0598145
-0.0308228	-0.032959	-0.0637817
-0.0363159	-0.0311279	-0.0674438
-0.0424194	-0.0286865	-0.071106
-0.0485229	-0.0256348	-0.0741577
-0.0524902	-0.0219727	-0.0744629
-0.0524902	-0.0195313	-0.0720215
-0.0506592	-0.0183105	-0.0689697
-0.050354	-0.0177002	-0.0680542
-0.0537109	-0.0161743	-0.0698853
-0.0631714	-0.0112915	-0.0744629
-0.0772095	-0.00244141	-0.0796509
-0.0894165	0.00488281	-0.0845337
-0.0961304	0.00671387	-0.0894165
-0.101318	0.00457764	-0.0967407
-0.10437	0	-0.10437
-0.101624	-0.00488281	-0.106506
-0.0942993	-0.00793457	-0.102234
-0.0860596	-0.00762939	-0.093689
-0.0726318	-0.00549316	-0.078125
-0.0454712	-0.00671387	-0.0521851
-0.00793457	-0.00762939	-0.015564
0.032959	-0.000610352	0.0323486
0.0723267	0.0198364	0.0921631
0.110168	0.0509644	0.161133
0.151062	0.085144	0.236206
0.191956	0.120239	0.312195
0.230103	0.157166	0.387268
0.26123	0.196533	0.457764
0.280151	0.235596	0.515747
0.281677	0.271912	0.553589
0.264587	0.302124	0.566711
0.227966	0.324097	0.552063
0.176086	0.338135	0.514221
0.113525	0.343323	0.456848
0.0424194	0.336914	0.379333
-0.0314331	0.317688	0.286255
-0.103149	0.28656	0.183411
-0.16449	0.245972	0.0814819
-0.210571	0.198364	-0.012207
-0.239563	0.146179	-0.0933838
-0.248718	0.0912476	-0.157471
-0.240784	0.0369263	-0.203857
-0.221252	-0.0125122	-0.233765
-0.194092	-0.0537109	-0.247803
-0.164185	-0.0839233	-0.248108
-0.137329	-0.101624	-0.238953
-0.115662	-0.107117	-0.222778
-0.101013	-0.102844	-0.203857
-0.0915527	-0.0921631	-0.183716
-0.0854492	-0.0778198	-0.163269
-0.0848389	-0.0592041	-0.144043
-0.0897217	-0.0390625	-0.128784
-0.0967407	-0.0201416	-0.116882
-0.104065	-0.00366211	-0.107727
-0.110168	0.00946045	-0.100708
-0.111084	0.0152588	-0.0958252
-0.104065	0.0106812	-0.0933838
-0.0924683	-0.000610352	-0.0930786
-0.0860596	-0.00823975	-0.0942993
-0.0860596	-0.00946045	-0.09552
-0.0869751	-0.0088501	-0.0958252
-0.0860596	-0.00976563	-0.0958252
-0.085144	-0.0109863	-0.0961304
-0.0857544	-0.0119019	-0.0976563
-0.0891113	-0.0109863	-0.100098
-0.0952148	-0.00793457	-0.103149
-0.100403	-0.00305176	-0.103455
-0.10437	0.00305176	-0.101318
-0.104675	0.00854492	-0.0961304
-0.0997925	0.00915527	-0.0906372
-0.0900269	0.00396729	-0.0860596
-0.0772095	-0.00305176	-0.0802612
-0.0656128	-0.00946045	-0.0750732
-0.0558472	-0.0161743	-0.0720215
-0.0466919	-0.0222778	-0.0689697
-0.0402832	-0.0268555	-0.0671387
-0.0387573	-0.0296021	-0.0683594
-0.0436401	-0.0292969	-0.072937
-0.0537109	-0.0265503	-0.0802612
-0.0637817	-0.0231934	-0.0869751
-0.0714111	-0.0210571	-0.0924683
-0.0765991	-0.0201416	-0.0967407
-0.0796509	-0.0183105	-0.0979614
-0.0814819	-0.0161743	-0.0976563
-0.0820923	-0.0143433	-0.0964355
-0.0805664	-0.0125122	-0.0930786
-0.0765991	-0.0115967	-0.0881958
-0.0714111	-0.0115967	-0.0830078
-0.0668335	-0.012207	-0.0790405
-0.0637817	-0.0128174	-0.0765991
-0.0631714	-0.0134277	-0.0765991
-0.0631714	-0.0140381	-0.0772095
-0.0628662	-0.0164795	-0.0793457
-0.0650024	-0.0180054	-0.0830078
-0.0714111	-0.0164795	-0.0878906
-0.0784302	-0.0128174	-0.0912476
-0.0827026	-0.00946045	-0.0921631
-0.0836182	-0.00793457	-0.0915527
-0.083313	-0.00732422	-0.0906372
-0.0842285	-0.00488281	-0.0891113
-0.0881958	0.0012207	-0.0869751
-0.0933838	0.00640869	-0.0869751
-0.0961304	0.00854492	-0.0875854
-0.09552	0.00823975	-0.0872803
-0.093689	0.0088501	-0.0848389
-0.0891113	0.00946045	-0.0796509
-0.0842285	0.0088501	-0.0753784
-0.0817871	0.00488281	-0.0769043
-0.0765991	-0.00366211	-0.0802612
-0.0689697	-0.012207	-0.0811768
-0.0622559	-0.0164795	-0.0787354
-0.055542	-0.0177002	-0.0732422
-0.0479126	-0.0192261	-0.0671387
-0.0390625	-0.0222778	-0.0613403
-0.0314331	-0.0259399	-0.057373
-0.027771	-0.0280762	-0.0558472
-0.0265503	-0.0280762	-0.0546265
-0.0238037	-0.0265503	-0.050354
-0.0186157	-0.0253296	-0.0439453
-0.012207	-0.0247192	-0.0369263
-0.00610352	-0.0250244	-0.0311279
-0.00183105	-0.0265503	-0.0283813
0.00213623	-0.0280762	-0.0259399
0.00671387	-0.0286865	-0.0219727
0.0115967	-0.0286865	-0.0170898
0.0152588	-0.0286865	-0.0134277
0.0170898	-0.0286865	-0.0115967
0.0189209	-0.0280762	-0.00915527
0.0231934	-0.0271606	-0.00396729
0.027771	-0.0262451	0.00152588
0.0317383	-0.0253296	0.00640869
0.0354004	-0.0250244	0.010376
0.0387573	-0.0241089	0.0146484
0.0418091	-0.0213623	0.0204468
0.0457764	-0.0186157	0.0271606
0.0515747	-0.0177002	0.0338745
0.0582886	-0.0186157	0.0396729
0.0631714	-0.0195313	0.0436401
0.0662231	-0.0195313	0.0466919
0.0680542	-0.0189209	0.0491333
0.0698853	-0.0180054	0.0518799
0.0717163	-0.0180054	0.0537109
0.0732422	-0.0177002	0.055542
0.0723267	-0.0152588	0.0570679
0.0692749	-0.0109863	0.0582886
0.0671387	-0.00549316	0.0616455
0.0683594	-0.0012207	0.0671387
0.071106	0.0012207	0.0723267
0.0747681	0.00183105	0.0765991
0.0765991	0.00274658	0.0793457
0.078125	0.00366211	0.0817871
0.0827026	0.0012207	0.0839233
0.0891113	-0.00366211	0.0854492
0.0949097	-0.00976563	0.085144
0.098877	-0.0167847	0.0820923
0.0979614	-0.020752	0.0772095
0.0915527	-0.0186157	0.072937
0.0817871	-0.0134277	0.0683594
0.0704956	-0.00823975	0.0622559
0.0592041	-0.00183105	0.057373
0.0463867	0.00640869	0.0527954
0.0320435	0.0170898	0.0491333
0.0183105	0.0274658	0.0457764
0.0106812	0.0320435	0.0427246
0.0119019	0.027771	0.0396729
0.0170898	0.0183105	0.0354004
0.0195313	0.0109863	0.0305176
0.0183105	0.00671387	0.0250244
0.0161743	0.00335693	0.0195313
0.0131226	-0.000915527	0.012207
0.00854492	-0.00427246	0.00427246
0.000305176	-0.00549316	-0.00518799
-0.0134277	-0.00244141	-0.0158691
-0.0314331	0.00427246	-0.0271606
-0.0512695	0.0125122	-0.0387573
-0.0680542	0.020752	-0.0473022
-0.078125	0.0271606	-0.0509644
-0.0823975	0.0308228	-0.0515747
-0.0854492	0.0311279	-0.0543213
-0.0878906	0.0289917	-0.0588989
-0.0894165	0.0271606	-0.0622559
-0.088501	0.0256348	-0.0628662
-0.0863647	0.0238037	-0.062561
-0.083313	0.0216675	-0.0616455
-0.0827026	0.0192261	-0.0634766
-0.0854492	0.0180054	-0.0674438
-0.090332	0.0177002	-0.0726318
-0.0979614	0.0201416	-0.0778198
-0.107727	0.0253296	-0.0823975
-0.114746	0.0289917	-0.0857544
-0.116577	0.0283813	-0.0881958
-0.120544	0.0305176	-0.0900269
-0.12207	0.0323486	-0.0897217
-0.119019	0.0302124	-0.0888062
-0.114136	0.0274658	-0.0866699
-0.108643	0.0241089	-0.0845337
-0.103455	0.0213623	-0.0820923
-0.100098	0.0195313	-0.0805664
-0.0970459	0.0167847	-0.0802612
-0.0891113	0.0088501	-0.0802612
-0.0808716	-0.000915527	-0.0817871
-0.0756836	-0.00976563	-0.0854492
-0.072937	-0.0170898	-0.0900269
-0.0720215	-0.020752	-0.0927734
-0.0708008	-0.022583	-0.0933838
-0.0674438	-0.0250244	-0.0924683
-0.0637817	-0.0286865	-0.0924683
-0.0601196	-0.0320435	-0.0921631
-0.0579834	-0.0326538	-0.0906372
-0.0558472	-0.0302124	-0.0860596
-0.0527954	-0.027771	-0.0805664
-0.0491333	-0.0265503	-0.0756836
-0.0469971	-0.0253296	-0.0723267
-0.0473022	-0.0216675	-0.0689697
-0.0494385	-0.0161743	-0.0656128
-0.0531006	-0.0106812	-0.0637817
-0.0576782	-0.00610352	-0.0637817
-0.0631714	-0.00213623	-0.0653076
-0.0695801	0.000915527	-0.0686646
-0.0741577	0.00396729	-0.0701904
-0.0759888	0.00671387	-0.0692749
-0.0790405	0.00946045	-0.0695801
-0.083313	0.0115967	-0.0717163
-0.0842285	0.0128174	-0.0714111
-0.0808716	0.0131226	-0.067749
-0.0753784	0.0125122	-0.0628662
-0.0698853	0.0112915	-0.0585938
-0.0646973	0.00946045	-0.0552368
-0.0592041	0.00732422	-0.0518799
-0.0527954	0.00366211	-0.0491333
-0.0476074	0	-0.0476074
-0.0460815	-0.00183105	-0.0479126
-0.0476074	-0.00152588	-0.0491333
-0.0509644	-0.00183105	-0.0527954
-0.0552368	-0.00335693	-0.0585938
-0.0628662	-0.000610352	-0.0634766
-0.0732422	0.00610352	-0.0671387
-0.0814819	0.010376	-0.071106
-0.0814819	0.00701904	-0.0744629
-0.0747681	0.00366211	-0.071106
-0.0686646	0.00366211	-0.0650024
-0.0668335	0.00549316	-0.0613403
-0.0640869	0.00549316	-0.0585938
-0.0582886	0.00274658	-0.055542
-0.0509644	-0.0012207	-0.0521851
-0.0442505	-0.00610352	-0.050354
-0.0384521	-0.0109863	-0.0494385
-0.0332642	-0.0167847	-0.0500488
-0.0338745	-0.0189209	-0.0527954
-0.039978	-0.0167847	-0.0567627
-0.0491333	-0.0149536	-0.0640869
-0.0564575	-0.0158691	-0.0723267
-0.0585938	-0.0186157	-0.0772095
-0.0570679	-0.0195313	-0.0765991
-0.0549316	-0.0189209	-0.0738525
-0.0534058	-0.0183105	-0.0717163
-0.0518799	-0.0192261	-0.071106
-0.0488281	-0.020752	-0.0695801
-0.0448608	-0.0219727	-0.0668335
-0.0421143	-0.0216675	-0.0637817
-0.0390625	-0.0204468	-0.0595093
-0.0350952	-0.0204468	-0.055542
-0.03479	-0.0201416	-0.0549316
-0.0363159	-0.0210571	-0.057373
-0.0360107	-0.0247192	-0.06073
-0.03479	-0.027771	-0.062561
-0.0369263	-0.027771	-0.0646973
-0.0424194	-0.0253296	-0.067749
-0.0485229	-0.0244141	-0.072937
-0.0491333	-0.0262451	-0.0753784
-0.0442505	-0.0299072	-0.0741577
-0.0387573	-0.032959	-0.0717163
-0.0369263	-0.0338745	-0.0708008
-0.0366211	-0.032959	-0.0695801
-0.0344849	-0.0317383	-0.0662231
-0.0314331	-0.0296021	-0.0610352
-0.0299072	-0.0271606	-0.0570679
-0.0296021	-0.0247192	-0.0543213
-0.0323486	-0.0201416	-0.0524902
-0.0543213	0.119324	0.0650024
-0.0463867	0.0506592	0.00427246
-0.0396729	-0.0271606	-0.0668335
-0.0360107	-0.109558	-0.145569
-0.0350952	-0.184631	-0.219727
-0.0360107	-0.24231	-0.27832
-0.0375366	-0.274963	-0.3125
-0.0390625	-0.283508	-0.322571
-0.0415039	-0.269165	-0.310669
-0.0442505	-0.235291	-0.279541
-0.0469971	-0.187073	-0.23407
-0.0469971	-0.134277	-0.181274
-0.043335	-0.0869751	-0.13031
-0.0360107	-0.0537109	-0.0897217
-0.0262451	-0.0363159	-0.062561
-0.015564	-0.0311279	-0.0466919
-0.00732422	-0.0311279	-0.0384521
-0.00305176	-0.0326538	-0.0357056
-0.00427246	-0.0283813	-0.0326538
-0.0100708	-0.0219727	-0.0320435
-0.0204468	-0.0192261	-0.0396729
-0.0335693	-0.0216675	-0.0552368
-0.0485229	-0.0256348	-0.0741577
-0.0628662	-0.0265503	-0.0894165
-0.0738525	-0.0256348	-0.0994873
-0.0796509	-0.0244141	-0.104065
-0.078125	-0.0234985	-0.101624
-0.0671387	-0.0219727	-0.0891113
-0.0463867	-0.0128174	-0.0592041
-0.0158691	0.00488281	-0.0109863
0.0241089	0.0305176	0.0546265
0.0726318	0.0631714	0.135803
0.124207	0.0985718	0.222778
0.172119	0.132446	0.304565
0.210571	0.162354	0.372925
0.23407	0.19043	0.4245
0.238953	0.21698	0.455933
0.223694	0.239868	0.463562
0.187988	0.252991	0.440979
0.133667	0.253296	0.386963
0.0650024	0.243835	0.308838
-0.0128174	0.229797	0.21698
-0.0924683	0.215759	0.123291
-0.166931	0.199585	0.0326538
-0.229797	0.177002	-0.0527954
-0.275879	0.1474	-0.128479
-0.301208	0.114136	-0.187073
-0.304871	0.0735474	-0.231323
-0.289307	0.0219727	-0.267334
-0.259705	-0.0305176	-0.290222
-0.221863	-0.0674438	-0.289307
-0.180359	-0.0897217	-0.270081
-0.140381	-0.108032	-0.248413
-0.106201	-0.119934	-0.226135
-0.0790405	-0.122375	-0.201416
-0.0592041	-0.114136	-0.17334
-0.0473022	-0.093689	-0.140991
-0.0421143	-0.0640869	-0.106201
-0.0421143	-0.0335693	-0.0756836
-0.0448608	-0.0128174	-0.0576782
-0.0479126	-0.00793457	-0.0558472
-0.0500488	-0.0158691	-0.065918
-0.050354	-0.0256348	-0.0759888
-0.0485229	-0.0308228	-0.0793457
-0.0436401	-0.0344849	-0.078125
-0.0363159	-0.0427246	-0.0790405
-0.0274658	-0.0564575	-0.0839233
-0.0186157	-0.0683594	-0.0869751
-0.0106812	-0.0726318	-0.083313
-0.00488281	-0.071106	-0.0759888
-0.000610352	-0.0674438	-0.0680542
0.00183105	-0.0665283	-0.0646973
0	-0.067749	-0.067749
-0.00762939	-0.0686646	-0.0762939
-0.0183105	-0.0689697	-0.0872803
-0.0286865	-0.0680542	-0.0967407
-0.0378418	-0.0680542	-0.105896
-0.0460815	-0.0692749	-0.115356
-0.0537109	-0.0686646	-0.122375
-0.0598145	-0.0665283	-0.126343
-0.0628662	-0.0640869	-0.126953
-0.062561	-0.0619507	-0.124512
-0.06073	-0.0604248	-0.121155
-0.0592041	-0.0576782	-0.116882
-0.0576782	-0.0531006	-0.110779
-0.0570679	-0.0509644	-0.108032
-0.057373	-0.0527954	-0.110168
-0.0582886	-0.0567627	-0.115051
-0.0595093	-0.0592041	-0.118713
-0.0613403	-0.0558472	-0.117188
-0.0637817	-0.0445557	-0.108337
-0.0646973	-0.0320435	-0.0967407
-0.0616455	-0.0231934	-0.0848389
-0.0543213	-0.0161743	-0.0704956
-0.0454712	-0.0128174	-0.0582886
-0.0357056	-0.0146484	-0.050354
-0.0259399	-0.0201416	-0.0460815
-0.0164795	-0.0292969	-0.0457764
-0.00823975	-0.0393677	-0.0476074
-0.000915527	-0.0509644	-0.0518799
0.00488281	-0.0622559	-0.057373
0.0088501	-0.0738525	-0.0650024
0.0112915	-0.083313	-0.0720215
0.0119019	-0.088501	-0.0765991
0.0112915	-0.0927734	-0.0814819
0.0109863	-0.0958252	-0.0848389
0.0100708	-0.0961304	-0.0860596
0.0088501	-0.0942993	-0.0854492
0.00701904	-0.0930786	-0.0860596
0.00488281	-0.0958252	-0.0909424
0.00335693	-0.101013	-0.0976563
0.00244141	-0.103455	-0.101013
0.00274658	-0.101318	-0.0985718
0.00366211	-0.0961304	-0.0924683
0.00488281	-0.0915527	-0.0866699
0.00610352	-0.0918579	-0.0857544
0.00793457	-0.0924683	-0.0845337
0.0109863	-0.0897217	-0.0787354
0.0149536	-0.0860596	-0.071106
0.0192261	-0.0817871	-0.062561
0.022583	-0.0808716	-0.0582886
0.0256348	-0.0836182	-0.0579834
0.0280762	-0.0888062	-0.06073
0.0308228	-0.0909424	-0.0601196
0.0335693	-0.0872803	-0.0537109
0.0372314	-0.0787354	-0.0415039
0.0421143	-0.0695801	-0.0274658
0.0479126	-0.0634766	-0.015564
0.0534058	-0.0576782	-0.00427246
0.0579834	-0.0509644	0.00701904
0.0610352	-0.0454712	0.015564
0.0616455	-0.0421143	0.0195313
0.0610352	-0.0415039	0.0195313
0.0595093	-0.0436401	0.0158691
0.0576782	-0.0457764	0.0119019
0.0546265	-0.0454712	0.00915527
0.0509644	-0.0479126	0.00305176
0.0479126	-0.0515747	-0.00366211
0.0469971	-0.0506592	-0.00366211
0.0488281	-0.045166	0.00366211
0.0531006	-0.0390625	0.0140381
0.0595093	-0.03479	0.0247192
0.0668335	-0.0350952	0.0317383
0.0750732	-0.0378418	0.0372314
0.0836182	-0.0402832	0.043335
0.0918579	-0.0439453	0.0479126
0.0991821	-0.0515747	0.0476074
0.105286	-0.0588989	0.0463867
0.108948	-0.0595093	0.0494385
0.110779	-0.0500488	0.06073
0.110779	-0.0335693	0.0772095
0.109558	-0.0161743	0.0933838
0.107117	0	0.107117
0.103455	0.015564	0.119019
0.0994873	0.0292969	0.128784
0.0961304	0.0372314	0.133362
0.0927734	0.0387573	0.131531
0.0894165	0.0360107	0.125427
0.0863647	0.0296021	0.115967
0.083313	0.0186157	0.101929
0.0805664	0.00488281	0.0854492
0.0775146	-0.00640869	0.071106
0.0747681	-0.0134277	0.0613403
0.0720215	-0.0161743	0.0558472
0.0689697	-0.0100708	0.0588989
0.0650024	0.00549316	0.0704956
0.0601196	0.0238037	0.0839233
0.0543213	0.0421143	0.0964355
0.0482178	0.0601196	0.108337
0.0418091	0.0726318	0.114441
0.0354004	0.0735474	0.108948
0.0286865	0.0643921	0.0930786
0.0222778	0.0485229	0.0708008
0.0161743	0.0286865	0.0448608
0.00976563	0.0088501	0.0186157
0.00366211	-0.0119019	-0.00823975
-0.00244141	-0.0311279	-0.0335693
-0.00732422	-0.0460815	-0.0534058
-0.0109863	-0.0546265	-0.0656128
-0.0134277	-0.057373	-0.0708008
-0.0152588	-0.0524902	-0.067749
-0.0158691	-0.039978	-0.0558472
-0.0161743	-0.0234985	-0.0396729
-0.017395	-0.00427246	-0.0216675
-0.0201416	0.015564	-0.00457764
-0.0231934	0.0317383	0.00854492
-0.0259399	0.0418091	0.0158691
-0.027771	0.0500488	0.0222778
-0.0292969	0.0598145	0.0305176
-0.0314331	0.0704956	0.0390625
-0.0338745	0.0787354	0.0448608
-0.03479	0.0823975	0.0476074
-0.0338745	0.0820923	0.0482178
-0.0314331	0.0796509	0.0482178
-0.027771	0.0765991	0.0488281
-0.0234985	0.0744629	0.0509644
-0.0186157	0.0717163	0.0531006
-0.0128174	0.0668335	0.0540161
-0.00701904	0.0585938	0.0515747
-0.00152588	0.0491333	0.0476074
0.00366211	0.0396729	0.043335
0.00762939	0.032959	0.0405884
0.00915527	0.0320435	0.0411987
0.00915527	0.03479	0.0439453
0.00823975	0.038147	0.0463867
0.00701904	0.0427246	0.0497437
0.00518799	0.0457764	0.0509644
0.00274658	0.0457764	0.0485229
0	0.0436401	0.0436401
-0.00274658	0.0411987	0.0384521
-0.00427246	0.039978	0.0357056
-0.00396729	0.0402832	0.0363159
-0.00244141	0.0390625	0.0366211
0.000610352	0.0350952	0.0357056
0.00396729	0.0314331	0.0354004
0.00732422	0.0317383	0.0390625
0.010376	0.0363159	0.0466919
0.0125122	0.0454712	0.0579834
0.0143433	0.0576782	0.0720215
0.0149536	0.0692749	0.0842285
0.0143433	0.0808716	0.0952148
0.0112915	0.0958252	0.107117
0.00610352	0.113831	0.119934
0.00213623	0.125732	0.127869
0.000610352	0.126343	0.126953
0.000915527	0.119629	0.120544
0.00305176	0.108337	0.111389
0.00793457	0.0930786	0.101013
0.0140381	0.0775146	0.0915527
0.020752	0.0616455	0.0823975
0.0274658	0.0436401	0.071106
0.0332642	0.0250244	0.0582886
0.0372314	0.0115967	0.0488281
0.0387573	0.00762939	0.0463867
0.0387573	0.0100708	0.0488281
0.0363159	0.0152588	0.0515747
0.0314331	0.0228882	0.0543213
0.0241089	0.0335693	0.0576782
0.0164795	0.0448608	0.0613403
0.00976563	0.0524902	0.0622559
0.00549316	0.0561523	0.0616455
0.00366211	0.0546265	0.0582886
0.00366211	0.0485229	0.0521851
0.00427246	0.0421143	0.0463867
0.00488281	0.0366211	0.0415039
0.00549316	0.0317383	0.0372314
0.00671387	0.0271606	0.0338745
0.00762939	0.0250244	0.0326538
0.00732422	0.0268555	0.0341797
0.00640869	0.0305176	0.0369263
0.00396729	0.0357056	0.0396729
0.000915527	0.0418091	0.0427246
-0.00244141	0.0482178	0.0457764
-0.00549316	0.0543213	0.0488281
-0.00762939	0.0604248	0.0527954
-0.00854492	0.0646973	0.0561523
-0.00915527	0.0646973	0.055542
-0.010376	0.062561	0.0521851
-0.012207	0.0613403	0.0491333
-0.0140381	0.0616455	0.0476074
-0.0149536	0.062561	0.0476074
-0.015564	0.0640869	0.0485229
-0.0164795	0.0631714	0.0466919
-0.0183105	0.0585938	0.0402832
-0.0201416	0.0549316	0.03479
-0.0219727	0.0631714	0.0411987
-0.022583	0.0875854	0.0650024
-0.0213623	0.117493	0.0961304
-0.0186157	0.136414	0.117798
-0.0146484	0.134277	0.119629
-0.0100708	0.120544	0.110474
-0.00488281	0.107422	0.102539
-0.000305176	0.0958252	0.09552
0.00335693	0.0805664	0.0839233
0.00610352	0.06073	0.0668335
0.00762939	0.0375366	0.045166
0.0088501	0.0137329	0.022583
0.00946045	-0.00366211	0.00579834
0.00762939	-0.0131226	-0.00549316
0.00244141	-0.0158691	-0.0134277
-0.00488281	-0.00946045	-0.0143433
-0.0125122	0.00610352	-0.00640869
-0.0201416	0.0265503	0.00640869
-0.0274658	0.0469971	0.0195313
-0.0341797	0.0637817	0.0296021
-0.0411987	0.0732422	0.0320435
-0.0473022	0.0753784	0.0280762
-0.0512695	0.0756836	0.0244141
-0.0531006	0.078125	0.0250244
-0.0524902	0.0817871	0.0292969
-0.0497437	0.0869751	0.0372314
-0.0457764	0.0921631	0.0463867
-0.0411987	0.0949097	0.0537109
-0.0357056	0.0961304	0.0604248
-0.0292969	0.09552	0.0662231
-0.0216675	0.0927734	0.071106
-0.0143433	0.0872803	0.072937
-0.00915527	0.0814819	0.0723267
-0.00671387	0.0787354	0.0720215
-0.00518799	0.0775146	0.0723267
-0.00366211	0.0747681	0.071106
-0.00213623	0.0720215	0.0698853
-0.000305176	0.0720215	0.0717163
0.000610352	0.0732422	0.0738525
0.0012207	0.0735474	0.0747681
0.0012207	0.0747681	0.0759888
0.0012207	0.0820923	0.083313
0.00183105	0.0933838	0.0952148
0.00427246	0.10498	0.109253
0.00732422	0.115356	0.122681
0.0109863	0.127258	0.138245
0.0152588	0.136414	0.151672
0.0195313	0.132751	0.152283
0.0231934	0.118103	0.141296
0.0253296	0.102234	0.127563
0.0256348	0.0872803	0.112915
0.0241089	0.071106	0.0952148
0.0204468	0.0543213	0.0747681
0.0164795	0.0360107	0.0524902
0.012207	0.0167847	0.0289917
0.00732422	0.00427246	0.0115967
0.00213623	0.00305176	0.00518799
-0.00244141	0.0119019	0.00946045
-0.00518799	0.0271606	0.0219727
-0.00488281	0.0448608	0.039978
-0.00274658	0.0613403	0.0585938
0.000305176	0.0726318	0.072937
0.00183105	0.0778198	0.0796509
0.00274658	0.0765991	0.0793457
0.00305176	0.0674438	0.0704956
0.00274658	0.0506592	0.0534058
0.000610352	0.0350952	0.0357056
-0.00396729	0.0250244	0.0210571
-0.00946045	0.0198364	0.010376
-0.0137329	0.0167847	0.00305176
-0.0149536	0.0128174	-0.00213623
-0.0134277	0.00762939	-0.00579834
-0.0112915	0.00823975	-0.00305176
-0.0119019	0.0244141	0.0125122
-0.0143433	0.050354	0.0360107
-0.017395	0.067749	0.050354
-0.0213623	0.0680542	0.0466919
-0.0253296	0.0546265	0.0292969
-0.0314331	0.0390625	0.00762939
-0.0405884	0.0289917	-0.0115967
-0.0521851	0.0219727	-0.0302124
-0.0634766	0.0137329	-0.0497437
-0.0714111	0.00396729	-0.0674438
-0.0747681	-0.00823975	-0.0830078
-0.0738525	-0.0219727	-0.0958252
-0.0692749	-0.0326538	-0.101929
-0.0619507	-0.0369263	-0.098877
-0.0524902	-0.0320435	-0.0845337
-0.0421143	-0.0180054	-0.0601196
-0.0326538	-0.0012207	-0.0338745
-0.0253296	0.0109863	-0.0143433
-0.0210571	0.0158691	-0.00518799
-0.0201416	0.0146484	-0.00549316
-0.0222778	0.0100708	-0.012207
-0.0265503	0.00244141	-0.0241089
-0.0311279	-0.00549316	-0.0366211
-0.0344849	-0.00976563	-0.0442505
-0.03479	-0.0128174	-0.0476074
-0.0305176	-0.0149536	-0.0454712
-0.0210571	-0.0125122	-0.0335693
-0.00610352	0.0012207	-0.00488281
0.0140381	0.0247192	0.0387573
0.0384521	0.0494385	0.0878906
0.0689697	0.0744629	0.143433
0.106201	0.0985718	0.204773
0.148621	0.116272	0.264893
0.190735	0.130005	0.32074
0.227051	0.145569	0.37262
0.254822	0.163879	0.418701
0.272522	0.182495	0.455017
0.276184	0.19928	0.475464
0.26062	0.211487	0.472107
0.223389	0.219421	0.44281
0.166931	0.227356	0.394287
0.0967407	0.236206	0.332947
0.0177002	0.24231	0.26001
-0.0634766	0.241394	0.177917
-0.140991	0.229797	0.0888062
-0.20813	0.204163	-0.00396729
-0.259399	0.16571	-0.093689
-0.290222	0.120239	-0.169983
-0.299683	0.0708008	-0.228882
-0.289307	0.0201416	-0.269165
-0.263977	-0.0271606	-0.291138
-0.228882	-0.065918	-0.2948
-0.188599	-0.0930786	-0.281677
-0.148621	-0.107727	-0.256348
-0.112305	-0.110168	-0.222473
-0.083313	-0.10498	-0.188293
-0.062561	-0.0949097	-0.157471
-0.0491333	-0.0811768	-0.13031
-0.0411987	-0.0637817	-0.10498
-0.0369263	-0.043335	-0.0802612
-0.0350952	-0.0216675	-0.0567627
-0.0344849	-0.00244141	-0.0369263
-0.0332642	0.0106812	-0.022583
-0.0305176	0.0189209	-0.0115967
-0.0271606	0.0259399	-0.0012207
-0.0238037	0.0320435	0.00823975
-0.0216675	0.0363159	0.0146484
-0.020752	0.039978	0.0192261
-0.0204468	0.043335	0.0228882
-0.0195313	0.0460815	0.0265503
-0.0189209	0.0469971	0.0280762
-0.0186157	0.0448608	0.0262451
-0.0192261	0.0393677	0.0201416
-0.0198364	0.0317383	0.0119019
-0.0198364	0.0265503	0.00671387
-0.0189209	0.0262451	0.00732422
-0.017395	0.0314331	0.0140381
-0.0164795	0.0384521	0.0219727
-0.0161743	0.0378418	0.0216675
-0.0161743	0.0280762	0.0119019
-0.0164795	0.0152588	-0.0012207
-0.0177002	0.00457764	-0.0131226
-0.0201416	0.00305176	-0.0170898
-0.0228882	0.00427246	-0.0186157
-0.0250244	0.00183105	-0.0231934
-0.0268555	-0.00183105	-0.0286865
-0.0292969	-0.00183105	-0.0311279
-0.0317383	0.00213623	-0.0296021
-0.0326538	0.00762939	-0.0250244
-0.0323486	0.0131226	-0.0192261
-0.0311279	0.0216675	-0.00946045
-0.0292969	0.0341797	0.00488281
-0.0262451	0.0476074	0.0213623
-0.0216675	0.055542	0.0338745
-0.0149536	0.0546265	0.0396729
-0.00732422	0.0463867	0.0390625
0	0.0338745	0.0338745
0.00732422	0.0210571	0.0283813
0.0140381	0.0125122	0.0265503
0.0213623	0.00823975	0.0296021
0.0283813	0.00518799	0.0335693
0.03479	0.00213623	0.0369263
0.0393677	-0.0012207	0.038147
0.0427246	-0.00335693	0.0393677
0.0436401	0.00152588	0.045166
0.0424194	0.0180054	0.0604248
0.0396729	0.039978	0.0796509
0.0360107	0.0570679	0.0930786
0.0317383	0.0619507	0.093689
0.0274658	0.0561523	0.0836182
0.0228882	0.0476074	0.0704956
0.0192261	0.0411987	0.0604248
0.0161743	0.0390625	0.0552368
0.0140381	0.0442505	0.0582886
0.0134277	0.0546265	0.0680542
0.0164795	0.0592041	0.0756836
0.0231934	0.0500488	0.0732422
0.0317383	0.0320435	0.0637817
0.0396729	0.0149536	0.0546265
0.0457764	0.00335693	0.0491333
0.0494385	-0.00671387	0.0427246
0.0509644	-0.0180054	0.032959
0.0524902	-0.0332642	0.0192261
0.0527954	-0.0509644	0.00183105
0.0509644	-0.0674438	-0.0164795
0.0466919	-0.0784302	-0.0317383
0.0421143	-0.0827026	-0.0405884
0.0393677	-0.0778198	-0.0384521
0.039978	-0.0631714	-0.0231934
0.043335	-0.0430298	0.000305176
0.0485229	-0.0228882	0.0256348
0.0546265	-0.00640869	0.0482178
0.0610352	0.00488281	0.065918
0.0668335	0.0100708	0.0769043
0.071106	0.00854492	0.0796509
0.0732422	0.00640869	0.0796509
0.0732422	0.00915527	0.0823975
0.0708008	0.0146484	0.0854492
0.0665283	0.0195313	0.0860596
0.0616455	0.0241089	0.0857544
0.0595093	0.0274658	0.0869751
0.0622559	0.0280762	0.090332
0.0692749	0.0268555	0.0961304
0.0787354	0.0250244	0.10376
0.0891113	0.022583	0.111694
0.100403	0.0149536	0.115356
0.112305	0.00152588	0.113831
0.124512	-0.0137329	0.110779
0.135498	-0.0247192	0.110779
0.143433	-0.0302124	0.11322
0.147705	-0.0317383	0.115967
0.147705	-0.0280762	0.119629
0.143738	-0.0195313	0.124207
0.137939	-0.00762939	0.13031
0.131531	0.00366211	0.135193
0.125427	0.0125122	0.137939
0.119019	0.0177002	0.136719
0.113525	0.020752	0.134277
0.108643	0.0253296	0.133972
0.10376	0.0317383	0.135498
0.098877	0.0390625	0.137939
0.0933838	0.0427246	0.136108
0.0875854	0.0427246	0.13031
0.0817871	0.0415039	0.123291
0.0756836	0.0421143	0.117798
0.0695801	0.0457764	0.115356
0.0646973	0.0518799	0.116577
0.06073	0.057373	0.118103
0.0579834	0.0595093	0.117493
0.0561523	0.0595093	0.115662
0.055542	0.0570679	0.11261
0.0552368	0.0515747	0.106812
0.0546265	0.0442505	0.098877
0.0524902	0.0369263	0.0894165
0.0491333	0.0326538	0.0817871
0.045166	0.0326538	0.0778198
0.0396729	0.0360107	0.0756836
0.0320435	0.043335	0.0753784
0.0219727	0.0537109	0.0756836
0.0109863	0.0598145	0.0708008
0.00152588	0.0588989	0.0604248
-0.00671387	0.050354	0.0436401
-0.0140381	0.0393677	0.0253296
-0.0213623	0.0320435	0.0106812
-0.027771	0.0302124	0.00244141
-0.032959	0.0314331	-0.00152588
-0.0369263	0.027771	-0.00915527
-0.0393677	0.017395	-0.0219727
-0.0424194	0.00793457	-0.0344849
-0.0457764	0.00640869	-0.0393677
-0.0476074	0.012207	-0.0354004
-0.0476074	0.022583	-0.0250244
-0.0466919	0.0338745	-0.0128174
-0.045166	0.0418091	-0.00335693
-0.0439453	0.0460815	0.00213623
-0.0424194	0.0463867	0.00396729
-0.0402832	0.043335	0.00305176
-0.0357056	0.0396729	0.00396729
-0.0283813	0.0344849	0.00610352
-0.0201416	0.0283813	0.00823975
-0.0131226	0.020752	0.00762939
-0.00701904	0.0137329	0.00671387
-0.000915527	0.00915527	0.00823975
0.00488281	0.00732422	0.012207
0.00976563	0.00701904	0.0167847
0.0140381	0.00732422	0.0213623
0.0183105	0.00915527	0.0274658
0.0216675	0.0152588	0.0369263
0.0238037	0.0231934	0.0469971
0.0253296	0.0305176	0.0558472
0.0268555	0.0363159	0.0631714
0.0283813	0.043335	0.0717163
0.0296021	0.050354	0.0799561
0.0317383	0.0527954	0.0845337
0.0341797	0.0531006	0.0872803
0.0369263	0.0561523	0.0930786
0.0396729	0.0628662	0.102539
0.0408936	0.0671387	0.108032
0.0387573	0.0683594	0.107117
0.032959	0.0674438	0.100403
0.0253296	0.0585938	0.0839233
0.0167847	0.0445557	0.0613403
0.00946045	0.0305176	0.039978
0.00274658	0.0201416	0.0228882
-0.00335693	0.0119019	0.00854492
-0.00946045	0.00152588	-0.00793457
-0.0146484	-0.0106812	-0.0253296
-0.0180054	-0.020752	-0.0387573
-0.0177002	-0.0265503	-0.0442505
-0.0143433	-0.027771	-0.0421143
-0.0088501	-0.0213623	-0.0302124
-0.00274658	-0.00854492	-0.0112915
0.00335693	0.00671387	0.0100708
0.00915527	0.0204468	0.0296021
0.0131226	0.0286865	0.0418091
0.0149536	0.0350952	0.0500488
0.0149536	0.0427246	0.0576782
0.0131226	0.0494385	0.062561
0.00976563	0.0506592	0.0604248
0.00488281	0.0460815	0.0509644
-0.00213623	0.0411987	0.0390625
-0.0100708	0.0445557	0.0344849
-0.0183105	0.0622559	0.0439453
-0.0268555	0.093689	0.0668335
-0.0338745	0.128479	0.0946045
-0.0384521	0.147095	0.108643
-0.0384521	0.145264	0.106812
-0.03479	0.128784	0.0939941
-0.0280762	0.101318	0.0732422
-0.0195313	0.0650024	0.0454712
-0.00946045	0.0219727	0.0125122
0.00152588	-0.0259399	-0.0244141
0.0119019	-0.0759888	-0.0640869
0.0201416	-0.125427	-0.105286
0.0256348	-0.165405	-0.139771
0.027771	-0.186768	-0.158997
0.0268555	-0.183105	-0.15625
0.0241089	-0.157776	-0.133667
0.0210571	-0.122375	-0.101318
0.0170898	-0.0842285	-0.0671387
0.012207	-0.0454712	-0.0332642
0.00762939	-0.0100708	-0.00244141
0.00701904	0.0195313	0.0265503
0.0109863	0.0360107	0.0469971
0.0177002	0.0317383	0.0494385
0.0247192	0.012207	0.0369263
0.0311279	-0.0128174	0.0183105
0.0357056	-0.0366211	-0.000915527
0.0387573	-0.062561	-0.0238037
0.0393677	-0.0881958	-0.0488281
0.0369263	-0.105286	-0.0683594
0.0320435	-0.11322	-0.0811768
0.0244141	-0.115662	-0.0912476
0.0152588	-0.111084	-0.0958252
0.00549316	-0.09552	-0.0900269
-0.00366211	-0.071106	-0.0747681
-0.0106812	-0.0411987	-0.0518799
-0.015564	-0.0100708	-0.0256348
-0.0183105	0.0158691	-0.00244141
-0.0195313	0.0305176	0.0109863
-0.0180054	0.0338745	0.0158691
-0.0158691	0.0299072	0.0140381
-0.0137329	0.022583	0.0088501
-0.012207	0.0131226	0.000915527
-0.0109863	-0.00640869	-0.017395
-0.00976563	-0.0366211	-0.0463867
-0.00854492	-0.0671387	-0.0756836
-0.00762939	-0.085144	-0.0927734
-0.00732422	-0.0860596	-0.0933838
-0.00732422	-0.0769043	-0.0842285
-0.00671387	-0.065918	-0.0726318
-0.00610352	-0.0604248	-0.0665283
-0.00488281	-0.055542	-0.0604248
-0.00396729	-0.0454712	-0.0494385
-0.00488281	-0.0317383	-0.0366211
-0.00671387	-0.0131226	-0.0198364
-0.0088501	0.00762939	-0.0012207
-0.0106812	0.0152588	0.00457764
-0.012207	0.00396729	-0.00823975
-0.0131226	-0.0161743	-0.0292969
-0.0134277	-0.0341797	-0.0476074
-0.012207	-0.0439453	-0.0561523
-0.00854492	-0.0430298	-0.0515747
-0.00366211	-0.0354004	-0.0390625
0.00274658	-0.0311279	-0.0283813
0.00946045	-0.0375366	-0.0280762
0.0149536	-0.0469971	-0.0320435
0.0198364	-0.0482178	-0.0283813
0.0247192	-0.0375366	-0.0128174
0.0286865	-0.0271606	0.00152588
0.0308228	-0.0259399	0.00488281
0.0314331	-0.0302124	0.0012207
0.0311279	-0.0350952	-0.00396729
0.0299072	-0.0360107	-0.00610352
0.0280762	-0.0335693	-0.00549316
0.0262451	-0.0256348	0.000610352
0.0244141	-0.0112915	0.0131226
0.0234985	0.00671387	0.0302124
0.0234985	0.0314331	0.0549316
0.0234985	0.0524902	0.0759888
0.0231934	0.0546265	0.0778198
0.0228882	0.0375366	0.0604248
0.0213623	0.0106812	0.0320435
0.0189209	-0.0167847	0.00213623
0.0161743	-0.0427246	-0.0265503
0.0152588	-0.071106	-0.0558472
0.0158691	-0.101929	-0.0860596
0.0161743	-0.127869	-0.111694
0.0164795	-0.136108	-0.119629
0.0161743	-0.122681	-0.106506
0.0164795	-0.0930786	-0.0765991
0.0170898	-0.0598145	-0.0427246
0.0180054	-0.0335693	-0.015564
0.0180054	-0.0189209	-0.000915527
0.0164795	-0.0195313	-0.00305176
0.0137329	-0.03479	-0.0210571
0.0106812	-0.0579834	-0.0473022
0.00823975	-0.0820923	-0.0738525
0.00762939	-0.105591	-0.0979614
0.00732422	-0.126953	-0.119629
0.00549316	-0.13855	-0.133057
0.00274658	-0.126953	-0.124207
0.000610352	-0.0942993	-0.093689
-0.000305176	-0.0546265	-0.0549316
-0.000915527	-0.0219727	-0.0228882
-0.00183105	-0.00671387	-0.00854492
-0.00274658	-0.0106812	-0.0134277
-0.00274658	-0.0274658	-0.0302124
-0.00335693	-0.0463867	-0.0497437
-0.00427246	-0.0668335	-0.071106
-0.00488281	-0.0930786	-0.0979614
-0.00457764	-0.123291	-0.127869
-0.00335693	-0.145569	-0.148926
-0.00244141	-0.149231	-0.151672
-0.00244141	-0.133362	-0.135803
-0.00335693	-0.102844	-0.106201
-0.00579834	-0.0604248	-0.0662231
-0.00854492	-0.0128174	-0.0213623
-0.012207	0.0280762	0.0158691
-0.0164795	0.0604248	0.0439453
-0.0198364	0.0723267	0.0524902
-0.0213623	0.0531006	0.0317383
-0.0201416	0.015564	-0.00457764
-0.0170898	-0.0283813	-0.0454712
-0.0109863	-0.0805664	-0.0915527
-0.000610352	-0.130005	-0.130615
0.0140381	-0.16571	-0.151672
0.0323486	-0.181274	-0.148926
0.0543213	-0.175476	-0.121155
0.0799561	-0.14679	-0.0668335
0.109863	-0.0961304	0.0137329
0.145874	-0.0317383	0.114136
0.187683	0.0354004	0.223083
0.229797	0.0997925	0.32959
0.264893	0.154724	0.419617
0.286865	0.19989	0.486755
0.293579	0.235291	0.52887
0.282593	0.259399	0.541992
0.25177	0.26886	0.52063
0.201416	0.26886	0.470276
0.134583	0.265808	0.400391
0.057373	0.25116	0.308533
-0.0253296	0.219727	0.194397
-0.106506	0.180664	0.0741577
-0.178833	0.141602	-0.0372314
-0.236206	0.10376	-0.132446
-0.273132	0.0646973	-0.208435
-0.28717	0.0222778	-0.264893
-0.280151	-0.0262451	-0.306396
-0.255737	-0.0762939	-0.332031
-0.220337	-0.118103	-0.33844
-0.179749	-0.148621	-0.328369
-0.138245	-0.167236	-0.305481
-0.100708	-0.172424	-0.273132
-0.0689697	-0.162964	-0.231934
-0.0448608	-0.145874	-0.190735
-0.0283813	-0.127563	-0.155945
-0.0183105	-0.109863	-0.128174
-0.0131226	-0.0952148	-0.108337
-0.0106812	-0.0805664	-0.0912476
-0.010376	-0.0613403	-0.0717163
-0.0106812	-0.0463867	-0.0570679
-0.0119019	-0.0405884	-0.0524902
-0.0131226	-0.0396729	-0.0527954
-0.0143433	-0.0350952	-0.0494385
-0.0146484	-0.0253296	-0.039978
-0.0146484	-0.0167847	-0.0314331
-0.0158691	-0.0158691	-0.0317383
-0.0177002	-0.0244141	-0.0421143
-0.0192261	-0.0357056	-0.0549316
-0.0198364	-0.0445557	-0.0643921
-0.0195313	-0.0518799	-0.0714111
-0.0180054	-0.0588989	-0.0769043
-0.015564	-0.0622559	-0.0778198
-0.012207	-0.0561523	-0.0683594
-0.00823975	-0.0442505	-0.0524902
-0.00488281	-0.0338745	-0.0387573
-0.00305176	-0.0262451	-0.0292969
-0.00244141	-0.0195313	-0.0219727
-0.00305176	-0.0106812	-0.0137329
-0.00518799	0.00152588	-0.00366211
-0.00854492	0.0180054	0.00946045
-0.0146484	0.0350952	0.0204468
-0.0219727	0.0518799	0.0299072
-0.0292969	0.0671387	0.0378418
-0.03479	0.0784302	0.0436401
-0.0375366	0.083313	0.0457764
-0.038147	0.0820923	0.0439453
-0.0354004	0.0799561	0.0445557
-0.0268555	0.0701904	0.043335
-0.0131226	0.0466919	0.0335693
0.00244141	0.0149536	0.017395
0.0180054	-0.017395	0.000610352
0.0326538	-0.0482178	-0.015564
0.0457764	-0.0772095	-0.0314331
0.0558472	-0.101624	-0.0457764
0.0628662	-0.117493	-0.0546265
0.0665283	-0.12146	-0.0549316
0.0653076	-0.114136	-0.0488281
0.0598145	-0.0982666	-0.0384521
0.0509644	-0.078125	-0.0271606
0.0415039	-0.0592041	-0.0177002
0.0335693	-0.0445557	-0.0109863
0.0280762	-0.0326538	-0.00457764
0.0247192	-0.020752	0.00396729
0.0241089	-0.0152588	0.0088501
0.0262451	-0.017395	0.0088501
0.0308228	-0.0265503	0.00427246
0.0378418	-0.0384521	-0.000610352
0.0469971	-0.0491333	-0.00213623
0.0570679	-0.0558472	0.0012207
0.0674438	-0.0592041	0.00823975
0.0772095	-0.0601196	0.0170898
0.0848389	-0.0595093	0.0253296
0.0915527	-0.0567627	0.03479
0.0973511	-0.0485229	0.0488281
0.102844	-0.0375366	0.0653076
0.107117	-0.0271606	0.0799561
0.109253	-0.0210571	0.0881958
0.109558	-0.0143433	0.0952148
0.107422	-0.010376	0.0970459
0.104065	-0.0152588	0.0888062
0.0991821	-0.0299072	0.0692749
0.0939941	-0.0482178	0.0457764
0.088501	-0.062561	0.0259399
0.0839233	-0.0671387	0.0167847
0.0805664	-0.0686646	0.0119019
0.0790405	-0.0747681	0.00427246
0.0802612	-0.0836182	-0.00335693
0.0839233	-0.0869751	-0.00305176
0.0894165	-0.0802612	0.00915527
0.0964355	-0.0668335	0.0296021
0.104675	-0.0534058	0.0512695
0.113525	-0.0427246	0.0708008
0.122375	-0.0350952	0.0872803
0.129395	-0.032959	0.0964355
0.132446	-0.0366211	0.0958252
0.131836	-0.043335	0.088501
0.130615	-0.0506592	0.0799561
0.131226	-0.0592041	0.0720215
0.133362	-0.0668335	0.0665283
0.135193	-0.0704956	0.0646973
0.137024	-0.0680542	0.0689697
0.139465	-0.0601196	0.0793457
0.143433	-0.0500488	0.0933838
0.149536	-0.0411987	0.108337
0.156555	-0.0375366	0.119019
0.162659	-0.0396729	0.122986
0.166931	-0.0439453	0.122986
0.169373	-0.045166	0.124207
0.169678	-0.045166	0.124512
0.167542	-0.0509644	0.116577
0.163574	-0.0588989	0.104675
0.158386	-0.0546265	0.10376
0.152893	-0.0314331	0.12146
0.146484	-0.00366211	0.142822
0.139465	0.015564	0.155029
0.131226	0.0274658	0.158691
0.123596	0.0332642	0.15686
0.116882	0.0341797	0.151062
0.110474	0.0308228	0.141296
0.104675	0.020752	0.125427
0.100708	0.00335693	0.104065
0.0994873	-0.022583	0.0769043
0.100098	-0.0524902	0.0476074
0.101318	-0.0778198	0.0234985
0.102844	-0.0912476	0.0115967
0.104675	-0.0924683	0.012207
0.106201	-0.0830078	0.0231934
0.106506	-0.0665283	0.039978
0.10498	-0.0485229	0.0564575
0.101013	-0.027771	0.0732422
0.0952148	-0.00396729	0.0912476
0.0891113	0.015564	0.104675
0.0830078	0.0250244	0.108032
0.0772095	0.022583	0.0997925
0.0717163	0.0115967	0.083313
0.0662231	0.000915527	0.0671387
0.0616455	-0.00366211	0.0579834
0.057373	-0.00366211	0.0537109
0.0531006	-0.00518799	0.0479126
0.0482178	-0.0106812	0.0375366
0.0415039	-0.0170898	0.0244141
0.0332642	-0.0222778	0.0109863
0.0250244	-0.0253296	-0.000305176
0.0177002	-0.0238037	-0.00610352
0.010376	-0.0158691	-0.00549316
0.00244141	-0.00549316	-0.00305176
-0.00488281	-0.00244141	-0.00732422
-0.00976563	-0.00854492	-0.0183105
-0.012207	-0.0186157	-0.0308228
-0.0119019	-0.0241089	-0.0360107
-0.0106812	-0.0222778	-0.032959
-0.00823975	-0.0167847	-0.0250244
-0.00457764	-0.0131226	-0.0177002
0.000610352	-0.0137329	-0.0131226
0.00640869	-0.0161743	-0.00976563
0.0119019	-0.0170898	-0.00518799
0.017395	-0.015564	0.00183105
0.0222778	-0.0115967	0.0106812
0.0256348	-0.000305176	0.0253296
0.0274658	0.0183105	0.0457764
0.027771	0.0335693	0.0613403
0.0271606	0.0387573	0.065918
0.0256348	0.0350952	0.06073
0.0238037	0.0256348	0.0494385
0.020752	0.015564	0.0363159
0.0164795	0.00579834	0.0222778
0.0112915	-0.00305176	0.00823975
0.00549316	-0.0112915	-0.00579834
0.000610352	-0.0198364	-0.0192261
-0.00305176	-0.0292969	-0.0323486
-0.00701904	-0.0402832	-0.0473022
-0.0100708	-0.0488281	-0.0588989
-0.0119019	-0.0473022	-0.0592041
-0.0125122	-0.03479	-0.0473022
-0.012207	-0.0167847	-0.0289917
-0.010376	0.00335693	-0.00701904
-0.00701904	0.0216675	0.0146484
-0.00152588	0.0296021	0.0280762
0.00488281	0.0256348	0.0305176
0.0109863	0.0180054	0.0289917
0.0152588	0.0100708	0.0253296
0.0180054	0.000610352	0.0186157
0.0186157	-0.00946045	0.00915527
0.017395	-0.0186157	-0.0012207
0.0137329	-0.0262451	-0.0125122
0.00823975	-0.0299072	-0.0216675
0.00183105	-0.0271606	-0.0253296
-0.00518799	-0.0149536	-0.0201416
-0.0115967	0.00366211	-0.00793457
-0.0164795	0.0216675	0.00518799
-0.0195313	0.0378418	0.0183105
-0.0210571	0.0488281	0.027771
-0.0186157	0.0515747	0.032959
-0.00946045	0.0439453	0.0344849
0.00366211	0.0283813	0.0320435
0.017395	0.00793457	0.0253296
0.0292969	-0.0125122	0.0167847
0.0396729	-0.0244141	0.0152588
0.0485229	-0.0280762	0.0204468
0.0558472	-0.0308228	0.0250244
0.0604248	-0.0363159	0.0241089
0.0613403	-0.0421143	0.0192261
0.0585938	-0.043335	0.0152588
0.0527954	-0.0390625	0.0137329
0.0445557	-0.0326538	0.0119019
0.0350952	-0.0299072	0.00518799
0.0250244	-0.0360107	-0.0109863
0.0161743	-0.0473022	-0.0311279
0.00915527	-0.057373	-0.0482178
0.00427246	-0.0628662	-0.0585938
0.0012207	-0.0628662	-0.0616455
-0.000915527	-0.0588989	-0.0598145
-0.00244141	-0.0518799	-0.0543213
-0.00366211	-0.0411987	-0.0448608
-0.00457764	-0.0286865	-0.0332642
-0.00457764	-0.0201416	-0.0247192
-0.00335693	-0.0177002	-0.0210571
-0.000610352	-0.0167847	-0.017395
0.00244141	-0.0137329	-0.0112915
0.00518799	-0.00915527	-0.00396729
0.00701904	-0.00518799	0.00183105
0.00823975	-0.00213623	0.00610352
0.00915527	0.00213623	0.0112915
0.010376	0.00823975	0.0186157
0.0112915	0.0158691	0.0271606
0.0115967	0.0253296	0.0369263
0.0100708	0.0350952	0.045166
0.00732422	0.0393677	0.0466919
0.00366211	0.0360107	0.0396729
0	0.0274658	0.0274658
-0.00213623	0.0213623	0.0192261
-0.00305176	0.0265503	0.0234985
-0.00366211	0.0402832	0.0366211
-0.00427246	0.0494385	0.045166
-0.00457764	0.0430298	0.0384521
-0.00396729	0.0238037	0.0198364
-0.00274658	0.00366211	0.000915527
-0.000610352	-0.0088501	-0.00946045
0.00213623	-0.0146484	-0.0125122
0.00488281	-0.0219727	-0.0170898
0.00762939	-0.0338745	-0.0262451
0.00976563	-0.0482178	-0.0384521
0.0106812	-0.0598145	-0.0491333
0.0106812	-0.065918	-0.0552368
0.010376	-0.0668335	-0.0564575
0.00915527	-0.0604248	-0.0512695
0.00732422	-0.0469971	-0.0396729
0.00488281	-0.0299072	-0.0250244
0.0012207	-0.0134277	-0.012207
-0.00305176	-0.00274658	-0.00579834
-0.00671387	0.00183105	-0.00488281
-0.00946045	0.00274658	-0.00671387
-0.0109863	-0.000305176	-0.0112915
-0.012207	-0.00457764	-0.0167847
-0.0125122	-0.00213623	-0.0146484
-0.0115967	0.010376	-0.0012207
-0.00915527	0.0268555	0.0177002
-0.00640869	0.0393677	0.032959
-0.00366211	0.0445557	0.0408936
-0.0012207	0.0445557	0.043335
0.000305176	0.0430298	0.043335
-0.000305176	0.0424194	0.0421143
-0.00366211	0.0427246	0.0390625
-0.00854492	0.0396729	0.0311279
-0.0143433	0.0305176	0.0161743
-0.020752	0.0167847	-0.00396729
-0.027771	0.00427246	-0.0234985
-0.0341797	-0.0012207	-0.0354004
-0.039978	0.00305176	-0.0369263
-0.0439453	0.0131226	-0.0308228
-0.0457764	0.0234985	-0.0222778
-0.0448608	0.0317383	-0.0131226
-0.0415039	0.0387573	-0.00274658
-0.0372314	0.0436401	0.00640869
-0.032959	0.0457764	0.0128174
-0.0286865	0.0479126	0.0192261
-0.0231934	0.0476074	0.0244141
-0.0158691	0.0454712	0.0296021
-0.00793457	0.0460815	0.038147
-0.000305176	0.0491333	0.0488281
0.00671387	0.0500488	0.0567627
0.0134277	0.0454712	0.0588989
0.020752	0.0396729	0.0604248
0.0274658	0.0369263	0.0643921
0.0335693	0.038147	0.0717163
0.0387573	0.0445557	0.083313
0.0418091	0.0488281	0.0906372
0.0430298	0.043335	0.0863647
0.0430298	0.0302124	0.0732422
0.0411987	0.0134277	0.0546265
0.0375366	0.000305176	0.0378418
0.0317383	-0.00518799	0.0265503
0.0247192	-0.00579834	0.0189209
0.0170898	-0.00366211	0.0134277
0.0106812	-0.00213623	0.00854492
0.00518799	-0.00213623	0.00305176
0.0012207	-0.00305176	-0.00183105
-0.00183105	-0.00152588	-0.00335693
-0.00457764	0.00274658	-0.00183105
-0.00823975	0.0106812	0.00244141
-0.012207	0.0195313	0.00732422
-0.0161743	0.0253296	0.00915527
-0.0192261	0.0250244	0.00579834
-0.0228882	0.0180054	-0.00488281
-0.0271606	0.00610352	-0.0210571
-0.0320435	-0.00946045	-0.0415039
-0.0372314	-0.0244141	-0.0616455
-0.0436401	-0.0360107	-0.0796509
-0.0500488	-0.0466919	-0.0967407
-0.0552368	-0.055542	-0.110779
-0.0592041	-0.0598145	-0.119019
-0.0622559	-0.0616455	-0.123901
-0.0650024	-0.0640869	-0.129089
-0.067749	-0.06073	-0.128479
-0.0708008	-0.0427246	-0.113525
-0.0741577	-0.010376	-0.0845337
-0.0769043	0.022583	-0.0543213
-0.0790405	0.043335	-0.0357056
-0.0802612	0.0537109	-0.0265503
-0.0799561	0.0595093	-0.0204468
-0.0765991	0.0622559	-0.0143433
-0.0701904	0.06073	-0.00946045
-0.0616455	0.0527954	-0.0088501
-0.0521851	0.0363159	-0.0158691
-0.0427246	0.0143433	-0.0283813
-0.0338745	-0.00854492	-0.0424194
-0.0259399	-0.0283813	-0.0543213
-0.0186157	-0.0427246	-0.0613403
-0.0125122	-0.0506592	-0.0631714
-0.00732422	-0.0527954	-0.0601196
-0.00396729	-0.0509644	-0.0549316
-0.00213623	-0.0482178	-0.050354
0	-0.0460815	-0.0460815
0.00457764	-0.0460815	-0.0415039
0.0128174	-0.043335	-0.0305176
0.0253296	-0.0314331	-0.00610352
0.0415039	-0.00946045	0.0320435
0.0610352	0.0134277	0.0744629
0.0845337	0.0335693	0.118103
0.11322	0.0567627	0.169983
0.146484	0.0872803	0.233765
0.179749	0.123291	0.30304
0.208435	0.158997	0.367432
0.229492	0.19165	0.421143
0.239868	0.222473	0.462341
0.237427	0.249023	0.48645
0.21759	0.266113	0.483704
0.178528	0.273438	0.451965
0.122375	0.270691	0.393066
0.0546265	0.257874	0.3125
-0.0198364	0.238037	0.218201
-0.0958252	0.211487	0.115662
-0.168152	0.179749	0.0115967
-0.229492	0.140076	-0.0894165
-0.273132	0.0909424	-0.18219
-0.295715	0.0366211	-0.259094
-0.297852	-0.017395	-0.315247
-0.283203	-0.0640869	-0.34729
-0.256042	-0.0970459	-0.353088
-0.219727	-0.112	-0.331726
-0.178833	-0.112305	-0.291138
-0.138855	-0.109253	-0.248108
-0.10437	-0.104065	-0.208435
-0.078125	-0.0891113	-0.167236
-0.0610352	-0.0634766	-0.124512
-0.0512695	-0.0366211	-0.0878906
-0.0454712	-0.017395	-0.0628662
-0.0402832	-0.0100708	-0.050354
-0.0350952	-0.0128174	-0.0479126
-0.0302124	-0.0219727	-0.0521851
-0.0259399	-0.0335693	-0.0595093
-0.0219727	-0.0460815	-0.0680542
-0.0177002	-0.0582886	-0.0759888
-0.0140381	-0.0653076	-0.0793457
-0.0109863	-0.0653076	-0.0762939
-0.00946045	-0.0579834	-0.0674438
-0.0100708	-0.0442505	-0.0543213
-0.0131226	-0.0256348	-0.0387573
-0.0183105	-0.00579834	-0.0241089
-0.0234985	0.0146484	-0.0088501
-0.0280762	0.0317383	0.00366211
-0.0302124	0.0405884	0.010376
-0.0302124	0.0402832	0.0100708
-0.0286865	0.0326538	0.00396729
-0.0265503	0.0192261	-0.00732422
-0.0238037	0.00488281	-0.0189209
-0.0210571	-0.0106812	-0.0317383
-0.0186157	-0.0271606	-0.0457764
-0.0167847	-0.0430298	-0.0598145
-0.0158691	-0.0534058	-0.0692749
-0.0158691	-0.0543213	-0.0701904
-0.017395	-0.0466919	-0.0640869
-0.0201416	-0.0338745	-0.0540161
-0.0241089	-0.0204468	-0.0445557
-0.0280762	-0.00976563	-0.0378418
-0.0317383	-0.000915527	-0.0326538
-0.03479	0.00671387	-0.0280762
-0.0369263	0.00976563	-0.0271606
-0.0384521	0.00732422	-0.0311279
-0.0387573	0.00213623	-0.0366211
-0.0372314	-0.00274658	-0.039978
-0.0335693	-0.00732422	-0.0408936
-0.0289917	-0.00976563	-0.0387573
-0.0244141	-0.012207	-0.0366211
-0.0204468	-0.0149536	-0.0354004
-0.0170898	-0.0137329	-0.0308228
-0.0137329	-0.00823975	-0.0219727
-0.0106812	0.00213623	-0.00854492
-0.00854492	0.0115967	0.00305176
-0.00793457	0.0161743	0.00823975
-0.0088501	0.0210571	0.012207
-0.00976563	0.0259399	0.0161743
-0.0088501	0.0262451	0.017395
-0.00610352	0.0201416	0.0140381
-0.00152588	0.0106812	0.00915527
0.00396729	0.000610352	0.00457764
0.0106812	-0.0100708	0.000610352
0.0180054	-0.0183105	-0.000305176
0.0247192	-0.0241089	0.000610352
0.0305176	-0.0296021	0.000915527
0.0357056	-0.03479	0.000915527
0.0393677	-0.0369263	0.00244141
0.0415039	-0.0326538	0.0088501
0.0418091	-0.0222778	0.0195313
0.0405884	-0.00823975	0.0323486
0.0390625	0.00579834	0.0448608
0.0378418	0.0149536	0.0527954
0.0375366	0.0146484	0.0521851
0.0378418	0.00854492	0.0463867
0.038147	0.00244141	0.0405884
0.0378418	-0.00335693	0.0344849
0.038147	-0.00915527	0.0289917
0.0396729	-0.0164795	0.0231934
0.0415039	-0.0268555	0.0146484
0.043335	-0.0393677	0.00396729
0.0442505	-0.0500488	-0.00579834
0.0445557	-0.0540161	-0.00946045
0.0454712	-0.0463867	-0.000915527
0.0473022	-0.0299072	0.017395
0.0497437	-0.0131226	0.0366211
0.0524902	-0.000610352	0.0518799
0.0552368	0.00640869	0.0616455
0.0570679	0.00640869	0.0634766
0.0582886	0.00427246	0.062561
0.0595093	0.00518799	0.0646973
0.0610352	0.00946045	0.0704956
0.0622559	0.0088501	0.071106
0.0643921	-0.00518799	0.0592041
0.0668335	-0.0268555	0.039978
0.0692749	-0.0427246	0.0265503
0.0714111	-0.0454712	0.0259399
0.0744629	-0.0372314	0.0372314
0.0790405	-0.0253296	0.0537109
0.0854492	-0.0180054	0.0674438
0.0933838	-0.0167847	0.0765991
0.102234	-0.0167847	0.0854492
0.110779	-0.0131226	0.0976563
0.118103	-0.00915527	0.108948
0.124512	-0.00823975	0.116272
0.129395	-0.012207	0.117188
0.132446	-0.0219727	0.110474
0.133057	-0.0354004	0.0976563
0.131226	-0.0457764	0.0854492
0.127258	-0.0488281	0.0784302
0.121155	-0.045166	0.0759888
0.113525	-0.0363159	0.0772095
0.10498	-0.0180054	0.0869751
0.0961304	0.00915527	0.105286
0.0872803	0.0332642	0.120544
0.0793457	0.0476074	0.126953
0.0723267	0.0534058	0.125732
0.0662231	0.0537109	0.119934
0.0604248	0.0494385	0.109863
0.0552368	0.0405884	0.0958252
0.0506592	0.0274658	0.078125
0.0463867	0.0106812	0.0570679
0.0430298	-0.00762939	0.0354004
0.0396729	-0.0222778	0.017395
0.0366211	-0.0302124	0.00640869
0.0341797	-0.0335693	0.000610352
0.032959	-0.0320435	0.000915527
0.0317383	-0.0253296	0.00640869
0.0305176	-0.0143433	0.0161743
0.0283813	-0.00213623	0.0262451
0.0244141	0.00488281	0.0292969
0.0192261	0.00366211	0.0228882
0.0128174	-0.00305176	0.00976563
0.00518799	-0.00976563	-0.00457764
-0.00213623	-0.0161743	-0.0183105
-0.0088501	-0.0228882	-0.0317383
-0.0161743	-0.0283813	-0.0445557
-0.0238037	-0.0314331	-0.0552368
-0.0311279	-0.0308228	-0.0619507
-0.0360107	-0.0259399	-0.0619507
-0.0384521	-0.017395	-0.0558472
-0.0390625	-0.00640869	-0.0454712
-0.0396729	0.00488281	-0.03479
-0.0411987	0.015564	-0.0256348
-0.0442505	0.0231934	-0.0210571
-0.0476074	0.0268555	-0.020752
-0.0512695	0.0280762	-0.0231934
-0.0549316	0.0259399	-0.0289917
-0.0582886	0.020752	-0.0375366
-0.06073	0.012207	-0.0485229
-0.062561	0.00396729	-0.0585938
-0.0637817	-0.00183105	-0.0656128
-0.0646973	-0.00549316	-0.0701904
-0.0650024	-0.00732422	-0.0723267
-0.0643921	-0.00732422	-0.0717163
-0.0616455	-0.00427246	-0.065918
-0.0567627	0.00335693	-0.0534058
-0.0512695	0.012207	-0.0390625
-0.0466919	0.0192261	-0.0274658
-0.0436401	0.020752	-0.0228882
-0.0405884	0.0177002	-0.0228882
-0.0369263	0.012207	-0.0247192
-0.0326538	0.00701904	-0.0256348
-0.0274658	0.00305176	-0.0244141
-0.0216675	-0.00244141	-0.0241089
-0.0164795	-0.010376	-0.0268555
-0.0134277	-0.0192261	-0.0326538
-0.0119019	-0.0283813	-0.0402832
-0.0112915	-0.0363159	-0.0476074
-0.0112915	-0.039978	-0.0512695
-0.012207	-0.0357056	-0.0479126
-0.0131226	-0.0250244	-0.038147
-0.0143433	-0.0131226	-0.0274658
-0.0158691	-0.00305176	-0.0189209
-0.017395	0.00488281	-0.0125122
-0.0186157	0.0109863	-0.00762939
-0.0189209	0.0158691	-0.00305176
-0.0186157	0.020752	0.00213623
-0.0180054	0.0265503	0.00854492
-0.017395	0.0314331	0.0140381
-0.0170898	0.0320435	0.0149536
-0.0170898	0.0259399	0.0088501
-0.017395	0.0152588	-0.00213623
-0.0186157	0.00518799	-0.0134277
-0.0198364	-0.00183105	-0.0216675
-0.0210571	-0.00732422	-0.0283813
-0.0219727	-0.0109863	-0.032959
-0.0222778	-0.00915527	-0.0314331
-0.0222778	-0.00488281	-0.0271606
-0.0219727	-0.00366211	-0.0256348
-0.0213623	-0.00701904	-0.0283813
-0.0210571	-0.0109863	-0.0320435
-0.0219727	-0.0115967	-0.0335693
-0.0234985	-0.010376	-0.0338745
-0.0253296	-0.0100708	-0.0354004
-0.0271606	-0.0112915	-0.0384521
-0.0286865	-0.0125122	-0.0411987
-0.0305176	-0.0128174	-0.043335
-0.0323486	-0.0119019	-0.0442505
-0.0344849	-0.00976563	-0.0442505
-0.0363159	-0.00549316	-0.0418091
-0.0375366	0.00305176	-0.0344849
-0.0372314	0.0192261	-0.0180054
-0.0360107	0.038147	0.00213623
-0.0341797	0.0488281	0.0146484
-0.0320435	0.0494385	0.017395
-0.0292969	0.0439453	0.0146484
-0.0271606	0.0372314	0.0100708
-0.0262451	0.0311279	0.00488281
-0.0253296	0.0250244	-0.000305176
-0.0241089	0.0170898	-0.00701904
-0.0222778	0.00488281	-0.017395
-0.0201416	-0.00915527	-0.0292969
-0.0186157	-0.0219727	-0.0405884
-0.0177002	-0.0314331	-0.0491333
-0.0177002	-0.0341797	-0.0518799
-0.017395	-0.0299072	-0.0473022
-0.0177002	-0.0210571	-0.0387573
-0.0183105	-0.0112915	-0.0296021
-0.0186157	-0.00274658	-0.0213623
-0.0186157	0.00213623	-0.0164795
-0.0177002	0.00244141	-0.0152588
-0.0170898	0.00183105	-0.0152588
-0.0167847	0.00213623	-0.0146484
-0.0158691	0.00305176	-0.0128174
-0.0143433	0.000915527	-0.0134277
-0.0119019	-0.00610352	-0.0180054
-0.0088501	-0.0146484	-0.0234985
-0.00579834	-0.0195313	-0.0253296
-0.00427246	-0.0204468	-0.0247192
-0.00488281	-0.0177002	-0.022583
-0.00701904	-0.0119019	-0.0189209
-0.0109863	-0.00518799	-0.0161743
-0.015564	0.00152588	-0.0140381
-0.0216675	0.00823975	-0.0134277
-0.0283813	0.0119019	-0.0164795
-0.0344849	0.0125122	-0.0219727
-0.039978	0.0134277	-0.0265503
-0.0439453	0.0161743	-0.027771
-0.0463867	0.0170898	-0.0292969
-0.0479126	0.015564	-0.0323486
-0.0482178	0.012207	-0.0360107
-0.0469971	0.00762939	-0.0393677
-0.045166	0.00213623	-0.0430298
-0.0424194	-0.00244141	-0.0448608
-0.0393677	-0.00579834	-0.045166
-0.0375366	-0.0088501	-0.0463867
-0.0357056	-0.0128174	-0.0485229
-0.0341797	-0.0170898	-0.0512695
-0.0323486	-0.0247192	-0.0570679
-0.0308228	-0.032959	-0.0637817
-0.0299072	-0.03479	-0.0646973
-0.0302124	-0.0305176	-0.06073
-0.0308228	-0.0231934	-0.0540161
-0.0320435	-0.0143433	-0.0463867
-0.0338745	-0.00366211	-0.0375366
-0.0363159	0.00823975	-0.0280762
-0.0387573	0.020752	-0.0180054
-0.0411987	0.0314331	-0.00976563
-0.0445557	0.0402832	-0.00427246
-0.0485229	0.0473022	-0.0012207
-0.0521851	0.0549316	0.00274658
-0.0552368	0.0640869	0.0088501
-0.057373	0.0704956	0.0131226
-0.0585938	0.0686646	0.0100708
-0.0588989	0.0601196	0.0012207
-0.0579834	0.0500488	-0.00793457
-0.0552368	0.0408936	-0.0143433
-0.0512695	0.032959	-0.0183105
-0.0463867	0.0231934	-0.0231934
-0.0402832	0.00854492	-0.0317383
-0.0335693	-0.00762939	-0.0411987
-0.0268555	-0.022583	-0.0494385
-0.020752	-0.0363159	-0.0570679
-0.015564	-0.0469971	-0.062561
-0.0125122	-0.0473022	-0.0598145
-0.0112915	-0.0311279	-0.0424194
-0.012207	-0.00823975	-0.0204468
-0.0149536	0.010376	-0.00457764
-0.0192261	0.0219727	0.00274658
-0.0244141	0.0296021	0.00518799
-0.0305176	0.0372314	0.00671387
-0.0360107	0.0457764	0.00976563
-0.0402832	0.0512695	0.0109863
-0.0421143	0.0485229	0.00640869
-0.0421143	0.0363159	-0.00579834
-0.0418091	0.0189209	-0.0228882
-0.039978	0	-0.039978
-0.0360107	-0.0164795	-0.0524902
-0.0302124	-0.0271606	-0.057373
-0.0241089	-0.0274658	-0.0515747
-0.0186157	-0.0183105	-0.0369263
-0.0146484	-0.00671387	-0.0213623
-0.0119019	0.00518799	-0.00671387
-0.0100708	0.0180054	0.00793457
-0.0088501	0.0314331	0.022583
-0.00701904	0.0408936	0.0338745
-0.00518799	0.0460815	0.0408936
-0.00396729	0.0479126	0.0439453
-0.00457764	0.0442505	0.0396729
-0.00671387	0.0363159	0.0296021
-0.010376	0.0271606	0.0167847
-0.0134277	0.0186157	0.00518799
-0.015564	0.00915527	-0.00640869
-0.017395	-0.00183105	-0.0192261
-0.0186157	-0.0115967	-0.0302124
-0.0201416	-0.0131226	-0.0332642
-0.0219727	-0.00610352	-0.0280762
-0.0231934	0.00518799	-0.0180054
-0.0238037	0.0167847	-0.00701904
-0.022583	0.027771	0.00518799
-0.0201416	0.0369263	0.0167847
-0.0170898	0.0442505	0.0271606
-0.0146484	0.0521851	0.0375366
-0.0131226	0.057373	0.0442505
-0.012207	0.055542	0.043335
-0.0112915	0.0515747	0.0402832
-0.0112915	0.0497437	0.0384521
-0.012207	0.0497437	0.0375366
-0.0143433	0.0488281	0.0344849
-0.0167847	0.0463867	0.0296021
-0.0189209	0.0424194	0.0234985
-0.0177002	0.0360107	0.0183105
-0.0137329	0.0283813	0.0146484
-0.00915527	0.0198364	0.0106812
-0.00518799	0.00823975	0.00305176
-0.00183105	-0.00701904	-0.0088501
0.000610352	-0.0241089	-0.0234985
0.00183105	-0.038147	-0.0363159
0.00244141	-0.0494385	-0.0469971
0.00213623	-0.0613403	-0.0592041
0	-0.0744629	-0.0744629
-0.00366211	-0.0796509	-0.083313
-0.00915527	-0.067749	-0.0769043
-0.015564	-0.0415039	-0.0570679
-0.0222778	-0.0146484	-0.0369263
-0.0274658	0.00396729	-0.0234985
-0.0311279	0.0149536	-0.0161743
-0.032959	0.0198364	-0.0131226
-0.0332642	0.0192261	-0.0140381
-0.0317383	0.0128174	-0.0189209
-0.0292969	0.000915527	-0.0283813
-0.0262451	-0.0134277	-0.0396729
-0.0228882	-0.0289917	-0.0518799
-0.0204468	-0.0466919	-0.0671387
-0.0204468	-0.0637817	-0.0842285
-0.0234985	-0.0747681	-0.0982666
-0.027771	-0.0759888	-0.10376
-0.0326538	-0.0689697	-0.101624
-0.0375366	-0.057373	-0.0949097
-0.0424194	-0.045166	-0.0875854
-0.0476074	-0.032959	-0.0805664
-0.0531006	-0.0201416	-0.0732422
-0.0582886	-0.00915527	-0.0674438
-0.0622559	-0.00213623	-0.0643921
-0.0653076	0	-0.0653076
-0.0668335	-0.00244141	-0.0692749
-0.0656128	-0.00732422	-0.072937
-0.0613403	-0.0158691	-0.0772095
-0.0549316	-0.0289917	-0.0839233
-0.0466919	-0.0427246	-0.0894165
-0.0369263	-0.0540161	-0.0909424
-0.0253296	-0.06073	-0.0860596
-0.0115967	-0.0619507	-0.0735474
0.00488281	-0.0570679	-0.0521851
0.0247192	-0.0430298	-0.0183105
0.0476074	-0.0180054	0.0296021
0.0744629	0.020752	0.0952148
0.105286	0.0720215	0.177307
0.138855	0.128174	0.267029
0.172729	0.18158	0.354309
0.204163	0.230713	0.434875
0.228577	0.276794	0.505371
0.241394	0.314331	0.555725
0.239563	0.33783	0.577393
0.219727	0.346985	0.566711
0.18219	0.343933	0.526123
0.129089	0.329895	0.458984
0.0643921	0.30304	0.367432
-0.00701904	0.263977	0.256958
-0.0790405	0.213928	0.134888
-0.144653	0.157166	0.0125122
-0.198669	0.100403	-0.0982666
-0.236816	0.0442505	-0.192566
-0.256348	-0.0100708	-0.266418
-0.257263	-0.0604248	-0.317688
-0.241089	-0.10376	-0.344849
-0.212708	-0.136719	-0.349426
-0.177917	-0.158691	-0.336609
-0.142517	-0.168457	-0.310974
-0.110779	-0.1651	-0.275879
-0.085144	-0.151062	-0.236206
-0.065918	-0.126343	-0.192261
-0.0531006	-0.0930786	-0.146179
-0.045166	-0.0595093	-0.104675
-0.0408936	-0.0326538	-0.0735474
-0.0393677	-0.0140381	-0.0534058
-0.0387573	-0.00244141	-0.0411987
-0.0378418	0.00274658	-0.0350952
-0.0363159	0.00244141	-0.0338745
-0.0350952	-0.00274658	-0.0378418
-0.032959	-0.0119019	-0.0448608
-0.0305176	-0.0219727	-0.0524902
-0.0280762	-0.0320435	-0.0601196
-0.0262451	-0.043335	-0.0695801
-0.0253296	-0.0537109	-0.0790405
-0.0250244	-0.0592041	-0.0842285
-0.0256348	-0.0561523	-0.0817871
-0.0256348	-0.0457764	-0.0714111
-0.0262451	-0.0314331	-0.0576782
-0.027771	-0.0177002	-0.0454712
-0.0296021	-0.00640869	-0.0360107
-0.0320435	0.000610352	-0.0314331
-0.0350952	0.00366211	-0.0314331
-0.0387573	0.00579834	-0.032959
-0.0418091	0.00915527	-0.0326538
-0.0430298	0.0100708	-0.032959
-0.0424194	0.00427246	-0.038147
-0.0415039	-0.00549316	-0.0469971
-0.0411987	-0.0146484	-0.0558472
-0.0402832	-0.022583	-0.0628662
-0.038147	-0.0326538	-0.0708008
-0.03479	-0.0454712	-0.0802612
-0.0308228	-0.0576782	-0.088501
-0.0268555	-0.0674438	-0.0942993
-0.0231934	-0.0732422	-0.0964355
-0.0204468	-0.0738525	-0.0942993
-0.0192261	-0.0683594	-0.0875854
-0.0192261	-0.0598145	-0.0790405
-0.0198364	-0.0506592	-0.0704956
-0.0201416	-0.0424194	-0.062561
-0.0198364	-0.0338745	-0.0537109
-0.0195313	-0.0244141	-0.0439453
-0.0192261	-0.0146484	-0.0338745
-0.0189209	-0.00610352	-0.0250244
-0.0180054	-0.000610352	-0.0186157
-0.0158691	0.0012207	-0.0146484
-0.0119019	-0.0012207	-0.0131226
-0.00671387	-0.00701904	-0.0137329
-0.0012207	-0.0134277	-0.0146484
0.00457764	-0.0186157	-0.0140381
0.00976563	-0.022583	-0.0128174
0.0140381	-0.0250244	-0.0109863
0.0167847	-0.0259399	-0.00915527
0.0189209	-0.0262451	-0.00732422
0.0204468	-0.0268555	-0.00640869
0.0201416	-0.0292969	-0.00915527
0.0167847	-0.0338745	-0.0170898
0.0112915	-0.0372314	-0.0259399
0.00518799	-0.0384521	-0.0332642
0	-0.0396729	-0.0396729
-0.00366211	-0.0390625	-0.0427246
-0.00671387	-0.0369263	-0.0436401
-0.0088501	-0.0372314	-0.0460815
-0.0100708	-0.0402832	-0.050354
-0.00915527	-0.0442505	-0.0534058
-0.00549316	-0.0469971	-0.0524902
0.000610352	-0.0454712	-0.0448608
0.00762939	-0.0415039	-0.0338745
0.015564	-0.0390625	-0.0234985
0.0228882	-0.0405884	-0.0177002
0.0292969	-0.0421143	-0.0128174
0.0338745	-0.0405884	-0.00671387
0.0378418	-0.0360107	0.00183105
0.0408936	-0.0292969	0.0115967
0.0436401	-0.0222778	0.0213623
0.0448608	-0.0161743	0.0286865
0.0457764	-0.0137329	0.0320435
0.0469971	-0.0146484	0.0323486
0.0494385	-0.0167847	0.0326538
0.0521851	-0.0195313	0.0326538
0.0558472	-0.0222778	0.0335693
0.0604248	-0.0253296	0.0350952
0.0656128	-0.0286865	0.0369263
0.0717163	-0.0323486	0.0393677
0.078125	-0.0354004	0.0427246
0.0845337	-0.0366211	0.0479126
0.090332	-0.0360107	0.0543213
0.09552	-0.0338745	0.0616455
0.100708	-0.0326538	0.0680542
0.105286	-0.0323486	0.072937
0.108643	-0.0317383	0.0769043
0.110779	-0.0311279	0.0796509
0.111694	-0.0320435	0.0796509
0.111694	-0.032959	0.0787354
0.111084	-0.0314331	0.0796509
0.110474	-0.0253296	0.085144
0.108032	-0.0140381	0.0939941
0.104675	0.000915527	0.105591
0.101013	0.0183105	0.119324
0.0979614	0.032959	0.13092
0.0961304	0.0402832	0.136414
0.09552	0.0421143	0.137634
0.0961304	0.0405884	0.136719
0.0982666	0.0366211	0.134888
0.101318	0.0280762	0.129395
0.105286	0.0137329	0.119019
0.108948	-0.00427246	0.104675
0.112	-0.022583	0.0894165
0.114136	-0.0360107	0.078125
0.115051	-0.0396729	0.0753784
0.11322	-0.0338745	0.0793457
0.107727	-0.0244141	0.083313
0.098877	-0.017395	0.0814819
0.0878906	-0.0125122	0.0753784
0.0759888	-0.00701904	0.0689697
0.0637817	-0.00366211	0.0601196
0.0527954	-0.00396729	0.0488281
0.043335	-0.0088501	0.0344849
0.0357056	-0.0177002	0.0180054
0.0296021	-0.0280762	0.00152588
0.0256348	-0.0366211	-0.0109863
0.0234985	-0.0421143	-0.0186157
0.0231934	-0.0442505	-0.0210571
0.0234985	-0.0427246	-0.0192261
0.0231934	-0.0378418	-0.0146484
0.0216675	-0.0292969	-0.00762939
0.0180054	-0.0201416	-0.00213623
0.0134277	-0.0131226	0.000305176
0.00762939	-0.00976563	-0.00213623
0.0012207	-0.0131226	-0.0119019
-0.00488281	-0.0231934	-0.0280762
-0.0100708	-0.0344849	-0.0445557
-0.0152588	-0.0396729	-0.0549316
-0.0195313	-0.0375366	-0.0570679
-0.0231934	-0.0320435	-0.0552368
-0.0256348	-0.0265503	-0.0521851
-0.0271606	-0.020752	-0.0479126
-0.0280762	-0.0140381	-0.0421143
-0.0286865	-0.00488281	-0.0335693
-0.0296021	0.00488281	-0.0247192
-0.0292969	0.00915527	-0.0201416
-0.0271606	0.00457764	-0.022583
-0.0247192	-0.00488281	-0.0296021
-0.0219727	-0.0143433	-0.0363159
-0.0198364	-0.0247192	-0.0445557
-0.0177002	-0.0350952	-0.0527954
-0.0167847	-0.043335	-0.0601196
-0.0164795	-0.0479126	-0.0643921
-0.0170898	-0.0488281	-0.065918
-0.0195313	-0.0457764	-0.0653076
-0.0244141	-0.0372314	-0.0616455
-0.0299072	-0.0250244	-0.0549316
-0.0350952	-0.0112915	-0.0463867
-0.0390625	0.0012207	-0.0378418
-0.0402832	0.00854492	-0.0317383
-0.038147	0.00793457	-0.0302124
-0.0335693	0.0012207	-0.0323486
-0.0280762	-0.00701904	-0.0350952
-0.0216675	-0.0137329	-0.0354004
-0.0143433	-0.0198364	-0.0341797
-0.00640869	-0.0241089	-0.0305176
0.0012207	-0.0213623	-0.0201416
0.00610352	-0.0134277	-0.00732422
0.00701904	-0.00488281	0.00213623
0.00396729	0.00366211	0.00762939
-0.0012207	0.012207	0.0109863
-0.00762939	0.0219727	0.0143433
-0.0143433	0.0314331	0.0170898
-0.0201416	0.0366211	0.0164795
-0.0253296	0.0372314	0.0119019
-0.0305176	0.0335693	0.00305176
-0.0332642	0.0241089	-0.00915527
-0.0320435	0.00823975	-0.0238037
-0.0274658	-0.0115967	-0.0390625
-0.0219727	-0.0314331	-0.0534058
-0.015564	-0.0469971	-0.062561
-0.00915527	-0.0567627	-0.065918
-0.00305176	-0.0619507	-0.0650024
0.00305176	-0.0646973	-0.0616455
0.00854492	-0.0665283	-0.0579834
0.0125122	-0.0650024	-0.0524902
0.0137329	-0.0579834	-0.0442505
0.012207	-0.0469971	-0.03479
0.0088501	-0.0360107	-0.0271606
0.00396729	-0.0274658	-0.0234985
-0.00213623	-0.0210571	-0.0231934
-0.00946045	-0.0140381	-0.0234985
-0.0167847	-0.00610352	-0.0228882
-0.022583	-0.0012207	-0.0238037
-0.0253296	-0.000915527	-0.0262451
-0.0262451	-0.00335693	-0.0296021
-0.0262451	-0.00671387	-0.032959
-0.0250244	-0.00976563	-0.03479
-0.0228882	-0.0106812	-0.0335693
-0.0195313	-0.00915527	-0.0286865
-0.0146484	-0.00671387	-0.0213623
-0.00976563	-0.00518799	-0.0149536
-0.00518799	-0.00549316	-0.0106812
-0.00213623	-0.00732422	-0.00946045
-0.000610352	-0.00976563	-0.010376
-0.000610352	-0.0119019	-0.0125122
-0.00183105	-0.0146484	-0.0164795
-0.00366211	-0.0192261	-0.0228882
-0.00610352	-0.0253296	-0.0314331
-0.0088501	-0.0320435	-0.0408936
-0.0115967	-0.038147	-0.0497437
-0.0146484	-0.0421143	-0.0567627
-0.0170898	-0.045166	-0.0622559
-0.0180054	-0.0448608	-0.0628662
-0.017395	-0.0405884	-0.0579834
-0.0152588	-0.0354004	-0.0506592
-0.0115967	-0.032959	-0.0445557
-0.00701904	-0.0317383	-0.0387573
-0.00244141	-0.0280762	-0.0305176
0.00183105	-0.0238037	-0.0219727
0.00579834	-0.0198364	-0.0140381
0.00976563	-0.0186157	-0.0088501
0.0131226	-0.022583	-0.00946045
0.0146484	-0.0286865	-0.0140381
0.0140381	-0.0314331	-0.017395
0.0119019	-0.0292969	-0.017395
0.00854492	-0.0265503	-0.0180054
0.00457764	-0.027771	-0.0231934
-0.000915527	-0.0292969	-0.0302124
-0.00793457	-0.0241089	-0.0320435
-0.0161743	-0.0146484	-0.0308228
-0.022583	-0.00579834	-0.0283813
-0.0265503	-0.000610352	-0.0271606
-0.0289917	0.00183105	-0.0271606
-0.0308228	0.00366211	-0.0271606
-0.0323486	0.00213623	-0.0302124
-0.0326538	-0.00488281	-0.0375366
-0.0302124	-0.0164795	-0.0466919
-0.0253296	-0.027771	-0.0531006
-0.0201416	-0.0369263	-0.0570679
-0.0158691	-0.0436401	-0.0595093
-0.012207	-0.0500488	-0.0622559
-0.00946045	-0.0549316	-0.0643921
-0.00793457	-0.0576782	-0.0656128
-0.00732422	-0.0552368	-0.062561
-0.0088501	-0.0491333	-0.0579834
-0.012207	-0.0408936	-0.0531006
-0.0164795	-0.0302124	-0.0466919
-0.0213623	-0.0158691	-0.0372314
-0.0265503	0.00213623	-0.0244141
-0.0317383	0.0177002	-0.0140381
-0.0363159	0.0250244	-0.0112915
-0.039978	0.0219727	-0.0180054
-0.0421143	0.0131226	-0.0289917
-0.0430298	0.00640869	-0.0366211
-0.0439453	0.00366211	-0.0402832
-0.0445557	0.000610352	-0.0439453
-0.0439453	-0.00671387	-0.0506592
-0.0415039	-0.0183105	-0.0598145
-0.0375366	-0.0308228	-0.0683594
-0.0326538	-0.0393677	-0.0720215
-0.0271606	-0.045166	-0.0723267
-0.0231934	-0.0473022	-0.0704956
-0.0216675	-0.0460815	-0.067749
-0.0216675	-0.0442505	-0.065918
-0.0216675	-0.0445557	-0.0662231
-0.0222778	-0.0454712	-0.067749
-0.0234985	-0.0448608	-0.0683594
-0.0250244	-0.0405884	-0.0656128
-0.0268555	-0.0341797	-0.0610352
-0.0280762	-0.0292969	-0.057373
-0.0292969	-0.0259399	-0.0552368
-0.0305176	-0.0222778	-0.0527954
-0.0314331	-0.017395	-0.0488281
-0.0317383	-0.0112915	-0.0430298
-0.0311279	-0.00549316	-0.0366211
-0.0311279	0	-0.0311279
-0.032959	0.00305176	-0.0299072
-0.0357056	0.00244141	-0.0332642
-0.0387573	-0.0012207	-0.039978
-0.0421143	-0.00762939	-0.0497437
-0.0454712	-0.0158691	-0.0613403
-0.0479126	-0.0222778	-0.0701904
-0.0485229	-0.0247192	-0.0732422
-0.0473022	-0.0244141	-0.0717163
-0.045166	-0.020752	-0.065918
-0.0421143	-0.0149536	-0.0570679
-0.0378418	-0.00946045	-0.0473022
-0.0314331	-0.00762939	-0.0390625
-0.0244141	-0.010376	-0.03479
-0.017395	-0.0143433	-0.0317383
-0.0109863	-0.017395	-0.0283813
-0.00610352	-0.0213623	-0.0274658
-0.00305176	-0.0274658	-0.0305176
-0.000610352	-0.0366211	-0.0372314
0.000305176	-0.0497437	-0.0494385
-0.000305176	-0.0622559	-0.062561
-0.00183105	-0.0665283	-0.0683594
-0.00457764	-0.0622559	-0.0668335
-0.00823975	-0.0543213	-0.062561
-0.0128174	-0.0448608	-0.0576782
-0.017395	-0.0350952	-0.0524902
-0.0219727	-0.0268555	-0.0488281
-0.0253296	-0.0204468	-0.0457764
-0.0274658	-0.0161743	-0.0436401
-0.0280762	-0.0149536	-0.0430298
-0.0283813	-0.0195313	-0.0479126
-0.0286865	-0.0289917	-0.0576782
-0.0280762	-0.038147	-0.0662231
-0.0268555	-0.0445557	-0.0714111
-0.0262451	-0.0497437	-0.0759888
-0.0262451	-0.0534058	-0.0796509
-0.0271606	-0.0531006	-0.0802612
-0.0292969	-0.0469971	-0.0762939
-0.0323486	-0.0369263	-0.0692749
-0.0354004	-0.0256348	-0.0610352
-0.038147	-0.017395	-0.055542
-0.0402832	-0.0115967	-0.0518799
-0.0427246	-0.00549316	-0.0482178
-0.0439453	0.000610352	-0.043335
-0.043335	0.00274658	-0.0405884
-0.0396729	-0.000915527	-0.0405884
-0.0332642	-0.0088501	-0.0421143
-0.0256348	-0.0167847	-0.0424194
-0.0180054	-0.0244141	-0.0424194
-0.0109863	-0.0320435	-0.0430298
-0.00427246	-0.0375366	-0.0418091
0.00213623	-0.0402832	-0.038147
0.00762939	-0.0405884	-0.032959
0.0109863	-0.038147	-0.0271606
0.0119019	-0.0344849	-0.022583
0.0112915	-0.0286865	-0.017395
0.010376	-0.0213623	-0.0109863
0.00946045	-0.0134277	-0.00396729
0.00823975	-0.00457764	0.00366211
0.00549316	0.00213623	0.00762939
0.00244141	0.00671387	0.00915527
0.000610352	0.0088501	0.00946045
0.00152588	0.00488281	0.00640869
0.00366211	-0.00366211	0
0.00518799	-0.0131226	-0.00793457
0.00579834	-0.020752	-0.0149536
0.00579834	-0.0228882	-0.0170898
0.00640869	-0.0213623	-0.0149536
0.00823975	-0.0186157	-0.010376
0.0115967	-0.0161743	-0.00457764
0.015564	-0.0134277	0.00213623
0.0195313	-0.00915527	0.010376
0.0222778	-0.00396729	0.0183105
0.0238037	0.000305176	0.0241089
0.0241089	0.000915527	0.0250244
0.022583	-0.00335693	0.0192261
0.0198364	-0.0115967	0.00823975
0.0164795	-0.0198364	-0.00335693
0.012207	-0.027771	-0.015564
0.00671387	-0.0363159	-0.0296021
0.000915527	-0.0457764	-0.0448608
-0.00488281	-0.0534058	-0.0582886
-0.0100708	-0.0576782	-0.067749
-0.0146484	-0.0579834	-0.0726318
-0.0177002	-0.0537109	-0.0714111
-0.0189209	-0.0482178	-0.0671387
-0.0189209	-0.0442505	-0.0631714
-0.0177002	-0.0408936	-0.0585938
-0.0161743	-0.0372314	-0.0534058
-0.0143433	-0.0335693	-0.0479126
-0.0131226	-0.0308228	-0.0439453
-0.0137329	-0.0286865	-0.0424194
-0.0158691	-0.0283813	-0.0442505
-0.0192261	-0.0283813	-0.0476074
-0.0231934	-0.0283813	-0.0515747
-0.0271606	-0.027771	-0.0549316
-0.0308228	-0.0268555	-0.0576782
-0.0344849	-0.0283813	-0.0628662
-0.0375366	-0.0338745	-0.0714111
-0.039978	-0.0408936	-0.0808716
-0.0418091	-0.0439453	-0.0857544
-0.0430298	-0.0427246	-0.0857544
-0.0427246	-0.0408936	-0.0836182
-0.039978	-0.0411987	-0.0811768
-0.0363159	-0.0405884	-0.0769043
-0.032959	-0.0384521	-0.0714111
-0.0302124	-0.0369263	-0.0671387
-0.0280762	-0.0363159	-0.0643921
-0.0274658	-0.0357056	-0.0631714
-0.0280762	-0.0366211	-0.0646973
-0.0305176	-0.0375366	-0.0680542
-0.0335693	-0.0387573	-0.0723267
-0.0363159	-0.0408936	-0.0772095
-0.0378418	-0.045166	-0.0830078
-0.0384521	-0.0527954	-0.0912476
-0.0378418	-0.0616455	-0.0994873
-0.0350952	-0.0692749	-0.10437
-0.0289917	-0.0741577	-0.103149
-0.0192261	-0.0732422	-0.0924683
-0.00549316	-0.067749	-0.0732422
0.0131226	-0.0595093	-0.0463867
0.0369263	-0.0473022	-0.010376
0.0668335	-0.0274658	0.0393677
0.102844	0.00183105	0.104675
0.141907	0.0442505	0.186157
0.179443	0.0961304	0.275574
0.212402	0.150452	0.362854
0.238647	0.205078	0.443726
0.254211	0.258179	0.51239
0.255127	0.304871	0.559998
0.237732	0.342407	0.580139
0.200806	0.367126	0.567932
0.148315	0.377502	0.525818
0.0845337	0.371704	0.456238
0.0146484	0.346985	0.361633
-0.0558472	0.303345	0.247498
-0.12085	0.244751	0.123901
-0.17395	0.178223	0.00427246
-0.211487	0.109253	-0.102234
-0.231323	0.0418091	-0.189514
-0.233459	-0.0192261	-0.252686
-0.220032	-0.0714111	-0.291443
-0.195618	-0.112305	-0.307922
-0.1651	-0.140076	-0.305176
-0.131836	-0.154724	-0.28656
-0.100708	-0.157471	-0.258179
-0.0756836	-0.149231	-0.224915
-0.0592041	-0.133972	-0.193176
-0.0509644	-0.116577	-0.167542
-0.0476074	-0.0982666	-0.145874
-0.0454712	-0.0820923	-0.127563
-0.043335	-0.0720215	-0.115356
-0.0408936	-0.0671387	-0.108032
-0.0393677	-0.0646973	-0.104065
-0.0372314	-0.0631714	-0.100403
-0.0344849	-0.0616455	-0.0961304
-0.0305176	-0.0604248	-0.0909424
-0.0262451	-0.0588989	-0.085144
-0.0222778	-0.0582886	-0.0805664
-0.0198364	-0.0561523	-0.0759888
-0.0192261	-0.0524902	-0.0717163
-0.0201416	-0.0500488	-0.0701904
-0.0219727	-0.0491333	-0.071106
-0.0250244	-0.0500488	-0.0750732
-0.0292969	-0.0509644	-0.0802612
-0.0332642	-0.0500488	-0.083313
-0.0369263	-0.0482178	-0.085144
-0.039978	-0.0460815	-0.0860596
-0.0427246	-0.0430298	-0.0857544
-0.045166	-0.0378418	-0.0830078
-0.0473022	-0.0308228	-0.078125
-0.0485229	-0.0222778	-0.0708008
-0.0488281	-0.012207	-0.0610352
-0.0473022	-0.00396729	-0.0512695
-0.0442505	0.000610352	-0.0436401
-0.0396729	0.000610352	-0.0390625
-0.0338745	-0.00396729	-0.0378418
-0.0280762	-0.0106812	-0.0387573
-0.0222778	-0.0186157	-0.0408936
-0.0146484	-0.0292969	-0.0439453
-0.00671387	-0.0408936	-0.0476074
-0.000305176	-0.0509644	-0.0512695
0.00518799	-0.0613403	-0.0561523
0.00854492	-0.0704956	-0.0619507
0.0088501	-0.0735474	-0.0646973
0.00610352	-0.0714111	-0.0653076
0.00213623	-0.0665283	-0.0643921
-0.00244141	-0.0616455	-0.0640869
-0.00701904	-0.0579834	-0.0650024
-0.012207	-0.0570679	-0.0692749
-0.0177002	-0.0546265	-0.0723267
-0.0228882	-0.0488281	-0.0717163
-0.0271606	-0.0411987	-0.0683594
-0.0299072	-0.0357056	-0.0656128
-0.0302124	-0.032959	-0.0631714
-0.0289917	-0.0317383	-0.06073
-0.0262451	-0.0311279	-0.057373
-0.022583	-0.0302124	-0.0527954
-0.0189209	-0.0283813	-0.0473022
-0.015564	-0.027771	-0.043335
-0.0119019	-0.0289917	-0.0408936
-0.00793457	-0.0308228	-0.0387573
-0.00396729	-0.0317383	-0.0357056
-0.0012207	-0.0311279	-0.0323486
-0.000915527	-0.0302124	-0.0311279
-0.00213623	-0.0289917	-0.0311279
-0.00396729	-0.0268555	-0.0308228
-0.00671387	-0.0244141	-0.0311279
-0.00915527	-0.0231934	-0.0323486
-0.0109863	-0.0231934	-0.0341797
-0.0125122	-0.020752	-0.0332642
-0.0134277	-0.0167847	-0.0302124
-0.0143433	-0.0158691	-0.0302124
-0.0149536	-0.0170898	-0.0320435
-0.0146484	-0.0186157	-0.0332642
-0.0131226	-0.0204468	-0.0335693
-0.010376	-0.0216675	-0.0320435
-0.00671387	-0.0216675	-0.0283813
-0.000915527	-0.0219727	-0.0228882
0.00640869	-0.0238037	-0.017395
0.0134277	-0.0256348	-0.012207
0.0195313	-0.0262451	-0.00671387
0.0262451	-0.0283813	-0.00213623
0.03479	-0.0338745	0.000915527
0.0445557	-0.0405884	0.00396729
0.0549316	-0.0476074	0.00732422
0.0643921	-0.0549316	0.00946045
0.0723267	-0.0628662	0.00946045
0.0787354	-0.0708008	0.00793457
0.083313	-0.078125	0.00518799
0.0860596	-0.0836182	0.00244141
0.0869751	-0.085144	0.00183105
0.0866699	-0.0808716	0.00579834
0.085144	-0.0738525	0.0112915
0.0827026	-0.0665283	0.0161743
0.0805664	-0.0588989	0.0216675
0.0790405	-0.050354	0.0286865
0.078125	-0.0424194	0.0357056
0.078125	-0.0363159	0.0418091
0.0790405	-0.0302124	0.0488281
0.0808716	-0.0228882	0.0579834
0.0830078	-0.0164795	0.0665283
0.0845337	-0.0119019	0.0726318
0.0845337	-0.0112915	0.0732422
0.0836182	-0.0140381	0.0695801
0.0817871	-0.017395	0.0643921
0.0796509	-0.017395	0.0622559
0.0765991	-0.0134277	0.0631714
0.072937	-0.00732422	0.0656128
0.0695801	-0.00244141	0.0671387
0.0674438	-0.000305176	0.0671387
0.0665283	0.000915527	0.0674438
0.0665283	0.00274658	0.0692749
0.0668335	0.00579834	0.0726318
0.0668335	0.00915527	0.0759888
0.0665283	0.0112915	0.0778198
0.0653076	0.0134277	0.0787354
0.0628662	0.0167847	0.0796509
0.0592041	0.0210571	0.0802612
0.0549316	0.0231934	0.078125
0.0491333	0.0234985	0.0726318
0.0421143	0.0241089	0.0662231
0.03479	0.0238037	0.0585938
0.027771	0.0213623	0.0491333
0.020752	0.0180054	0.0387573
0.0140381	0.0161743	0.0302124
0.00701904	0.0137329	0.020752
-0.000915527	0.00732422	0.00640869
-0.0100708	-0.000610352	-0.0106812
-0.0195313	-0.00610352	-0.0256348
-0.0286865	-0.00793457	-0.0366211
-0.0372314	-0.00793457	-0.045166
-0.045166	-0.00793457	-0.0531006
-0.0521851	-0.00854492	-0.06073
-0.0570679	-0.00762939	-0.0646973
-0.0592041	-0.00396729	-0.0631714
-0.0588989	0.0012207	-0.0576782
-0.0564575	0.00518799	-0.0512695
-0.0518799	0.00671387	-0.045166
-0.045166	0.00610352	-0.0390625
-0.0387573	0.00366211	-0.0350952
-0.03479	0	-0.03479
-0.0350952	-0.00488281	-0.039978
-0.038147	-0.0106812	-0.0488281
-0.0427246	-0.0158691	-0.0585938
-0.0473022	-0.0201416	-0.0674438
-0.0515747	-0.0231934	-0.0747681
-0.0543213	-0.0265503	-0.0808716
-0.0552368	-0.027771	-0.0830078
-0.055542	-0.0280762	-0.0836182
-0.0552368	-0.0274658	-0.0827026
-0.0527954	-0.0262451	-0.0790405
-0.0479126	-0.022583	-0.0704956
-0.0408936	-0.0164795	-0.057373
-0.0332642	-0.0100708	-0.043335
-0.0268555	-0.00640869	-0.0332642
-0.0231934	-0.00427246	-0.0274658
-0.022583	-0.00152588	-0.0241089
-0.0241089	0.00183105	-0.0222778
-0.0271606	0.00305176	-0.0241089
-0.0308228	0.0012207	-0.0296021
-0.0344849	-0.000915527	-0.0354004
-0.0378418	-0.00244141	-0.0402832
-0.0402832	-0.00579834	-0.0460815
-0.0421143	-0.0100708	-0.0521851
-0.043335	-0.0140381	-0.057373
-0.0436401	-0.0180054	-0.0616455
-0.043335	-0.0228882	-0.0662231
-0.0424194	-0.0256348	-0.0680542
-0.0405884	-0.0244141	-0.0650024
-0.038147	-0.0195313	-0.0576782
-0.0354004	-0.0140381	-0.0494385
-0.0326538	-0.00976563	-0.0424194
-0.0305176	-0.00701904	-0.0375366
-0.0289917	-0.00549316	-0.0344849
-0.0286865	-0.00213623	-0.0308228
-0.0286865	0.00366211	-0.0250244
-0.0296021	0.00793457	-0.0216675
-0.0311279	0.00946045	-0.0216675
-0.0326538	0.0088501	-0.0238037
-0.0332642	0.00762939	-0.0256348
-0.0332642	0.00610352	-0.0271606
-0.0332642	0.00549316	-0.027771
-0.0332642	0.00854492	-0.0247192
-0.032959	0.0158691	-0.0170898
-0.0326538	0.0238037	-0.0088501
-0.0332642	0.0286865	-0.00457764
-0.0341797	0.0314331	-0.00274658
-0.03479	0.0344849	-0.000305176
-0.0350952	0.038147	0.00305176
-0.0344849	0.0418091	0.00732422
-0.0323486	0.0436401	0.0112915
-0.0299072	0.0436401	0.0137329
-0.0262451	0.039978	0.0137329
-0.0213623	0.0317383	0.010376
-0.0149536	0.0204468	0.00549316
-0.00915527	0.00915527	0
-0.00488281	-0.000305176	-0.00518799
-0.00274658	-0.00671387	-0.00946045
-0.00274658	-0.0106812	-0.0134277
-0.00549316	-0.0128174	-0.0183105
-0.0106812	-0.0137329	-0.0244141
-0.017395	-0.0149536	-0.0323486
-0.0247192	-0.0158691	-0.0405884
-0.0314331	-0.0152588	-0.0466919
-0.0372314	-0.0134277	-0.0506592
-0.0411987	-0.0109863	-0.0521851
-0.0436401	-0.00946045	-0.0531006
-0.0448608	-0.00854492	-0.0534058
-0.0454712	-0.00854492	-0.0540161
-0.0445557	-0.0088501	-0.0534058
-0.0430298	-0.0100708	-0.0531006
-0.0408936	-0.0125122	-0.0534058
-0.0387573	-0.0152588	-0.0540161
-0.0363159	-0.0195313	-0.0558472
-0.0332642	-0.0241089	-0.057373
-0.0302124	-0.0268555	-0.0570679
-0.0268555	-0.0268555	-0.0537109
-0.0238037	-0.0244141	-0.0482178
-0.0219727	-0.0210571	-0.0430298
-0.0201416	-0.0189209	-0.0390625
-0.0186157	-0.0158691	-0.0344849
-0.0183105	-0.00946045	-0.027771
-0.0198364	-0.00244141	-0.0222778
-0.0222778	0.00396729	-0.0183105
-0.0253296	0.00854492	-0.0167847
-0.0274658	0.00946045	-0.0180054
-0.0283813	0.00671387	-0.0216675
-0.0286865	0	-0.0286865
-0.0283813	-0.00854492	-0.0369263
-0.0274658	-0.017395	-0.0448608
-0.0262451	-0.0259399	-0.0521851
-0.0241089	-0.032959	-0.0570679
-0.0219727	-0.0369263	-0.0588989
-0.0198364	-0.0372314	-0.0570679
-0.0183105	-0.0369263	-0.0552368
-0.0167847	-0.0363159	-0.0531006
-0.0152588	-0.0335693	-0.0488281
-0.0137329	-0.0286865	-0.0424194
-0.0131226	-0.0222778	-0.0354004
-0.0128174	-0.0146484	-0.0274658
-0.0131226	-0.00732422	-0.0204468
-0.0131226	-0.00457764	-0.0177002
-0.0128174	-0.00488281	-0.0177002
-0.0128174	-0.00457764	-0.017395
-0.0137329	-0.00213623	-0.0158691
-0.015564	0.000915527	-0.0146484
-0.0177002	0.00274658	-0.0149536
-0.0210571	0.00213623	-0.0189209
-0.0259399	0	-0.0259399
-0.0308228	-0.00274658	-0.0335693
-0.0344849	-0.00701904	-0.0415039
-0.0360107	-0.0125122	-0.0485229
-0.0363159	-0.0164795	-0.0527954
-0.0369263	-0.017395	-0.0543213
-0.0366211	-0.0167847	-0.0534058
-0.0350952	-0.015564	-0.0506592
-0.0320435	-0.0125122	-0.0445557
-0.0274658	-0.00823975	-0.0357056
-0.0222778	-0.00518799	-0.0274658
-0.0177002	-0.00244141	-0.0201416
-0.0140381	0.000915527	-0.0131226
-0.0115967	0.00305176	-0.00854492
-0.010376	0.00213623	-0.00823975
-0.0112915	-0.00183105	-0.0131226
-0.0134277	-0.00762939	-0.0210571
-0.0161743	-0.0137329	-0.0299072
-0.0189209	-0.0186157	-0.0375366
-0.0219727	-0.0216675	-0.0436401
-0.0253296	-0.0228882	-0.0482178
-0.0292969	-0.0228882	-0.0521851
-0.0323486	-0.0222778	-0.0546265
-0.0341797	-0.0216675	-0.0558472
-0.03479	-0.0192261	-0.0540161
-0.0344849	-0.0146484	-0.0491333
-0.0344849	-0.00854492	-0.0430298
-0.0344849	-0.00183105	-0.0363159
-0.0338745	0.00396729	-0.0299072
-0.0326538	0.00640869	-0.0262451
-0.0302124	0.00488281	-0.0253296
-0.0268555	0.000915527	-0.0259399
-0.0244141	-0.00244141	-0.0268555
-0.0238037	-0.00213623	-0.0259399
-0.0241089	0	-0.0241089
-0.0241089	0.000915527	-0.0231934
-0.0228882	0	-0.0228882
-0.0216675	-0.00274658	-0.0244141
-0.0216675	-0.00549316	-0.0271606
-0.0216675	-0.00732422	-0.0289917
-0.0204468	-0.00976563	-0.0302124
-0.0177002	-0.0112915	-0.0289917
-0.0131226	-0.0106812	-0.0238037
-0.00793457	-0.00915527	-0.0170898
-0.00366211	-0.00701904	-0.0106812
-0.000915527	-0.00793457	-0.0088501
-0.000305176	-0.0137329	-0.0140381
-0.000915527	-0.0216675	-0.022583
-0.00274658	-0.0271606	-0.0299072
-0.00549316	-0.0292969	-0.03479
-0.00915527	-0.0283813	-0.0375366
-0.0140381	-0.0265503	-0.0405884
-0.0198364	-0.0256348	-0.0454712
-0.0259399	-0.0280762	-0.0540161
-0.0305176	-0.0320435	-0.062561
-0.0335693	-0.0326538	-0.0662231
-0.0341797	-0.0296021	-0.0637817
-0.0332642	-0.0250244	-0.0582886
-0.0314331	-0.020752	-0.0521851
-0.027771	-0.0186157	-0.0463867
-0.0228882	-0.0183105	-0.0411987
-0.0164795	-0.0189209	-0.0354004
-0.00915527	-0.0189209	-0.0280762
-0.000915527	-0.0183105	-0.0192261
0.00671387	-0.0186157	-0.0119019
0.0128174	-0.0189209	-0.00610352
0.0170898	-0.0164795	0.000610352
0.0201416	-0.012207	0.00793457
0.0219727	-0.00854492	0.0134277
0.022583	-0.00671387	0.0158691
0.0216675	-0.00518799	0.0164795
0.0198364	-0.00335693	0.0164795
0.0177002	-0.00213623	0.015564
0.0161743	0	0.0161743
0.0149536	0.00183105	0.0167847
0.0143433	0.00213623	0.0164795
0.0146484	0.00183105	0.0164795
0.0158691	0	0.0158691
0.0177002	0	0.0177002
0.0195313	0.00396729	0.0234985
0.0204468	0.010376	0.0308228
0.0204468	0.017395	0.0378418
0.0201416	0.0231934	0.043335
0.0201416	0.0259399	0.0460815
0.0198364	0.027771	0.0476074
0.0189209	0.0292969	0.0482178
0.0186157	0.0302124	0.0488281
0.017395	0.0289917	0.0463867
0.0152588	0.0250244	0.0402832
0.0137329	0.0183105	0.0320435
0.0143433	0.00854492	0.0228882
0.0170898	-0.00305176	0.0140381
0.0222778	-0.0146484	0.00762939
0.0292969	-0.0250244	0.00427246
0.0369263	-0.0350952	0.00183105
0.0448608	-0.0445557	0.000305176
0.0521851	-0.0512695	0.000915527
0.0588989	-0.0558472	0.00305176
0.0637817	-0.0582886	0.00549316
0.0656128	-0.0570679	0.00854492
0.0628662	-0.0515747	0.0112915
0.055542	-0.0448608	0.0106812
0.0442505	-0.0390625	0.00518799
0.0299072	-0.0335693	-0.00366211
0.0140381	-0.0274658	-0.0134277
-0.00213623	-0.020752	-0.0228882
-0.0164795	-0.0164795	-0.032959
-0.0268555	-0.0195313	-0.0463867
-0.032959	-0.0274658	-0.0604248
-0.03479	-0.0360107	-0.0708008
-0.0335693	-0.0424194	-0.0759888
-0.0296021	-0.0488281	-0.0784302
-0.0244141	-0.0543213	-0.0787354
-0.0183105	-0.0564575	-0.0747681
-0.012207	-0.0564575	-0.0686646
-0.00732422	-0.0543213	-0.0616455
-0.00366211	-0.0488281	-0.0524902
-0.00244141	-0.0408936	-0.043335
-0.00335693	-0.0332642	-0.0366211
-0.00640869	-0.0265503	-0.032959
-0.0109863	-0.020752	-0.0317383
-0.0170898	-0.017395	-0.0344849
-0.0238037	-0.0189209	-0.0427246
-0.0305176	-0.0222778	-0.0527954
-0.0357056	-0.0262451	-0.0619507
-0.0387573	-0.0314331	-0.0701904
-0.0396729	-0.0366211	-0.0762939
-0.0384521	-0.0418091	-0.0802612
-0.0350952	-0.0485229	-0.0836182
-0.0314331	-0.0570679	-0.088501
-0.0280762	-0.0631714	-0.0912476
-0.0256348	-0.0653076	-0.0909424
-0.0234985	-0.0653076	-0.0888062
-0.020752	-0.0671387	-0.0878906
-0.0170898	-0.0708008	-0.0878906
-0.0125122	-0.0750732	-0.0875854
-0.00640869	-0.0787354	-0.085144
0.00335693	-0.0802612	-0.0769043
0.017395	-0.0799561	-0.062561
0.0369263	-0.0784302	-0.0415039
0.0619507	-0.0747681	-0.0128174
0.0921631	-0.0665283	0.0256348
0.126953	-0.0469971	0.0799561
0.166016	-0.0134277	0.152588
0.20752	0.0286865	0.236206
0.245361	0.0744629	0.319824
0.275269	0.123901	0.39917
0.292969	0.179138	0.472107
0.2948	0.237427	0.532227
0.279541	0.291748	0.571289
0.246887	0.336304	0.583191
0.196533	0.365295	0.561829
0.13092	0.375977	0.506897
0.0558472	0.365601	0.421448
-0.022583	0.335083	0.3125
-0.0970459	0.288696	0.19165
-0.162048	0.231934	0.0698853
-0.213928	0.167847	-0.0460815
-0.248413	0.101624	-0.14679
-0.264587	0.0372314	-0.227356
-0.263062	-0.0213623	-0.284424
-0.245667	-0.0708008	-0.316467
-0.21637	-0.107117	-0.323486
-0.180969	-0.127258	-0.308228
-0.144653	-0.131836	-0.276489
-0.112	-0.124512	-0.236511
-0.0854492	-0.108643	-0.194092
-0.0665283	-0.0881958	-0.154724
-0.0534058	-0.0692749	-0.122681
-0.0424194	-0.0567627	-0.0991821
-0.0326538	-0.0512695	-0.0839233
-0.0247192	-0.0497437	-0.0744629
-0.0201416	-0.0473022	-0.0674438
-0.0183105	-0.0448608	-0.0631714
-0.017395	-0.0463867	-0.0637817
-0.0164795	-0.0531006	-0.0695801
-0.0164795	-0.0622559	-0.0787354
-0.017395	-0.0704956	-0.0878906
-0.0192261	-0.0759888	-0.0952148
-0.0219727	-0.0778198	-0.0997925
-0.0253296	-0.0744629	-0.0997925
-0.0268555	-0.0665283	-0.0933838
-0.0259399	-0.0592041	-0.085144
-0.0238037	-0.0558472	-0.0796509
-0.020752	-0.0527954	-0.0735474
-0.0164795	-0.0476074	-0.0640869
-0.0119019	-0.0402832	-0.0521851
-0.00732422	-0.0311279	-0.0384521
-0.00366211	-0.022583	-0.0262451
-0.00152588	-0.0158691	-0.017395
-0.00305176	-0.012207	-0.0152588
-0.00701904	-0.0131226	-0.0201416
-0.0109863	-0.0186157	-0.0296021
-0.0149536	-0.0268555	-0.0418091
-0.0180054	-0.0344849	-0.0524902
-0.0204468	-0.0396729	-0.0601196
-0.0222778	-0.0430298	-0.0653076
-0.0238037	-0.0457764	-0.0695801
-0.0244141	-0.0485229	-0.072937
-0.0238037	-0.0500488	-0.0738525
-0.0228882	-0.0482178	-0.071106
-0.0222778	-0.043335	-0.0656128
-0.0216675	-0.038147	-0.0598145
-0.0219727	-0.032959	-0.0549316
-0.0231934	-0.0289917	-0.0521851
-0.0241089	-0.0280762	-0.0521851
-0.0247192	-0.0299072	-0.0546265
-0.0253296	-0.0308228	-0.0561523
-0.0256348	-0.0308228	-0.0564575
-0.0247192	-0.0332642	-0.0579834
-0.0219727	-0.0393677	-0.0613403
-0.017395	-0.0473022	-0.0646973
-0.0119019	-0.0540161	-0.065918
-0.00640869	-0.055542	-0.0619507
-0.000305176	-0.0515747	-0.0518799
0.00579834	-0.0469971	-0.0411987
0.0112915	-0.0445557	-0.0332642
0.0149536	-0.0442505	-0.0292969
0.017395	-0.0445557	-0.0271606
0.0183105	-0.0454712	-0.0271606
0.0189209	-0.0469971	-0.0280762
0.0195313	-0.0479126	-0.0283813
0.0198364	-0.0469971	-0.0271606
0.0198364	-0.045166	-0.0253296
0.0195313	-0.0439453	-0.0244141
0.0192261	-0.0430298	-0.0238037
0.0201416	-0.0415039	-0.0213623
0.0216675	-0.0405884	-0.0189209
0.0238037	-0.0418091	-0.0180054
0.0262451	-0.0418091	-0.015564
0.027771	-0.0393677	-0.0115967
0.0283813	-0.0369263	-0.00854492
0.027771	-0.0375366	-0.00976563
0.0268555	-0.0411987	-0.0143433
0.0262451	-0.0473022	-0.0210571
0.0256348	-0.0527954	-0.0271606
0.0250244	-0.0561523	-0.0311279
0.0256348	-0.0598145	-0.0341797
0.027771	-0.0631714	-0.0354004
0.0302124	-0.0643921	-0.0341797
0.0326538	-0.0650024	-0.0323486
0.0360107	-0.0665283	-0.0305176
0.0408936	-0.0671387	-0.0262451
0.0463867	-0.0656128	-0.0192261
0.0521851	-0.0619507	-0.00976563
0.0570679	-0.0570679	0
0.0610352	-0.0531006	0.00793457
0.0640869	-0.0497437	0.0143433
0.0668335	-0.0469971	0.0198364
0.0683594	-0.0442505	0.0241089
0.0698853	-0.0408936	0.0289917
0.0717163	-0.0369263	0.03479
0.0735474	-0.0335693	0.039978
0.0750732	-0.0323486	0.0427246
0.0772095	-0.03479	0.0424194
0.0802612	-0.0411987	0.0390625
0.0842285	-0.0497437	0.0344849
0.088501	-0.0579834	0.0305176
0.0933838	-0.0628662	0.0305176
0.0985718	-0.0646973	0.0338745
0.10376	-0.0634766	0.0402832
0.108948	-0.0601196	0.0488281
0.114746	-0.0570679	0.0576782
0.12085	-0.0543213	0.0665283
0.126953	-0.0512695	0.0756836
0.131531	-0.0463867	0.085144
0.133667	-0.0408936	0.0927734
0.132751	-0.0357056	0.0970459
0.130005	-0.0317383	0.0982666
0.126038	-0.0286865	0.0973511
0.12085	-0.0256348	0.0952148
0.113831	-0.0216675	0.0921631
0.10498	-0.0183105	0.0866699
0.0939941	-0.0152588	0.0787354
0.0820923	-0.0119019	0.0701904
0.0704956	-0.00671387	0.0637817
0.0598145	0.00152588	0.0613403
0.0506592	0.00915527	0.0598145
0.0430298	0.0143433	0.057373
0.0366211	0.0177002	0.0543213
0.0308228	0.0204468	0.0512695
0.0259399	0.020752	0.0466919
0.0219727	0.0189209	0.0408936
0.0186157	0.0143433	0.032959
0.0149536	0.00946045	0.0244141
0.0119019	0.00427246	0.0161743
0.00946045	-0.00183105	0.00762939
0.00732422	-0.00823975	-0.000915527
0.00396729	-0.0131226	-0.00915527
0	-0.015564	-0.015564
-0.00457764	-0.0170898	-0.0216675
-0.00946045	-0.0180054	-0.0274658
-0.0143433	-0.0177002	-0.0320435
-0.0183105	-0.0164795	-0.03479
-0.0210571	-0.0152588	-0.0363159
-0.0216675	-0.0170898	-0.0387573
-0.0216675	-0.0234985	-0.045166
-0.0216675	-0.0314331	-0.0531006
-0.022583	-0.0378418	-0.0604248
-0.0228882	-0.0411987	-0.0640869
-0.0228882	-0.0408936	-0.0637817
-0.0231934	-0.039978	-0.0631714
-0.0241089	-0.039978	-0.0640869
-0.0265503	-0.0405884	-0.0671387
-0.0299072	-0.039978	-0.0698853
-0.0332642	-0.0366211	-0.0698853
-0.0357056	-0.0314331	-0.0671387
-0.0369263	-0.0256348	-0.062561
-0.0363159	-0.0183105	-0.0546265
-0.0338745	-0.0125122	-0.0463867
-0.0305176	-0.010376	-0.0408936
-0.0268555	-0.0109863	-0.0378418
-0.0231934	-0.012207	-0.0354004
-0.0201416	-0.0125122	-0.0326538
-0.0183105	-0.010376	-0.0286865
-0.0183105	-0.00701904	-0.0253296
-0.0198364	-0.00396729	-0.0238037
-0.0234985	-0.00305176	-0.0265503
-0.0280762	-0.00549316	-0.0335693
-0.0332642	-0.00854492	-0.0418091
-0.038147	-0.010376	-0.0485229
-0.0421143	-0.0128174	-0.0549316
-0.0436401	-0.0158691	-0.0595093
-0.043335	-0.0183105	-0.0616455
-0.0411987	-0.0192261	-0.0604248
-0.0378418	-0.0170898	-0.0549316
-0.0344849	-0.0119019	-0.0463867
-0.0311279	-0.00671387	-0.0378418
-0.0280762	-0.00366211	-0.0317383
-0.0250244	-0.00274658	-0.027771
-0.0228882	-0.00305176	-0.0259399
-0.0204468	-0.00335693	-0.0238037
-0.017395	-0.00396729	-0.0213623
-0.0134277	-0.00640869	-0.0198364
-0.00946045	-0.0115967	-0.0210571
-0.00579834	-0.0167847	-0.022583
-0.00274658	-0.0204468	-0.0231934
0	-0.022583	-0.022583
0.000915527	-0.0213623	-0.0204468
-0.000610352	-0.0161743	-0.0167847
-0.00488281	-0.0088501	-0.0137329
-0.0128174	0.000610352	-0.012207
-0.0231934	0.00793457	-0.0152588
-0.03479	0.0119019	-0.0228882
-0.0448608	0.0143433	-0.0305176
-0.0512695	0.0152588	-0.0360107
-0.0543213	0.0137329	-0.0405884
-0.0540161	0.00946045	-0.0445557
-0.0500488	0.00244141	-0.0476074
-0.0421143	-0.00518799	-0.0473022
-0.0308228	-0.0119019	-0.0427246
-0.0183105	-0.0170898	-0.0354004
-0.00671387	-0.0216675	-0.0283813
0.00274658	-0.0247192	-0.0219727
0.00946045	-0.0244141	-0.0149536
0.0125122	-0.0210571	-0.00854492
0.0128174	-0.015564	-0.00274658
0.010376	-0.010376	0
0.00610352	-0.00701904	-0.000915527
0.000610352	-0.00518799	-0.00457764
-0.00488281	-0.00579834	-0.0106812
-0.00946045	-0.00915527	-0.0186157
-0.0131226	-0.0131226	-0.0262451
-0.015564	-0.0140381	-0.0296021
-0.0167847	-0.0128174	-0.0296021
-0.0167847	-0.0125122	-0.0292969
-0.0177002	-0.0140381	-0.0317383
-0.0195313	-0.017395	-0.0369263
-0.022583	-0.020752	-0.043335
-0.0262451	-0.022583	-0.0488281
-0.0299072	-0.0231934	-0.0531006
-0.0335693	-0.0219727	-0.055542
-0.0360107	-0.0201416	-0.0561523
-0.0369263	-0.0198364	-0.0567627
-0.0366211	-0.0222778	-0.0588989
-0.03479	-0.0262451	-0.0610352
-0.0311279	-0.0305176	-0.0616455
-0.0256348	-0.0335693	-0.0592041
-0.0180054	-0.0363159	-0.0543213
-0.010376	-0.0396729	-0.0500488
-0.00396729	-0.0436401	-0.0476074
-0.000305176	-0.0460815	-0.0463867
0.000610352	-0.0442505	-0.0436401
-0.000915527	-0.0387573	-0.0396729
-0.00518799	-0.0314331	-0.0366211
-0.012207	-0.0244141	-0.0366211
-0.0213623	-0.0158691	-0.0372314
-0.0317383	-0.00518799	-0.0369263
-0.0408936	0.00366211	-0.0372314
-0.0473022	0.00854492	-0.0387573
-0.050354	0.0088501	-0.0415039
-0.0506592	0.00396729	-0.0466919
-0.0485229	-0.00457764	-0.0531006
-0.0439453	-0.0137329	-0.0576782
-0.0378418	-0.0219727	-0.0598145
-0.0314331	-0.0296021	-0.0610352
-0.0253296	-0.0360107	-0.0613403
-0.0210571	-0.0384521	-0.0595093
-0.0186157	-0.0378418	-0.0564575
-0.0177002	-0.0344849	-0.0521851
-0.0195313	-0.0286865	-0.0482178
-0.0231934	-0.0189209	-0.0421143
-0.0271606	-0.00823975	-0.0354004
-0.0296021	-0.00152588	-0.0311279
-0.0305176	0.000915527	-0.0296021
-0.0305176	0.00152588	-0.0289917
-0.0296021	-0.000915527	-0.0305176
-0.0268555	-0.00671387	-0.0335693
-0.0234985	-0.0137329	-0.0372314
-0.0198364	-0.0219727	-0.0418091
-0.0158691	-0.0317383	-0.0476074
-0.0125122	-0.0411987	-0.0537109
-0.0100708	-0.0473022	-0.057373
-0.0100708	-0.0482178	-0.0582886
-0.0115967	-0.0469971	-0.0585938
-0.0140381	-0.0457764	-0.0598145
-0.0161743	-0.0424194	-0.0585938
-0.0183105	-0.0393677	-0.0576782
-0.020752	-0.0372314	-0.0579834
-0.0231934	-0.032959	-0.0561523
-0.0250244	-0.0262451	-0.0512695
-0.0262451	-0.020752	-0.0469971
-0.0265503	-0.0189209	-0.0454712
-0.0262451	-0.0192261	-0.0454712
-0.0256348	-0.0186157	-0.0442505
-0.0259399	-0.0161743	-0.0421143
-0.0274658	-0.0134277	-0.0408936
-0.0302124	-0.012207	-0.0424194
-0.032959	-0.0119019	-0.0448608
-0.0350952	-0.0128174	-0.0479126
-0.0360107	-0.0149536	-0.0509644
-0.0369263	-0.015564	-0.0524902
-0.0387573	-0.0134277	-0.0521851
-0.039978	-0.0088501	-0.0488281
-0.0408936	-0.00396729	-0.0448608
-0.0415039	-0.00183105	-0.043335
-0.0405884	-0.0012207	-0.0418091
-0.0393677	0	-0.0393677
-0.0384521	0.00274658	-0.0357056
-0.0384521	0.00488281	-0.0335693
-0.0387573	0.00488281	-0.0338745
-0.0396729	0.00335693	-0.0363159
-0.0402832	0.000915527	-0.0393677
-0.0405884	-0.00213623	-0.0427246
-0.0411987	-0.00762939	-0.0488281
-0.0424194	-0.0143433	-0.0567627
-0.0436401	-0.0222778	-0.065918
-0.0430298	-0.0292969	-0.0723267
-0.0393677	-0.0332642	-0.0726318
-0.0350952	-0.0338745	-0.0689697
-0.0314331	-0.0317383	-0.0631714
-0.0292969	-0.0296021	-0.0588989
-0.0286865	-0.0280762	-0.0567627
-0.0274658	-0.0271606	-0.0546265
-0.0253296	-0.027771	-0.0531006
-0.0216675	-0.0289917	-0.0506592
-0.0183105	-0.0302124	-0.0485229
-0.0158691	-0.0311279	-0.0469971
-0.0137329	-0.0326538	-0.0463867
-0.012207	-0.03479	-0.0469971
-0.0112915	-0.0372314	-0.0485229
-0.00946045	-0.039978	-0.0494385
-0.00671387	-0.0424194	-0.0491333
-0.00396729	-0.0436401	-0.0476074
-0.00213623	-0.0436401	-0.0457764
-0.00213623	-0.0427246	-0.0448608
-0.00305176	-0.0387573	-0.0418091
-0.00396729	-0.0317383	-0.0357056
-0.00457764	-0.0238037	-0.0283813
-0.00488281	-0.0161743	-0.0210571
-0.00488281	-0.0088501	-0.0137329
-0.00457764	-0.00244141	-0.00701904
-0.00366211	0.00152588	-0.00213623
-0.00213623	0.00213623	0
-0.000305176	0.00305176	0.00274658
0.00152588	0.00427246	0.00579834
0.00305176	0.00427246	0.00732422
0.00427246	0.00427246	0.00854492
0.00518799	0.00335693	0.00854492
0.00640869	0.00152588	0.00793457
0.00762939	0	0.00762939
0.00946045	-0.0012207	0.00823975
0.0115967	-0.00244141	0.00915527
0.0137329	-0.00335693	0.010376
0.0164795	-0.00457764	0.0119019
0.0195313	-0.00793457	0.0115967
0.0231934	-0.0140381	0.00915527
0.0268555	-0.0222778	0.00457764
0.0305176	-0.0299072	0.000610352
0.0341797	-0.03479	-0.000610352
0.0378418	-0.0363159	0.00152588
0.0411987	-0.0360107	0.00518799
0.0439453	-0.03479	0.00915527
0.0463867	-0.0335693	0.0128174
0.0473022	-0.0323486	0.0149536
0.0463867	-0.0292969	0.0170898
0.0424194	-0.0247192	0.0177002
0.0341797	-0.0189209	0.0152588
0.0228882	-0.0143433	0.00854492
0.0100708	-0.0134277	-0.00335693
-0.0012207	-0.0186157	-0.0198364
-0.0106812	-0.0283813	-0.0390625
-0.0183105	-0.0396729	-0.0579834
-0.0250244	-0.0500488	-0.0750732
-0.0296021	-0.0619507	-0.0915527
-0.0317383	-0.0753784	-0.107117
-0.0314331	-0.0845337	-0.115967
-0.0289917	-0.0872803	-0.116272
-0.0262451	-0.0863647	-0.11261
-0.0238037	-0.0842285	-0.108032
-0.022583	-0.0802612	-0.102844
-0.022583	-0.0738525	-0.0964355
-0.0247192	-0.0650024	-0.0897217
-0.0286865	-0.0543213	-0.0830078
-0.0326538	-0.0430298	-0.0756836
-0.0350952	-0.0344849	-0.0695801
-0.0357056	-0.0314331	-0.0671387
-0.0338745	-0.0341797	-0.0680542
-0.0302124	-0.039978	-0.0701904
-0.0256348	-0.0488281	-0.0744629
-0.0204468	-0.0598145	-0.0802612
-0.015564	-0.0689697	-0.0845337
-0.0115967	-0.0723267	-0.0839233
-0.0100708	-0.0708008	-0.0808716
-0.0106812	-0.0668335	-0.0775146
-0.0131226	-0.0628662	-0.0759888
-0.017395	-0.0601196	-0.0775146
-0.0231934	-0.0567627	-0.0799561
-0.0292969	-0.0546265	-0.0839233
-0.0341797	-0.0546265	-0.0888062
-0.0357056	-0.0561523	-0.0918579
-0.0320435	-0.06073	-0.0927734
-0.0213623	-0.0686646	-0.0900269
-0.00518799	-0.0787354	-0.0839233
0.015564	-0.090332	-0.0747681
0.0408936	-0.0982666	-0.057373
0.071106	-0.0973511	-0.0262451
0.105591	-0.085144	0.0204468
0.144958	-0.0637817	0.0811768
0.187683	-0.0372314	0.150452
0.230713	-0.00579834	0.224915
0.26825	0.032959	0.301208
0.295715	0.0793457	0.375061
0.310364	0.1297	0.440063
0.309448	0.178528	0.487976
0.291138	0.221252	0.51239
0.25238	0.254517	0.506897
0.193787	0.278625	0.472412
0.121155	0.292053	0.413208
0.0396729	0.293274	0.332947
-0.0439453	0.278931	0.234985
-0.123901	0.248718	0.124817
-0.192871	0.205078	0.012207
-0.244446	0.152893	-0.0915527
-0.274658	0.09552	-0.179138
-0.282593	0.0363159	-0.246277
-0.26947	-0.0204468	-0.289917
-0.240479	-0.0704956	-0.310974
-0.201111	-0.109253	-0.310364
-0.157471	-0.135193	-0.292664
-0.115662	-0.148926	-0.264587
-0.0805664	-0.150452	-0.231018
-0.0546265	-0.141602	-0.196228
-0.0378418	-0.126038	-0.163879
-0.0305176	-0.107117	-0.137634
-0.0311279	-0.0881958	-0.119324
-0.0369263	-0.0726318	-0.109558
-0.0445557	-0.0616455	-0.106201
-0.0512695	-0.0558472	-0.107117
-0.0561523	-0.0524902	-0.108643
-0.0579834	-0.0518799	-0.109863
-0.0552368	-0.0552368	-0.110474
-0.0488281	-0.0598145	-0.108643
-0.0402832	-0.0631714	-0.103455
-0.0308228	-0.0656128	-0.0964355
-0.0204468	-0.0683594	-0.0888062
-0.010376	-0.0714111	-0.0817871
-0.0012207	-0.072937	-0.0741577
0.00549316	-0.0738525	-0.0683594
0.00915527	-0.0778198	-0.0686646
0.010376	-0.0842285	-0.0738525
0.0100708	-0.0894165	-0.0793457
0.00915527	-0.0912476	-0.0820923
0.00732422	-0.0881958	-0.0808716
0.00549316	-0.0830078	-0.0775146
0.00366211	-0.078125	-0.0744629
0.00213623	-0.0723267	-0.0701904
0.0012207	-0.0637817	-0.062561
0.000915527	-0.0540161	-0.0531006
0.000915527	-0.0439453	-0.0430298
0.000915527	-0.0354004	-0.0344849
0.0012207	-0.0308228	-0.0296021
0.0012207	-0.0317383	-0.0305176
0.0012207	-0.0369263	-0.0357056
0.000915527	-0.045166	-0.0442505
0.0012207	-0.0546265	-0.0534058
0.00213623	-0.0643921	-0.0622559
0.00366211	-0.0717163	-0.0680542
0.00579834	-0.0732422	-0.0674438
0.00823975	-0.0698853	-0.0616455
0.010376	-0.0643921	-0.0540161
0.0125122	-0.0592041	-0.0466919
0.0149536	-0.0552368	-0.0402832
0.0180054	-0.0509644	-0.032959
0.0204468	-0.0454712	-0.0250244
0.0219727	-0.0411987	-0.0192261
0.0216675	-0.0405884	-0.0189209
0.0201416	-0.043335	-0.0231934
0.017395	-0.0500488	-0.0326538
0.0137329	-0.0592041	-0.0454712
0.00976563	-0.0674438	-0.0576782
0.00518799	-0.0723267	-0.0671387
0.000610352	-0.0753784	-0.0747681
-0.00366211	-0.0784302	-0.0820923
-0.00671387	-0.0814819	-0.0881958
-0.00854492	-0.083313	-0.0918579
-0.010376	-0.0842285	-0.0946045
-0.0109863	-0.0836182	-0.0946045
-0.0088501	-0.083313	-0.0921631
-0.00427246	-0.0848389	-0.0891113
0.00274658	-0.0866699	-0.0839233
0.0109863	-0.0872803	-0.0762939
0.0195313	-0.0860596	-0.0665283
0.0280762	-0.0827026	-0.0546265
0.0366211	-0.0790405	-0.0424194
0.0445557	-0.0756836	-0.0311279
0.0515747	-0.0723267	-0.020752
0.0570679	-0.0683594	-0.0112915
0.0616455	-0.0631714	-0.00152588
0.0643921	-0.0570679	0.00732422
0.0650024	-0.0540161	0.0109863
0.0634766	-0.0540161	0.00946045
0.0604248	-0.0531006	0.00732422
0.057373	-0.0527954	0.00457764
0.0549316	-0.0546265	0.000305176
0.0527954	-0.0561523	-0.00335693
0.0521851	-0.0570679	-0.00488281
0.0549316	-0.0601196	-0.00518799
0.0604248	-0.0646973	-0.00427246
0.0671387	-0.0689697	-0.00183105
0.0741577	-0.0732422	0.000915527
0.0817871	-0.0775146	0.00427246
0.0891113	-0.0808716	0.00823975
0.0961304	-0.0823975	0.0137329
0.102234	-0.0830078	0.0192261
0.106812	-0.0836182	0.0231934
0.109253	-0.0830078	0.0262451
0.109863	-0.0796509	0.0302124
0.109863	-0.0756836	0.0341797
0.111084	-0.0744629	0.0366211
0.113831	-0.0759888	0.0378418
0.116577	-0.0778198	0.0387573
0.119324	-0.0787354	0.0405884
0.122375	-0.0793457	0.0430298
0.126038	-0.0820923	0.0439453
0.129395	-0.0881958	0.0411987
0.131836	-0.0942993	0.0375366
0.132751	-0.0946045	0.038147
0.132446	-0.0878906	0.0445557
0.1297	-0.0790405	0.0506592
0.123596	-0.0704956	0.0531006
0.114441	-0.0646973	0.0497437
0.10437	-0.0592041	0.045166
0.0946045	-0.050354	0.0442505
0.0869751	-0.0390625	0.0479126
0.0814819	-0.0265503	0.0549316
0.0769043	-0.0152588	0.0616455
0.0738525	-0.00823975	0.0656128
0.0717163	-0.00579834	0.065918
0.071106	-0.00579834	0.0653076
0.0714111	-0.00793457	0.0634766
0.0723267	-0.012207	0.0601196
0.072937	-0.0170898	0.0558472
0.0726318	-0.0219727	0.0506592
0.0704956	-0.0250244	0.0454712
0.0668335	-0.0256348	0.0411987
0.0619507	-0.0268555	0.0350952
0.0564575	-0.0296021	0.0268555
0.0500488	-0.0326538	0.017395
0.043335	-0.0354004	0.00793457
0.0363159	-0.0338745	0.00244141
0.0296021	-0.0265503	0.00305176
0.0231934	-0.0161743	0.00701904
0.0161743	-0.00732422	0.0088501
0.00915527	-0.00274658	0.00640869
0.00183105	-0.00213623	-0.000305176
-0.00488281	-0.00213623	-0.00701904
-0.0115967	-0.000610352	-0.012207
-0.0167847	0.000610352	-0.0161743
-0.0195313	-0.00152588	-0.0210571
-0.0204468	-0.00854492	-0.0289917
-0.020752	-0.0192261	-0.039978
-0.0198364	-0.0296021	-0.0494385
-0.0177002	-0.0384521	-0.0561523
-0.0149536	-0.0460815	-0.0610352
-0.012207	-0.0524902	-0.0646973
-0.010376	-0.0588989	-0.0692749
-0.00946045	-0.0640869	-0.0735474
-0.00915527	-0.0653076	-0.0744629
-0.0100708	-0.0640869	-0.0741577
-0.0112915	-0.06073	-0.0720215
-0.0134277	-0.0582886	-0.0717163
-0.015564	-0.0592041	-0.0747681
-0.0170898	-0.0601196	-0.0772095
-0.017395	-0.0588989	-0.0762939
-0.0158691	-0.0558472	-0.0717163
-0.0134277	-0.0524902	-0.065918
-0.00976563	-0.0494385	-0.0592041
-0.00610352	-0.0460815	-0.0521851
-0.00305176	-0.0424194	-0.0454712
-0.000305176	-0.0366211	-0.0369263
0.00213623	-0.0289917	-0.0268555
0.00427246	-0.0213623	-0.0170898
0.00579834	-0.0167847	-0.0109863
0.00640869	-0.0170898	-0.0106812
0.00518799	-0.0213623	-0.0161743
0.00213623	-0.0292969	-0.0271606
-0.00152588	-0.0372314	-0.0387573
-0.00549316	-0.0421143	-0.0476074
-0.0100708	-0.0430298	-0.0531006
-0.0143433	-0.0408936	-0.0552368
-0.0189209	-0.038147	-0.0570679
-0.0234985	-0.0354004	-0.0588989
-0.0271606	-0.0302124	-0.057373
-0.0292969	-0.0219727	-0.0512695
-0.0289917	-0.0137329	-0.0427246
-0.0262451	-0.00823975	-0.0344849
-0.0204468	-0.00640869	-0.0268555
-0.0128174	-0.00793457	-0.020752
-0.00549316	-0.0112915	-0.0167847
0.000610352	-0.017395	-0.0167847
0.00518799	-0.0256348	-0.0204468
0.00762939	-0.0335693	-0.0259399
0.00732422	-0.0396729	-0.0323486
0.00457764	-0.0427246	-0.038147
0.000305176	-0.0430298	-0.0427246
-0.00549316	-0.0411987	-0.0466919
-0.0115967	-0.0366211	-0.0482178
-0.0161743	-0.0308228	-0.0469971
-0.0189209	-0.0265503	-0.0454712
-0.0192261	-0.0241089	-0.043335
-0.0177002	-0.0244141	-0.0421143
-0.0137329	-0.0259399	-0.0396729
-0.00823975	-0.027771	-0.0360107
-0.00213623	-0.0305176	-0.0326538
0.00335693	-0.0375366	-0.0341797
0.00671387	-0.0469971	-0.0402832
0.00762939	-0.055542	-0.0479126
0.00640869	-0.0604248	-0.0540161
0.00274658	-0.0604248	-0.0576782
-0.00305176	-0.0561523	-0.0592041
-0.010376	-0.0482178	-0.0585938
-0.0164795	-0.0393677	-0.0558472
-0.020752	-0.0335693	-0.0543213
-0.0228882	-0.0305176	-0.0534058
-0.0234985	-0.0299072	-0.0534058
-0.022583	-0.0314331	-0.0540161
-0.0204468	-0.0326538	-0.0531006
-0.0170898	-0.0341797	-0.0512695
-0.0128174	-0.039978	-0.0527954
-0.00854492	-0.0500488	-0.0585938
-0.00396729	-0.0601196	-0.0640869
0.000305176	-0.0650024	-0.0646973
0.00396729	-0.0628662	-0.0588989
0.00701904	-0.055542	-0.0485229
0.00976563	-0.0466919	-0.0369263
0.0131226	-0.038147	-0.0250244
0.0161743	-0.0311279	-0.0149536
0.017395	-0.0271606	-0.00976563
0.017395	-0.0274658	-0.0100708
0.0164795	-0.0305176	-0.0140381
0.0146484	-0.0341797	-0.0195313
0.0119019	-0.0378418	-0.0259399
0.00823975	-0.0415039	-0.0332642
0.00274658	-0.0454712	-0.0427246
-0.00427246	-0.0485229	-0.0527954
-0.0119019	-0.0494385	-0.0613403
-0.0195313	-0.0469971	-0.0665283
-0.0253296	-0.0396729	-0.0650024
-0.0292969	-0.0292969	-0.0585938
-0.0311279	-0.0198364	-0.0509644
-0.0311279	-0.0131226	-0.0442505
-0.0308228	-0.0109863	-0.0418091
-0.0296021	-0.0119019	-0.0415039
-0.0268555	-0.0146484	-0.0415039
-0.0228882	-0.0198364	-0.0427246
-0.0177002	-0.0274658	-0.045166
-0.0119019	-0.0363159	-0.0482178
-0.00640869	-0.045166	-0.0515747
-0.00213623	-0.055542	-0.0576782
0.000305176	-0.0668335	-0.0665283
0.0012207	-0.0723267	-0.071106
0.000610352	-0.0704956	-0.0698853
-0.00152588	-0.0631714	-0.0646973
-0.00549316	-0.0537109	-0.0592041
-0.0106812	-0.0442505	-0.0549316
-0.0158691	-0.0372314	-0.0531006
-0.020752	-0.0305176	-0.0512695
-0.0256348	-0.0216675	-0.0473022
-0.0296021	-0.0128174	-0.0424194
-0.0323486	-0.00671387	-0.0390625
-0.0335693	-0.00488281	-0.0384521
-0.0335693	-0.00640869	-0.039978
-0.0323486	-0.0106812	-0.0430298
-0.0311279	-0.0158691	-0.0469971
-0.0302124	-0.0201416	-0.050354
-0.0289917	-0.0241089	-0.0531006
-0.0283813	-0.0274658	-0.0558472
-0.0280762	-0.0311279	-0.0592041
-0.0274658	-0.0332642	-0.06073
-0.0250244	-0.0317383	-0.0567627
-0.0210571	-0.0289917	-0.0500488
-0.0152588	-0.0274658	-0.0427246
-0.00762939	-0.0268555	-0.0344849
0.000915527	-0.0268555	-0.0259399
0.00854492	-0.0265503	-0.0180054
0.0146484	-0.0289917	-0.0143433
0.0198364	-0.0344849	-0.0146484
0.0234985	-0.0402832	-0.0167847
0.0241089	-0.0442505	-0.0201416
0.020752	-0.0436401	-0.0228882
0.0140381	-0.0405884	-0.0265503
0.00427246	-0.0363159	-0.0320435
-0.00640869	-0.032959	-0.0393677
-0.0161743	-0.0308228	-0.0469971
-0.0241089	-0.027771	-0.0518799
-0.0305176	-0.0213623	-0.0518799
-0.0350952	-0.0115967	-0.0466919
-0.0375366	-0.00396729	-0.0415039
-0.0375366	-0.0012207	-0.0387573
-0.03479	-0.00427246	-0.0390625
-0.0299072	-0.010376	-0.0402832
-0.0241089	-0.017395	-0.0415039
-0.0183105	-0.0244141	-0.0427246
-0.0140381	-0.0299072	-0.0439453
-0.0109863	-0.0317383	-0.0427246
-0.00976563	-0.0314331	-0.0411987
-0.00976563	-0.0308228	-0.0405884
-0.0106812	-0.0320435	-0.0427246
-0.012207	-0.0326538	-0.0448608
-0.0131226	-0.0271606	-0.0402832
-0.0140381	-0.017395	-0.0314331
-0.0143433	-0.00823975	-0.022583
-0.0134277	-0.00305176	-0.0164795
-0.0109863	-0.0012207	-0.012207
-0.00640869	-0.000610352	-0.00701904
-0.000610352	-0.00152588	-0.00213623
0.00579834	-0.00305176	0.00274658
0.0112915	-0.00427246	0.00701904
0.0164795	-0.00701904	0.00946045
0.0210571	-0.0125122	0.00854492
0.0244141	-0.022583	0.00183105
0.0271606	-0.0344849	-0.00732422
0.0286865	-0.0405884	-0.0119019
0.0296021	-0.0396729	-0.0100708
0.0296021	-0.0360107	-0.00640869
0.0296021	-0.0320435	-0.00244141
0.0302124	-0.0265503	0.00366211
0.0314331	-0.020752	0.0106812
0.0338745	-0.0143433	0.0195313
0.0357056	-0.00793457	0.027771
0.0350952	-0.00213623	0.032959
0.032959	0.00183105	0.03479
0.0305176	0.00244141	0.032959
0.0296021	-0.00244141	0.0271606
0.0299072	-0.012207	0.0177002
0.0296021	-0.0253296	0.00427246
0.0274658	-0.0387573	-0.0112915
0.0244141	-0.0482178	-0.0238037
0.0204468	-0.0537109	-0.0332642
0.0164795	-0.057373	-0.0408936
0.0131226	-0.0604248	-0.0473022
0.00976563	-0.0646973	-0.0549316
0.00549316	-0.0695801	-0.0640869
0.000305176	-0.0753784	-0.0750732
-0.00549316	-0.078125	-0.0836182
-0.0106812	-0.0769043	-0.0875854
-0.0149536	-0.0726318	-0.0875854
-0.0186157	-0.0668335	-0.0854492
-0.020752	-0.0613403	-0.0820923
-0.0216675	-0.0570679	-0.0787354
-0.0219727	-0.0524902	-0.0744629
-0.0219727	-0.0479126	-0.0698853
-0.0219727	-0.0454712	-0.0674438
-0.0222778	-0.0448608	-0.0671387
-0.0228882	-0.043335	-0.0662231
-0.0234985	-0.0427246	-0.0662231
-0.0247192	-0.045166	-0.0698853
-0.0262451	-0.0488281	-0.0750732
-0.0274658	-0.0540161	-0.0814819
-0.0268555	-0.0613403	-0.0881958
-0.0241089	-0.0683594	-0.0924683
-0.0210571	-0.0714111	-0.0924683
-0.0189209	-0.0689697	-0.0878906
-0.0177002	-0.0637817	-0.0814819
-0.0177002	-0.0598145	-0.0775146
-0.0183105	-0.0579834	-0.0762939
-0.0180054	-0.0570679	-0.0750732
-0.0164795	-0.0576782	-0.0741577
-0.0140381	-0.0601196	-0.0741577
-0.0100708	-0.0650024	-0.0750732
-0.00366211	-0.072937	-0.0765991
0.00640869	-0.0823975	-0.0759888
0.020752	-0.0912476	-0.0704956
0.0402832	-0.0939941	-0.0537109
0.0646973	-0.090332	-0.0256348
0.093689	-0.0802612	0.0134277
0.126038	-0.0598145	0.0662231
0.161438	-0.0289917	0.132446
0.198975	0.0088501	0.207825
0.234985	0.0515747	0.28656
0.265198	0.0979614	0.363159
0.284119	0.14679	0.430908
0.289917	0.192261	0.482178
0.279846	0.229187	0.509033
0.249939	0.256958	0.506897
0.198669	0.277405	0.476074
0.1297	0.287476	0.417175
0.0494385	0.282288	0.331726
-0.0354004	0.262451	0.227051
-0.118408	0.231628	0.11322
-0.193481	0.194397	0.000915527
-0.254822	0.154419	-0.100403
-0.296631	0.113525	-0.183105
-0.315552	0.072937	-0.242615
-0.3125	0.0314331	-0.281067
-0.290527	-0.00915527	-0.299683
-0.254822	-0.0457764	-0.300598
-0.210876	-0.0753784	-0.286255
-0.164185	-0.0961304	-0.260315
-0.121155	-0.107422	-0.228577
-0.0860596	-0.111389	-0.197449
-0.0613403	-0.107727	-0.169067
-0.0466919	-0.0982666	-0.144958
-0.0405884	-0.085144	-0.125732
-0.0405884	-0.0714111	-0.112
-0.045166	-0.0592041	-0.10437
-0.0518799	-0.0485229	-0.100403
-0.0588989	-0.0375366	-0.0964355
-0.0634766	-0.027771	-0.0912476
-0.0637817	-0.0222778	-0.0860596
-0.0604248	-0.0222778	-0.0827026
-0.0546265	-0.027771	-0.0823975
-0.0473022	-0.038147	-0.0854492
-0.0387573	-0.0521851	-0.0909424
-0.0289917	-0.065918	-0.0949097
-0.0192261	-0.0756836	-0.0949097
-0.0109863	-0.0814819	-0.0924683
-0.00518799	-0.0860596	-0.0912476
-0.0012207	-0.0897217	-0.0909424
0.000915527	-0.0906372	-0.0897217
0.00183105	-0.0888062	-0.0869751
0.00183105	-0.0839233	-0.0820923
0.0012207	-0.0753784	-0.0741577
0.000305176	-0.0662231	-0.065918
-0.000305176	-0.0567627	-0.0570679
-0.000610352	-0.0491333	-0.0497437
-0.000610352	-0.045166	-0.0457764
-0.00152588	-0.0454712	-0.0469971
-0.00274658	-0.0476074	-0.050354
-0.00488281	-0.0469971	-0.0518799
-0.00762939	-0.0439453	-0.0515747
-0.010376	-0.0415039	-0.0518799
-0.0131226	-0.0396729	-0.0527954
-0.0158691	-0.0387573	-0.0546265
-0.0170898	-0.0387573	-0.0558472
-0.0170898	-0.0387573	-0.0558472
-0.0161743	-0.0378418	-0.0540161
-0.0140381	-0.0369263	-0.0509644
-0.0119019	-0.0369263	-0.0488281
-0.0100708	-0.0375366	-0.0476074
-0.0088501	-0.0384521	-0.0473022
-0.00762939	-0.0396729	-0.0473022
-0.00671387	-0.0393677	-0.0460815
-0.00701904	-0.0363159	-0.043335
-0.00823975	-0.0335693	-0.0418091
-0.00946045	-0.0332642	-0.0427246
-0.0112915	-0.0311279	-0.0424194
-0.0134277	-0.0259399	-0.0393677
-0.015564	-0.0210571	-0.0366211
-0.0170898	-0.0204468	-0.0375366
-0.017395	-0.0247192	-0.0421143
-0.0167847	-0.0299072	-0.0466919
-0.0158691	-0.0332642	-0.0491333
-0.0134277	-0.0372314	-0.0506592
-0.0100708	-0.0427246	-0.0527954
-0.00640869	-0.0479126	-0.0543213
-0.00183105	-0.0524902	-0.0543213
0.00396729	-0.0564575	-0.0524902
0.0109863	-0.0579834	-0.0469971
0.0189209	-0.055542	-0.0366211
0.0268555	-0.0506592	-0.0238037
0.0341797	-0.0460815	-0.0119019
0.0408936	-0.0421143	-0.0012207
0.0473022	-0.0390625	0.00823975
0.0534058	-0.0378418	0.015564
0.0579834	-0.0384521	0.0195313
0.0619507	-0.0405884	0.0213623
0.0653076	-0.0430298	0.0222778
0.0674438	-0.0466919	0.020752
0.067749	-0.0518799	0.0158691
0.065918	-0.0567627	0.00915527
0.0634766	-0.0588989	0.00457764
0.0604248	-0.0576782	0.00274658
0.057373	-0.0546265	0.00274658
0.0540161	-0.0494385	0.00457764
0.0497437	-0.043335	0.00640869
0.0454712	-0.038147	0.00732422
0.0418091	-0.03479	0.00701904
0.0396729	-0.0354004	0.00427246
0.0408936	-0.0393677	0.00152588
0.0448608	-0.0488281	-0.00396729
0.0515747	-0.0619507	-0.010376
0.0598145	-0.0750732	-0.0152588
0.0704956	-0.0869751	-0.0164795
0.0817871	-0.0973511	-0.015564
0.0918579	-0.10498	-0.0131226
0.100708	-0.108337	-0.00762939
0.107727	-0.105591	0.00213623
0.11322	-0.0961304	0.0170898
0.116882	-0.0811768	0.0357056
0.118408	-0.0640869	0.0543213
0.116577	-0.0491333	0.0674438
0.11261	-0.0372314	0.0753784
0.108337	-0.0280762	0.0802612
0.10498	-0.0201416	0.0848389
0.102539	-0.0143433	0.0881958
0.101624	-0.0119019	0.0897217
0.103149	-0.012207	0.0909424
0.105896	-0.0143433	0.0915527
0.108643	-0.0170898	0.0915527
0.110779	-0.0204468	0.090332
0.111694	-0.0219727	0.0897217
0.111694	-0.020752	0.0909424
0.110474	-0.0180054	0.0924683
0.108032	-0.0158691	0.0921631
0.10437	-0.0158691	0.088501
0.0991821	-0.0183105	0.0808716
0.0927734	-0.0222778	0.0704956
0.0854492	-0.0253296	0.0601196
0.0784302	-0.0259399	0.0524902
0.0720215	-0.0256348	0.0463867
0.0662231	-0.0271606	0.0390625
0.0610352	-0.0317383	0.0292969
0.0558472	-0.0372314	0.0186157
0.0512695	-0.0360107	0.0152588
0.0469971	-0.0286865	0.0183105
0.043335	-0.0195313	0.0238037
0.0387573	-0.0125122	0.0262451
0.0338745	-0.00793457	0.0259399
0.0289917	-0.00579834	0.0231934
0.0244141	-0.00366211	0.020752
0.0198364	0.000915527	0.020752
0.015564	0.00671387	0.0222778
0.0115967	0.0115967	0.0231934
0.00762939	0.012207	0.0198364
0.00457764	0.00823975	0.0128174
0.00244141	0.0012207	0.00366211
0.000915527	-0.00335693	-0.00244141
-0.00213623	-0.00549316	-0.00762939
-0.00671387	-0.00762939	-0.0143433
-0.0115967	-0.00915527	-0.020752
-0.0167847	-0.00793457	-0.0247192
-0.0231934	-0.00457764	-0.027771
-0.0320435	-0.0012207	-0.0332642
-0.0427246	0.00152588	-0.0411987
-0.0534058	0.00366211	-0.0497437
-0.0610352	0.00396729	-0.0570679
-0.0653076	0.00244141	-0.0628662
-0.0686646	0.000305176	-0.0683594
-0.0704956	-0.0012207	-0.0717163
-0.0698853	-0.00396729	-0.0738525
-0.0653076	-0.0100708	-0.0753784
-0.057373	-0.0192261	-0.0765991
-0.0482178	-0.0305176	-0.0787354
-0.0384521	-0.0405884	-0.0790405
-0.0296021	-0.0476074	-0.0772095
-0.0213623	-0.0497437	-0.071106
-0.0149536	-0.0476074	-0.062561
-0.0106812	-0.0442505	-0.0549316
-0.0088501	-0.0418091	-0.0506592
-0.0100708	-0.0384521	-0.0485229
-0.0134277	-0.032959	-0.0463867
-0.0177002	-0.0265503	-0.0442505
-0.022583	-0.0216675	-0.0442505
-0.0274658	-0.0180054	-0.0454712
-0.0323486	-0.017395	-0.0497437
-0.0369263	-0.0164795	-0.0534058
-0.0408936	-0.0137329	-0.0546265
-0.043335	-0.0119019	-0.0552368
-0.0439453	-0.0115967	-0.055542
-0.0427246	-0.0112915	-0.0540161
-0.0396729	-0.0109863	-0.0506592
-0.0344849	-0.0106812	-0.045166
-0.0283813	-0.0088501	-0.0372314
-0.0213623	-0.00732422	-0.0286865
-0.0146484	-0.00701904	-0.0216675
-0.0088501	-0.0088501	-0.0177002
-0.00427246	-0.0134277	-0.0177002
-0.00183105	-0.0204468	-0.0222778
-0.00183105	-0.0268555	-0.0286865
-0.00396729	-0.0302124	-0.0341797
-0.00762939	-0.0317383	-0.0393677
-0.0125122	-0.0332642	-0.0457764
-0.0183105	-0.0332642	-0.0515747
-0.0238037	-0.0305176	-0.0543213
-0.0286865	-0.0253296	-0.0540161
-0.0320435	-0.0198364	-0.0518799
-0.0335693	-0.0152588	-0.0488281
-0.0323486	-0.0109863	-0.043335
-0.0292969	-0.00610352	-0.0354004
-0.0256348	-0.00244141	-0.0280762
-0.0216675	-0.000610352	-0.0222778
-0.0170898	-0.000610352	-0.0177002
-0.0128174	0.000610352	-0.012207
-0.0106812	0.00152588	-0.00915527
-0.0106812	0.000915527	-0.00976563
-0.0125122	-0.000915527	-0.0134277
-0.0146484	-0.00518799	-0.0198364
-0.0167847	-0.0100708	-0.0268555
-0.0183105	-0.0134277	-0.0317383
-0.0201416	-0.0146484	-0.03479
-0.0222778	-0.0189209	-0.0411987
-0.0250244	-0.0259399	-0.0509644
-0.0280762	-0.0326538	-0.06073
-0.0308228	-0.0350952	-0.065918
-0.0320435	-0.0344849	-0.0665283
-0.0323486	-0.0326538	-0.0650024
-0.0314331	-0.0326538	-0.0640869
-0.0308228	-0.0341797	-0.0650024
-0.0302124	-0.0366211	-0.0668335
-0.0286865	-0.0405884	-0.0692749
-0.0262451	-0.0448608	-0.071106
-0.0228882	-0.0488281	-0.0717163
-0.0180054	-0.0512695	-0.0692749
-0.0140381	-0.0515747	-0.0656128
-0.0109863	-0.050354	-0.0613403
-0.00915527	-0.0485229	-0.0576782
-0.0088501	-0.045166	-0.0540161
-0.00946045	-0.0408936	-0.050354
-0.0106812	-0.0369263	-0.0476074
-0.0128174	-0.0326538	-0.0454712
-0.0149536	-0.0280762	-0.0430298
-0.017395	-0.0234985	-0.0408936
-0.0195313	-0.0216675	-0.0411987
-0.020752	-0.0241089	-0.0448608
-0.0216675	-0.0274658	-0.0491333
-0.022583	-0.0292969	-0.0518799
-0.0231934	-0.0311279	-0.0543213
-0.0231934	-0.0323486	-0.055542
-0.022583	-0.0308228	-0.0534058
-0.0238037	-0.0259399	-0.0497437
-0.0259399	-0.0204468	-0.0463867
-0.0283813	-0.0177002	-0.0460815
-0.0302124	-0.0180054	-0.0482178
-0.0326538	-0.020752	-0.0534058
-0.0357056	-0.0234985	-0.0592041
-0.0375366	-0.0259399	-0.0634766
-0.038147	-0.0289917	-0.0671387
-0.0378418	-0.032959	-0.0708008
-0.038147	-0.0390625	-0.0772095
-0.038147	-0.0457764	-0.0839233
-0.0378418	-0.0506592	-0.088501
-0.0366211	-0.0500488	-0.0866699
-0.03479	-0.0445557	-0.0793457
-0.032959	-0.038147	-0.071106
-0.0320435	-0.032959	-0.0650024
-0.0314331	-0.0274658	-0.0588989
-0.0299072	-0.0210571	-0.0509644
-0.0274658	-0.0146484	-0.0421143
-0.0238037	-0.0106812	-0.0344849
-0.0195313	-0.0088501	-0.0283813
-0.015564	-0.00946045	-0.0250244
-0.0134277	-0.0128174	-0.0262451
-0.0125122	-0.0186157	-0.0311279
-0.012207	-0.0268555	-0.0390625
-0.012207	-0.0335693	-0.0457764
-0.0134277	-0.0366211	-0.0500488
-0.0158691	-0.0363159	-0.0521851
-0.0195313	-0.0360107	-0.055542
-0.0238037	-0.0357056	-0.0595093
-0.0271606	-0.0341797	-0.0613403
-0.0283813	-0.0314331	-0.0598145
-0.0268555	-0.0274658	-0.0543213
-0.0241089	-0.0216675	-0.0457764
-0.0204468	-0.0131226	-0.0335693
-0.0167847	-0.00457764	-0.0213623
-0.0137329	0.0012207	-0.0125122
-0.0112915	0.00427246	-0.00701904
-0.00915527	0.00640869	-0.00274658
-0.00732422	0.0088501	0.00152588
-0.00640869	0.0119019	0.00549316
-0.00579834	0.0131226	0.00732422
-0.00549316	0.0109863	0.00549316
-0.00396729	0.00610352	0.00213623
-0.000915527	-0.000610352	-0.00152588
0.00335693	-0.00732422	-0.00396729
0.00762939	-0.0128174	-0.00518799
0.0112915	-0.0167847	-0.00549316
0.0143433	-0.0183105	-0.00396729
0.0167847	-0.0170898	-0.000305176
0.0192261	-0.0131226	0.00610352
0.0201416	-0.00854492	0.0115967
0.0186157	-0.00457764	0.0140381
0.0152588	-0.00183105	0.0134277
0.0106812	-0.000610352	0.0100708
0.00579834	-0.000305176	0.00549316
0.00213623	0.000610352	0.00274658
-0.000305176	0.00152588	0.0012207
-0.00213623	0.000915527	-0.0012207
-0.00305176	0.000305176	-0.00274658
-0.00335693	-0.000915527	-0.00427246
-0.00244141	-0.00244141	-0.00488281
-0.000915527	-0.00274658	-0.00366211
0.0012207	-0.00213623	-0.000915527
0.00305176	-0.00183105	0.0012207
0.00488281	-0.00213623	0.00274658
0.00823975	-0.00427246	0.00396729
0.0137329	-0.0088501	0.00488281
0.0192261	-0.0158691	0.00335693
0.0231934	-0.0234985	-0.000305176
0.0253296	-0.0311279	-0.00579834
0.0256348	-0.0393677	-0.0137329
0.0244141	-0.0476074	-0.0231934
0.0222778	-0.0546265	-0.0323486
0.0189209	-0.0585938	-0.0396729
0.0131226	-0.0601196	-0.0469971
0.00579834	-0.0619507	-0.0561523
-0.000915527	-0.0662231	-0.0671387
-0.00610352	-0.067749	-0.0738525
-0.010376	-0.0650024	-0.0753784
-0.0137329	-0.0601196	-0.0738525
-0.0152588	-0.0531006	-0.0683594
-0.0143433	-0.0448608	-0.0592041
-0.0109863	-0.0369263	-0.0479126
-0.00640869	-0.0314331	-0.0378418
-0.00213623	-0.0283813	-0.0305176
0.000610352	-0.0262451	-0.0256348
0.000915527	-0.0250244	-0.0241089
-0.000610352	-0.0262451	-0.0268555
-0.00457764	-0.0308228	-0.0354004
-0.00946045	-0.0390625	-0.0485229
-0.0134277	-0.0518799	-0.0653076
-0.0170898	-0.0668335	-0.0839233
-0.0210571	-0.0765991	-0.0976563
-0.0250244	-0.078125	-0.103149
-0.0274658	-0.0759888	-0.103455
-0.0274658	-0.0738525	-0.101318
-0.0250244	-0.0708008	-0.0958252
-0.0213623	-0.0683594	-0.0897217
-0.0170898	-0.0686646	-0.0857544
-0.0134277	-0.0701904	-0.0836182
-0.010376	-0.0708008	-0.0811768
-0.00823975	-0.0695801	-0.0778198
-0.00640869	-0.0689697	-0.0753784
-0.00457764	-0.0720215	-0.0765991
-0.00244141	-0.0784302	-0.0808716
0.0012207	-0.0863647	-0.085144
0.00793457	-0.0918579	-0.0839233
0.0183105	-0.0909424	-0.0726318
0.0326538	-0.0820923	-0.0494385
0.0506592	-0.0650024	-0.0143433
0.0735474	-0.0402832	0.0332642
0.102539	-0.0100708	0.0924683
0.138245	0.0250244	0.163269
0.178833	0.0634766	0.24231
0.218811	0.103455	0.322266
0.253601	0.143433	0.397034
0.278931	0.182495	0.461426
0.291748	0.220032	0.51178
0.288086	0.250854	0.53894
0.264282	0.272827	0.537109
0.220032	0.285034	0.505066
0.158081	0.287476	0.445557
0.0839233	0.276489	0.360413
0.00244141	0.252075	0.254517
-0.0790405	0.215149	0.136108
-0.153503	0.168762	0.0152588
-0.215149	0.119019	-0.0961304
-0.257568	0.0695801	-0.187988
-0.27832	0.0189209	-0.259399
-0.278015	-0.0320435	-0.310059
-0.26001	-0.0762939	-0.336304
-0.229492	-0.108948	-0.33844
-0.19104	-0.128479	-0.319519
-0.151062	-0.136108	-0.28717
-0.114136	-0.135193	-0.249329
-0.0845337	-0.125732	-0.210266
-0.0643921	-0.107422	-0.171814
-0.0537109	-0.0823975	-0.136108
-0.0497437	-0.0558472	-0.105591
-0.0497437	-0.0338745	-0.0836182
-0.0515747	-0.0204468	-0.0720215
-0.0518799	-0.0164795	-0.0683594
-0.0488281	-0.0180054	-0.0668335
-0.043335	-0.0213623	-0.0646973
-0.0357056	-0.0268555	-0.062561
-0.0265503	-0.0363159	-0.0628662
-0.0161743	-0.0497437	-0.065918
-0.00549316	-0.0643921	-0.0698853
0.00335693	-0.0756836	-0.0723267
0.00976563	-0.0814819	-0.0717163
0.0128174	-0.083313	-0.0704956
0.0134277	-0.0811768	-0.067749
0.0125122	-0.0762939	-0.0637817
0.010376	-0.0698853	-0.0595093
0.00854492	-0.062561	-0.0540161
0.00793457	-0.055542	-0.0476074
0.00854492	-0.0512695	-0.0427246
0.00976563	-0.0488281	-0.0390625
0.0109863	-0.0476074	-0.0366211
0.0131226	-0.0469971	-0.0338745
0.0161743	-0.0463867	-0.0302124
0.0195313	-0.0473022	-0.027771
0.0222778	-0.0500488	-0.027771
0.0241089	-0.0527954	-0.0286865
0.0259399	-0.0558472	-0.0299072
0.027771	-0.0576782	-0.0299072
0.0292969	-0.057373	-0.0280762
0.0311279	-0.057373	-0.0262451
0.0332642	-0.0567627	-0.0234985
0.0350952	-0.0549316	-0.0198364
0.0363159	-0.0546265	-0.0183105
0.0366211	-0.0576782	-0.0210571
0.0354004	-0.0595093	-0.0241089
0.032959	-0.057373	-0.0244141
0.0299072	-0.0524902	-0.022583
0.0265503	-0.0463867	-0.0198364
0.0238037	-0.0408936	-0.0170898
0.0213623	-0.0372314	-0.0158691
0.0198364	-0.0354004	-0.015564
0.0198364	-0.0354004	-0.015564
0.0210571	-0.0372314	-0.0161743
0.0228882	-0.038147	-0.0152588
0.0250244	-0.0360107	-0.0109863
0.027771	-0.0308228	-0.00305176
0.0308228	-0.0271606	0.00366211
0.0341797	-0.0271606	0.00701904
0.0387573	-0.0292969	0.00946045
0.043335	-0.0302124	0.0131226
0.0476074	-0.0308228	0.0167847
0.0506592	-0.0320435	0.0186157
0.0527954	-0.0335693	0.0192261
0.0543213	-0.0357056	0.0186157
0.0567627	-0.0402832	0.0164795
0.0598145	-0.0466919	0.0131226
0.0628662	-0.0521851	0.0106812
0.0656128	-0.0564575	0.00915527
0.0686646	-0.0582886	0.010376
0.0717163	-0.0579834	0.0137329
0.0747681	-0.0561523	0.0186157
0.0778198	-0.0537109	0.0241089
0.0808716	-0.0488281	0.0320435
0.0845337	-0.0424194	0.0421143
0.0881958	-0.0372314	0.0509644
0.0915527	-0.0341797	0.057373
0.0942993	-0.0320435	0.0622559
0.0961304	-0.0305176	0.0656128
0.0994873	-0.032959	0.0665283
0.10376	-0.0408936	0.0628662
0.108032	-0.0494385	0.0585938
0.112	-0.0558472	0.0561523
0.115356	-0.0595093	0.0558472
0.119324	-0.062561	0.0567627
0.123596	-0.0668335	0.0567627
0.128784	-0.0726318	0.0561523
0.133972	-0.0753784	0.0585938
0.13855	-0.0720215	0.0665283
0.142212	-0.0653076	0.0769043
0.144958	-0.0595093	0.0854492
0.14801	-0.0543213	0.093689
0.151672	-0.0506592	0.101013
0.15625	-0.0491333	0.107117
0.160217	-0.050354	0.109863
0.162964	-0.0531006	0.109863
0.163574	-0.0561523	0.107422
0.162354	-0.0585938	0.10376
0.159302	-0.0601196	0.0991821
0.155029	-0.0619507	0.0930786
0.149231	-0.0619507	0.0872803
0.141907	-0.0579834	0.0839233
0.134583	-0.0512695	0.083313
0.127563	-0.0430298	0.0845337
0.121765	-0.0341797	0.0875854
0.118713	-0.0274658	0.0912476
0.119019	-0.0222778	0.0967407
0.12207	-0.0170898	0.10498
0.126648	-0.0125122	0.114136
0.132446	-0.010376	0.12207
0.138245	-0.0112915	0.126953
0.144348	-0.0149536	0.129395
0.149536	-0.020752	0.128784
0.152588	-0.027771	0.124817
0.151672	-0.032959	0.118713
0.1474	-0.0326538	0.114746
0.140076	-0.0292969	0.110779
0.131226	-0.0274658	0.10376
0.12146	-0.0262451	0.0952148
0.111389	-0.0234985	0.0878906
0.101013	-0.0186157	0.0823975
0.0909424	-0.0106812	0.0802612
0.0811768	-0.00244141	0.0787354
0.0723267	0.00457764	0.0769043
0.0653076	0.0106812	0.0759888
0.0598145	0.0164795	0.0762939
0.0549316	0.0198364	0.0747681
0.0515747	0.0195313	0.071106
0.0491333	0.0164795	0.0656128
0.0473022	0.0109863	0.0582886
0.045166	0.00457764	0.0497437
0.0424194	-0.00335693	0.0390625
0.0390625	-0.0112915	0.027771
0.0363159	-0.0189209	0.017395
0.0332642	-0.0256348	0.00762939
0.0292969	-0.0317383	-0.00244141
0.0241089	-0.0363159	-0.012207
0.0186157	-0.0396729	-0.0210571
0.0137329	-0.0411987	-0.0274658
0.00946045	-0.0415039	-0.0320435
0.00640869	-0.039978	-0.0335693
0.00518799	-0.0357056	-0.0305176
0.00488281	-0.0302124	-0.0253296
0.00549316	-0.0256348	-0.0201416
0.00488281	-0.0216675	-0.0167847
0.00366211	-0.0170898	-0.0134277
0.000915527	-0.0131226	-0.012207
-0.00366211	-0.012207	-0.0158691
-0.0100708	-0.0134277	-0.0234985
-0.0177002	-0.0149536	-0.0326538
-0.0253296	-0.0161743	-0.0415039
-0.0317383	-0.0167847	-0.0485229
-0.0363159	-0.0158691	-0.0521851
-0.0384521	-0.0158691	-0.0543213
-0.038147	-0.0177002	-0.0558472
-0.0363159	-0.0216675	-0.0579834
-0.0323486	-0.0253296	-0.0576782
-0.0265503	-0.0253296	-0.0518799
-0.0192261	-0.0216675	-0.0408936
-0.012207	-0.0170898	-0.0292969
-0.00762939	-0.0131226	-0.020752
-0.00579834	-0.0112915	-0.0170898
-0.00549316	-0.0119019	-0.017395
-0.00640869	-0.012207	-0.0186157
-0.00854492	-0.00946045	-0.0180054
-0.0115967	-0.00427246	-0.0158691
-0.0149536	0.000915527	-0.0140381
-0.0167847	0.00366211	-0.0131226
-0.0167847	0.00366211	-0.0131226
-0.015564	0.00396729	-0.0115967
-0.0131226	0.00213623	-0.0109863
-0.010376	-0.00152588	-0.0119019
-0.00762939	-0.00610352	-0.0137329
-0.00518799	-0.0106812	-0.0158691
-0.00274658	-0.0158691	-0.0186157
-0.000915527	-0.0204468	-0.0213623
0.000610352	-0.0234985	-0.0228882
0.000610352	-0.0241089	-0.0234985
-0.000610352	-0.0238037	-0.0244141
-0.00305176	-0.0231934	-0.0262451
-0.00549316	-0.0219727	-0.0274658
-0.00701904	-0.0192261	-0.0262451
-0.00732422	-0.0143433	-0.0216675
-0.00732422	-0.00946045	-0.0167847
-0.00701904	-0.00671387	-0.0137329
-0.00610352	-0.00671387	-0.0128174
-0.00335693	-0.00854492	-0.0119019
0.00152588	-0.0100708	-0.00854492
0.00671387	-0.010376	-0.00366211
0.0106812	-0.010376	0.000305176
0.0131226	-0.0106812	0.00244141
0.0134277	-0.010376	0.00305176
0.012207	-0.00915527	0.00305176
0.00976563	-0.00701904	0.00274658
0.00579834	-0.00488281	0.000915527
0.000305176	-0.00488281	-0.00457764
-0.00671387	-0.00762939	-0.0143433
-0.0143433	-0.0131226	-0.0274658
-0.0222778	-0.0192261	-0.0415039
-0.0289917	-0.0222778	-0.0512695
-0.0338745	-0.0234985	-0.057373
-0.0366211	-0.0250244	-0.0616455
-0.0375366	-0.0250244	-0.062561
-0.0375366	-0.0238037	-0.0613403
-0.0375366	-0.0210571	-0.0585938
-0.0372314	-0.0158691	-0.0531006
-0.0360107	-0.00946045	-0.0454712
-0.0338745	-0.00396729	-0.0378418
-0.0314331	-0.000610352	-0.0320435
-0.0292969	0	-0.0292969
-0.0286865	-0.00183105	-0.0305176
-0.0302124	-0.00518799	-0.0354004
-0.0323486	-0.0106812	-0.0430298
-0.0344849	-0.0177002	-0.0521851
-0.0360107	-0.0241089	-0.0601196
-0.0375366	-0.0280762	-0.0656128
-0.0387573	-0.0305176	-0.0692749
-0.0393677	-0.0299072	-0.0692749
-0.039978	-0.0271606	-0.0671387
-0.039978	-0.022583	-0.062561
-0.0393677	-0.0167847	-0.0561523
-0.0378418	-0.0109863	-0.0488281
-0.0350952	-0.00549316	-0.0405884
-0.0311279	-0.00152588	-0.0326538
-0.0256348	-0.00183105	-0.0274658
-0.0198364	-0.00640869	-0.0262451
-0.0149536	-0.0131226	-0.0280762
-0.0106812	-0.020752	-0.0314331
-0.00732422	-0.0286865	-0.0360107
-0.00518799	-0.0344849	-0.0396729
-0.00396729	-0.0387573	-0.0427246
-0.00305176	-0.0427246	-0.0457764
-0.00213623	-0.0469971	-0.0491333
-0.0012207	-0.0479126	-0.0491333
-0.00183105	-0.0454712	-0.0473022
-0.00427246	-0.0408936	-0.045166
-0.00701904	-0.03479	-0.0418091
-0.00946045	-0.0274658	-0.0369263
-0.0106812	-0.0192261	-0.0299072
-0.0119019	-0.0115967	-0.0234985
-0.0146484	-0.00762939	-0.0222778
-0.0195313	-0.00579834	-0.0253296
-0.0259399	-0.00488281	-0.0308228
-0.0326538	-0.00488281	-0.0375366
-0.0396729	-0.00762939	-0.0473022
-0.0463867	-0.0119019	-0.0582886
-0.0524902	-0.0152588	-0.067749
-0.057373	-0.0167847	-0.0741577
-0.06073	-0.0192261	-0.0799561
-0.0628662	-0.0210571	-0.0839233
-0.0637817	-0.0170898	-0.0808716
-0.0643921	-0.00762939	-0.0720215
-0.0634766	0.00549316	-0.0579834
-0.0610352	0.0198364	-0.0411987
-0.057373	0.0302124	-0.0271606
-0.0531006	0.0366211	-0.0164795
-0.0491333	0.039978	-0.00915527
-0.0463867	0.0411987	-0.00518799
-0.0436401	0.039978	-0.00366211
-0.0393677	0.0350952	-0.00427246
-0.0338745	0.0262451	-0.00762939
-0.0274658	0.0134277	-0.0140381
-0.020752	-0.00213623	-0.0228882
-0.0146484	-0.0149536	-0.0296021
-0.00976563	-0.0210571	-0.0308228
-0.00610352	-0.0210571	-0.0271606
-0.00396729	-0.0180054	-0.0219727
-0.00366211	-0.0125122	-0.0161743
-0.00518799	-0.00305176	-0.00823975
-0.00732422	0.00732422	0
-0.00946045	0.0161743	0.00671387
-0.0115967	0.0231934	0.0115967
-0.0137329	0.0289917	0.0152588
-0.0152588	0.0332642	0.0180054
-0.015564	0.0338745	0.0183105
-0.0137329	0.0308228	0.0170898
-0.00976563	0.0241089	0.0143433
-0.00549316	0.0146484	0.00915527
-0.0012207	0.00549316	0.00427246
0.00152588	-0.0012207	0.000305176
0.00335693	-0.00701904	-0.00366211
0.00427246	-0.012207	-0.00793457
0.00457764	-0.017395	-0.0128174
0.00427246	-0.0216675	-0.017395
0.00244141	-0.0231934	-0.020752
-0.0012207	-0.020752	-0.0219727
-0.00579834	-0.0183105	-0.0241089
-0.0106812	-0.0195313	-0.0302124
-0.0164795	-0.0238037	-0.0402832
-0.0222778	-0.0271606	-0.0494385
-0.0274658	-0.0296021	-0.0570679
-0.0320435	-0.0332642	-0.0653076
-0.0366211	-0.038147	-0.0747681
-0.0402832	-0.0427246	-0.0830078
-0.0430298	-0.0466919	-0.0897217
-0.0439453	-0.050354	-0.0942993
-0.0430298	-0.0518799	-0.0949097
-0.0408936	-0.0512695	-0.0921631
-0.0396729	-0.0506592	-0.090332
-0.0411987	-0.0515747	-0.0927734
-0.0436401	-0.0540161	-0.0976563
-0.0466919	-0.055542	-0.102234
-0.0506592	-0.0549316	-0.105591
-0.055542	-0.0527954	-0.108337
-0.0610352	-0.0494385	-0.110474
-0.0656128	-0.045166	-0.110779
-0.0686646	-0.0411987	-0.109863
-0.0695801	-0.0369263	-0.106506
-0.0686646	-0.0326538	-0.101318
-0.0668335	-0.0283813	-0.0952148
-0.0640869	-0.0241089	-0.0881958
-0.0592041	-0.0228882	-0.0820923
-0.0527954	-0.0247192	-0.0775146
-0.0476074	-0.0299072	-0.0775146
-0.045166	-0.0408936	-0.0860596
-0.0442505	-0.0537109	-0.0979614
-0.0448608	-0.0665283	-0.111389
-0.0457764	-0.0793457	-0.125122
-0.0476074	-0.0897217	-0.137329
-0.0494385	-0.0946045	-0.144043
-0.0500488	-0.0939941	-0.144043
-0.0479126	-0.0894165	-0.137329
-0.0424194	-0.0799561	-0.122375
-0.0335693	-0.0637817	-0.0973511
-0.0201416	-0.0402832	-0.0604248
-0.0012207	-0.0109863	-0.012207
0.0262451	0.0216675	0.0479126
0.0640869	0.0564575	0.120544
0.109863	0.0939941	0.203857
0.15686	0.133972	0.290833
0.19928	0.174255	0.373535
0.233765	0.213318	0.447083
0.256653	0.25116	0.507813
0.263977	0.282898	0.546875
0.250549	0.306091	0.556641
0.213928	0.319519	0.533447
0.15625	0.322571	0.478821
0.0836182	0.314331	0.397949
0.00274658	0.291748	0.294495
-0.0793457	0.253906	0.174561
-0.154419	0.204468	0.0500488
-0.215759	0.146179	-0.0695801
-0.257568	0.0827026	-0.174866
-0.276184	0.0186157	-0.257568
-0.271912	-0.0396729	-0.311584
-0.248413	-0.085144	-0.333557
-0.211792	-0.116272	-0.328064
-0.168152	-0.134583	-0.302734
-0.123596	-0.142212	-0.265808
-0.0845337	-0.13916	-0.223694
-0.0549316	-0.125427	-0.180359
-0.0363159	-0.105896	-0.142212
-0.027771	-0.0845337	-0.112305
-0.0271606	-0.0653076	-0.0924683
-0.0317383	-0.0491333	-0.0808716
-0.0393677	-0.0375366	-0.0769043
-0.0479126	-0.0305176	-0.0784302
-0.0546265	-0.0283813	-0.0830078
-0.0576782	-0.0311279	-0.0888062
-0.0567627	-0.0369263	-0.093689
-0.0531006	-0.0408936	-0.0939941
-0.0494385	-0.0421143	-0.0915527
-0.0469971	-0.0418091	-0.0888062
-0.0460815	-0.0390625	-0.085144
-0.0469971	-0.0332642	-0.0802612
-0.0500488	-0.0262451	-0.0762939
-0.0552368	-0.0201416	-0.0753784
-0.06073	-0.0158691	-0.0765991
-0.0656128	-0.0131226	-0.0787354
-0.0689697	-0.0119019	-0.0808716
-0.0708008	-0.012207	-0.0830078
-0.0704956	-0.0143433	-0.0848389
-0.0680542	-0.0177002	-0.0857544
-0.062561	-0.0222778	-0.0848389
-0.0558472	-0.0283813	-0.0842285
-0.0485229	-0.0360107	-0.0845337
-0.0402832	-0.043335	-0.0836182
-0.0323486	-0.0482178	-0.0805664
-0.0262451	-0.0494385	-0.0756836
-0.0210571	-0.0488281	-0.0698853
-0.015564	-0.0479126	-0.0634766
-0.0100708	-0.0488281	-0.0588989
-0.00640869	-0.0500488	-0.0564575
-0.00457764	-0.0494385	-0.0540161
-0.00488281	-0.045166	-0.0500488
-0.00701904	-0.0405884	-0.0476074
-0.0109863	-0.0387573	-0.0497437
-0.0161743	-0.0390625	-0.0552368
-0.022583	-0.0378418	-0.0604248
-0.0292969	-0.0366211	-0.065918
-0.0341797	-0.0360107	-0.0701904
-0.0369263	-0.032959	-0.0698853
-0.0384521	-0.0268555	-0.0653076
-0.0372314	-0.022583	-0.0598145
-0.032959	-0.0228882	-0.0558472
-0.0259399	-0.0262451	-0.0521851
-0.0180054	-0.0311279	-0.0491333
-0.00915527	-0.0350952	-0.0442505
-0.0012207	-0.0372314	-0.0384521
0.00396729	-0.0375366	-0.0335693
0.00610352	-0.0366211	-0.0305176
0.00610352	-0.0363159	-0.0302124
0.00488281	-0.0378418	-0.032959
0.00244141	-0.0418091	-0.0393677
-0.000915527	-0.0479126	-0.0488281
-0.00427246	-0.0534058	-0.0576782
-0.00671387	-0.0576782	-0.0643921
-0.0088501	-0.0601196	-0.0689697
-0.00976563	-0.0610352	-0.0708008
-0.00946045	-0.0613403	-0.0708008
-0.00854492	-0.0616455	-0.0701904
-0.00701904	-0.0604248	-0.0674438
-0.00579834	-0.0576782	-0.0634766
-0.00549316	-0.0512695	-0.0567627
-0.00518799	-0.0430298	-0.0482178
-0.00396729	-0.0363159	-0.0402832
-0.00152588	-0.0326538	-0.0341797
0.00183105	-0.0302124	-0.0283813
0.00610352	-0.0286865	-0.022583
0.0109863	-0.0299072	-0.0189209
0.0167847	-0.0344849	-0.0177002
0.0238037	-0.0396729	-0.0158691
0.0314331	-0.0436401	-0.012207
0.039978	-0.0463867	-0.00640869
0.0479126	-0.0482178	-0.000305176
0.0546265	-0.0476074	0.00701904
0.0601196	-0.0457764	0.0143433
0.0640869	-0.0439453	0.0201416
0.0671387	-0.0415039	0.0256348
0.0695801	-0.0390625	0.0305176
0.0717163	-0.0357056	0.0360107
0.072937	-0.0311279	0.0418091
0.0735474	-0.0265503	0.0469971
0.0738525	-0.0244141	0.0494385
0.0738525	-0.0244141	0.0494385
0.0735474	-0.0244141	0.0491333
0.0735474	-0.0231934	0.050354
0.0732422	-0.0219727	0.0512695
0.0720215	-0.0222778	0.0497437
0.0714111	-0.0247192	0.0466919
0.0723267	-0.0274658	0.0448608
0.0741577	-0.027771	0.0463867
0.0753784	-0.0280762	0.0473022
0.0759888	-0.0292969	0.0466919
0.0769043	-0.0296021	0.0473022
0.0790405	-0.0299072	0.0491333
0.0823975	-0.0302124	0.0521851
0.085144	-0.0296021	0.055542
0.0872803	-0.0286865	0.0585938
0.0888062	-0.0274658	0.0613403
0.0891113	-0.0253296	0.0637817
0.0878906	-0.0222778	0.0656128
0.0854492	-0.0192261	0.0662231
0.0817871	-0.0152588	0.0665283
0.0765991	-0.010376	0.0662231
0.0704956	-0.00549316	0.0650024
0.0631714	0.000610352	0.0637817
0.0552368	0.00823975	0.0634766
0.0482178	0.0149536	0.0631714
0.0439453	0.0192261	0.0631714
0.0424194	0.0216675	0.0640869
0.0427246	0.0222778	0.0650024
0.0439453	0.0198364	0.0637817
0.0460815	0.015564	0.0616455
0.0494385	0.0100708	0.0595093
0.0527954	0.00518799	0.0579834
0.055542	0	0.055542
0.0561523	-0.00488281	0.0512695
0.0540161	-0.0088501	0.045166
0.0491333	-0.0119019	0.0372314
0.0424194	-0.0146484	0.027771
0.0344849	-0.015564	0.0189209
0.0250244	-0.015564	0.00946045
0.0149536	-0.0143433	0.000610352
0.00457764	-0.0128174	-0.00823975
-0.00518799	-0.0131226	-0.0183105
-0.0128174	-0.0152588	-0.0280762
-0.0180054	-0.0167847	-0.03479
-0.0219727	-0.0158691	-0.0378418
-0.0253296	-0.0140381	-0.0393677
-0.0283813	-0.015564	-0.0439453
-0.0305176	-0.0198364	-0.050354
-0.0317383	-0.022583	-0.0543213
-0.0317383	-0.020752	-0.0524902
-0.0308228	-0.0161743	-0.0469971
-0.0299072	-0.0125122	-0.0424194
-0.0299072	-0.00915527	-0.0390625
-0.0314331	-0.00549316	-0.0369263
-0.032959	-0.0012207	-0.0341797
-0.03479	0.00244141	-0.0323486
-0.0363159	0.00671387	-0.0296021
-0.038147	0.0106812	-0.0274658
-0.0411987	0.0134277	-0.027771
-0.045166	0.0158691	-0.0292969
-0.0485229	0.0177002	-0.0308228
-0.0512695	0.0164795	-0.03479
-0.0531006	0.0125122	-0.0405884
-0.0543213	0.00946045	-0.0448608
-0.0549316	0.0088501	-0.0460815
-0.0546265	0.00946045	-0.045166
-0.0543213	0.0088501	-0.0454712
-0.0546265	0.0088501	-0.0457764
-0.0540161	0.00915527	-0.0448608
-0.0524902	0.00793457	-0.0445557
-0.050354	0.00793457	-0.0424194
-0.0482178	0.00946045	-0.0387573
-0.0457764	0.0109863	-0.03479
-0.043335	0.0106812	-0.0326538
-0.0402832	0.0100708	-0.0302124
-0.0357056	0.0088501	-0.0268555
-0.0286865	0.00488281	-0.0238037
-0.0210571	-0.0012207	-0.0222778
-0.0134277	-0.00671387	-0.0201416
-0.00640869	-0.0100708	-0.0164795
0	-0.010376	-0.010376
0.00610352	-0.00915527	-0.00305176
0.0100708	-0.00854492	0.00152588
0.0112915	-0.00823975	0.00305176
0.00946045	-0.00732422	0.00213623
0.00488281	-0.00427246	0.000610352
-0.00152588	0.00305176	0.00152588
-0.00915527	0.0131226	0.00396729
-0.0167847	0.0213623	0.00457764
-0.0238037	0.0247192	0.000915527
-0.0286865	0.0247192	-0.00396729
-0.0308228	0.0228882	-0.00793457
-0.0311279	0.0219727	-0.00915527
-0.0302124	0.0219727	-0.00823975
-0.0280762	0.0195313	-0.00854492
-0.0234985	0.0128174	-0.0106812
-0.0170898	0.00366211	-0.0134277
-0.00976563	-0.00488281	-0.0146484
-0.00274658	-0.0109863	-0.0137329
0.00244141	-0.0134277	-0.0109863
0.00579834	-0.0158691	-0.0100708
0.00762939	-0.0195313	-0.0119019
0.00793457	-0.0210571	-0.0131226
0.00823975	-0.0189209	-0.0106812
0.00732422	-0.0161743	-0.0088501
0.00457764	-0.0131226	-0.00854492
0.000915527	-0.010376	-0.00946045
-0.00335693	-0.00823975	-0.0115967
-0.00732422	-0.00671387	-0.0140381
-0.0112915	-0.00549316	-0.0167847
-0.0143433	-0.00396729	-0.0183105
-0.0167847	-0.00274658	-0.0195313
-0.0183105	-0.00213623	-0.0204468
-0.0189209	-0.00152588	-0.0204468
-0.0180054	0.000305176	-0.0177002
-0.0170898	0.00183105	-0.0152588
-0.0164795	0.00244141	-0.0140381
-0.0167847	0.00457764	-0.012207
-0.017395	0.00701904	-0.010376
-0.0183105	0.00762939	-0.0106812
-0.0192261	0.00488281	-0.0143433
-0.0201416	0.000610352	-0.0195313
-0.0213623	-0.00488281	-0.0262451
-0.0219727	-0.0119019	-0.0338745
-0.0222778	-0.0161743	-0.0384521
-0.022583	-0.017395	-0.039978
-0.0231934	-0.0180054	-0.0411987
-0.0244141	-0.0195313	-0.0439453
-0.0256348	-0.0219727	-0.0476074
-0.027771	-0.022583	-0.050354
-0.0311279	-0.0189209	-0.0500488
-0.0363159	-0.0137329	-0.0500488
-0.0421143	-0.00976563	-0.0518799
-0.0460815	-0.00854492	-0.0546265
-0.0482178	-0.00915527	-0.057373
-0.0482178	-0.0106812	-0.0588989
-0.0466919	-0.0146484	-0.0613403
-0.0421143	-0.0192261	-0.0613403
-0.0350952	-0.0213623	-0.0564575
-0.0259399	-0.020752	-0.0466919
-0.0161743	-0.0201416	-0.0363159
-0.00701904	-0.0216675	-0.0286865
0.00183105	-0.0238037	-0.0219727
0.00976563	-0.0244141	-0.0146484
0.0161743	-0.0234985	-0.00732422
0.0198364	-0.0222778	-0.00244141
0.020752	-0.0201416	0.000610352
0.0189209	-0.015564	0.00335693
0.015564	-0.00946045	0.00610352
0.0109863	-0.00183105	0.00915527
0.00671387	0.00488281	0.0115967
0.00305176	0.0106812	0.0137329
0.000305176	0.0167847	0.0170898
-0.000305176	0.0231934	0.0228882
0.0012207	0.0296021	0.0308228
0.00457764	0.0335693	0.038147
0.00915527	0.0344849	0.0436401
0.0152588	0.0326538	0.0479126
0.0219727	0.0286865	0.0506592
0.0283813	0.0231934	0.0515747
0.0341797	0.017395	0.0515747
0.0393677	0.0112915	0.0506592
0.0427246	0.00366211	0.0463867
0.0439453	-0.00244141	0.0415039
0.0411987	-0.00671387	0.0344849
0.0350952	-0.0109863	0.0241089
0.0265503	-0.0152588	0.0112915
0.0170898	-0.0180054	-0.000915527
0.00732422	-0.0170898	-0.00976563
-0.00183105	-0.0128174	-0.0146484
-0.00946045	-0.00518799	-0.0146484
-0.0146484	0.00396729	-0.0106812
-0.017395	0.0115967	-0.00579834
-0.0170898	0.0164795	-0.000610352
-0.0137329	0.020752	0.00701904
-0.00732422	0.0259399	0.0186157
0.000305176	0.0305176	0.0308228
0.00915527	0.0305176	0.0396729
0.0183105	0.0238037	0.0421143
0.0268555	0.0115967	0.0384521
0.0332642	-0.00244141	0.0308228
0.0363159	-0.0134277	0.0228882
0.0366211	-0.0198364	0.0167847
0.0338745	-0.0219727	0.0119019
0.0280762	-0.0222778	0.00579834
0.0201416	-0.0231934	-0.00305176
0.0100708	-0.0259399	-0.0158691
-0.000915527	-0.0286865	-0.0296021
-0.0131226	-0.0274658	-0.0405884
-0.0247192	-0.0234985	-0.0482178
-0.0350952	-0.0195313	-0.0546265
-0.0445557	-0.017395	-0.0619507
-0.0527954	-0.0198364	-0.0726318
-0.0592041	-0.027771	-0.0869751
-0.0634766	-0.0366211	-0.100098
-0.065918	-0.0421143	-0.108032
-0.0656128	-0.0405884	-0.106201
-0.0634766	-0.0369263	-0.100403
-0.0604248	-0.0341797	-0.0946045
-0.0561523	-0.0323486	-0.088501
-0.0506592	-0.0341797	-0.0848389
-0.0430298	-0.0393677	-0.0823975
-0.0344849	-0.043335	-0.0778198
-0.0259399	-0.0439453	-0.0698853
-0.0189209	-0.043335	-0.0622559
-0.0134277	-0.043335	-0.0567627
-0.00915527	-0.0445557	-0.0537109
-0.00518799	-0.0479126	-0.0531006
-0.00213623	-0.0512695	-0.0534058
-0.0012207	-0.0518799	-0.0531006
-0.00396729	-0.0494385	-0.0534058
-0.0100708	-0.0463867	-0.0564575
-0.0183105	-0.0445557	-0.0628662
-0.0274658	-0.0442505	-0.0717163
-0.0360107	-0.0479126	-0.0839233
-0.0430298	-0.055542	-0.0985718
-0.0476074	-0.0650024	-0.11261
-0.0494385	-0.0756836	-0.125122
-0.0482178	-0.0863647	-0.134583
-0.0442505	-0.0970459	-0.141296
-0.0357056	-0.10437	-0.140076
-0.0219727	-0.107422	-0.129395
-0.00335693	-0.105286	-0.108643
0.0198364	-0.0961304	-0.0762939
0.0463867	-0.0796509	-0.0332642
0.0765991	-0.0518799	0.0247192
0.110779	-0.0109863	0.0997925
0.14801	0.0396729	0.187683
0.184631	0.0952148	0.279846
0.21698	0.153198	0.370178
0.241089	0.211182	0.452271
0.253601	0.267029	0.52063
0.251465	0.317383	0.568848
0.232239	0.360718	0.592957
0.193481	0.394287	0.587769
0.137939	0.411072	0.549011
0.0708008	0.404663	0.475464
-0.00183105	0.376587	0.374756
-0.0741577	0.334167	0.26001
-0.140686	0.282898	0.142212
-0.195923	0.225525	0.0296021
-0.23468	0.163879	-0.0708008
-0.254822	0.100403	-0.154419
-0.255737	0.0390625	-0.216675
-0.239258	-0.0158691	-0.255127
-0.210266	-0.0613403	-0.271606
-0.173645	-0.0946045	-0.26825
-0.135803	-0.113525	-0.249329
-0.101929	-0.121155	-0.223083
-0.0750732	-0.12085	-0.195923
-0.0561523	-0.114746	-0.170898
-0.045166	-0.105591	-0.150757
-0.0421143	-0.0949097	-0.137024
-0.0445557	-0.0842285	-0.128784
-0.0485229	-0.0756836	-0.124207
-0.0500488	-0.0692749	-0.119324
-0.0491333	-0.0662231	-0.115356
-0.0463867	-0.0640869	-0.110474
-0.043335	-0.0637817	-0.107117
-0.0393677	-0.0662231	-0.105591
-0.0341797	-0.0683594	-0.102539
-0.0271606	-0.0701904	-0.0973511
-0.0195313	-0.0701904	-0.0897217
-0.0137329	-0.0689697	-0.0827026
-0.0106812	-0.0662231	-0.0769043
-0.00976563	-0.0631714	-0.072937
-0.0106812	-0.06073	-0.0714111
-0.0128174	-0.0604248	-0.0732422
-0.015564	-0.0628662	-0.0784302
-0.0183105	-0.0656128	-0.0839233
-0.0201416	-0.0662231	-0.0863647
-0.0213623	-0.0643921	-0.0857544
-0.0216675	-0.0616455	-0.083313
-0.0219727	-0.0601196	-0.0820923
-0.0228882	-0.0604248	-0.083313
-0.0238037	-0.06073	-0.0845337
-0.0241089	-0.057373	-0.0814819
-0.0234985	-0.050354	-0.0738525
-0.0231934	-0.043335	-0.0665283
-0.0231934	-0.0387573	-0.0619507
-0.0238037	-0.0369263	-0.06073
-0.0244141	-0.0390625	-0.0634766
-0.0247192	-0.043335	-0.0680542
-0.0247192	-0.0476074	-0.0723267
-0.0241089	-0.0518799	-0.0759888
-0.0234985	-0.0558472	-0.0793457
-0.0228882	-0.0592041	-0.0820923
-0.022583	-0.06073	-0.083313
-0.022583	-0.0579834	-0.0805664
-0.0219727	-0.0521851	-0.0741577
-0.0204468	-0.0457764	-0.0662231
-0.0189209	-0.0390625	-0.0579834
-0.0180054	-0.0320435	-0.0500488
-0.0183105	-0.0256348	-0.0439453
-0.0195313	-0.0210571	-0.0405884
-0.0210571	-0.0192261	-0.0402832
-0.022583	-0.0189209	-0.0415039
-0.0244141	-0.0219727	-0.0463867
-0.0253296	-0.0302124	-0.055542
-0.0256348	-0.0418091	-0.0674438
-0.0253296	-0.0534058	-0.0787354
-0.0241089	-0.0613403	-0.0854492
-0.0213623	-0.0640869	-0.0854492
-0.0170898	-0.0637817	-0.0808716
-0.012207	-0.0637817	-0.0759888
-0.00579834	-0.0656128	-0.0714111
0.000610352	-0.0656128	-0.0650024
0.00549316	-0.0604248	-0.0549316
0.0088501	-0.0512695	-0.0424194
0.0109863	-0.0430298	-0.0320435
0.012207	-0.0378418	-0.0256348
0.0128174	-0.0344849	-0.0216675
0.0131226	-0.0326538	-0.0195313
0.0134277	-0.0332642	-0.0198364
0.0146484	-0.0350952	-0.0204468
0.0170898	-0.0384521	-0.0213623
0.0198364	-0.0427246	-0.0228882
0.0222778	-0.0460815	-0.0238037
0.0247192	-0.0488281	-0.0241089
0.0286865	-0.0521851	-0.0234985
0.0326538	-0.0549316	-0.0222778
0.0360107	-0.0576782	-0.0216675
0.0375366	-0.0592041	-0.0216675
0.0372314	-0.0592041	-0.0219727
0.0366211	-0.0595093	-0.0228882
0.0357056	-0.0610352	-0.0253296
0.0354004	-0.0619507	-0.0265503
0.0357056	-0.0613403	-0.0256348
0.0369263	-0.0604248	-0.0234985
0.0390625	-0.0598145	-0.020752
0.0424194	-0.0598145	-0.017395
0.0460815	-0.0604248	-0.0143433
0.050354	-0.0601196	-0.00976563
0.0540161	-0.0601196	-0.00610352
0.057373	-0.0579834	-0.000610352
0.06073	-0.0531006	0.00762939
0.0640869	-0.0466919	0.017395
0.0671387	-0.0402832	0.0268555
0.0698853	-0.0350952	0.03479
0.0714111	-0.0320435	0.0393677
0.0714111	-0.0289917	0.0424194
0.0714111	-0.0250244	0.0463867
0.0714111	-0.0210571	0.050354
0.0708008	-0.0186157	0.0521851
0.0686646	-0.0204468	0.0482178
0.0646973	-0.0247192	0.039978
0.06073	-0.0292969	0.0314331
0.0585938	-0.0341797	0.0244141
0.0576782	-0.0378418	0.0198364
0.0570679	-0.0384521	0.0186157
0.0570679	-0.03479	0.0222778
0.0576782	-0.0274658	0.0302124
0.0582886	-0.0183105	0.039978
0.0598145	-0.00823975	0.0515747
0.0613403	0.00244141	0.0637817
0.0616455	0.0134277	0.0750732
0.0601196	0.0247192	0.0848389
0.0564575	0.0350952	0.0915527
0.0506592	0.0418091	0.0924683
0.0448608	0.0424194	0.0872803
0.0387573	0.0378418	0.0765991
0.0323486	0.0302124	0.062561
0.0265503	0.020752	0.0473022
0.0213623	0.00976563	0.0311279
0.0177002	-0.000915527	0.0167847
0.015564	-0.0119019	0.00366211
0.0137329	-0.0204468	-0.00671387
0.0125122	-0.0247192	-0.012207
0.0106812	-0.0265503	-0.0158691
0.00823975	-0.0265503	-0.0183105
0.00488281	-0.0247192	-0.0198364
0.00183105	-0.0228882	-0.0210571
-0.000915527	-0.0222778	-0.0231934
-0.00366211	-0.0222778	-0.0259399
-0.00701904	-0.0228882	-0.0299072
-0.0112915	-0.0262451	-0.0375366
-0.017395	-0.0320435	-0.0494385
-0.0238037	-0.0366211	-0.0604248
-0.0296021	-0.0378418	-0.0674438
-0.0338745	-0.0378418	-0.0717163
-0.0363159	-0.0387573	-0.0750732
-0.0369263	-0.038147	-0.0750732
-0.0372314	-0.0354004	-0.0726318
-0.0378418	-0.0289917	-0.0668335
-0.0390625	-0.0201416	-0.0592041
-0.0396729	-0.0149536	-0.0546265
-0.0390625	-0.0134277	-0.0524902
-0.0393677	-0.0112915	-0.0506592
-0.0415039	-0.00640869	-0.0479126
-0.0445557	-0.00152588	-0.0460815
-0.0482178	0.00152588	-0.0466919
-0.0524902	0.00244141	-0.0500488
-0.0570679	0.00305176	-0.0540161
-0.0610352	0.00518799	-0.0558472
-0.0631714	0.010376	-0.0527954
-0.0631714	0.0167847	-0.0463867
-0.0613403	0.0219727	-0.0393677
-0.0579834	0.0253296	-0.0326538
-0.0540161	0.0247192	-0.0292969
-0.0500488	0.020752	-0.0292969
-0.0460815	0.0152588	-0.0308228
-0.0421143	0.0100708	-0.0320435
-0.039978	0.00732422	-0.0326538
-0.0405884	0.00701904	-0.0335693
-0.0430298	0.00701904	-0.0360107
-0.0457764	0.00518799	-0.0405884
-0.0488281	0.00366211	-0.045166
-0.0524902	0.00396729	-0.0485229
-0.057373	0.00610352	-0.0512695
-0.0622559	0.00976563	-0.0524902
-0.065918	0.0137329	-0.0521851
-0.0680542	0.0180054	-0.0500488
-0.0689697	0.0216675	-0.0473022
-0.0671387	0.0231934	-0.0439453
-0.062561	0.0216675	-0.0408936
-0.0552368	0.0192261	-0.0360107
-0.0454712	0.0152588	-0.0302124
-0.0344849	0.0100708	-0.0244141
-0.0228882	0.00427246	-0.0186157
-0.0119019	-0.00396729	-0.0158691
-0.00152588	-0.0125122	-0.0140381
0.00701904	-0.0177002	-0.0106812
0.012207	-0.0180054	-0.00579834
0.0131226	-0.0146484	-0.00152588
0.00946045	-0.010376	-0.000915527
0.00305176	-0.00518799	-0.00213623
-0.00518799	0	-0.00518799
-0.0140381	0.00457764	-0.00946045
-0.0228882	0.0088501	-0.0140381
-0.0305176	0.0112915	-0.0192261
-0.0369263	0.0106812	-0.0262451
-0.0421143	0.00793457	-0.0341797
-0.0448608	0.00396729	-0.0408936
-0.0457764	-0.00152588	-0.0473022
-0.045166	-0.00793457	-0.0531006
-0.0442505	-0.012207	-0.0564575
-0.043335	-0.0131226	-0.0564575
-0.0427246	-0.010376	-0.0531006
-0.0421143	-0.00518799	-0.0473022
-0.0418091	0.00183105	-0.039978
-0.0411987	0.00823975	-0.032959
-0.0405884	0.0109863	-0.0296021
-0.039978	0.0109863	-0.0289917
-0.038147	0.00854492	-0.0296021
-0.0357056	0.00457764	-0.0311279
-0.0332642	-0.000915527	-0.0341797
-0.0302124	-0.00549316	-0.0357056
-0.0274658	-0.00854492	-0.0360107
-0.0244141	-0.0115967	-0.0360107
-0.0219727	-0.0152588	-0.0372314
-0.0204468	-0.0183105	-0.0387573
-0.0198364	-0.0183105	-0.038147
-0.0204468	-0.0164795	-0.0369263
-0.0219727	-0.0137329	-0.0357056
-0.0244141	-0.0115967	-0.0360107
-0.0274658	-0.0115967	-0.0390625
-0.0305176	-0.0131226	-0.0436401
-0.0335693	-0.0167847	-0.050354
-0.0363159	-0.0201416	-0.0564575
-0.0387573	-0.0238037	-0.062561
-0.0402832	-0.0262451	-0.0665283
-0.0408936	-0.0259399	-0.0668335
-0.0402832	-0.0250244	-0.0653076
-0.0375366	-0.0244141	-0.0619507
-0.0323486	-0.0250244	-0.057373
-0.0259399	-0.0253296	-0.0512695
-0.0198364	-0.0244141	-0.0442505
-0.0143433	-0.0210571	-0.0354004
-0.0100708	-0.0152588	-0.0253296
-0.00732422	-0.00946045	-0.0167847
-0.00671387	-0.00671387	-0.0134277
-0.00793457	-0.00671387	-0.0146484
-0.0115967	-0.00732422	-0.0189209
-0.0177002	-0.00579834	-0.0234985
-0.0244141	-0.00183105	-0.0262451
-0.0308228	0.00274658	-0.0280762
-0.0366211	0.00732422	-0.0292969
-0.0418091	0.0109863	-0.0308228
-0.0457764	0.0146484	-0.0311279
-0.0466919	0.0170898	-0.0296021
-0.0445557	0.0180054	-0.0265503
-0.0402832	0.0195313	-0.020752
-0.03479	0.0213623	-0.0134277
-0.0286865	0.0222778	-0.00640869
-0.0222778	0.0216675	-0.000610352
-0.015564	0.020752	0.00518799
-0.00854492	0.0195313	0.0109863
-0.00152588	0.0167847	0.0152588
0.00427246	0.0134277	0.0177002
0.00854492	0.0100708	0.0186157
0.0112915	0.00854492	0.0198364
0.0134277	0.010376	0.0238037
0.0146484	0.0137329	0.0283813
0.0152588	0.0149536	0.0302124
0.0152588	0.0137329	0.0289917
0.0143433	0.0109863	0.0253296
0.0131226	0.00640869	0.0195313
0.0125122	0.00335693	0.0158691
0.0131226	0.00457764	0.0177002
0.0149536	0.0088501	0.0238037
0.0177002	0.0109863	0.0286865
0.020752	0.0115967	0.0323486
0.0238037	0.0109863	0.03479
0.0256348	0.0100708	0.0357056
0.0259399	0.00976563	0.0357056
0.0256348	0.0115967	0.0372314
0.0238037	0.0161743	0.039978
0.020752	0.020752	0.0415039
0.0158691	0.0219727	0.0378418
0.00976563	0.0189209	0.0286865
0.00305176	0.0128174	0.0158691
-0.00335693	0.00671387	0.00335693
-0.0088501	0.00335693	-0.00549316
-0.0134277	0.00183105	-0.0115967
-0.0167847	-0.000610352	-0.017395
-0.0195313	-0.00427246	-0.0238037
-0.0216675	-0.00915527	-0.0308228
-0.0244141	-0.0137329	-0.038147
-0.0268555	-0.0177002	-0.0445557
-0.0289917	-0.0204468	-0.0494385
-0.0314331	-0.0228882	-0.0543213
-0.0338745	-0.0241089	-0.0579834
-0.0357056	-0.0250244	-0.06073
-0.0366211	-0.0256348	-0.0622559
-0.0360107	-0.0271606	-0.0631714
-0.03479	-0.027771	-0.062561
-0.0335693	-0.0274658	-0.0610352
-0.0314331	-0.0262451	-0.0576782
-0.0280762	-0.0250244	-0.0531006
-0.0241089	-0.0238037	-0.0479126
-0.0210571	-0.0234985	-0.0445557
-0.0192261	-0.0238037	-0.0430298
-0.0180054	-0.0231934	-0.0411987
-0.0177002	-0.0228882	-0.0405884
-0.0186157	-0.0234985	-0.0421143
-0.0210571	-0.0244141	-0.0454712
-0.0244141	-0.0241089	-0.0485229
-0.0283813	-0.0238037	-0.0521851
-0.0320435	-0.0244141	-0.0564575
-0.0360107	-0.0262451	-0.0622559
-0.0393677	-0.0308228	-0.0701904
-0.0421143	-0.0357056	-0.0778198
-0.0430298	-0.0393677	-0.0823975
-0.0427246	-0.0418091	-0.0845337
-0.0411987	-0.0442505	-0.0854492
-0.0378418	-0.0457764	-0.0836182
-0.0320435	-0.0457764	-0.0778198
-0.0228882	-0.0418091	-0.0646973
-0.00976563	-0.0317383	-0.0415039
0.00762939	-0.015564	-0.00793457
0.0314331	0.00549316	0.0369263
0.0622559	0.0317383	0.0939941
0.100708	0.065918	0.166626
0.142212	0.109253	0.251465
0.181885	0.157776	0.339661
0.215149	0.206299	0.421448
0.238037	0.253601	0.491638
0.247498	0.297546	0.545044
0.238953	0.33844	0.577393
0.209351	0.37384	0.583191
0.159912	0.398254	0.558167
0.09552	0.407104	0.502625
0.0219727	0.397949	0.419922
-0.0552368	0.369873	0.314636
-0.128784	0.326538	0.197754
-0.19165	0.274048	0.0823975
-0.237427	0.214844	-0.022583
-0.262756	0.151062	-0.111694
-0.266724	0.0866699	-0.180054
-0.250549	0.0253296	-0.22522
-0.219116	-0.0286865	-0.247803
-0.178833	-0.0708008	-0.249634
-0.135498	-0.0964355	-0.231934
-0.0949097	-0.107422	-0.202332
-0.0610352	-0.107422	-0.168457
-0.0357056	-0.100708	-0.136414
-0.0198364	-0.0909424	-0.110779
-0.012207	-0.0793457	-0.0915527
-0.012207	-0.0662231	-0.0784302
-0.0177002	-0.0515747	-0.0692749
-0.0259399	-0.038147	-0.0640869
-0.0335693	-0.0280762	-0.0616455
-0.0384521	-0.0228882	-0.0613403
-0.039978	-0.022583	-0.062561
-0.038147	-0.0238037	-0.0619507
-0.0335693	-0.0253296	-0.0588989
-0.0268555	-0.0271606	-0.0540161
-0.0192261	-0.0283813	-0.0476074
-0.0115967	-0.0283813	-0.039978
-0.00549316	-0.0286865	-0.0341797
-0.00244141	-0.0326538	-0.0350952
-0.00213623	-0.0405884	-0.0427246
-0.00366211	-0.0494385	-0.0531006
-0.00579834	-0.0552368	-0.0610352
-0.00976563	-0.0567627	-0.0665283
-0.0158691	-0.0549316	-0.0708008
-0.0231934	-0.0537109	-0.0769043
-0.0302124	-0.0518799	-0.0820923
-0.0354004	-0.0479126	-0.083313
-0.0387573	-0.0424194	-0.0811768
-0.0408936	-0.0350952	-0.0759888
-0.0415039	-0.0289917	-0.0704956
-0.0405884	-0.0250244	-0.0656128
-0.0384521	-0.0231934	-0.0616455
-0.03479	-0.0204468	-0.0552368
-0.0302124	-0.0177002	-0.0479126
-0.0253296	-0.017395	-0.0427246
-0.0201416	-0.0192261	-0.0393677
-0.0152588	-0.0213623	-0.0366211
-0.0109863	-0.0219727	-0.032959
-0.00793457	-0.0213623	-0.0292969
-0.00732422	-0.0201416	-0.0274658
-0.00793457	-0.0204468	-0.0283813
-0.00915527	-0.0198364	-0.0289917
-0.010376	-0.0204468	-0.0308228
-0.0119019	-0.0216675	-0.0335693
-0.0134277	-0.0231934	-0.0366211
-0.0149536	-0.0241089	-0.0390625
-0.0167847	-0.0231934	-0.039978
-0.0183105	-0.0210571	-0.0393677
-0.0180054	-0.0198364	-0.0378418
-0.0161743	-0.0189209	-0.0350952
-0.0137329	-0.0186157	-0.0323486
-0.0112915	-0.017395	-0.0286865
-0.00976563	-0.0158691	-0.0256348
-0.00915527	-0.0146484	-0.0238037
-0.00946045	-0.0131226	-0.022583
-0.0109863	-0.0119019	-0.0228882
-0.012207	-0.0134277	-0.0256348
-0.0125122	-0.0177002	-0.0302124
-0.0109863	-0.0231934	-0.0341797
-0.00823975	-0.0283813	-0.0366211
-0.00488281	-0.0320435	-0.0369263
-0.000610352	-0.0335693	-0.0341797
0.00488281	-0.0344849	-0.0296021
0.0112915	-0.0372314	-0.0259399
0.0177002	-0.0402832	-0.022583
0.0228882	-0.0430298	-0.0201416
0.0274658	-0.0457764	-0.0183105
0.0311279	-0.0469971	-0.0158691
0.0338745	-0.0448608	-0.0109863
0.0354004	-0.0402832	-0.00488281
0.0357056	-0.0360107	-0.000305176
0.0350952	-0.0350952	0
0.03479	-0.0360107	-0.0012207
0.0363159	-0.0366211	-0.000305176
0.0396729	-0.0363159	0.00335693
0.0448608	-0.0363159	0.00854492
0.0506592	-0.0372314	0.0134277
0.0564575	-0.0384521	0.0180054
0.0619507	-0.0396729	0.0222778
0.0674438	-0.0405884	0.0268555
0.0717163	-0.0402832	0.0314331
0.0741577	-0.038147	0.0360107
0.0747681	-0.0350952	0.0396729
0.0744629	-0.0317383	0.0427246
0.0738525	-0.0302124	0.0436401
0.0723267	-0.0308228	0.0415039
0.0698853	-0.0332642	0.0366211
0.0668335	-0.0357056	0.0311279
0.0640869	-0.0369263	0.0271606
0.0622559	-0.0372314	0.0250244
0.0616455	-0.0366211	0.0250244
0.0610352	-0.0360107	0.0250244
0.06073	-0.0363159	0.0244141
0.0601196	-0.0408936	0.0192261
0.06073	-0.0494385	0.0112915
0.0622559	-0.0561523	0.00610352
0.0637817	-0.0558472	0.00793457
0.0656128	-0.0506592	0.0149536
0.0680542	-0.043335	0.0247192
0.0701904	-0.0354004	0.03479
0.071106	-0.0262451	0.0448608
0.0726318	-0.0164795	0.0561523
0.0762939	-0.00762939	0.0686646
0.0808716	-0.000610352	0.0802612
0.085144	0.00579834	0.0909424
0.0888062	0.0134277	0.102234
0.0915527	0.0213623	0.112915
0.093689	0.0247192	0.118408
0.09552	0.0219727	0.117493
0.0970459	0.0149536	0.112
0.0976563	0.00610352	0.10376
0.0973511	-0.00274658	0.0946045
0.0946045	-0.00823975	0.0863647
0.0900269	-0.00976563	0.0802612
0.0839233	-0.00915527	0.0747681
0.0769043	-0.00671387	0.0701904
0.0692749	-0.00335693	0.065918
0.0619507	-0.00213623	0.0598145
0.0540161	-0.00244141	0.0515747
0.0457764	-0.00274658	0.0430298
0.0384521	-0.00152588	0.0369263
0.0317383	-0.000610352	0.0311279
0.0259399	-0.00183105	0.0241089
0.0198364	-0.00579834	0.0140381
0.0143433	-0.00976563	0.00457764
0.00976563	-0.0131226	-0.00335693
0.00640869	-0.0158691	-0.00946045
0.00396729	-0.0161743	-0.012207
0.00152588	-0.0152588	-0.0137329
-0.000610352	-0.0161743	-0.0167847
-0.00244141	-0.017395	-0.0198364
-0.00305176	-0.017395	-0.0204468
-0.00396729	-0.0149536	-0.0189209
-0.00549316	-0.0119019	-0.017395
-0.00854492	-0.00946045	-0.0180054
-0.0125122	-0.00793457	-0.0204468
-0.0161743	-0.00640869	-0.022583
-0.020752	-0.00396729	-0.0247192
-0.0262451	-0.00244141	-0.0286865
-0.0320435	-0.00366211	-0.0357056
-0.0390625	-0.00701904	-0.0460815
-0.0454712	-0.0100708	-0.055542
-0.050354	-0.010376	-0.06073
-0.0524902	-0.0100708	-0.062561
-0.0509644	-0.0106812	-0.0616455
-0.0466919	-0.0125122	-0.0592041
-0.0421143	-0.0146484	-0.0567627
-0.0369263	-0.0158691	-0.0527954
-0.0308228	-0.017395	-0.0482178
-0.0234985	-0.0204468	-0.0439453
-0.0164795	-0.0228882	-0.0393677
-0.010376	-0.0234985	-0.0338745
-0.00518799	-0.0244141	-0.0296021
-0.00152588	-0.022583	-0.0241089
0.000610352	-0.0177002	-0.0170898
0.00152588	-0.0137329	-0.012207
0.00183105	-0.0115967	-0.00976563
0.0012207	-0.00946045	-0.00823975
0.000305176	-0.00457764	-0.00427246
-0.000305176	0.00244141	0.00213623
-0.000915527	0.00946045	0.00854492
-0.0012207	0.0146484	0.0134277
-0.0012207	0.0183105	0.0170898
-0.00213623	0.0210571	0.0189209
-0.00366211	0.022583	0.0189209
-0.00549316	0.0231934	0.0177002
-0.00701904	0.0231934	0.0161743
-0.00854492	0.0222778	0.0137329
-0.00976563	0.0213623	0.0115967
-0.0106812	0.0213623	0.0106812
-0.0112915	0.020752	0.00946045
-0.010376	0.0183105	0.00793457
-0.00823975	0.0137329	0.00549316
-0.00518799	0.00915527	0.00396729
-0.00183105	0.00396729	0.00213623
0.00213623	-0.00274658	-0.000610352
0.00549316	-0.0109863	-0.00549316
0.00915527	-0.0195313	-0.010376
0.0137329	-0.0274658	-0.0137329
0.0183105	-0.0323486	-0.0140381
0.0204468	-0.0338745	-0.0134277
0.020752	-0.0320435	-0.0112915
0.020752	-0.0299072	-0.00915527
0.0213623	-0.027771	-0.00640869
0.0219727	-0.0231934	-0.0012207
0.0231934	-0.0167847	0.00640869
0.0244141	-0.0106812	0.0137329
0.0247192	-0.00854492	0.0161743
0.0231934	-0.00976563	0.0134277
0.0213623	-0.010376	0.0109863
0.0189209	-0.0088501	0.0100708
0.015564	-0.00610352	0.00946045
0.0100708	-0.00488281	0.00518799
0.00244141	-0.00549316	-0.00305176
-0.00640869	-0.00579834	-0.012207
-0.0161743	-0.00305176	-0.0192261
-0.0259399	0.00213623	-0.0238037
-0.03479	0.00976563	-0.0250244
-0.0408936	0.015564	-0.0253296
-0.0445557	0.0164795	-0.0280762
-0.045166	0.0119019	-0.0332642
-0.0442505	0.00640869	-0.0378418
-0.0415039	0.00305176	-0.0384521
-0.0375366	0	-0.0375366
-0.0320435	-0.00518799	-0.0372314
-0.0253296	-0.0146484	-0.039978
-0.0177002	-0.0256348	-0.043335
-0.0109863	-0.0357056	-0.0466919
-0.00579834	-0.0442505	-0.0500488
-0.00213623	-0.0506592	-0.0527954
-0.000610352	-0.0531006	-0.0537109
-0.000915527	-0.0531006	-0.0540161
-0.00274658	-0.050354	-0.0531006
-0.00549316	-0.0454712	-0.0509644
-0.00793457	-0.0396729	-0.0476074
-0.00946045	-0.0363159	-0.0457764
-0.00946045	-0.0360107	-0.0454712
-0.0088501	-0.0360107	-0.0448608
-0.00671387	-0.03479	-0.0415039
-0.00305176	-0.032959	-0.0360107
0.00244141	-0.0308228	-0.0283813
0.00915527	-0.0308228	-0.0216675
0.0161743	-0.0332642	-0.0170898
0.0219727	-0.0363159	-0.0143433
0.0253296	-0.0363159	-0.0109863
0.0262451	-0.0317383	-0.00549316
0.0244141	-0.0228882	0.00152588
0.0210571	-0.0128174	0.00823975
0.0167847	-0.00335693	0.0134277
0.0119019	0.00427246	0.0161743
0.00701904	0.00823975	0.0152588
0.00335693	0.00854492	0.0119019
0.00183105	0.00640869	0.00823975
0.00335693	0.00488281	0.00823975
0.00701904	0.00305176	0.0100708
0.0115967	0.000305176	0.0119019
0.0161743	-0.00152588	0.0146484
0.020752	-0.00366211	0.0170898
0.0244141	-0.00518799	0.0192261
0.0265503	-0.00427246	0.0222778
0.0271606	-0.00152588	0.0256348
0.0262451	0.000305176	0.0265503
0.0244141	0.00152588	0.0259399
0.0222778	0.00183105	0.0241089
0.0201416	0.0012207	0.0213623
0.0195313	-0.00152588	0.0180054
0.0204468	-0.00518799	0.0152588
0.0228882	-0.00946045	0.0134277
0.0265503	-0.0149536	0.0115967
0.0302124	-0.0204468	0.00976563
0.0335693	-0.0244141	0.00915527
0.0363159	-0.0256348	0.0106812
0.0375366	-0.0247192	0.0128174
0.0363159	-0.0228882	0.0134277
0.0308228	-0.020752	0.0100708
0.0222778	-0.0177002	0.00457764
0.0115967	-0.0115967	0
0	-0.00427246	-0.00427246
-0.012207	0.00152588	-0.0106812
-0.0241089	0.00457764	-0.0195313
-0.0357056	0.00579834	-0.0299072
-0.0457764	0.00457764	-0.0411987
-0.0531006	-0.000305176	-0.0534058
-0.0582886	-0.00610352	-0.0643921
-0.062561	-0.0106812	-0.0732422
-0.0653076	-0.0161743	-0.0814819
-0.065918	-0.0238037	-0.0897217
-0.0662231	-0.0311279	-0.0973511
-0.065918	-0.0384521	-0.10437
-0.0622559	-0.0469971	-0.109253
-0.0552368	-0.055542	-0.110779
-0.0460815	-0.0616455	-0.107727
-0.0357056	-0.0656128	-0.101318
-0.0247192	-0.0683594	-0.0930786
-0.0131226	-0.0701904	-0.083313
-0.00152588	-0.071106	-0.0726318
0.0088501	-0.0720215	-0.0631714
0.0164795	-0.0720215	-0.055542
0.0189209	-0.0692749	-0.050354
0.0167847	-0.0634766	-0.0466919
0.010376	-0.0576782	-0.0473022
0.000915527	-0.0524902	-0.0515747
-0.0106812	-0.0482178	-0.0588989
-0.0228882	-0.045166	-0.0680542
-0.0341797	-0.0439453	-0.078125
-0.0436401	-0.0445557	-0.0881958
-0.0506592	-0.0454712	-0.0961304
-0.0552368	-0.0482178	-0.103455
-0.057373	-0.0543213	-0.111694
-0.0561523	-0.0662231	-0.122375
-0.0512695	-0.0823975	-0.133667
-0.0442505	-0.0976563	-0.141907
-0.0378418	-0.108643	-0.146484
-0.0311279	-0.115051	-0.146179
-0.0222778	-0.118408	-0.140686
-0.0109863	-0.118408	-0.129395
0.00305176	-0.111389	-0.108337
0.020752	-0.0949097	-0.0741577
0.043335	-0.0671387	-0.0238037
0.0726318	-0.0299072	0.0427246
0.107727	0.0128174	0.120544
0.144653	0.0604248	0.205078
0.178528	0.110779	0.289307
0.205383	0.160522	0.365906
0.222168	0.20752	0.429688
0.224609	0.249634	0.474243
0.208435	0.285645	0.49408
0.170593	0.31311	0.483704
0.113831	0.329895	0.443726
0.0445557	0.332947	0.377502
-0.0317383	0.320435	0.288696
-0.108948	0.292358	0.183411
-0.180664	0.25238	0.0717163
-0.239258	0.202942	-0.0363159
-0.280151	0.146179	-0.133972
-0.300293	0.0857544	-0.214539
-0.299072	0.0265503	-0.272522
-0.27832	-0.0262451	-0.304565
-0.24231	-0.0698853	-0.312195
-0.198364	-0.103149	-0.301514
-0.152283	-0.125122	-0.277405
-0.109863	-0.135803	-0.245667
-0.0741577	-0.136108	-0.210266
-0.0469971	-0.127258	-0.174255
-0.027771	-0.115356	-0.143127
-0.0149536	-0.104675	-0.119629
-0.00854492	-0.0946045	-0.103149
-0.00701904	-0.0842285	-0.0912476
-0.00854492	-0.0756836	-0.0842285
-0.0106812	-0.0680542	-0.0787354
-0.0125122	-0.0610352	-0.0735474
-0.0137329	-0.0576782	-0.0714111
-0.0152588	-0.0567627	-0.0720215
-0.0170898	-0.0561523	-0.0732422
-0.0180054	-0.0543213	-0.0723267
-0.0183105	-0.0509644	-0.0692749
-0.0186157	-0.0479126	-0.0665283
-0.0195313	-0.0479126	-0.0674438
-0.0210571	-0.0515747	-0.0726318
-0.0216675	-0.0561523	-0.0778198
-0.0216675	-0.0592041	-0.0808716
-0.0210571	-0.0592041	-0.0802612
-0.0198364	-0.0567627	-0.0765991
-0.0183105	-0.0537109	-0.0720215
-0.017395	-0.0518799	-0.0692749
-0.0170898	-0.0509644	-0.0680542
-0.0170898	-0.0494385	-0.0665283
-0.0170898	-0.0491333	-0.0662231
-0.0170898	-0.0515747	-0.0686646
-0.0167847	-0.0552368	-0.0720215
-0.0161743	-0.0585938	-0.0747681
-0.0152588	-0.06073	-0.0759888
-0.0143433	-0.0595093	-0.0738525
-0.012207	-0.057373	-0.0695801
-0.0100708	-0.0567627	-0.0668335
-0.0088501	-0.057373	-0.0662231
-0.00762939	-0.0567627	-0.0643921
-0.00640869	-0.0531006	-0.0595093
-0.00610352	-0.0500488	-0.0561523
-0.00701904	-0.0497437	-0.0567627
-0.00915527	-0.0494385	-0.0585938
-0.0128174	-0.0479126	-0.06073
-0.0170898	-0.0445557	-0.0616455
-0.0222778	-0.0418091	-0.0640869
-0.027771	-0.0411987	-0.0689697
-0.0338745	-0.0411987	-0.0750732
-0.039978	-0.0402832	-0.0802612
-0.0436401	-0.038147	-0.0817871
-0.0445557	-0.0375366	-0.0820923
-0.0427246	-0.0415039	-0.0842285
-0.0390625	-0.050354	-0.0894165
-0.03479	-0.0588989	-0.093689
-0.0305176	-0.0619507	-0.0924683
-0.0265503	-0.0595093	-0.0860596
-0.0213623	-0.0564575	-0.0778198
-0.012207	-0.0564575	-0.0686646
-0.000610352	-0.057373	-0.0579834
0.010376	-0.0582886	-0.0479126
0.020752	-0.0579834	-0.0372314
0.0311279	-0.0564575	-0.0253296
0.0405884	-0.0549316	-0.0143433
0.0500488	-0.055542	-0.00549316
0.0582886	-0.0588989	-0.000610352
0.0643921	-0.0640869	0.000305176
0.0686646	-0.0708008	-0.00213623
0.0708008	-0.0778198	-0.00701904
0.0708008	-0.083313	-0.0125122
0.067749	-0.0842285	-0.0164795
0.062561	-0.0811768	-0.0186157
0.0558472	-0.0772095	-0.0213623
0.0491333	-0.0747681	-0.0256348
0.0442505	-0.0741577	-0.0299072
0.0411987	-0.0747681	-0.0335693
0.0402832	-0.0753784	-0.0350952
0.0411987	-0.0753784	-0.0341797
0.0439453	-0.0738525	-0.0299072
0.0479126	-0.0726318	-0.0247192
0.0531006	-0.0708008	-0.0177002
0.06073	-0.0686646	-0.00793457
0.0698853	-0.0680542	0.00183105
0.078125	-0.0689697	0.00915527
0.085144	-0.0701904	0.0149536
0.0912476	-0.0708008	0.0204468
0.0973511	-0.072937	0.0244141
0.101318	-0.0759888	0.0253296
0.102539	-0.0799561	0.022583
0.0997925	-0.0836182	0.0161743
0.0946045	-0.083313	0.0112915
0.0888062	-0.078125	0.0106812
0.0830078	-0.0701904	0.0128174
0.0765991	-0.06073	0.0158691
0.0704956	-0.0509644	0.0195313
0.0653076	-0.0436401	0.0216675
0.0616455	-0.0393677	0.0222778
0.06073	-0.0375366	0.0231934
0.0619507	-0.0354004	0.0265503
0.0656128	-0.0341797	0.0314331
0.0720215	-0.0369263	0.0350952
0.0799561	-0.0430298	0.0369263
0.088501	-0.0500488	0.0384521
0.0964355	-0.0546265	0.0418091
0.103149	-0.055542	0.0476074
0.108948	-0.0527954	0.0561523
0.11261	-0.0466919	0.065918
0.113831	-0.0387573	0.0750732
0.11261	-0.0289917	0.0836182
0.108337	-0.0201416	0.0881958
0.101318	-0.0137329	0.0875854
0.0900269	-0.0100708	0.0799561
0.0765991	-0.00610352	0.0704956
0.0619507	-0.00183105	0.0601196
0.0476074	0.00213623	0.0497437
0.03479	0.00396729	0.0387573
0.0228882	0.00305176	0.0259399
0.0112915	0.0012207	0.0125122
0.00213623	0.000305176	0.00244141
-0.00183105	-0.000915527	-0.00274658
-0.00183105	-0.00213623	-0.00396729
0.000610352	-0.00396729	-0.00335693
0.00457764	-0.00579834	-0.0012207
0.00946045	-0.00549316	0.00396729
0.0146484	-0.00366211	0.0109863
0.0195313	-0.00183105	0.0177002
0.022583	-0.00183105	0.020752
0.0231934	-0.00488281	0.0183105
0.0219727	-0.00854492	0.0134277
0.0195313	-0.0109863	0.00854492
0.0177002	-0.0158691	0.00183105
0.0158691	-0.0204468	-0.00457764
0.0115967	-0.0222778	-0.0106812
0.00579834	-0.022583	-0.0167847
0.000305176	-0.0219727	-0.0216675
-0.00274658	-0.0238037	-0.0265503
-0.00244141	-0.0268555	-0.0292969
-0.000915527	-0.0265503	-0.0274658
0.000610352	-0.0228882	-0.0222778
0.00244141	-0.0170898	-0.0146484
0.00366211	-0.0119019	-0.00823975
0.00488281	-0.00976563	-0.00488281
0.00610352	-0.0106812	-0.00457764
0.00610352	-0.012207	-0.00610352
0.00518799	-0.0125122	-0.00732422
0.00427246	-0.012207	-0.00793457
0.00427246	-0.0119019	-0.00762939
0.00335693	-0.0109863	-0.00762939
0.000915527	-0.00946045	-0.00854492
-0.00274658	-0.00793457	-0.0106812
-0.00640869	-0.00610352	-0.0125122
-0.00946045	-0.00701904	-0.0164795
-0.0115967	-0.0112915	-0.0228882
-0.0146484	-0.0137329	-0.0283813
-0.0189209	-0.0100708	-0.0289917
-0.0247192	-0.00366211	-0.0283813
-0.0308228	0.00183105	-0.0289917
-0.0350952	0.00610352	-0.0289917
-0.0384521	0.00976563	-0.0286865
-0.0408936	0.012207	-0.0286865
-0.0424194	0.0131226	-0.0292969
-0.043335	0.012207	-0.0311279
-0.0415039	0.0088501	-0.0326538
-0.0372314	0.00518799	-0.0320435
-0.0323486	0.00152588	-0.0308228
-0.027771	-0.00335693	-0.0311279
-0.0238037	-0.0106812	-0.0344849
-0.0189209	-0.0170898	-0.0360107
-0.0140381	-0.0192261	-0.0332642
-0.010376	-0.0152588	-0.0256348
-0.00823975	-0.00610352	-0.0143433
-0.00732422	0.00488281	-0.00244141
-0.00762939	0.0161743	0.00854492
-0.00762939	0.0262451	0.0186157
-0.00640869	0.0326538	0.0262451
-0.00579834	0.03479	0.0289917
-0.00732422	0.0341797	0.0268555
-0.0112915	0.0341797	0.0228882
-0.0146484	0.0332642	0.0186157
-0.0161743	0.0305176	0.0143433
-0.0164795	0.0262451	0.00976563
-0.017395	0.0222778	0.00488281
-0.0183105	0.0177002	-0.000610352
-0.0167847	0.0088501	-0.00793457
-0.012207	-0.000915527	-0.0131226
-0.00518799	-0.00762939	-0.0128174
0.00305176	-0.0106812	-0.00762939
0.00976563	-0.0119019	-0.00213623
0.0137329	-0.0143433	-0.000610352
0.0164795	-0.0192261	-0.00274658
0.017395	-0.0250244	-0.00762939
0.0170898	-0.0305176	-0.0134277
0.0164795	-0.0341797	-0.0177002
0.015564	-0.0366211	-0.0210571
0.0146484	-0.0378418	-0.0231934
0.0131226	-0.0369263	-0.0238037
0.0112915	-0.0335693	-0.0222778
0.0109863	-0.0308228	-0.0198364
0.012207	-0.0283813	-0.0161743
0.0143433	-0.0253296	-0.0109863
0.0167847	-0.0201416	-0.00335693
0.0195313	-0.0137329	0.00579834
0.0219727	-0.00671387	0.0152588
0.0231934	-0.000610352	0.022583
0.0222778	0.00457764	0.0268555
0.020752	0.00701904	0.027771
0.0189209	0.00610352	0.0250244
0.0177002	0.0012207	0.0189209
0.0167847	-0.00640869	0.010376
0.0140381	-0.0112915	0.00274658
0.0100708	-0.0134277	-0.00335693
0.00579834	-0.0149536	-0.00915527
0	-0.0177002	-0.0177002
-0.00823975	-0.0228882	-0.0311279
-0.017395	-0.0274658	-0.0448608
-0.0253296	-0.0256348	-0.0509644
-0.0308228	-0.0180054	-0.0488281
-0.0338745	-0.00946045	-0.043335
-0.0332642	-0.00366211	-0.0369263
-0.0308228	-0.00152588	-0.0323486
-0.0271606	0.0012207	-0.0259399
-0.022583	0.00701904	-0.015564
-0.0152588	0.0131226	-0.00213623
-0.00549316	0.015564	0.0100708
0.00518799	0.0112915	0.0164795
0.0149536	0.00366211	0.0186157
0.0216675	-0.00274658	0.0189209
0.0253296	-0.00640869	0.0189209
0.0274658	-0.00793457	0.0195313
0.027771	-0.0100708	0.0177002
0.0271606	-0.0125122	0.0146484
0.0265503	-0.0134277	0.0131226
0.0259399	-0.0115967	0.0143433
0.0259399	-0.00823975	0.0177002
0.0262451	-0.00305176	0.0231934
0.0271606	0.00427246	0.0314331
0.0274658	0.0125122	0.039978
0.0274658	0.0201416	0.0476074
0.0302124	0.0241089	0.0543213
0.0354004	0.0238037	0.0592041
0.0408936	0.0219727	0.0628662
0.0469971	0.0195313	0.0665283
0.0527954	0.0164795	0.0692749
0.0595093	0.010376	0.0698853
0.0668335	0.00183105	0.0686646
0.0747681	-0.00640869	0.0683594
0.0805664	-0.0115967	0.0689697
0.0848389	-0.0164795	0.0683594
0.0872803	-0.0222778	0.0650024
0.0875854	-0.0292969	0.0582886
0.0863647	-0.0354004	0.0509644
0.083313	-0.0378418	0.0454712
0.0775146	-0.0360107	0.0415039
0.0701904	-0.0323486	0.0378418
0.062561	-0.0317383	0.0308228
0.0558472	-0.0372314	0.0186157
0.0488281	-0.0448608	0.00396729
0.0415039	-0.0500488	-0.00854492
0.0341797	-0.0482178	-0.0140381
0.027771	-0.0396729	-0.0119019
0.0231934	-0.0302124	-0.00701904
0.0192261	-0.0256348	-0.00640869
0.0149536	-0.0244141	-0.00946045
0.010376	-0.0210571	-0.0106812
0.00579834	-0.0161743	-0.010376
0.00244141	-0.0125122	-0.0100708
0.00213623	-0.0128174	-0.0106812
0.00335693	-0.0161743	-0.0128174
0.00488281	-0.0213623	-0.0164795
0.00640869	-0.0289917	-0.022583
0.00915527	-0.0366211	-0.0274658
0.0134277	-0.043335	-0.0299072
0.0180054	-0.0494385	-0.0314331
0.0210571	-0.0546265	-0.0335693
0.0238037	-0.0576782	-0.0338745
0.0280762	-0.0598145	-0.0317383
0.0320435	-0.0622559	-0.0302124
0.0354004	-0.0662231	-0.0308228
0.0375366	-0.0665283	-0.0289917
0.0390625	-0.0646973	-0.0256348
0.0408936	-0.0628662	-0.0219727
0.0424194	-0.0598145	-0.017395
0.0424194	-0.0543213	-0.0119019
0.0421143	-0.0473022	-0.00518799
0.039978	-0.0384521	0.00152588
0.0363159	-0.0283813	0.00793457
0.0305176	-0.0204468	0.0100708
0.0222778	-0.0164795	0.00579834
0.0119019	-0.0186157	-0.00671387
0.000305176	-0.0244141	-0.0241089
-0.0115967	-0.0332642	-0.0448608
-0.0192261	-0.0488281	-0.0680542
-0.020752	-0.071106	-0.0918579
-0.017395	-0.0939941	-0.111389
-0.00915527	-0.11322	-0.122375
0.00457764	-0.123596	-0.119019
0.0231934	-0.121155	-0.0979614
0.0463867	-0.10376	-0.057373
0.0747681	-0.0714111	0.00335693
0.108643	-0.0253296	0.083313
0.145264	0.0292969	0.174561
0.179749	0.0918579	0.271606
0.206299	0.161743	0.368042
0.222778	0.232849	0.455627
0.228577	0.300903	0.52948
0.222168	0.357971	0.580139
0.201416	0.398254	0.59967
0.163269	0.421143	0.584412
0.109863	0.425415	0.535278
0.0479126	0.410767	0.458679
-0.017395	0.378418	0.361023
-0.0814819	0.3302	0.248718
-0.139771	0.271912	0.132141
-0.188293	0.210876	0.022583
-0.223083	0.150146	-0.072937
-0.242004	0.0888062	-0.153198
-0.244751	0.0317383	-0.213013
-0.231018	-0.0183105	-0.249329
-0.203247	-0.0582886	-0.261536
-0.166626	-0.0857544	-0.25238
-0.126648	-0.101929	-0.228577
-0.0875854	-0.107727	-0.195313
-0.0543213	-0.108032	-0.162354
-0.0265503	-0.106812	-0.133362
-0.00457764	-0.105286	-0.109863
0.010376	-0.101318	-0.0909424
0.0170898	-0.093689	-0.0765991
0.0180054	-0.0860596	-0.0680542
0.017395	-0.0814819	-0.0640869
0.0170898	-0.0820923	-0.0650024
0.017395	-0.0881958	-0.0708008
0.017395	-0.0952148	-0.0778198
0.0167847	-0.0970459	-0.0802612
0.0164795	-0.093689	-0.0772095
0.0170898	-0.0881958	-0.071106
0.0183105	-0.0827026	-0.0643921
0.0195313	-0.0759888	-0.0564575
0.0219727	-0.0686646	-0.0466919
0.0238037	-0.0616455	-0.0378418
0.0247192	-0.0564575	-0.0317383
0.0231934	-0.0540161	-0.0308228
0.0186157	-0.0518799	-0.0332642
0.0119019	-0.0473022	-0.0354004
0.00549316	-0.043335	-0.0378418
0.00183105	-0.0424194	-0.0405884
-0.000915527	-0.0421143	-0.0430298
-0.00488281	-0.0405884	-0.0454712
-0.00854492	-0.039978	-0.0485229
-0.00793457	-0.0418091	-0.0497437
-0.00274658	-0.0473022	-0.0500488
0.00640869	-0.0558472	-0.0494385
0.0183105	-0.0671387	-0.0488281
0.0311279	-0.0793457	-0.0482178
0.0442505	-0.0909424	-0.0466919
0.0588989	-0.101318	-0.0424194
0.0732422	-0.111389	-0.038147
0.0842285	-0.119934	-0.0357056
0.0909424	-0.125122	-0.0341797
0.0921631	-0.125122	-0.032959
0.0875854	-0.118103	-0.0305176
0.0802612	-0.10498	-0.0247192
0.0708008	-0.0891113	-0.0183105
0.0595093	-0.0747681	-0.0152588
0.0460815	-0.0631714	-0.0170898
0.0317383	-0.0537109	-0.0219727
0.0192261	-0.0454712	-0.0262451
0.0088501	-0.0396729	-0.0308228
0.000305176	-0.039978	-0.0396729
-0.00427246	-0.0460815	-0.050354
-0.00610352	-0.0546265	-0.06073
-0.00610352	-0.0619507	-0.0680542
-0.00488281	-0.0656128	-0.0704956
-0.00305176	-0.0671387	-0.0701904
0	-0.0680542	-0.0680542
0.00427246	-0.0695801	-0.0653076
0.00793457	-0.0701904	-0.0622559
0.010376	-0.0708008	-0.0604248
0.0131226	-0.071106	-0.0579834
0.0167847	-0.0714111	-0.0546265
0.0189209	-0.0732422	-0.0543213
0.0189209	-0.0750732	-0.0561523
0.0186157	-0.0769043	-0.0582886
0.0192261	-0.0796509	-0.0604248
0.0213623	-0.0827026	-0.0613403
0.0228882	-0.085144	-0.0622559
0.0241089	-0.0872803	-0.0631714
0.0250244	-0.0878906	-0.0628662
0.0271606	-0.0857544	-0.0585938
0.0320435	-0.0827026	-0.0506592
0.038147	-0.0796509	-0.0415039
0.0448608	-0.0787354	-0.0338745
0.0494385	-0.078125	-0.0286865
0.0509644	-0.0769043	-0.0259399
0.0518799	-0.0750732	-0.0231934
0.0546265	-0.0744629	-0.0198364
0.0595093	-0.0747681	-0.0152588
0.0646973	-0.0747681	-0.0100708
0.0692749	-0.0735474	-0.00427246
0.0723267	-0.0714111	0.000915527
0.0741577	-0.067749	0.00640869
0.0759888	-0.062561	0.0134277
0.0784302	-0.0564575	0.0219727
0.0827026	-0.0558472	0.0268555
0.0857544	-0.0604248	0.0253296
0.0857544	-0.0683594	0.017395
0.0820923	-0.0753784	0.00671387
0.0769043	-0.0790405	-0.00213623
0.0726318	-0.0793457	-0.00671387
0.0674438	-0.0765991	-0.00915527
0.0619507	-0.0738525	-0.0119019
0.0576782	-0.0720215	-0.0143433
0.0540161	-0.0686646	-0.0146484
0.0512695	-0.06073	-0.00946045
0.0500488	-0.050354	-0.000305176
0.0509644	-0.0411987	0.00976563
0.0531006	-0.0338745	0.0192261
0.0561523	-0.0286865	0.0274658
0.0634766	-0.0299072	0.0335693
0.0756836	-0.0363159	0.0393677
0.0860596	-0.0424194	0.0436401
0.0900269	-0.0442505	0.0457764
0.0900269	-0.0439453	0.0460815
0.0897217	-0.043335	0.0463867
0.0906372	-0.0445557	0.0460815
0.0918579	-0.0460815	0.0457764
0.0891113	-0.0430298	0.0460815
0.0814819	-0.032959	0.0485229
0.0723267	-0.0204468	0.0518799
0.0653076	-0.0109863	0.0543213
0.0604248	-0.00671387	0.0537109
0.055542	-0.00427246	0.0512695
0.0491333	-0.00305176	0.0460815
0.043335	-0.00518799	0.038147
0.0402832	-0.0112915	0.0289917
0.0387573	-0.0213623	0.017395
0.0378418	-0.03479	0.00305176
0.0372314	-0.0488281	-0.0115967
0.0363159	-0.0622559	-0.0259399
0.0369263	-0.072937	-0.0360107
0.0390625	-0.0787354	-0.0396729
0.0408936	-0.0799561	-0.0390625
0.0390625	-0.0756836	-0.0366211
0.0344849	-0.065918	-0.0314331
0.0299072	-0.0534058	-0.0234985
0.0262451	-0.0408936	-0.0146484
0.0247192	-0.0320435	-0.00732422
0.0244141	-0.0292969	-0.00488281
0.0219727	-0.0305176	-0.00854492
0.0183105	-0.0323486	-0.0140381
0.017395	-0.0354004	-0.0180054
0.020752	-0.0436401	-0.0228882
0.0274658	-0.0579834	-0.0305176
0.0354004	-0.0717163	-0.0363159
0.0421143	-0.0805664	-0.0384521
0.0460815	-0.0823975	-0.0363159
0.0466919	-0.0793457	-0.0326538
0.0448608	-0.0747681	-0.0299072
0.039978	-0.0695801	-0.0296021
0.0326538	-0.0628662	-0.0302124
0.0213623	-0.0549316	-0.0335693
0.00793457	-0.0463867	-0.0384521
-0.00366211	-0.0415039	-0.045166
-0.0128174	-0.0427246	-0.055542
-0.0189209	-0.0476074	-0.0665283
-0.022583	-0.0540161	-0.0765991
-0.0244141	-0.0595093	-0.0839233
-0.0247192	-0.0628662	-0.0875854
-0.0228882	-0.065918	-0.0888062
-0.0195313	-0.0686646	-0.0881958
-0.017395	-0.0701904	-0.0875854
-0.0164795	-0.0708008	-0.0872803
-0.0143433	-0.0741577	-0.088501
-0.0125122	-0.0793457	-0.0918579
-0.0119019	-0.0817871	-0.093689
-0.0106812	-0.0808716	-0.0915527
-0.00823975	-0.0775146	-0.0857544
-0.00396729	-0.0747681	-0.0787354
-0.00274658	-0.0735474	-0.0762939
-0.00488281	-0.0692749	-0.0741577
-0.00762939	-0.0619507	-0.0695801
-0.00946045	-0.0537109	-0.0631714
-0.0112915	-0.045166	-0.0564575
-0.0143433	-0.03479	-0.0491333
-0.017395	-0.0222778	-0.0396729
-0.0198364	-0.012207	-0.0320435
-0.0241089	-0.00549316	-0.0296021
-0.0274658	-0.00366211	-0.0311279
-0.0262451	-0.00701904	-0.0332642
-0.0192261	-0.0128174	-0.0320435
-0.00732422	-0.0204468	-0.027771
0.00488281	-0.0289917	-0.0241089
0.0167847	-0.0375366	-0.020752
0.0283813	-0.0430298	-0.0146484
0.039978	-0.0469971	-0.00701904
0.0494385	-0.0494385	0
0.0567627	-0.0521851	0.00457764
0.0631714	-0.0564575	0.00671387
0.0671387	-0.0595093	0.00762939
0.0689697	-0.0598145	0.00915527
0.0717163	-0.057373	0.0143433
0.0741577	-0.0537109	0.0204468
0.0756836	-0.0512695	0.0244141
0.0762939	-0.0509644	0.0253296
0.0747681	-0.0512695	0.0234985
0.0723267	-0.0521851	0.0201416
0.0674438	-0.0534058	0.0140381
0.0598145	-0.0518799	0.00793457
0.0500488	-0.0460815	0.00396729
0.0393677	-0.0402832	-0.000915527
0.0296021	-0.0378418	-0.00823975
0.0216675	-0.0384521	-0.0167847
0.0167847	-0.0408936	-0.0241089
0.0140381	-0.0421143	-0.0280762
0.0140381	-0.0421143	-0.0280762
0.015564	-0.0411987	-0.0256348
0.0198364	-0.0396729	-0.0198364
0.0268555	-0.0393677	-0.0125122
0.032959	-0.0393677	-0.00640869
0.0375366	-0.0378418	-0.000305176
0.0393677	-0.0354004	0.00396729
0.0378418	-0.0308228	0.00701904
0.0369263	-0.0289917	0.00793457
0.0366211	-0.0289917	0.00762939
0.03479	-0.0271606	0.00762939
0.0314331	-0.0213623	0.0100708
0.0286865	-0.0137329	0.0149536
0.0296021	-0.00732422	0.0222778
0.0354004	-0.00366211	0.0317383
0.0427246	-0.00274658	0.039978
0.0485229	-0.00396729	0.0445557
0.0534058	-0.00762939	0.0457764
0.0582886	-0.0137329	0.0445557
0.0601196	-0.0186157	0.0415039
0.0582886	-0.0231934	0.0350952
0.0561523	-0.0299072	0.0262451
0.0537109	-0.0387573	0.0149536
0.0524902	-0.0494385	0.00305176
0.0540161	-0.0604248	-0.00640869
0.0543213	-0.0698853	-0.015564
0.0546265	-0.0765991	-0.0219727
0.0552368	-0.0784302	-0.0231934
0.0567627	-0.0772095	-0.0204468
0.0604248	-0.0747681	-0.0143433
0.0662231	-0.0735474	-0.00732422
0.0723267	-0.0738525	-0.00152588
0.0753784	-0.0738525	0.00152588
0.0772095	-0.0738525	0.00335693
0.0784302	-0.0723267	0.00610352
0.0784302	-0.0671387	0.0112915
0.0756836	-0.057373	0.0183105
0.0717163	-0.0482178	0.0234985
0.067749	-0.0445557	0.0231934
0.0646973	-0.0430298	0.0216675
0.062561	-0.039978	0.022583
0.0628662	-0.0344849	0.0283813
0.0650024	-0.0280762	0.0369263
0.0674438	-0.022583	0.0448608
0.0704956	-0.0186157	0.0518799
0.0735474	-0.0170898	0.0564575
0.0772095	-0.0186157	0.0585938
0.0823975	-0.0244141	0.0579834
0.0872803	-0.0338745	0.0534058
0.0912476	-0.0448608	0.0463867
0.0939941	-0.0540161	0.039978
0.0930786	-0.0598145	0.0332642
0.0900269	-0.067749	0.0222778
0.085144	-0.0811768	0.00396729
0.0796509	-0.0994873	-0.0198364
0.0747681	-0.117493	-0.0427246
0.0704956	-0.129395	-0.0588989
0.0668335	-0.136108	-0.0692749
0.062561	-0.139771	-0.0772095
0.0570679	-0.142212	-0.085144
0.0494385	-0.145569	-0.0961304
0.0415039	-0.148621	-0.107117
0.0335693	-0.148926	-0.115356
0.0274658	-0.145569	-0.118103
0.022583	-0.13855	-0.115967
0.0167847	-0.128479	-0.111694
0.0134277	-0.119019	-0.105591
0.0158691	-0.113525	-0.0976563
0.0231934	-0.112915	-0.0897217
0.0311279	-0.114136	-0.0830078
0.0360107	-0.112915	-0.0769043
0.0372314	-0.110474	-0.0732422
0.0372314	-0.107727	-0.0704956
0.0390625	-0.106812	-0.067749
0.0418091	-0.108643	-0.0668335
0.0418091	-0.11322	-0.0714111
0.0384521	-0.118713	-0.0802612
0.032959	-0.125122	-0.0921631
0.0241089	-0.13092	-0.106812
0.0149536	-0.136108	-0.121155
0.00640869	-0.142212	-0.135803
0.000610352	-0.1474	-0.14679
-0.00244141	-0.152283	-0.154724
-0.00274658	-0.157471	-0.160217
-0.00183105	-0.161133	-0.162964
0.000305176	-0.160522	-0.160217
0.00610352	-0.152283	-0.146179
0.0177002	-0.135498	-0.117798
0.0375366	-0.110779	-0.0732422
0.0653076	-0.0750732	-0.00976563
0.0964355	-0.0265503	0.0698853
0.126648	0.03479	0.161438
0.154114	0.108337	0.262451
0.177917	0.188293	0.366211
0.193787	0.268555	0.462341
0.201721	0.341492	0.543213
0.201721	0.400391	0.602112
0.188293	0.440979	0.629272
0.159912	0.457153	0.617065
0.119324	0.446777	0.566101
0.0726318	0.411987	0.484619
0.0253296	0.354919	0.380249
-0.0210571	0.281677	0.26062
-0.0628662	0.19989	0.137024
-0.0967407	0.115356	0.0186157
-0.120239	0.0357056	-0.0845337
-0.13031	-0.0341797	-0.16449
-0.130615	-0.0894165	-0.220032
-0.124512	-0.1297	-0.254211
-0.110168	-0.157166	-0.267334
-0.0875854	-0.173645	-0.26123
-0.0595093	-0.181274	-0.240784
-0.0280762	-0.185242	-0.213318
0.00305176	-0.190125	-0.187073
0.027771	-0.195618	-0.167847
0.0448608	-0.19928	-0.154419
0.0561523	-0.2005	-0.144348
0.0637817	-0.200195	-0.136414
0.0683594	-0.199585	-0.131226
0.0720215	-0.19928	-0.127258
0.0735474	-0.196228	-0.122681
0.0726318	-0.187073	-0.114441
0.0708008	-0.174561	-0.10376
0.0704956	-0.165405	-0.0949097
0.0723267	-0.159912	-0.0875854
0.0735474	-0.15686	-0.083313
0.0769043	-0.156555	-0.0796509
0.0836182	-0.157471	-0.0738525
0.0921631	-0.159912	-0.067749
0.101318	-0.164795	-0.0634766
0.111389	-0.171814	-0.0604248
0.119629	-0.178833	-0.0592041
0.125732	-0.184326	-0.0585938
0.13031	-0.187988	-0.0576782
0.133057	-0.19104	-0.0579834
0.132141	-0.192566	-0.0604248
0.126038	-0.192871	-0.0668335
0.118408	-0.192566	-0.0741577
0.110779	-0.190125	-0.0793457
0.0991821	-0.184937	-0.0857544
0.0854492	-0.176086	-0.0906372
0.0714111	-0.163269	-0.0918579
0.0588989	-0.150757	-0.0918579
0.0512695	-0.145264	-0.0939941
0.0485229	-0.144958	-0.0964355
0.0473022	-0.140991	-0.093689
0.0473022	-0.134277	-0.0869751
0.0518799	-0.13092	-0.0790405
0.0631714	-0.135193	-0.0720215
0.0790405	-0.1474	-0.0683594
0.0970459	-0.166931	-0.0698853
0.116272	-0.19043	-0.0741577
0.135193	-0.213928	-0.0787354
0.151367	-0.234985	-0.0836182
0.16449	-0.252991	-0.088501
0.174255	-0.265198	-0.0909424
0.180054	-0.269775	-0.0897217
0.181274	-0.267944	-0.0866699
0.177307	-0.26123	-0.0839233
0.168152	-0.25116	-0.0830078
0.157471	-0.238647	-0.0811768
0.148621	-0.22522	-0.0765991
0.141907	-0.211487	-0.0695801
0.137329	-0.199585	-0.0622559
0.135193	-0.193176	-0.0579834
0.134888	-0.191345	-0.0564575
0.136108	-0.192871	-0.0567627
0.137939	-0.198059	-0.0601196
0.138245	-0.207214	-0.0689697
0.137329	-0.21759	-0.0802612
0.136414	-0.22644	-0.0900269
0.136108	-0.231018	-0.0949097
0.136719	-0.233154	-0.0964355
0.137634	-0.233765	-0.0961304
0.137634	-0.231934	-0.0942993
0.138245	-0.228577	-0.090332
0.140991	-0.224915	-0.0839233
0.146484	-0.223083	-0.0765991
0.151672	-0.218811	-0.0671387
0.154419	-0.210876	-0.0564575
0.155029	-0.202026	-0.0469971
0.153809	-0.194397	-0.0405884
0.150757	-0.188904	-0.038147
0.146484	-0.185852	-0.0393677
0.142517	-0.186157	-0.0436401
0.137939	-0.187073	-0.0491333
0.134277	-0.186462	-0.0521851
0.135803	-0.185547	-0.0497437
0.142517	-0.185852	-0.043335
0.153809	-0.188599	-0.03479
0.167542	-0.192871	-0.0253296
0.181274	-0.197449	-0.0161743
0.193481	-0.200806	-0.00732422
0.205078	-0.204163	0.000915527
0.216064	-0.206299	0.00976563
0.223083	-0.203857	0.0192261
0.222168	-0.197449	0.0247192
0.215454	-0.189819	0.0256348
0.205688	-0.184021	0.0216675
0.193787	-0.180664	0.0131226
0.181274	-0.176392	0.00488281
0.171204	-0.169373	0.00183105
0.163574	-0.161743	0.00183105
0.158081	-0.155334	0.00274658
0.15564	-0.151367	0.00427246
0.158691	-0.151367	0.00732422
0.167542	-0.154114	0.0134277
0.178833	-0.157471	0.0213623
0.190125	-0.162354	0.027771
0.2005	-0.171509	0.0289917
0.208435	-0.180359	0.0280762
0.214844	-0.185852	0.0289917
0.218811	-0.185242	0.0335693
0.218506	-0.179749	0.0387573
0.214233	-0.171509	0.0427246
0.207214	-0.162964	0.0442505
0.19928	-0.153503	0.0457764
0.190735	-0.143433	0.0473022
0.182495	-0.131531	0.0509644
0.175171	-0.119324	0.0558472
0.169373	-0.111389	0.0579834
0.163879	-0.109253	0.0546265
0.158691	-0.110779	0.0479126
0.154114	-0.113831	0.0402832
0.150146	-0.117493	0.0326538
0.146179	-0.12207	0.0241089
0.142822	-0.127258	0.015564
0.141907	-0.1297	0.012207
0.142822	-0.127258	0.015564
0.142517	-0.12085	0.0216675
0.141907	-0.11322	0.0286865
0.141907	-0.105286	0.0366211
0.141602	-0.0979614	0.0436401
0.141296	-0.0939941	0.0473022
0.140381	-0.0939941	0.0463867
0.13855	-0.0976563	0.0408936
0.133057	-0.100708	0.0323486
0.122681	-0.10376	0.0189209
0.109253	-0.107422	0.00183105
0.0946045	-0.110474	-0.0158691
0.0811768	-0.111084	-0.0299072
0.0683594	-0.108643	-0.0402832
0.055542	-0.103455	-0.0479126
0.0424194	-0.09552	-0.0531006
0.0302124	-0.0854492	-0.0552368
0.0210571	-0.0756836	-0.0546265
0.0158691	-0.0695801	-0.0537109
0.0149536	-0.0701904	-0.0552368
0.0177002	-0.0747681	-0.0570679
0.0213623	-0.0796509	-0.0582886
0.0253296	-0.0848389	-0.0595093
0.0305176	-0.0933838	-0.0628662
0.0372314	-0.104065	-0.0668335
0.0457764	-0.113525	-0.067749
0.0546265	-0.119324	-0.0646973
0.062561	-0.120239	-0.0576782
0.0689697	-0.117188	-0.0482178
0.0756836	-0.113525	-0.0378418
0.083313	-0.11261	-0.0292969
0.0909424	-0.112915	-0.0219727
0.0967407	-0.113831	-0.0170898
0.100403	-0.115662	-0.0152588
0.101929	-0.121155	-0.0192261
0.101624	-0.131531	-0.0299072
0.0997925	-0.144043	-0.0442505
0.0952148	-0.151672	-0.0564575
0.088501	-0.153809	-0.0653076
0.0808716	-0.151672	-0.0708008
0.0735474	-0.1474	-0.0738525
0.0650024	-0.140991	-0.0759888
0.0570679	-0.131531	-0.0744629
0.0509644	-0.121155	-0.0701904
0.0479126	-0.112	-0.0640869
0.0476074	-0.10498	-0.057373
0.0488281	-0.0997925	-0.0509644
0.0509644	-0.0970459	-0.0460815
0.0534058	-0.0970459	-0.0436401
0.055542	-0.0991821	-0.0436401
0.0552368	-0.101013	-0.0457764
0.0534058	-0.101929	-0.0485229
0.0509644	-0.100403	-0.0494385
0.0482178	-0.09552	-0.0473022
0.0448608	-0.0869751	-0.0421143
0.0424194	-0.0772095	-0.03479
0.0418091	-0.067749	-0.0259399
0.0421143	-0.057373	-0.0152588
0.0445557	-0.0512695	-0.00671387
0.0494385	-0.0491333	0.000305176
0.0564575	-0.0479126	0.00854492
0.0631714	-0.0466919	0.0164795
0.0680542	-0.0476074	0.0204468
0.0714111	-0.0515747	0.0198364
0.0732422	-0.0588989	0.0143433
0.0704956	-0.0662231	0.00427246
0.0628662	-0.0686646	-0.00579834
0.0512695	-0.0665283	-0.0152588
0.0390625	-0.0613403	-0.0222778
0.0283813	-0.0561523	-0.027771
0.0189209	-0.0500488	-0.0311279
0.0088501	-0.0418091	-0.032959
-0.000610352	-0.0338745	-0.0344849
-0.00671387	-0.0289917	-0.0357056
-0.00823975	-0.0280762	-0.0363159
-0.00701904	-0.0292969	-0.0363159
-0.00396729	-0.0317383	-0.0357056
0.000610352	-0.0357056	-0.0350952
0.00732422	-0.0415039	-0.0341797
0.0143433	-0.0497437	-0.0354004
0.0213623	-0.0616455	-0.0402832
0.027771	-0.0744629	-0.0466919
0.032959	-0.085144	-0.0521851
0.0369263	-0.0909424	-0.0540161
0.0390625	-0.0912476	-0.0521851
0.0384521	-0.0878906	-0.0494385
0.0366211	-0.0827026	-0.0460815
0.0341797	-0.0747681	-0.0405884
0.0305176	-0.0665283	-0.0360107
0.0253296	-0.0598145	-0.0344849
0.0189209	-0.0515747	-0.0326538
0.0128174	-0.0408936	-0.0280762
0.00823975	-0.0296021	-0.0213623
0.00549316	-0.0204468	-0.0149536
0.00427246	-0.0143433	-0.0100708
0.00457764	-0.0112915	-0.00671387
0.00732422	-0.0112915	-0.00396729
0.0109863	-0.0140381	-0.00305176
0.0149536	-0.0164795	-0.00152588
0.0189209	-0.017395	0.00152588
0.0222778	-0.0177002	0.00457764
0.0247192	-0.0158691	0.0088501
0.0259399	-0.0125122	0.0134277
0.0262451	-0.0106812	0.015564
0.0256348	-0.0119019	0.0137329
0.0216675	-0.0119019	0.00976563
0.0137329	-0.00762939	0.00610352
0.00457764	-0.00183105	0.00274658
-0.00305176	0.00213623	-0.000915527
-0.0088501	0.00335693	-0.00549316
-0.0119019	0.000610352	-0.0112915
-0.0128174	-0.00274658	-0.015564
-0.0106812	-0.00549316	-0.0161743
-0.00457764	-0.00762939	-0.012207
0.00640869	-0.0125122	-0.00610352
0.0234985	-0.0213623	0.00213623
0.0427246	-0.0326538	0.0100708
0.06073	-0.0442505	0.0164795
0.0735474	-0.0558472	0.0177002
0.0799561	-0.0665283	0.0134277
0.0802612	-0.0753784	0.00488281
0.0747681	-0.0796509	-0.00488281
0.0631714	-0.0772095	-0.0140381
0.0469971	-0.071106	-0.0241089
0.0286865	-0.0662231	-0.0375366
0.00854492	-0.0628662	-0.0543213
-0.0115967	-0.06073	-0.0723267
-0.0296021	-0.057373	-0.0869751
-0.043335	-0.0524902	-0.0958252
-0.0515747	-0.0473022	-0.098877
-0.0549316	-0.0445557	-0.0994873
-0.0546265	-0.0460815	-0.100708
-0.0527954	-0.0500488	-0.102844
-0.0515747	-0.0540161	-0.105591
-0.0512695	-0.0564575	-0.107727
-0.0512695	-0.0570679	-0.108337
-0.0512695	-0.0549316	-0.106201
-0.0515747	-0.050354	-0.101929
-0.0518799	-0.0445557	-0.0964355
-0.0506592	-0.039978	-0.0906372
-0.0473022	-0.0384521	-0.0857544
-0.0427246	-0.0378418	-0.0805664
-0.0387573	-0.0357056	-0.0744629
-0.0354004	-0.0332642	-0.0686646
-0.0320435	-0.0326538	-0.0646973
-0.0289917	-0.0326538	-0.0616455
-0.0271606	-0.0332642	-0.0604248
-0.0259399	-0.0350952	-0.0610352
-0.0253296	-0.0390625	-0.0643921
-0.0250244	-0.0457764	-0.0708008
-0.0247192	-0.0531006	-0.0778198
-0.0228882	-0.0598145	-0.0827026
-0.0204468	-0.0653076	-0.0857544
-0.0180054	-0.0701904	-0.0881958
-0.0152588	-0.0756836	-0.0909424
-0.0131226	-0.0814819	-0.0946045
-0.0109863	-0.0881958	-0.0991821
-0.00823975	-0.0997925	-0.108032
-0.00671387	-0.114746	-0.12146
-0.00793457	-0.126953	-0.134888
-0.010376	-0.133362	-0.143738
-0.0131226	-0.135803	-0.148926
-0.015564	-0.137024	-0.152588
-0.0167847	-0.137939	-0.154724
-0.0170898	-0.134888	-0.151978
-0.0158691	-0.117493	-0.133362
-0.0106812	-0.0784302	-0.0891113
-0.000915527	-0.020752	-0.0216675
0.0106812	0.0469971	0.0576782
0.0201416	0.118103	0.138245
0.0271606	0.187988	0.215149
0.0314331	0.254822	0.286255
0.0320435	0.317078	0.349121
0.0256348	0.369568	0.395203
0.00823975	0.403748	0.411987
-0.0213623	0.41626	0.394897
-0.0610352	0.408325	0.34729
-0.107727	0.383911	0.276184
-0.156555	0.346069	0.189514
-0.202942	0.296631	0.093689
-0.242615	0.239868	-0.00274658
-0.273132	0.18219	-0.0909424
-0.292053	0.129395	-0.162659
-0.298157	0.0848389	-0.213318
-0.291443	0.0488281	-0.242615
-0.272522	0.0204468	-0.252075
-0.244751	-0.000305176	-0.245056
-0.212097	-0.0143433	-0.22644
-0.178833	-0.0244141	-0.203247
-0.149231	-0.0305176	-0.179749
-0.124512	-0.0311279	-0.15564
-0.104675	-0.0268555	-0.131531
-0.0875854	-0.0213623	-0.108948
-0.0714111	-0.0204468	-0.0918579
-0.0567627	-0.0234985	-0.0802612
-0.0445557	-0.0271606	-0.0717163
-0.0360107	-0.0299072	-0.065918
-0.0292969	-0.0326538	-0.0619507
-0.0216675	-0.0369263	-0.0585938
-0.0149536	-0.0415039	-0.0564575
-0.010376	-0.0448608	-0.0552368
-0.0088501	-0.0454712	-0.0543213
-0.0109863	-0.0448608	-0.0558472
-0.0158691	-0.045166	-0.0610352
-0.020752	-0.0454712	-0.0662231
-0.0250244	-0.0454712	-0.0704956
-0.0289917	-0.0436401	-0.0726318
-0.0314331	-0.0415039	-0.072937
-0.0326538	-0.0396729	-0.0723267
-0.0320435	-0.0372314	-0.0692749
-0.0302124	-0.0350952	-0.0653076
-0.0283813	-0.0341797	-0.062561
-0.0271606	-0.0341797	-0.0613403
-0.0283813	-0.0341797	-0.062561
-0.0326538	-0.0335693	-0.0662231
-0.0384521	-0.0317383	-0.0701904
-0.0439453	-0.0299072	-0.0738525
-0.0488281	-0.0271606	-0.0759888
-0.0527954	-0.0250244	-0.0778198
-0.0561523	-0.0244141	-0.0805664
-0.0579834	-0.0253296	-0.083313
-0.0585938	-0.0268555	-0.0854492
-0.0588989	-0.0271606	-0.0860596
-0.0592041	-0.0262451	-0.0854492
-0.0595093	-0.0238037	-0.083313
-0.0604248	-0.0198364	-0.0802612
-0.0613403	-0.0143433	-0.0756836
-0.0616455	-0.00823975	-0.0698853
-0.0619507	-0.00366211	-0.0656128
-0.0610352	-0.00244141	-0.0634766
-0.0570679	-0.00579834	-0.0628662
-0.0506592	-0.012207	-0.0628662
-0.0442505	-0.0195313	-0.0637817
-0.0390625	-0.0250244	-0.0640869
-0.032959	-0.0299072	-0.0628662
-0.0256348	-0.0366211	-0.0622559
-0.0195313	-0.0415039	-0.0610352
-0.0170898	-0.0448608	-0.0619507
-0.0180054	-0.0454712	-0.0634766
-0.0201416	-0.043335	-0.0634766
-0.0216675	-0.039978	-0.0616455
-0.0228882	-0.0384521	-0.0613403
-0.0244141	-0.0372314	-0.0616455
-0.0256348	-0.0350952	-0.06073
-0.0256348	-0.0326538	-0.0582886
-0.0234985	-0.0308228	-0.0543213
-0.0180054	-0.0305176	-0.0485229
-0.0109863	-0.0317383	-0.0427246
-0.00488281	-0.0341797	-0.0390625
-0.00152588	-0.0357056	-0.0372314
-0.000610352	-0.03479	-0.0354004
-0.00183105	-0.0311279	-0.032959
-0.00579834	-0.0241089	-0.0299072
-0.0109863	-0.0158691	-0.0268555
-0.015564	-0.0088501	-0.0244141
-0.0186157	-0.00701904	-0.0256348
-0.0204468	-0.0106812	-0.0311279
-0.0204468	-0.017395	-0.0378418
-0.0186157	-0.0247192	-0.043335
-0.0146484	-0.0317383	-0.0463867
-0.00915527	-0.0387573	-0.0479126
-0.00274658	-0.0457764	-0.0485229
0.00549316	-0.0527954	-0.0473022
0.0152588	-0.0598145	-0.0445557
0.0241089	-0.0683594	-0.0442505
0.0305176	-0.0756836	-0.045166
0.0350952	-0.0784302	-0.043335
0.0393677	-0.0775146	-0.038147
0.0430298	-0.0762939	-0.0332642
0.0457764	-0.0765991	-0.0308228
0.0466919	-0.078125	-0.0314331
0.0463867	-0.0827026	-0.0363159
0.045166	-0.0891113	-0.0439453
0.043335	-0.0949097	-0.0515747
0.0411987	-0.100708	-0.0595093
0.0396729	-0.104675	-0.0650024
0.0393677	-0.106201	-0.0668335
0.0408936	-0.106201	-0.0653076
0.0439453	-0.104065	-0.0601196
0.0473022	-0.0997925	-0.0524902
0.0506592	-0.0927734	-0.0421143
0.0546265	-0.0830078	-0.0283813
0.0588989	-0.0723267	-0.0134277
0.0622559	-0.0613403	0.000915527
0.0643921	-0.0500488	0.0143433
0.065918	-0.039978	0.0259399
0.0665283	-0.0332642	0.0332642
0.0656128	-0.0280762	0.0375366
0.0640869	-0.0228882	0.0411987
0.0622559	-0.0195313	0.0427246
0.0595093	-0.0180054	0.0415039
0.0567627	-0.0170898	0.0396729
0.0540161	-0.0170898	0.0369263
0.050354	-0.0143433	0.0360107
0.0445557	-0.00793457	0.0366211
0.0369263	0.000610352	0.0375366
0.0274658	0.00946045	0.0369263
0.017395	0.0180054	0.0354004
0.00732422	0.0268555	0.0341797
-0.00396729	0.0378418	0.0338745
-0.0164795	0.0500488	0.0335693
-0.0292969	0.0610352	0.0317383
-0.0408936	0.0665283	0.0256348
-0.0494385	0.0650024	0.015564
-0.0543213	0.0585938	0.00427246
-0.0543213	0.0506592	-0.00366211
-0.0518799	0.0424194	-0.00946045
-0.0482178	0.0326538	-0.015564
-0.043335	0.0216675	-0.0216675
-0.0378418	0.0100708	-0.027771
-0.0308228	-0.000305176	-0.0311279
-0.0244141	-0.00854492	-0.032959
-0.020752	-0.012207	-0.032959
-0.0198364	-0.0115967	-0.0314331
-0.0219727	-0.00732422	-0.0292969
-0.027771	0	-0.027771
-0.0363159	0.0088501	-0.0274658
-0.0445557	0.0164795	-0.0280762
-0.0506592	0.0216675	-0.0289917
-0.0546265	0.0250244	-0.0296021
-0.057373	0.0271606	-0.0302124
-0.0576782	0.027771	-0.0299072
-0.055542	0.0244141	-0.0311279
-0.0509644	0.0183105	-0.0326538
-0.0448608	0.0109863	-0.0338745
-0.038147	0.00305176	-0.0350952
-0.0314331	-0.00610352	-0.0375366
-0.0256348	-0.0146484	-0.0402832
-0.0210571	-0.0222778	-0.043335
-0.0183105	-0.0280762	-0.0463867
-0.0170898	-0.0305176	-0.0476074
-0.0164795	-0.0299072	-0.0463867
-0.015564	-0.0250244	-0.0405884
-0.0143433	-0.0167847	-0.0311279
-0.0128174	-0.00671387	-0.0195313
-0.0112915	0.00274658	-0.00854492
-0.0109863	0.0106812	-0.000305176
-0.012207	0.017395	0.00518799
-0.0146484	0.0234985	0.0088501
-0.0180054	0.0280762	0.0100708
-0.0216675	0.0320435	0.010376
-0.0253296	0.0366211	0.0112915
-0.0305176	0.0393677	0.0088501
-0.0375366	0.039978	0.00244141
-0.045166	0.0415039	-0.00366211
-0.0521851	0.0445557	-0.00762939
-0.0576782	0.0485229	-0.00915527
-0.0604248	0.0509644	-0.00946045
-0.06073	0.0521851	-0.00854492
-0.0585938	0.0537109	-0.00488281
-0.0549316	0.055542	0.000610352
-0.0515747	0.0564575	0.00488281
-0.0479126	0.0543213	0.00640869
-0.0442505	0.0497437	0.00549316
-0.0402832	0.0466919	0.00640869
-0.0366211	0.0460815	0.00946045
-0.0335693	0.0454712	0.0119019
-0.0314331	0.0454712	0.0140381
-0.0292969	0.0445557	0.0152588
-0.0271606	0.0445557	0.017395
-0.0265503	0.0463867	0.0198364
-0.0268555	0.0488281	0.0219727
-0.0268555	0.0494385	0.022583
-0.0259399	0.0466919	0.020752
-0.0244141	0.0418091	0.017395
-0.0231934	0.0384521	0.0152588
-0.0228882	0.0378418	0.0149536
-0.0231934	0.0396729	0.0164795
-0.0231934	0.0411987	0.0180054
-0.0231934	0.0411987	0.0180054
-0.022583	0.0390625	0.0164795
-0.0219727	0.0369263	0.0149536
-0.0204468	0.0363159	0.0158691
-0.0186157	0.0357056	0.0170898
-0.0158691	0.0360107	0.0201416
-0.0112915	0.0350952	0.0238037
-0.00427246	0.0302124	0.0259399
0.00305176	0.0222778	0.0253296
0.00946045	0.0146484	0.0241089
0.0134277	0.00976563	0.0231934
0.015564	0.00701904	0.022583
0.0158691	0.00610352	0.0219727
0.0149536	0.00701904	0.0219727
0.0137329	0.0088501	0.022583
0.0112915	0.0100708	0.0213623
0.00671387	0.010376	0.0170898
-0.0012207	0.0112915	0.0100708
-0.0119019	0.0146484	0.00274658
-0.0247192	0.0192261	-0.00549316
-0.0369263	0.0231934	-0.0137329
-0.0469971	0.0234985	-0.0234985
-0.0540161	0.0195313	-0.0344849
-0.0582886	0.0146484	-0.0436401
-0.06073	0.00915527	-0.0515747
-0.0616455	0.00244141	-0.0592041
-0.0619507	-0.00457764	-0.0665283
-0.0601196	-0.0106812	-0.0708008
-0.0549316	-0.0146484	-0.0695801
-0.0476074	-0.0161743	-0.0637817
-0.0405884	-0.0164795	-0.0570679
-0.0363159	-0.0152588	-0.0515747
-0.03479	-0.0106812	-0.0454712
-0.0341797	-0.00366211	-0.0378418
-0.0332642	0.00335693	-0.0299072
-0.0323486	0.00946045	-0.0228882
-0.0320435	0.0137329	-0.0183105
-0.032959	0.0146484	-0.0183105
-0.03479	0.0158691	-0.0189209
-0.0360107	0.0186157	-0.017395
-0.0357056	0.0198364	-0.0158691
-0.0335693	0.0180054	-0.015564
-0.0308228	0.0158691	-0.0149536
-0.0274658	0.0170898	-0.010376
-0.0241089	0.0204468	-0.00366211
-0.0213623	0.0256348	0.00427246
-0.0186157	0.0320435	0.0134277
-0.0161743	0.038147	0.0219727
-0.0134277	0.0418091	0.0283813
-0.00976563	0.0418091	0.0320435
-0.00579834	0.0396729	0.0338745
-0.00183105	0.0378418	0.0360107
0.00152588	0.0366211	0.038147
0.00427246	0.0357056	0.039978
0.00701904	0.0341797	0.0411987
0.0088501	0.0317383	0.0405884
0.00915527	0.0299072	0.0390625
0.0100708	0.0265503	0.0366211
0.0128174	0.0216675	0.0344849
0.0170898	0.0170898	0.0341797
0.0210571	0.0177002	0.0387573
0.0231934	0.0216675	0.0448608
0.0228882	0.0250244	0.0479126
0.0216675	0.0262451	0.0479126
0.0204468	0.0250244	0.0454712
0.0183105	0.0231934	0.0415039
0.0152588	0.0198364	0.0350952
0.010376	0.0134277	0.0238037
0.00457764	0.00579834	0.010376
-0.00305176	0.00183105	-0.0012207
-0.0109863	-0.000915527	-0.0119019
-0.0186157	-0.00457764	-0.0231934
-0.0262451	-0.00732422	-0.0335693
-0.0344849	-0.00732422	-0.0418091
-0.0427246	-0.00457764	-0.0473022
-0.0494385	0.00152588	-0.0479126
-0.0549316	0.0109863	-0.0439453
-0.0601196	0.0228882	-0.0372314
-0.0665283	0.0360107	-0.0305176
-0.0744629	0.0476074	-0.0268555
-0.0823975	0.0549316	-0.0274658
-0.0857544	0.0558472	-0.0299072
-0.083313	0.0497437	-0.0335693
-0.0765991	0.0369263	-0.0396729
-0.0680542	0.020752	-0.0473022
-0.0598145	0.00457764	-0.0552368
-0.0509644	-0.00976563	-0.06073
-0.0418091	-0.0222778	-0.0640869
-0.0326538	-0.0338745	-0.0665283
-0.0244141	-0.0436401	-0.0680542
-0.0186157	-0.0491333	-0.067749
-0.0164795	-0.0500488	-0.0665283
-0.0183105	-0.0469971	-0.0653076
-0.0228882	-0.0402832	-0.0631714
-0.0289917	-0.0317383	-0.06073
-0.0344849	-0.0253296	-0.0598145
-0.0393677	-0.022583	-0.0619507
-0.0439453	-0.0210571	-0.0650024
-0.0473022	-0.0195313	-0.0668335
-0.0497437	-0.0180054	-0.067749
-0.0512695	-0.0167847	-0.0680542
-0.0524902	-0.015564	-0.0680542
-0.0543213	-0.0146484	-0.0689697
-0.0567627	-0.0137329	-0.0704956
-0.0592041	-0.0158691	-0.0750732
-0.0598145	-0.020752	-0.0805664
-0.0582886	-0.0262451	-0.0845337
-0.0558472	-0.03479	-0.0906372
-0.0521851	-0.0485229	-0.100708
-0.0482178	-0.065918	-0.114136
-0.0424194	-0.083313	-0.125732
-0.03479	-0.0958252	-0.130615
-0.0256348	-0.101318	-0.126953
-0.0152588	-0.0982666	-0.113525
-0.00335693	-0.085144	-0.088501
0.010376	-0.0598145	-0.0494385
0.0247192	-0.0180054	0.00671387
0.0405884	0.0430298	0.0836182
0.0592041	0.118103	0.177307
0.0802612	0.19989	0.280151
0.100708	0.279846	0.380554
0.118408	0.352783	0.471191
0.13031	0.418396	0.548706
0.132751	0.475769	0.608521
0.120544	0.52002	0.640564
0.0918579	0.54718	0.639038
0.0500488	0.553589	0.603638
-0.000305176	0.537109	0.536804
-0.055542	0.500183	0.444641
-0.114136	0.447388	0.333252
-0.171814	0.383911	0.212097
-0.220947	0.313721	0.0927734
-0.254211	0.235291	-0.0189209
-0.268555	0.155334	-0.11322
-0.264587	0.0802612	-0.184326
-0.245056	0.0146484	-0.230408
-0.213928	-0.0387573	-0.252686
-0.174255	-0.0778198	-0.252075
-0.131226	-0.101624	-0.232849
-0.0912476	-0.111694	-0.202942
-0.0570679	-0.110779	-0.167847
-0.0314331	-0.103149	-0.134583
-0.015564	-0.0918579	-0.107422
-0.0088501	-0.0787354	-0.0875854
-0.0100708	-0.0653076	-0.0753784
-0.0167847	-0.0537109	-0.0704956
-0.0253296	-0.0463867	-0.0717163
-0.0332642	-0.0439453	-0.0772095
-0.0393677	-0.0445557	-0.0839233
-0.0430298	-0.0457764	-0.0888062
-0.0445557	-0.0457764	-0.090332
-0.0436401	-0.0442505	-0.0878906
-0.0402832	-0.0405884	-0.0808716
-0.0350952	-0.0354004	-0.0704956
-0.0286865	-0.0305176	-0.0592041
-0.0213623	-0.0259399	-0.0473022
-0.0140381	-0.0219727	-0.0360107
-0.00793457	-0.0195313	-0.0274658
-0.00335693	-0.0192261	-0.022583
-0.000915527	-0.0198364	-0.020752
0.000305176	-0.0216675	-0.0213623
0.0012207	-0.0238037	-0.022583
0.000915527	-0.0274658	-0.0265503
-0.0012207	-0.0332642	-0.0344849
-0.00488281	-0.039978	-0.0448608
-0.010376	-0.0457764	-0.0561523
-0.0183105	-0.050354	-0.0686646
-0.0286865	-0.0524902	-0.0811768
-0.039978	-0.0531006	-0.0930786
-0.0500488	-0.0540161	-0.104065
-0.0582886	-0.0561523	-0.114441
-0.0640869	-0.0582886	-0.122375
-0.0674438	-0.0595093	-0.126953
-0.0692749	-0.0598145	-0.129089
-0.0686646	-0.0601196	-0.128784
-0.0656128	-0.0601196	-0.125732
-0.0613403	-0.0595093	-0.12085
-0.0558472	-0.0601196	-0.115967
-0.050354	-0.0604248	-0.110779
-0.0457764	-0.0579834	-0.10376
-0.0427246	-0.0518799	-0.0946045
-0.0408936	-0.043335	-0.0842285
-0.0408936	-0.0326538	-0.0735474
-0.0411987	-0.0219727	-0.0631714
-0.039978	-0.0131226	-0.0531006
-0.0360107	-0.00762939	-0.0436401
-0.0299072	-0.00640869	-0.0363159
-0.022583	-0.00854492	-0.0311279
-0.0146484	-0.012207	-0.0268555
-0.00610352	-0.017395	-0.0234985
0.00213623	-0.0228882	-0.020752
0.00915527	-0.0292969	-0.0201416
0.0143433	-0.0363159	-0.0219727
0.0167847	-0.0408936	-0.0241089
0.0164795	-0.0421143	-0.0256348
0.0140381	-0.0402832	-0.0262451
0.0100708	-0.0372314	-0.0271606
0.00579834	-0.0350952	-0.0292969
0.00213623	-0.0344849	-0.0323486
-0.000610352	-0.0350952	-0.0357056
-0.00183105	-0.0354004	-0.0372314
-0.00244141	-0.0357056	-0.038147
-0.00183105	-0.0375366	-0.0393677
-0.000610352	-0.0411987	-0.0418091
0.00183105	-0.0463867	-0.0445557
0.00549316	-0.050354	-0.0448608
0.010376	-0.0531006	-0.0427246
0.0164795	-0.0549316	-0.0384521
0.0231934	-0.0527954	-0.0296021
0.0286865	-0.0485229	-0.0198364
0.0326538	-0.0424194	-0.00976563
0.0357056	-0.0372314	-0.00152588
0.0372314	-0.0335693	0.00366211
0.0366211	-0.0302124	0.00640869
0.0335693	-0.0271606	0.00640869
0.0292969	-0.0250244	0.00427246
0.0241089	-0.0238037	0.000305176
0.0186157	-0.0222778	-0.00366211
0.0134277	-0.020752	-0.00732422
0.00946045	-0.0189209	-0.00946045
0.00732422	-0.0164795	-0.00915527
0.00610352	-0.0125122	-0.00640869
0.00732422	-0.00762939	-0.000305176
0.0109863	-0.00366211	0.00732422
0.0146484	0.0012207	0.0158691
0.0164795	0.00823975	0.0247192
0.017395	0.0149536	0.0323486
0.017395	0.0213623	0.0387573
0.0149536	0.0256348	0.0405884
0.0112915	0.0271606	0.0384521
0.00793457	0.0265503	0.0344849
0.00549316	0.0244141	0.0299072
0.00427246	0.0231934	0.0274658
0.00518799	0.022583	0.027771
0.00915527	0.0204468	0.0296021
0.0167847	0.0170898	0.0338745
0.0265503	0.0146484	0.0411987
0.0375366	0.0119019	0.0494385
0.0479126	0.0088501	0.0567627
0.0570679	0.00610352	0.0631714
0.0646973	0.00427246	0.0689697
0.0695801	0.000305176	0.0698853
0.0717163	-0.00335693	0.0683594
0.0704956	-0.00335693	0.0671387
0.0668335	0.0012207	0.0680542
0.0619507	0.00793457	0.0698853
0.0570679	0.015564	0.0726318
0.0521851	0.022583	0.0747681
0.0482178	0.0274658	0.0756836
0.045166	0.0314331	0.0765991
0.043335	0.0354004	0.0787354
0.0424194	0.0393677	0.0817871
0.0411987	0.0415039	0.0827026
0.0390625	0.0415039	0.0805664
0.0357056	0.0405884	0.0762939
0.0308228	0.0396729	0.0704956
0.0247192	0.0390625	0.0637817
0.0177002	0.0393677	0.0570679
0.010376	0.0387573	0.0491333
0.00427246	0.0366211	0.0408936
-0.000610352	0.0338745	0.0332642
-0.00274658	0.0308228	0.0280762
-0.00213623	0.0274658	0.0253296
0.0012207	0.0234985	0.0247192
0.00457764	0.0204468	0.0250244
0.00579834	0.0189209	0.0247192
0.00732422	0.0192261	0.0265503
0.00915527	0.0204468	0.0296021
0.00915527	0.0213623	0.0305176
0.00488281	0.0222778	0.0271606
-0.00549316	0.0238037	0.0183105
-0.0216675	0.0253296	0.00366211
-0.0424194	0.0268555	-0.015564
-0.0650024	0.0296021	-0.0354004
-0.0857544	0.0320435	-0.0537109
-0.102234	0.0354004	-0.0668335
-0.114746	0.0393677	-0.0753784
-0.123596	0.043335	-0.0802612
-0.125732	0.0454712	-0.0802612
-0.119019	0.0463867	-0.0726318
-0.104675	0.0491333	-0.055542
-0.0845337	0.0527954	-0.0317383
-0.0610352	0.0527954	-0.00823975
-0.0372314	0.0485229	0.0112915
-0.0149536	0.0436401	0.0286865
0.00457764	0.0375366	0.0421143
0.0201416	0.0292969	0.0494385
0.0296021	0.0210571	0.0506592
0.0326538	0.012207	0.0448608
0.0299072	0.00396729	0.0338745
0.0234985	-0.000610352	0.0228882
0.0146484	0.00244141	0.0170898
0.00549316	0.00976563	0.0152588
-0.00305176	0.0180054	0.0149536
-0.0109863	0.0250244	0.0140381
-0.017395	0.0317383	0.0143433
-0.0219727	0.039978	0.0180054
-0.0247192	0.0491333	0.0244141
-0.0262451	0.0592041	0.032959
-0.0259399	0.0683594	0.0424194
-0.0250244	0.0756836	0.0506592
-0.0234985	0.0796509	0.0561523
-0.0219727	0.0793457	0.057373
-0.0204468	0.0775146	0.0570679
-0.0186157	0.0744629	0.0558472
-0.0167847	0.0683594	0.0515747
-0.0152588	0.0610352	0.0457764
-0.0149536	0.0537109	0.0387573
-0.0143433	0.0469971	0.0326538
-0.0134277	0.0424194	0.0289917
-0.0125122	0.0418091	0.0292969
-0.0125122	0.0448608	0.0323486
-0.015564	0.0500488	0.0344849
-0.0216675	0.0579834	0.0363159
-0.0296021	0.0680542	0.0384521
-0.0375366	0.0784302	0.0408936
-0.0448608	0.0881958	0.043335
-0.0515747	0.0973511	0.0457764
-0.0558472	0.105286	0.0494385
-0.0576782	0.111084	0.0534058
-0.0561523	0.110779	0.0546265
-0.0518799	0.105286	0.0534058
-0.0439453	0.0979614	0.0540161
-0.032959	0.0897217	0.0567627
-0.0183105	0.0799561	0.0616455
-0.00183105	0.0689697	0.0671387
0.012207	0.0604248	0.0726318
0.020752	0.0537109	0.0744629
0.0241089	0.0463867	0.0704956
0.022583	0.0375366	0.0601196
0.0180054	0.0308228	0.0488281
0.0125122	0.0274658	0.039978
0.00640869	0.0250244	0.0314331
-0.000610352	0.022583	0.0219727
-0.0088501	0.0210571	0.012207
-0.0167847	0.0204468	0.00366211
-0.0228882	0.0219727	-0.000915527
-0.0265503	0.0268555	0.000305176
-0.0283813	0.032959	0.00457764
-0.0274658	0.0366211	0.00915527
-0.0250244	0.039978	0.0149536
-0.0213623	0.043335	0.0219727
-0.0167847	0.0442505	0.0274658
-0.0146484	0.0430298	0.0283813
-0.0143433	0.0430298	0.0286865
-0.0143433	0.045166	0.0308228
-0.0128174	0.0469971	0.0341797
-0.0106812	0.0460815	0.0354004
-0.0088501	0.0436401	0.03479
-0.00823975	0.0408936	0.0326538
-0.00823975	0.0387573	0.0305176
-0.00854492	0.0363159	0.027771
-0.0088501	0.0341797	0.0253296
-0.0112915	0.0338745	0.022583
-0.0164795	0.0326538	0.0161743
-0.0201416	0.0271606	0.00701904
-0.0210571	0.0177002	-0.00335693
-0.0201416	0.00946045	-0.0106812
-0.0195313	0.00579834	-0.0137329
-0.0189209	0.00457764	-0.0143433
-0.0183105	0.00579834	-0.0125122
-0.017395	0.0100708	-0.00732422
-0.0149536	0.0149536	0
-0.00976563	0.0195313	0.00976563
-0.0012207	0.0231934	0.0219727
0.0088501	0.0247192	0.0335693
0.0149536	0.0219727	0.0369263
0.0146484	0.0167847	0.0314331
0.00762939	0.0140381	0.0216675
-0.00274658	0.0143433	0.0115967
-0.0134277	0.0170898	0.00366211
-0.0244141	0.0198364	-0.00457764
-0.0360107	0.0210571	-0.0149536
-0.0494385	0.0234985	-0.0259399
-0.0634766	0.0317383	-0.0317383
-0.0753784	0.0473022	-0.0280762
-0.0827026	0.0646973	-0.0180054
-0.0836182	0.0787354	-0.00488281
-0.0772095	0.0869751	0.00976563
-0.0656128	0.0900269	0.0244141
-0.0518799	0.0909424	0.0390625
-0.0384521	0.0891113	0.0506592
-0.0283813	0.0823975	0.0540161
-0.0186157	0.071106	0.0524902
-0.00610352	0.0558472	0.0497437
0.00732422	0.0393677	0.0466919
0.0183105	0.0259399	0.0442505
0.0253296	0.0146484	0.039978
0.0283813	0.00610352	0.0344849
0.0296021	0.00244141	0.0320435
0.0314331	0.00335693	0.03479
0.0326538	0.00732422	0.039978
0.0317383	0.0140381	0.0457764
0.0299072	0.0216675	0.0515747
0.0271606	0.0268555	0.0540161
0.022583	0.0299072	0.0524902
0.0186157	0.0332642	0.0518799
0.0152588	0.0360107	0.0512695
0.0140381	0.0369263	0.0509644
0.015564	0.0344849	0.0500488
0.0180054	0.0286865	0.0466919
0.0198364	0.0198364	0.0396729
0.020752	0.00946045	0.0302124
0.022583	0.0012207	0.0238037
0.0265503	-0.0012207	0.0253296
0.0302124	0.00183105	0.0320435
0.0323486	0.00610352	0.0384521
0.0317383	0.00946045	0.0411987
0.0296021	0.0112915	0.0408936
0.0280762	0.012207	0.0402832
0.0289917	0.0125122	0.0415039
0.0311279	0.0112915	0.0424194
0.0335693	0.00762939	0.0411987
0.0354004	0.00305176	0.0384521
0.0360107	-0.00244141	0.0335693
0.0366211	-0.0119019	0.0247192
0.0360107	-0.0247192	0.0112915
0.0305176	-0.0366211	-0.00610352
0.0195313	-0.0430298	-0.0234985
0.00701904	-0.0430298	-0.0360107
-0.00518799	-0.0375366	-0.0427246
-0.0170898	-0.0305176	-0.0476074
-0.0308228	-0.0238037	-0.0546265
-0.0460815	-0.0164795	-0.062561
-0.0585938	-0.00915527	-0.067749
-0.0662231	-0.00274658	-0.0689697
-0.0698853	0.00244141	-0.0674438
-0.0708008	0.00640869	-0.0643921
-0.0692749	0.00518799	-0.0640869
-0.062561	-0.00366211	-0.0662231
-0.0506592	-0.017395	-0.0680542
-0.0387573	-0.0311279	-0.0698853
-0.0320435	-0.0415039	-0.0735474
-0.0299072	-0.0485229	-0.0784302
-0.0302124	-0.0543213	-0.0845337
-0.0305176	-0.0588989	-0.0894165
-0.0296021	-0.0604248	-0.0900269
-0.0292969	-0.0576782	-0.0869751
-0.0311279	-0.0540161	-0.085144
-0.03479	-0.0531006	-0.0878906
-0.0390625	-0.0549316	-0.0939941
-0.0427246	-0.0567627	-0.0994873
-0.0424194	-0.0595093	-0.101929
-0.0390625	-0.0643921	-0.103455
-0.0344849	-0.071106	-0.105591
-0.0289917	-0.0790405	-0.108032
-0.0216675	-0.0854492	-0.107117
-0.0149536	-0.0857544	-0.100708
-0.00976563	-0.0784302	-0.0881958
-0.000915527	-0.0683594	-0.0692749
0.0137329	-0.055542	-0.0418091
0.0335693	-0.0375366	-0.00396729
0.0564575	-0.0088501	0.0476074
0.0830078	0.0341797	0.117188
0.114441	0.0918579	0.206299
0.149231	0.155334	0.304565
0.180664	0.219727	0.400391
0.205383	0.282593	0.487976
0.222168	0.342102	0.56427
0.228271	0.395813	0.624084
0.215759	0.442505	0.658264
0.183716	0.47699	0.660706
0.136108	0.493164	0.629272
0.0762939	0.488281	0.564575
0.00976563	0.464478	0.474243
-0.0595093	0.422668	0.363159
-0.125427	0.365295	0.239868
-0.178833	0.29541	0.116577
-0.212402	0.215759	0.00335693
-0.22583	0.13092	-0.0949097
-0.225525	0.0512695	-0.174255
-0.211182	-0.0192261	-0.230408
-0.184021	-0.0805664	-0.264587
-0.147705	-0.13031	-0.278015
-0.107117	-0.167542	-0.274658
-0.067749	-0.190735	-0.258484
-0.0357056	-0.198059	-0.233765
-0.0143433	-0.19165	-0.205994
-0.00518799	-0.174866	-0.180054
-0.00549316	-0.151672	-0.157166
-0.0100708	-0.122375	-0.132446
-0.0161743	-0.0918579	-0.108032
-0.0210571	-0.067749	-0.0888062
-0.0244141	-0.0524902	-0.0769043
-0.0271606	-0.0442505	-0.0714111
-0.027771	-0.0418091	-0.0695801
-0.0259399	-0.0439453	-0.0698853
-0.0222778	-0.0500488	-0.0723267
-0.0158691	-0.0604248	-0.0762939
-0.00640869	-0.0735474	-0.0799561
0.00335693	-0.0845337	-0.0811768
0.012207	-0.0924683	-0.0802612
0.0167847	-0.0964355	-0.0796509
0.0149536	-0.0952148	-0.0802612
0.00854492	-0.0891113	-0.0805664
0.00183105	-0.0805664	-0.0787354
-0.00366211	-0.0732422	-0.0769043
-0.00854492	-0.0680542	-0.0765991
-0.0161743	-0.0616455	-0.0778198
-0.0265503	-0.055542	-0.0820923
-0.0366211	-0.0515747	-0.0881958
-0.0427246	-0.0494385	-0.0921631
-0.0424194	-0.0500488	-0.0924683
-0.0372314	-0.0527954	-0.0900269
-0.0292969	-0.0543213	-0.0836182
-0.0213623	-0.0552368	-0.0765991
-0.0164795	-0.0552368	-0.0717163
-0.0158691	-0.0549316	-0.0708008
-0.0164795	-0.0534058	-0.0698853
-0.0158691	-0.0518799	-0.067749
-0.0146484	-0.0515747	-0.0662231
-0.0149536	-0.0527954	-0.067749
-0.0158691	-0.0543213	-0.0701904
-0.0177002	-0.0552368	-0.072937
-0.0192261	-0.0549316	-0.0741577
-0.0189209	-0.0540161	-0.072937
-0.0152588	-0.0552368	-0.0704956
-0.00701904	-0.057373	-0.0643921
0.00335693	-0.0576782	-0.0543213
0.0119019	-0.0543213	-0.0424194
0.0183105	-0.0509644	-0.0326538
0.0265503	-0.0506592	-0.0241089
0.0335693	-0.050354	-0.0167847
0.0332642	-0.0479126	-0.0146484
0.0259399	-0.0476074	-0.0216675
0.0189209	-0.0543213	-0.0354004
0.0149536	-0.065918	-0.0509644
0.0137329	-0.0762939	-0.062561
0.0128174	-0.0827026	-0.0698853
0.012207	-0.0872803	-0.0750732
0.010376	-0.0900269	-0.0796509
0.00640869	-0.0891113	-0.0827026
0.00183105	-0.0830078	-0.0811768
-0.0012207	-0.072937	-0.0741577
-0.00274658	-0.0616455	-0.0643921
-0.00305176	-0.0491333	-0.0521851
-0.00183105	-0.0341797	-0.0360107
-0.00213623	-0.0189209	-0.0210571
-0.00793457	-0.00671387	-0.0146484
-0.0192261	0.00244141	-0.0167847
-0.0308228	0.00732422	-0.0234985
-0.039978	0.00579834	-0.0341797
-0.0460815	0.000305176	-0.0457764
-0.0482178	-0.00579834	-0.0540161
-0.0488281	-0.0112915	-0.0601196
-0.0494385	-0.0167847	-0.0662231
-0.0482178	-0.0201416	-0.0683594
-0.0436401	-0.020752	-0.0643921
-0.0320435	-0.0222778	-0.0543213
-0.010376	-0.0289917	-0.0393677
0.0180054	-0.0390625	-0.0210571
0.045166	-0.0473022	-0.00213623
0.0692749	-0.0534058	0.0158691
0.0912476	-0.0552368	0.0360107
0.111389	-0.0534058	0.0579834
0.128479	-0.0488281	0.0796509
0.140686	-0.0442505	0.0964355
0.144958	-0.0402832	0.104675
0.142212	-0.0354004	0.106812
0.132446	-0.0283813	0.104065
0.116882	-0.0210571	0.0958252
0.0991821	-0.0143433	0.0848389
0.0830078	-0.00793457	0.0750732
0.0708008	-0.000305176	0.0704956
0.0631714	0.00701904	0.0701904
0.0546265	0.0149536	0.0695801
0.0427246	0.0222778	0.0650024
0.0296021	0.027771	0.057373
0.0180054	0.0308228	0.0488281
0.0115967	0.0332642	0.0448608
0.010376	0.03479	0.045166
0.0109863	0.0369263	0.0479126
0.010376	0.0384521	0.0488281
0.0109863	0.0335693	0.0445557
0.0170898	0.020752	0.0378418
0.027771	0.0119019	0.0396729
0.0411987	0.0201416	0.0613403
0.0552368	0.0390625	0.0942993
0.0692749	0.0585938	0.127869
0.0787354	0.0756836	0.154419
0.0802612	0.0900269	0.170288
0.0765991	0.103455	0.180054
0.0735474	0.115051	0.188599
0.0726318	0.120544	0.193176
0.0732422	0.113831	0.187073
0.0744629	0.0930786	0.167542
0.0772095	0.0656128	0.142822
0.0787354	0.0387573	0.117493
0.0775146	0.0131226	0.0906372
0.0787354	-0.00823975	0.0704956
0.0906372	-0.0250244	0.0656128
0.108337	-0.0357056	0.0726318
0.117798	-0.0393677	0.0784302
0.115356	-0.0384521	0.0769043
0.105286	-0.0338745	0.0714111
0.0924683	-0.0268555	0.0656128
0.0796509	-0.0152588	0.0643921
0.0683594	-0.00366211	0.0646973
0.0601196	0.00244141	0.062561
0.050354	0.000610352	0.0509644
0.0354004	-0.00579834	0.0296021
0.0177002	-0.0128174	0.00488281
0.000610352	-0.0164795	-0.0158691
-0.0137329	-0.0180054	-0.0317383
-0.0189209	-0.0228882	-0.0418091
-0.0152588	-0.0305176	-0.0457764
-0.00732422	-0.0360107	-0.043335
0.00183105	-0.0411987	-0.0393677
0.0100708	-0.0476074	-0.0375366
0.0161743	-0.0506592	-0.0344849
0.0222778	-0.0457764	-0.0234985
0.0363159	-0.0357056	0.000610352
0.0592041	-0.0253296	0.0338745
0.0790405	-0.0177002	0.0613403
0.0845337	-0.012207	0.0723267
0.0720215	-0.00854492	0.0634766
0.050354	-0.00427246	0.0460815
0.0305176	-0.000305176	0.0302124
0.0204468	-0.00396729	0.0164795
0.020752	-0.0177002	0.00305176
0.0256348	-0.0375366	-0.0119019
0.0305176	-0.0585938	-0.0280762
0.032959	-0.0790405	-0.0460815
0.0308228	-0.100098	-0.0692749
0.0308228	-0.12146	-0.0906372
0.038147	-0.138855	-0.100708
0.0506592	-0.151062	-0.100403
0.0616455	-0.159912	-0.0982666
0.0689697	-0.166321	-0.0973511
0.0692749	-0.166626	-0.0973511
0.0631714	-0.158081	-0.0949097
0.0518799	-0.141296	-0.0894165
0.0390625	-0.12146	-0.0823975
0.0280762	-0.104065	-0.0759888
0.0195313	-0.088501	-0.0689697
0.0119019	-0.0747681	-0.0628662
0.00701904	-0.0683594	-0.0613403
0.00457764	-0.0674438	-0.0628662
0.0012207	-0.0671387	-0.065918
-0.0012207	-0.0674438	-0.0686646
-0.000610352	-0.0680542	-0.0686646
0.00579834	-0.0674438	-0.0616455
0.0146484	-0.0643921	-0.0497437
0.0234985	-0.0601196	-0.0366211
0.0314331	-0.0546265	-0.0231934
0.0405884	-0.050354	-0.00976563
0.0515747	-0.0485229	0.00305176
0.0616455	-0.0466919	0.0149536
0.0692749	-0.0424194	0.0268555
0.072937	-0.0378418	0.0350952
0.0732422	-0.0375366	0.0357056
0.0735474	-0.0482178	0.0253296
0.0720215	-0.0683594	0.00366211
0.0680542	-0.0918579	-0.0238037
0.065918	-0.110474	-0.0445557
0.0671387	-0.118408	-0.0512695
0.0708008	-0.116272	-0.0454712
0.0741577	-0.109253	-0.0350952
0.072937	-0.102539	-0.0296021
0.0692749	-0.0982666	-0.0289917
0.0674438	-0.09552	-0.0280762
0.0689697	-0.0921631	-0.0231934
0.0717163	-0.0894165	-0.0177002
0.0735474	-0.0848389	-0.0112915
0.0735474	-0.0775146	-0.00396729
0.0720215	-0.0726318	-0.000610352
0.0701904	-0.0741577	-0.00396729
0.0689697	-0.0820923	-0.0131226
0.0683594	-0.0918579	-0.0234985
0.067749	-0.098877	-0.0311279
0.071106	-0.101318	-0.0302124
0.0796509	-0.101929	-0.0222778
0.090332	-0.103149	-0.0128174
0.0985718	-0.106201	-0.00762939
0.10437	-0.112915	-0.00854492
0.107117	-0.119934	-0.0128174
0.109558	-0.126953	-0.017395
0.110168	-0.13092	-0.020752
0.102844	-0.130615	-0.027771
0.0857544	-0.126953	-0.0411987
0.0643921	-0.117188	-0.0527954
0.0442505	-0.102234	-0.0579834
0.0280762	-0.0860596	-0.0579834
0.0134277	-0.0686646	-0.0552368
-0.00366211	-0.0518799	-0.055542
-0.0189209	-0.0424194	-0.0613403
-0.0250244	-0.0463867	-0.0714111
-0.022583	-0.0570679	-0.0796509
-0.0143433	-0.0671387	-0.0814819
-0.00152588	-0.078125	-0.0796509
0.0134277	-0.0927734	-0.0793457
0.0292969	-0.109253	-0.0799561
0.0418091	-0.123291	-0.0814819
0.0485229	-0.13092	-0.0823975
0.0524902	-0.133667	-0.0811768
0.0561523	-0.134583	-0.0784302
0.0595093	-0.132751	-0.0732422
0.0613403	-0.125427	-0.0640869
0.0616455	-0.114136	-0.0524902
0.0613403	-0.106201	-0.0448608
0.0616455	-0.10498	-0.043335
0.0640869	-0.106506	-0.0424194
0.067749	-0.108032	-0.0402832
0.072937	-0.110779	-0.0378418
0.0808716	-0.115662	-0.03479
0.090332	-0.119324	-0.0289917
0.0985718	-0.119324	-0.020752
0.101624	-0.117188	-0.015564
0.100098	-0.11261	-0.0125122
0.0967407	-0.107422	-0.0106812
0.0942993	-0.101318	-0.00701904
0.0894165	-0.0930786	-0.00366211
0.0830078	-0.0848389	-0.00183105
0.0793457	-0.078125	0.0012207
0.0790405	-0.0714111	0.00762939
0.0802612	-0.0646973	0.015564
0.0817871	-0.0610352	0.020752
0.0845337	-0.0619507	0.022583
0.0894165	-0.0650024	0.0244141
0.0982666	-0.065918	0.0323486
0.107422	-0.0646973	0.0427246
0.111084	-0.0653076	0.0457764
0.108032	-0.0674438	0.0405884
0.101318	-0.0692749	0.0320435
0.0924683	-0.0701904	0.0222778
0.0814819	-0.0708008	0.0106812
0.0689697	-0.0698853	-0.000915527
0.055542	-0.0662231	-0.0106812
0.0415039	-0.0604248	-0.0189209
0.0283813	-0.0546265	-0.0262451
0.0198364	-0.0531006	-0.0332642
0.0177002	-0.0549316	-0.0372314
0.0201416	-0.0561523	-0.0360107
0.0241089	-0.0570679	-0.032959
0.0292969	-0.0595093	-0.0302124
0.03479	-0.0622559	-0.0274658
0.0411987	-0.0643921	-0.0231934
0.0466919	-0.065918	-0.0192261
0.0488281	-0.067749	-0.0189209
0.0482178	-0.0708008	-0.022583
0.0457764	-0.072937	-0.0271606
0.0430298	-0.0714111	-0.0283813
0.0421143	-0.0674438	-0.0253296
0.0424194	-0.0616455	-0.0192261
0.0415039	-0.0540161	-0.0125122
0.0405884	-0.0482178	-0.00762939
0.0390625	-0.0463867	-0.00732422
0.0363159	-0.0463867	-0.0100708
0.0338745	-0.0463867	-0.0125122
0.0320435	-0.0476074	-0.015564
0.0305176	-0.0515747	-0.0210571
0.0302124	-0.057373	-0.0271606
0.0311279	-0.0640869	-0.032959
0.0308228	-0.071106	-0.0402832
0.0292969	-0.0790405	-0.0497437
0.0274658	-0.088501	-0.0610352
0.0274658	-0.0942993	-0.0668335
0.0271606	-0.0942993	-0.0671387
0.0265503	-0.090332	-0.0637817
0.0262451	-0.085144	-0.0588989
0.0247192	-0.0784302	-0.0537109
0.0213623	-0.0726318	-0.0512695
0.017395	-0.0689697	-0.0515747
0.0143433	-0.0674438	-0.0531006
0.0131226	-0.0683594	-0.0552368
0.0140381	-0.0686646	-0.0546265
0.0167847	-0.0704956	-0.0537109
0.0216675	-0.0762939	-0.0546265
0.027771	-0.0854492	-0.0576782
0.0323486	-0.0930786	-0.06073
0.0341797	-0.0967407	-0.062561
0.03479	-0.0952148	-0.0604248
0.0354004	-0.0842285	-0.0488281
0.0360107	-0.0613403	-0.0253296
0.0387573	-0.0296021	0.00915527
0.043335	0.0100708	0.0534058
0.0512695	0.0588989	0.110168
0.0619507	0.12146	0.183411
0.0744629	0.197144	0.271606
0.0881958	0.276184	0.36438
0.102234	0.350037	0.452271
0.11322	0.414734	0.527954
0.115967	0.46936	0.585327
0.10498	0.511169	0.61615
0.0790405	0.531616	0.610657
0.0411987	0.524292	0.565491
-0.00549316	0.490723	0.485229
-0.0570679	0.437012	0.379944
-0.109253	0.368042	0.258789
-0.157166	0.289612	0.132446
-0.198059	0.204163	0.00610352
-0.227661	0.116577	-0.111084
-0.242615	0.0360107	-0.206604
-0.241089	-0.0292969	-0.270386
-0.223694	-0.078125	-0.301819
-0.193787	-0.110168	-0.303955
-0.15625	-0.125732	-0.281982
-0.116272	-0.128174	-0.244446
-0.0790405	-0.123291	-0.202332
-0.0469971	-0.115662	-0.162659
-0.0210571	-0.110779	-0.131836
-0.00244141	-0.108948	-0.111389
0.00793457	-0.105896	-0.0979614
0.0109863	-0.100403	-0.0894165
0.00976563	-0.0958252	-0.0860596
0.00518799	-0.0939941	-0.0888062
-0.0012207	-0.093689	-0.0949097
-0.00701904	-0.0930786	-0.100098
-0.0109863	-0.0912476	-0.102234
-0.0131226	-0.0875854	-0.100708
-0.0134277	-0.0823975	-0.0958252
-0.0119019	-0.0772095	-0.0891113
-0.00976563	-0.0717163	-0.0814819
-0.00579834	-0.0689697	-0.0747681
-0.000610352	-0.0698853	-0.0704956
0.00305176	-0.072937	-0.0698853
0.00427246	-0.0759888	-0.0717163
0.00305176	-0.0778198	-0.0747681
0.00183105	-0.0793457	-0.0775146
0.000610352	-0.0799561	-0.0793457
0	-0.0787354	-0.0787354
0.00152588	-0.0769043	-0.0753784
0.00457764	-0.0759888	-0.0714111
0.00762939	-0.0747681	-0.0671387
0.0106812	-0.0738525	-0.0631714
0.0146484	-0.0732422	-0.0585938
0.0204468	-0.072937	-0.0524902
0.0286865	-0.0759888	-0.0473022
0.0369263	-0.0811768	-0.0442505
0.0424194	-0.085144	-0.0427246
0.043335	-0.0875854	-0.0442505
0.0405884	-0.0878906	-0.0473022
0.0366211	-0.0860596	-0.0494385
0.0332642	-0.0836182	-0.050354
0.0326538	-0.0827026	-0.0500488
0.0354004	-0.085144	-0.0497437
0.0393677	-0.0888062	-0.0494385
0.0405884	-0.0900269	-0.0494385
0.0369263	-0.0866699	-0.0497437
0.0289917	-0.0787354	-0.0497437
0.020752	-0.0701904	-0.0494385
0.0137329	-0.0631714	-0.0494385
0.00732422	-0.0601196	-0.0527954
0.000915527	-0.06073	-0.0598145
-0.00671387	-0.0604248	-0.0671387
-0.0161743	-0.0570679	-0.0732422
-0.0262451	-0.0512695	-0.0775146
-0.0338745	-0.045166	-0.0790405
-0.0369263	-0.0402832	-0.0772095
-0.0360107	-0.0378418	-0.0738525
-0.0320435	-0.0372314	-0.0692749
-0.0274658	-0.0369263	-0.0643921
-0.0238037	-0.0350952	-0.0588989
-0.0228882	-0.0311279	-0.0540161
-0.0241089	-0.0262451	-0.050354
-0.0271606	-0.0210571	-0.0482178
-0.0296021	-0.0167847	-0.0463867
-0.0311279	-0.0131226	-0.0442505
-0.0332642	-0.00946045	-0.0427246
-0.0363159	-0.00579834	-0.0421143
-0.038147	-0.00366211	-0.0418091
-0.0357056	-0.00579834	-0.0415039
-0.027771	-0.0131226	-0.0408936
-0.0164795	-0.0228882	-0.0393677
-0.00396729	-0.0341797	-0.038147
0.00915527	-0.0460815	-0.0369263
0.0219727	-0.0564575	-0.0344849
0.0350952	-0.0668335	-0.0317383
0.0473022	-0.0769043	-0.0296021
0.057373	-0.085144	-0.027771
0.0646973	-0.0894165	-0.0247192
0.0689697	-0.0897217	-0.020752
0.071106	-0.0866699	-0.015564
0.071106	-0.0814819	-0.010376
0.0704956	-0.0732422	-0.00274658
0.0704956	-0.0631714	0.00732422
0.071106	-0.0546265	0.0164795
0.0723267	-0.0494385	0.0228882
0.0750732	-0.0473022	0.027771
0.0778198	-0.0457764	0.0320435
0.0799561	-0.0442505	0.0357056
0.0808716	-0.0427246	0.038147
0.0805664	-0.0421143	0.0384521
0.0769043	-0.0405884	0.0363159
0.0683594	-0.0350952	0.0332642
0.0558472	-0.0286865	0.0271606
0.0421143	-0.0231934	0.0189209
0.0305176	-0.0195313	0.0109863
0.0213623	-0.0164795	0.00488281
0.0128174	-0.012207	0.000610352
0.00427246	-0.00671387	-0.00244141
-0.0012207	-0.00305176	-0.00427246
-0.00335693	-0.00183105	-0.00518799
-0.00305176	-0.0012207	-0.00427246
-0.000610352	0.000915527	0.000305176
0.00274658	0.00457764	0.00732422
0.00640869	0.00823975	0.0146484
0.0100708	0.0112915	0.0213623
0.0143433	0.0146484	0.0289917
0.0189209	0.0183105	0.0372314
0.0231934	0.0219727	0.045166
0.0262451	0.0265503	0.0527954
0.0274658	0.0314331	0.0588989
0.0283813	0.03479	0.0631714
0.0289917	0.0354004	0.0643921
0.0283813	0.0366211	0.0650024
0.0247192	0.039978	0.0646973
0.0177002	0.0445557	0.0622559
0.00762939	0.0494385	0.0570679
-0.00305176	0.0558472	0.0527954
-0.0137329	0.0637817	0.0500488
-0.0247192	0.0704956	0.0457764
-0.0354004	0.0765991	0.0411987
-0.0439453	0.0796509	0.0357056
-0.0488281	0.0787354	0.0299072
-0.050354	0.0747681	0.0244141
-0.0485229	0.0668335	0.0183105
-0.0436401	0.0570679	0.0134277
-0.0363159	0.0469971	0.0106812
-0.0274658	0.0369263	0.00946045
-0.0186157	0.0250244	0.00640869
-0.0119019	0.0140381	0.00213623
-0.00762939	0.00518799	-0.00244141
-0.00640869	-0.000305176	-0.00671387
-0.00793457	-0.000915527	-0.0088501
-0.0115967	0.00366211	-0.00793457
-0.0167847	0.0109863	-0.00579834
-0.022583	0.0177002	-0.00488281
-0.0280762	0.0234985	-0.00457764
-0.0320435	0.0289917	-0.00305176
-0.0326538	0.0335693	0.000915527
-0.0305176	0.0350952	0.00457764
-0.0268555	0.032959	0.00610352
-0.0234985	0.0292969	0.00579834
-0.0198364	0.0256348	0.00579834
-0.0164795	0.0238037	0.00732422
-0.0143433	0.0222778	0.00793457
-0.0137329	0.0198364	0.00610352
-0.015564	0.0167847	0.0012207
-0.0204468	0.0137329	-0.00671387
-0.0280762	0.012207	-0.0158691
-0.0369263	0.0112915	-0.0256348
-0.0463867	0.0106812	-0.0357056
-0.055542	0.0119019	-0.0436401
-0.062561	0.0125122	-0.0500488
-0.0668335	0.0119019	-0.0549316
-0.0689697	0.0112915	-0.0576782
-0.0695801	0.0100708	-0.0595093
-0.0692749	0.00762939	-0.0616455
-0.067749	0.00732422	-0.0604248
-0.0646973	0.010376	-0.0543213
-0.06073	0.0137329	-0.0469971
-0.0561523	0.0140381	-0.0421143
-0.0521851	0.0137329	-0.0384521
-0.0485229	0.0161743	-0.0323486
-0.0457764	0.0189209	-0.0268555
-0.0448608	0.0198364	-0.0250244
-0.0457764	0.0201416	-0.0256348
-0.0482178	0.0204468	-0.027771
-0.0515747	0.0213623	-0.0302124
-0.055542	0.0204468	-0.0350952
-0.0588989	0.0164795	-0.0424194
-0.06073	0.0140381	-0.0466919
-0.062561	0.0161743	-0.0463867
-0.0643921	0.022583	-0.0418091
-0.0650024	0.0296021	-0.0354004
-0.0637817	0.0350952	-0.0286865
-0.0613403	0.0387573	-0.022583
-0.0570679	0.0436401	-0.0134277
-0.0506592	0.0500488	-0.000610352
-0.043335	0.0567627	0.0134277
-0.0378418	0.0610352	0.0231934
-0.0366211	0.0628662	0.0262451
-0.0384521	0.0631714	0.0247192
-0.0408936	0.062561	0.0216675
-0.0436401	0.0610352	0.017395
-0.0469971	0.0570679	0.0100708
-0.0515747	0.0509644	-0.000610352
-0.0561523	0.045166	-0.0109863
-0.0601196	0.0436401	-0.0164795
-0.0628662	0.0436401	-0.0192261
-0.0640869	0.0442505	-0.0198364
-0.0631714	0.0454712	-0.0177002
-0.0595093	0.0476074	-0.0119019
-0.0549316	0.0506592	-0.00427246
-0.0497437	0.055542	0.00579834
-0.045166	0.0610352	0.0158691
-0.0411987	0.0643921	0.0231934
-0.0375366	0.0656128	0.0280762
-0.0341797	0.0643921	0.0302124
-0.0314331	0.0650024	0.0335693
-0.0299072	0.0686646	0.0387573
-0.0292969	0.0723267	0.0430298
-0.0305176	0.0765991	0.0460815
-0.0335693	0.0817871	0.0482178
-0.0366211	0.0875854	0.0509644
-0.0390625	0.0946045	0.055542
-0.0421143	0.10376	0.0616455
-0.0476074	0.113831	0.0662231
-0.0558472	0.124512	0.0686646
-0.0634766	0.132141	0.0686646
-0.065918	0.133057	0.0671387
-0.0650024	0.127258	0.0622559
-0.0631714	0.116882	0.0537109
-0.0628662	0.104675	0.0418091
-0.0622559	0.0915527	0.0292969
-0.0588989	0.0769043	0.0180054
-0.0534058	0.0613403	0.00793457
-0.0485229	0.0463867	-0.00213623
-0.0445557	0.03479	-0.00976563
-0.0415039	0.027771	-0.0137329
-0.0396729	0.0253296	-0.0143433
-0.0390625	0.0244141	-0.0146484
-0.0396729	0.0241089	-0.015564
-0.0411987	0.0241089	-0.0170898
-0.043335	0.0247192	-0.0186157
-0.045166	0.0244141	-0.020752
-0.0463867	0.0253296	-0.0210571
-0.0466919	0.0283813	-0.0183105
-0.0469971	0.0323486	-0.0146484
-0.0482178	0.0372314	-0.0109863
-0.0497437	0.0424194	-0.00732422
-0.0515747	0.0479126	-0.00366211
-0.0521851	0.0534058	0.0012207
-0.0518799	0.0604248	0.00854492
-0.0515747	0.0701904	0.0186157
-0.0518799	0.0802612	0.0283813
-0.0531006	0.0897217	0.0366211
-0.0546265	0.0964355	0.0418091
-0.0558472	0.100098	0.0442505
-0.0567627	0.0997925	0.0430298
-0.057373	0.0964355	0.0390625
-0.057373	0.0909424	0.0335693
-0.0564575	0.0848389	0.0283813
-0.0552368	0.0775146	0.0222778
-0.0549316	0.0689697	0.0140381
-0.0549316	0.0610352	0.00610352
-0.0552368	0.0537109	-0.00152588
-0.055542	0.0469971	-0.00854492
-0.0567627	0.043335	-0.0134277
-0.0595093	0.0448608	-0.0146484
-0.0616455	0.0482178	-0.0134277
-0.062561	0.0494385	-0.0131226
-0.06073	0.0488281	-0.0119019
-0.0585938	0.0497437	-0.0088501
-0.0564575	0.0549316	-0.00152588
-0.0524902	0.0613403	0.0088501
-0.0448608	0.0650024	0.0201416
-0.0360107	0.0637817	0.027771
-0.0274658	0.0610352	0.0335693
-0.0210571	0.062561	0.0415039
-0.017395	0.0686646	0.0512695
-0.0140381	0.0741577	0.0601196
-0.0109863	0.0775146	0.0665283
-0.0088501	0.0811768	0.0723267
-0.00793457	0.0857544	0.0778198
-0.00793457	0.0906372	0.0827026
-0.0100708	0.09552	0.0854492
-0.0137329	0.098877	0.085144
-0.0180054	0.0994873	0.0814819
-0.0219727	0.0979614	0.0759888
-0.0256348	0.0958252	0.0701904
-0.0299072	0.0946045	0.0646973
-0.0363159	0.093689	0.057373
-0.0460815	0.0939941	0.0479126
-0.0579834	0.0946045	0.0366211
-0.0692749	0.09552	0.0262451
-0.0769043	0.0973511	0.0204468
-0.0811768	0.101013	0.0198364
-0.0823975	0.10437	0.0219727
-0.0820923	0.105286	0.0231934
-0.0796509	0.103455	0.0238037
-0.0747681	0.101624	0.0268555
-0.0692749	0.101013	0.0317383
-0.0628662	0.0991821	0.0363159
-0.0549316	0.0933838	0.0384521
-0.0466919	0.0836182	0.0369263
-0.0418091	0.072937	0.0311279
-0.0408936	0.0637817	0.0228882
-0.0411987	0.0570679	0.0158691
-0.0418091	0.0512695	0.00946045
-0.0436401	0.0469971	0.00335693
-0.0463867	0.045166	-0.0012207
-0.0500488	0.0454712	-0.00457764
-0.0537109	0.0485229	-0.00518799
-0.0576782	0.0524902	-0.00518799
-0.062561	0.0567627	-0.00579834
-0.0665283	0.0610352	-0.00549316
-0.0692749	0.0650024	-0.00427246
-0.0744629	0.0695801	-0.00488281
-0.0820923	0.0723267	-0.00976563
-0.0894165	0.0683594	-0.0210571
-0.0958252	0.0616455	-0.0341797
-0.101624	0.0585938	-0.0430298
-0.105286	0.0582886	-0.0469971
-0.106812	0.0576782	-0.0491333
-0.106201	0.0561523	-0.0500488
-0.103455	0.0543213	-0.0491333
-0.0973511	0.0540161	-0.043335
-0.0869751	0.0543213	-0.0326538
-0.0714111	0.0543213	-0.0170898
-0.0527954	0.0537109	0.000915527
-0.03479	0.0506592	0.0158691
-0.0195313	0.0454712	0.0259399
-0.0088501	0.0384521	0.0296021
-0.00244141	0.0302124	0.027771
0.000305176	0.0210571	0.0213623
-0.000915527	0.0119019	0.0109863
-0.00671387	0.00335693	-0.00335693
-0.0177002	-0.00396729	-0.0216675
-0.0320435	-0.010376	-0.0424194
-0.0479126	-0.0158691	-0.0637817
-0.0634766	-0.0186157	-0.0820923
-0.0765991	-0.020752	-0.0973511
-0.0863647	-0.0253296	-0.111694
-0.0927734	-0.0314331	-0.124207
-0.0933838	-0.0372314	-0.130615
-0.0888062	-0.0405884	-0.129395
-0.0799561	-0.0384521	-0.118408
-0.067749	-0.0296021	-0.0973511
-0.0531006	-0.0152588	-0.0683594
-0.0350952	0.00366211	-0.0314331
-0.0137329	0.0286865	0.0149536
0.00976563	0.0650024	0.0747681
0.0350952	0.115356	0.150452
0.0613403	0.176392	0.237732
0.0854492	0.24231	0.327759
0.10498	0.307922	0.412903
0.119019	0.368347	0.487366
0.124817	0.420227	0.545044
0.117493	0.4599	0.577393
0.0933838	0.486145	0.579529
0.0537109	0.497131	0.550842
0.00488281	0.490417	0.4953
-0.0482178	0.464172	0.415955
-0.10376	0.420532	0.316772
-0.158691	0.363159	0.204468
-0.210571	0.298462	0.0878906
-0.25238	0.230713	-0.0216675
-0.278931	0.162048	-0.116882
-0.28595	0.0958252	-0.190125
-0.275574	0.0384521	-0.237122
-0.252991	-0.00640869	-0.259399
-0.221863	-0.039978	-0.261841
-0.184021	-0.0619507	-0.245972
-0.144043	-0.0750732	-0.219116
-0.106201	-0.0808716	-0.187073
-0.0723267	-0.0802612	-0.152588
-0.0460815	-0.0735474	-0.119629
-0.0305176	-0.0610352	-0.0915527
-0.0244141	-0.0442505	-0.0686646
-0.0250244	-0.0280762	-0.0531006
-0.0283813	-0.0167847	-0.045166
-0.0338745	-0.0109863	-0.0448608
-0.0411987	-0.00732422	-0.0485229
-0.0485229	-0.00549316	-0.0540161
-0.055542	-0.00549316	-0.0610352
-0.0601196	-0.00579834	-0.065918
-0.0628662	-0.00640869	-0.0692749
-0.0631714	-0.00701904	-0.0701904
-0.0619507	-0.00701904	-0.0689697
-0.0585938	-0.00732422	-0.065918
-0.0540161	-0.00793457	-0.0619507
-0.0479126	-0.00976563	-0.0576782
-0.0415039	-0.0112915	-0.0527954
-0.0350952	-0.0112915	-0.0463867
-0.0289917	-0.00854492	-0.0375366
-0.0250244	-0.00335693	-0.0283813
-0.0228882	0.00457764	-0.0183105
-0.0201416	0.0128174	-0.00732422
-0.0183105	0.0219727	0.00366211
-0.0189209	0.0314331	0.0125122
-0.0222778	0.0405884	0.0183105
-0.0274658	0.0482178	0.020752
-0.0344849	0.0549316	0.0204468
-0.0424194	0.0601196	0.0177002
-0.0497437	0.0628662	0.0131226
-0.0549316	0.062561	0.00762939
-0.0595093	0.0561523	-0.00335693
-0.0653076	0.0479126	-0.017395
-0.0701904	0.0402832	-0.0299072
-0.0714111	0.0335693	-0.0378418
-0.0656128	0.0274658	-0.038147
-0.0552368	0.0216675	-0.0335693
-0.0460815	0.0180054	-0.0280762
-0.0396729	0.0183105	-0.0213623
-0.0354004	0.0201416	-0.0152588
-0.0308228	0.0201416	-0.0106812
-0.0219727	0.0149536	-0.00701904
-0.0109863	0.0088501	-0.00213623
-0.00244141	0.00579834	0.00335693
-0.000305176	0.00518799	0.00488281
-0.00244141	0.00488281	0.00244141
-0.00610352	0.00427246	-0.00183105
-0.00793457	0.00396729	-0.00396729
-0.00946045	0.00671387	-0.00274658
-0.0134277	0.0134277	0
-0.0195313	0.0213623	0.00183105
-0.0234985	0.0271606	0.00366211
-0.0259399	0.0311279	0.00518799
-0.0299072	0.0341797	0.00427246
-0.032959	0.03479	0.00183105
-0.0320435	0.0335693	0.00152588
-0.0317383	0.0344849	0.00274658
-0.0354004	0.0424194	0.00701904
-0.0430298	0.0564575	0.0134277
-0.0515747	0.0720215	0.0204468
-0.0579834	0.0878906	0.0299072
-0.0631714	0.101624	0.0384521
-0.0665283	0.111389	0.0448608
-0.0650024	0.119019	0.0540161
-0.0582886	0.123596	0.0653076
-0.0500488	0.121765	0.0717163
-0.0402832	0.112915	0.0726318
-0.0253296	0.0979614	0.0726318
-0.00946045	0.0814819	0.0720215
0.000915527	0.0671387	0.0680542
0.00732422	0.0524902	0.0598145
0.0137329	0.0341797	0.0479126
0.0228882	0.0143433	0.0372314
0.0320435	-0.000915527	0.0311279
0.0341797	-0.00793457	0.0262451
0.0286865	-0.00610352	0.022583
0.0231934	0.000610352	0.0238037
0.0234985	0.00579834	0.0292969
0.027771	0.0106812	0.0384521
0.0323486	0.0180054	0.050354
0.0338745	0.0292969	0.0631714
0.0299072	0.0448608	0.0747681
0.0256348	0.06073	0.0863647
0.0256348	0.072937	0.0985718
0.0292969	0.0820923	0.111389
0.0326538	0.0918579	0.124512
0.0360107	0.101013	0.137024
0.0405884	0.106201	0.14679
0.045166	0.103149	0.148315
0.0488281	0.0918579	0.140686
0.0515747	0.0772095	0.128784
0.0546265	0.0656128	0.120239
0.0582886	0.0610352	0.119324
0.0619507	0.0631714	0.125122
0.062561	0.0680542	0.130615
0.0552368	0.0750732	0.13031
0.0445557	0.0823975	0.126953
0.032959	0.0924683	0.125427
0.0195313	0.102539	0.12207
0.00823975	0.107422	0.115662
0.00427246	0.105591	0.109863
0.00762939	0.101318	0.108948
0.0128174	0.100098	0.112915
0.0177002	0.101929	0.119629
0.0204468	0.103149	0.123596
0.0222778	0.102234	0.124512
0.0250244	0.100708	0.125732
0.0256348	0.100403	0.126038
0.0195313	0.106201	0.125732
0.010376	0.115356	0.125732
0.00457764	0.120544	0.125122
0	0.119934	0.119934
-0.00701904	0.116272	0.109253
-0.012207	0.110168	0.0979614
-0.00946045	0.0976563	0.0881958
-0.00366211	0.0769043	0.0732422
-0.00427246	0.0552368	0.0509644
-0.00915527	0.0375366	0.0283813
-0.0109863	0.0238037	0.0128174
-0.00976563	0.0164795	0.00671387
-0.00976563	0.0167847	0.00701904
-0.0131226	0.0210571	0.00793457
-0.0210571	0.0271606	0.00610352
-0.0308228	0.0366211	0.00579834
-0.0375366	0.0473022	0.00976563
-0.0393677	0.0524902	0.0131226
-0.0366211	0.0518799	0.0152588
-0.0299072	0.0512695	0.0213623
-0.0201416	0.0527954	0.0326538
-0.0106812	0.0558472	0.045166
-0.00274658	0.057373	0.0546265
-0.00152588	0.0613403	0.0598145
-0.00915527	0.0668335	0.0576782
-0.0244141	0.0708008	0.0463867
-0.0448608	0.0750732	0.0302124
-0.0637817	0.0823975	0.0186157
-0.0769043	0.0912476	0.0143433
-0.0805664	0.0976563	0.0170898
-0.0741577	0.0964355	0.0222778
-0.0613403	0.0842285	0.0228882
-0.0488281	0.0637817	0.0149536
-0.0384521	0.038147	-0.000305176
-0.027771	0.0115967	-0.0161743
-0.0152588	-0.0134277	-0.0286865
0	-0.0344849	-0.0344849
0.0143433	-0.0506592	-0.0363159
0.0238037	-0.0650024	-0.0411987
0.0262451	-0.0793457	-0.0531006
0.0216675	-0.0869751	-0.0653076
0.012207	-0.0830078	-0.0708008
0.00366211	-0.0674438	-0.0637817
0.00183105	-0.0463867	-0.0445557
0.00701904	-0.0247192	-0.0177002
0.0112915	-0.00427246	0.00701904
0.0131226	0.0128174	0.0259399
0.0167847	0.0213623	0.038147
0.017395	0.0213623	0.0387573
0.0161743	0.0137329	0.0299072
0.0164795	0.00274658	0.0192261
0.0164795	-0.00610352	0.010376
0.0137329	-0.0115967	0.00213623
0.00732422	-0.0186157	-0.0112915
0	-0.0292969	-0.0292969
-0.00640869	-0.038147	-0.0445557
-0.0140381	-0.0372314	-0.0512695
-0.0228882	-0.0265503	-0.0494385
-0.0314331	-0.0100708	-0.0415039
-0.0427246	0.0088501	-0.0338745
-0.0524902	0.0244141	-0.0280762
-0.0549316	0.0286865	-0.0262451
-0.0524902	0.0216675	-0.0308228
-0.0482178	0.010376	-0.0378418
-0.0396729	-0.000305176	-0.039978
-0.0250244	-0.00976563	-0.03479
-0.00427246	-0.020752	-0.0250244
0.0186157	-0.0341797	-0.015564
0.0378418	-0.0473022	-0.00946045
0.050354	-0.0546265	-0.00427246
0.0585938	-0.0524902	0.00610352
0.0653076	-0.0421143	0.0231934
0.071106	-0.0289917	0.0421143
0.0695801	-0.017395	0.0521851
0.055542	-0.00854492	0.0469971
0.0320435	-0.00427246	0.027771
0.0115967	-0.00396729	0.00762939
0.000915527	-0.00579834	-0.00488281
-0.00396729	-0.0109863	-0.0149536
-0.00854492	-0.0213623	-0.0299072
-0.012207	-0.0341797	-0.0463867
-0.0164795	-0.0479126	-0.0643921
-0.0183105	-0.06073	-0.0790405
-0.017395	-0.0692749	-0.0866699
-0.0134277	-0.0726318	-0.0860596
-0.00701904	-0.0726318	-0.0796509
-0.00335693	-0.0741577	-0.0775146
-0.00518799	-0.0799561	-0.085144
-0.00946045	-0.088501	-0.0979614
-0.0115967	-0.0942993	-0.105896
-0.0115967	-0.0939941	-0.105591
-0.0100708	-0.090332	-0.100403
-0.00823975	-0.0860596	-0.0942993
-0.00793457	-0.0836182	-0.0915527
-0.0088501	-0.0823975	-0.0912476
-0.00671387	-0.0799561	-0.0866699
0.0012207	-0.0738525	-0.0726318
0.0106812	-0.0665283	-0.0558472
0.017395	-0.0570679	-0.0396729
0.0213623	-0.0439453	-0.022583
0.0241089	-0.0292969	-0.00518799
0.0231934	-0.0204468	0.00274658
0.0210571	-0.022583	-0.00152588
0.0231934	-0.0332642	-0.0100708
0.0292969	-0.043335	-0.0140381
0.0375366	-0.0491333	-0.0115967
0.0427246	-0.0521851	-0.00946045
0.0421143	-0.0576782	-0.015564
0.0393677	-0.0674438	-0.0280762
0.0396729	-0.0784302	-0.0387573
0.0463867	-0.0860596	-0.0396729
0.0595093	-0.0897217	-0.0302124
0.0762939	-0.0912476	-0.0149536
0.0869751	-0.0909424	-0.00396729
0.0854492	-0.0881958	-0.00274658
0.0726318	-0.0830078	-0.010376
0.055542	-0.0750732	-0.0195313
0.0402832	-0.0668335	-0.0265503
0.0271606	-0.06073	-0.0335693
0.00976563	-0.0576782	-0.0479126
-0.0115967	-0.0564575	-0.0680542
-0.0311279	-0.0552368	-0.0863647
-0.0460815	-0.0527954	-0.098877
-0.0558472	-0.0494385	-0.105286
-0.0588989	-0.0457764	-0.104675
-0.0561523	-0.0427246	-0.098877
-0.0500488	-0.0393677	-0.0894165
-0.0405884	-0.0354004	-0.0759888
-0.0283813	-0.0299072	-0.0582886
-0.0161743	-0.0238037	-0.039978
-0.00701904	-0.0186157	-0.0256348
-0.000610352	-0.0128174	-0.0134277
0.00244141	-0.00549316	-0.00305176
0.00396729	0.000305176	0.00427246
0.00610352	0.00244141	0.00854492
0.00671387	0.00366211	0.010376
0.00396729	0.00518799	0.00915527
0	0.00854492	0.00854492
-0.00366211	0.0158691	0.012207
-0.010376	0.0265503	0.0161743
-0.0167847	0.0354004	0.0186157
-0.0210571	0.0421143	0.0210571
-0.0216675	0.0457764	0.0241089
-0.020752	0.0491333	0.0283813
-0.0216675	0.0534058	0.0317383
-0.0210571	0.0576782	0.0366211
-0.0177002	0.0601196	0.0424194
-0.0128174	0.0585938	0.0457764
-0.00396729	0.0534058	0.0494385
0.0109863	0.0479126	0.0588989
0.0271606	0.045166	0.0723267
0.0415039	0.0418091	0.083313
0.0521851	0.0360107	0.0881958
0.0585938	0.0296021	0.0881958
0.0628662	0.0241089	0.0869751
0.0668335	0.0186157	0.0854492
0.0714111	0.0112915	0.0827026
0.0747681	0.00335693	0.078125
0.0744629	-0.00335693	0.071106
0.067749	-0.00915527	0.0585938
0.0515747	-0.0128174	0.0387573
0.0308228	-0.017395	0.0134277
0.0115967	-0.020752	-0.00915527
-0.00549316	-0.0180054	-0.0234985
-0.0213623	-0.0109863	-0.0323486
-0.0366211	-0.00427246	-0.0408936
-0.0497437	0	-0.0497437
-0.0588989	0.00213623	-0.0567627
-0.0634766	0.00183105	-0.0616455
-0.0628662	-0.00213623	-0.0650024
-0.057373	-0.00793457	-0.0653076
-0.0482178	-0.0137329	-0.0619507
-0.0375366	-0.020752	-0.0582886
-0.027771	-0.0296021	-0.057373
-0.0219727	-0.0387573	-0.06073
-0.020752	-0.0448608	-0.0656128
-0.0216675	-0.0485229	-0.0701904
-0.0247192	-0.0479126	-0.0726318
-0.0311279	-0.0424194	-0.0735474
-0.0396729	-0.0354004	-0.0750732
-0.0460815	-0.0292969	-0.0753784
-0.0463867	-0.0268555	-0.0732422
-0.0430298	-0.0268555	-0.0698853
-0.0396729	-0.027771	-0.0674438
-0.0372314	-0.0265503	-0.0637817
-0.0332642	-0.0231934	-0.0564575
-0.0262451	-0.0189209	-0.045166
-0.0177002	-0.0140381	-0.0317383
-0.012207	-0.00823975	-0.0204468
-0.0143433	-0.0012207	-0.015564
-0.022583	0.00579834	-0.0167847
-0.0317383	0.0112915	-0.0204468
-0.0390625	0.0158691	-0.0231934
-0.0439453	0.0186157	-0.0253296
-0.0466919	0.0161743	-0.0305176
-0.0442505	0.00610352	-0.038147
-0.0323486	-0.0112915	-0.0436401
-0.0131226	-0.0308228	-0.0439453
0.00762939	-0.0454712	-0.0378418
0.0265503	-0.050354	-0.0238037
0.0430298	-0.0436401	-0.000610352
0.0576782	-0.0268555	0.0308228
0.071106	-0.00152588	0.0695801
0.0820923	0.0338745	0.115967
0.088501	0.0811768	0.169678
0.0906372	0.141907	0.232544
0.0894165	0.210876	0.300293
0.0860596	0.281677	0.367737
0.0793457	0.350037	0.429382
0.0698853	0.410156	0.480042
0.0610352	0.456543	0.517578
0.0506592	0.486145	0.536804
0.0341797	0.496216	0.530396
0.00915527	0.48584	0.494995
-0.0231934	0.457458	0.434265
-0.06073	0.414124	0.353394
-0.100708	0.359497	0.258789
-0.142212	0.297546	0.155334
-0.181274	0.231018	0.0497437
-0.213318	0.162659	-0.0506592
-0.235291	0.0976563	-0.137634
-0.245667	0.0418091	-0.203857
-0.243225	-0.00335693	-0.246582
-0.227051	-0.0366211	-0.263672
-0.200195	-0.0576782	-0.257874
-0.169067	-0.0674438	-0.236511
-0.137329	-0.0720215	-0.209351
-0.103455	-0.0750732	-0.178528
-0.0704956	-0.0756836	-0.146179
-0.0411987	-0.072937	-0.114136
-0.015564	-0.0686646	-0.0842285
0.00640869	-0.0628662	-0.0564575
0.0216675	-0.0592041	-0.0375366
0.0302124	-0.0592041	-0.0289917
0.03479	-0.0601196	-0.0253296
0.0372314	-0.0579834	-0.020752
0.0372314	-0.0540161	-0.0167847
0.03479	-0.0518799	-0.0170898
0.0314331	-0.0524902	-0.0210571
0.0274658	-0.0534058	-0.0259399
0.022583	-0.0518799	-0.0292969
0.0180054	-0.0457764	-0.027771
0.0128174	-0.0378418	-0.0250244
0.00732422	-0.0289917	-0.0216675
0.00274658	-0.022583	-0.0198364
0	-0.0186157	-0.0186157
-0.000305176	-0.0158691	-0.0161743
-0.000610352	-0.0125122	-0.0131226
-0.00213623	-0.00823975	-0.010376
-0.00427246	-0.00335693	-0.00762939
-0.00732422	-0.000610352	-0.00793457
-0.0100708	-0.00213623	-0.012207
-0.0115967	-0.00457764	-0.0161743
-0.0125122	-0.00610352	-0.0186157
-0.0140381	-0.00671387	-0.020752
-0.0158691	-0.00610352	-0.0219727
-0.0167847	-0.00518799	-0.0219727
-0.0152588	-0.00335693	-0.0186157
-0.012207	-0.00183105	-0.0140381
-0.0088501	-0.00183105	-0.0106812
-0.00671387	-0.00183105	-0.00854492
-0.00671387	-0.000305176	-0.00701904
-0.00671387	0.00274658	-0.00396729
-0.00579834	0.00579834	0
-0.00488281	0.00793457	0.00305176
-0.00488281	0.0088501	0.00396729
-0.00518799	0.00793457	0.00274658
-0.00396729	0.00427246	0.000305176
-0.000610352	-0.00183105	-0.00244141
0.00274658	-0.00640869	-0.00366211
0.00610352	-0.00640869	-0.000305176
0.0109863	-0.00366211	0.00732422
0.017395	-0.0012207	0.0161743
0.0231934	-0.000610352	0.022583
0.0262451	0.0012207	0.0274658
0.0250244	0.00701904	0.0320435
0.0210571	0.015564	0.0366211
0.015564	0.0234985	0.0390625
0.0088501	0.0289917	0.0378418
-0.000305176	0.0335693	0.0332642
-0.0119019	0.0366211	0.0247192
-0.0241089	0.038147	0.0140381
-0.0350952	0.0375366	0.00244141
-0.043335	0.032959	-0.010376
-0.0485229	0.027771	-0.020752
-0.0512695	0.0244141	-0.0268555
-0.050354	0.0228882	-0.0274658
-0.0466919	0.0213623	-0.0253296
-0.0411987	0.020752	-0.0204468
-0.0350952	0.0204468	-0.0146484
-0.0296021	0.0186157	-0.0109863
-0.0231934	0.015564	-0.00762939
-0.0149536	0.0128174	-0.00213623
-0.00457764	0.0088501	0.00427246
0.00640869	0.00335693	0.00976563
0.0167847	-0.00152588	0.0152588
0.0268555	-0.00457764	0.0222778
0.0363159	-0.00579834	0.0305176
0.0448608	-0.00701904	0.0378418
0.0527954	-0.0088501	0.0439453
0.0579834	-0.0106812	0.0473022
0.06073	-0.00793457	0.0527954
0.0613403	0	0.0613403
0.057373	0.0100708	0.0674438
0.0482178	0.0204468	0.0686646
0.0360107	0.0296021	0.0656128
0.0228882	0.0384521	0.0613403
0.0106812	0.0466919	0.057373
0.0012207	0.0540161	0.0552368
-0.00610352	0.0622559	0.0561523
-0.0109863	0.0695801	0.0585938
-0.0131226	0.0750732	0.0619507
-0.0109863	0.0802612	0.0692749
-0.00579834	0.085144	0.0793457
0.000915527	0.0894165	0.090332
0.00854492	0.0933838	0.101929
0.0167847	0.0976563	0.114441
0.0256348	0.101929	0.127563
0.0350952	0.104065	0.13916
0.0448608	0.102539	0.1474
0.0531006	0.0982666	0.151367
0.0582886	0.0952148	0.153503
0.0610352	0.0930786	0.154114
0.0613403	0.0909424	0.152283
0.0601196	0.0888062	0.148926
0.0561523	0.0875854	0.143738
0.0488281	0.0891113	0.137939
0.0390625	0.0924683	0.131531
0.0292969	0.0964355	0.125732
0.0222778	0.101318	0.123596
0.0149536	0.108032	0.122986
0.00610352	0.115662	0.121765
-0.00152588	0.121155	0.119629
-0.00488281	0.122986	0.118103
-0.00396729	0.122681	0.118713
-0.0012207	0.121155	0.119934
0.000610352	0.119934	0.120544
0.0012207	0.119629	0.12085
0.00213623	0.117798	0.119934
0.00213623	0.116577	0.118713
0.000610352	0.118713	0.119324
-0.00244141	0.122681	0.120239
-0.00610352	0.126343	0.120239
-0.0100708	0.1297	0.119629
-0.0140381	0.133972	0.119934
-0.0192261	0.136719	0.117493
-0.0256348	0.137329	0.111694
-0.032959	0.138245	0.105286
-0.0411987	0.140381	0.0991821
-0.0497437	0.143433	0.093689
-0.0579834	0.145874	0.0878906
-0.0656128	0.146484	0.0808716
-0.0735474	0.145569	0.0720215
-0.0827026	0.143127	0.0604248
-0.0933838	0.140991	0.0476074
-0.102234	0.13916	0.0369263
-0.107117	0.137024	0.0299072
-0.107422	0.134888	0.0274658
-0.10437	0.131836	0.0274658
-0.0991821	0.126953	0.027771
-0.0924683	0.119019	0.0265503
-0.0836182	0.108643	0.0250244
-0.0741577	0.0991821	0.0250244
-0.0650024	0.0930786	0.0280762
-0.0561523	0.0897217	0.0335693
-0.0491333	0.0881958	0.0390625
-0.0430298	0.0845337	0.0415039
-0.03479	0.0784302	0.0436401
-0.0262451	0.0735474	0.0473022
-0.0195313	0.0704956	0.0509644
-0.0149536	0.0674438	0.0524902
-0.0134277	0.0668335	0.0534058
-0.0125122	0.0714111	0.0588989
-0.0106812	0.0793457	0.0686646
-0.00732422	0.0848389	0.0775146
-0.00396729	0.0875854	0.0836182
-0.00274658	0.0894165	0.0866699
-0.00427246	0.0924683	0.0881958
-0.00854492	0.0979614	0.0894165
-0.0131226	0.105286	0.0921631
-0.0177002	0.111694	0.0939941
-0.0231934	0.114746	0.0915527
-0.0311279	0.115662	0.0845337
-0.0405884	0.116577	0.0759888
-0.0506592	0.117493	0.0668335
-0.0604248	0.116882	0.0564575
-0.0686646	0.114441	0.0457764
-0.0759888	0.111389	0.0354004
-0.0817871	0.108032	0.0262451
-0.0860596	0.10437	0.0183105
-0.0869751	0.0997925	0.0128174
-0.0848389	0.0949097	0.0100708
-0.0808716	0.0900269	0.00915527
-0.0756836	0.0857544	0.0100708
-0.0698853	0.0820923	0.012207
-0.0631714	0.0787354	0.015564
-0.0564575	0.0759888	0.0195313
-0.0509644	0.0744629	0.0234985
-0.0466919	0.0759888	0.0292969
-0.0430298	0.0820923	0.0390625
-0.039978	0.0894165	0.0494385
-0.0366211	0.0949097	0.0582886
-0.0332642	0.0985718	0.0653076
-0.0299072	0.101929	0.0720215
-0.0259399	0.105591	0.0796509
-0.022583	0.109253	0.0866699
-0.020752	0.111084	0.090332
-0.0210571	0.109863	0.0888062
-0.0241089	0.108337	0.0842285
-0.0289917	0.108032	0.0790405
-0.0341797	0.108032	0.0738525
-0.0396729	0.105286	0.0656128
-0.0454712	0.101624	0.0561523
-0.0497437	0.0994873	0.0497437
-0.0512695	0.101318	0.0500488
-0.0500488	0.105286	0.0552368
-0.0460815	0.108643	0.062561
-0.0405884	0.111389	0.0708008
-0.0335693	0.113525	0.0799561
-0.0259399	0.112915	0.0869751
-0.0192261	0.111389	0.0921631
-0.0146484	0.108337	0.093689
-0.0143433	0.10498	0.0906372
-0.0170898	0.103149	0.0860596
-0.0216675	0.102539	0.0808716
-0.0274658	0.101624	0.0741577
-0.0335693	0.098877	0.0653076
-0.038147	0.0949097	0.0567627
-0.039978	0.0912476	0.0512695
-0.0384521	0.0891113	0.0506592
-0.03479	0.0875854	0.0527954
-0.0311279	0.0857544	0.0546265
-0.0289917	0.085144	0.0561523
-0.0283813	0.0869751	0.0585938
-0.0292969	0.0900269	0.06073
-0.0326538	0.093689	0.0610352
-0.0378418	0.0985718	0.06073
-0.045166	0.104675	0.0595093
-0.0540161	0.110168	0.0561523
-0.0634766	0.115051	0.0515747
-0.0714111	0.118408	0.0469971
-0.0762939	0.117798	0.0415039
-0.0775146	0.112305	0.03479
-0.0750732	0.103149	0.0280762
-0.0689697	0.0924683	0.0234985
-0.0598145	0.0823975	0.022583
-0.0491333	0.0723267	0.0231934
-0.0387573	0.0616455	0.0228882
-0.0292969	0.0515747	0.0222778
-0.0201416	0.0445557	0.0244141
-0.0109863	0.0421143	0.0311279
-0.00335693	0.0445557	0.0411987
0.00244141	0.0515747	0.0540161
0.00579834	0.0616455	0.0674438
0.00640869	0.0701904	0.0765991
0.00518799	0.0756836	0.0808716
0.00305176	0.0793457	0.0823975
0.000305176	0.0817871	0.0820923
-0.00152588	0.083313	0.0817871
-0.00213623	0.0848389	0.0827026
-0.00335693	0.0866699	0.083313
-0.00610352	0.0891113	0.0830078
-0.00976563	0.0915527	0.0817871
-0.012207	0.0952148	0.0830078
-0.0119019	0.100098	0.0881958
-0.00976563	0.105286	0.09552
-0.00701904	0.108032	0.101013
-0.00488281	0.109558	0.104675
-0.00396729	0.112	0.108032
-0.00640869	0.115356	0.108948
-0.0131226	0.118103	0.10498
-0.0231934	0.117493	0.0942993
-0.03479	0.113831	0.0790405
-0.0463867	0.110168	0.0637817
-0.0567627	0.107727	0.0509644
-0.0656128	0.10498	0.0393677
-0.0720215	0.100403	0.0283813
-0.0762939	0.0952148	0.0189209
-0.0787354	0.0897217	0.0109863
-0.0790405	0.0863647	0.00732422
-0.0769043	0.0869751	0.0100708
-0.0720215	0.0897217	0.0177002
-0.0656128	0.0921631	0.0265503
-0.0601196	0.0942993	0.0341797
-0.055542	0.0967407	0.0411987
-0.0534058	0.0994873	0.0460815
-0.0543213	0.104065	0.0497437
-0.0564575	0.106201	0.0497437
-0.0579834	0.102539	0.0445557
-0.0576782	0.0961304	0.0384521
-0.0552368	0.0888062	0.0335693
-0.0506592	0.0811768	0.0305176
-0.045166	0.0720215	0.0268555
-0.0405884	0.0619507	0.0213623
-0.0369263	0.0534058	0.0164795
-0.0341797	0.0509644	0.0167847
-0.0332642	0.0540161	0.020752
-0.0338745	0.0598145	0.0259399
-0.0357056	0.067749	0.0320435
-0.0378418	0.078125	0.0402832
-0.0396729	0.0891113	0.0494385
-0.0418091	0.0979614	0.0561523
-0.0430298	0.10376	0.06073
-0.0418091	0.108643	0.0668335
-0.0378418	0.11322	0.0753784
-0.0314331	0.116882	0.0854492
-0.0234985	0.118103	0.0946045
-0.0146484	0.117798	0.103149
-0.00671387	0.118408	0.111694
0.000305176	0.120544	0.12085
0.00610352	0.122986	0.129089
0.0106812	0.124207	0.134888
0.0146484	0.123596	0.138245
0.0170898	0.124207	0.141296
0.0158691	0.124817	0.140686
0.0115967	0.124512	0.136108
0.00396729	0.123596	0.127563
-0.00640869	0.123901	0.117493
-0.0170898	0.123291	0.106201
-0.0253296	0.119019	0.093689
-0.0314331	0.113831	0.0823975
-0.0390625	0.109863	0.0708008
-0.0476074	0.107422	0.0598145
-0.0543213	0.105896	0.0515747
-0.057373	0.10376	0.0463867
-0.0570679	0.098877	0.0418091
-0.0543213	0.0918579	0.0375366
-0.050354	0.083313	0.032959
-0.045166	0.0717163	0.0265503
-0.0396729	0.0628662	0.0231934
-0.0344849	0.0598145	0.0253296
-0.0302124	0.06073	0.0305176
-0.0262451	0.0613403	0.0350952
-0.0222778	0.0601196	0.0378418
-0.0186157	0.0601196	0.0415039
-0.017395	0.0640869	0.0466919
-0.0201416	0.0714111	0.0512695
-0.0250244	0.0796509	0.0546265
-0.0302124	0.0848389	0.0546265
-0.0360107	0.0857544	0.0497437
-0.0418091	0.0820923	0.0402832
-0.0479126	0.0747681	0.0268555
-0.0534058	0.0668335	0.0134277
-0.0570679	0.0595093	0.00244141
-0.0582886	0.0497437	-0.00854492
-0.0567627	0.038147	-0.0186157
-0.0549316	0.0274658	-0.0274658
-0.0543213	0.0213623	-0.032959
-0.0543213	0.0201416	-0.0341797
-0.0531006	0.0213623	-0.0317383
-0.0500488	0.0234985	-0.0265503
-0.0476074	0.0262451	-0.0213623
-0.0473022	0.0286865	-0.0186157
-0.0482178	0.0302124	-0.0180054
-0.0494385	0.0299072	-0.0195313
-0.0506592	0.027771	-0.0228882
-0.0527954	0.0250244	-0.027771
-0.0561523	0.0234985	-0.0326538
-0.0601196	0.0222778	-0.0378418
-0.0643921	0.0198364	-0.0445557
-0.0686646	0.0164795	-0.0521851
-0.0732422	0.0131226	-0.0601196
-0.0778198	0.0112915	-0.0665283
-0.0820923	0.010376	-0.0717163
-0.0857544	0.00976563	-0.0759888
-0.0891113	0.00854492	-0.0805664
-0.0909424	0.00610352	-0.0848389
-0.0918579	0.00152588	-0.090332
-0.0912476	-0.00671387	-0.0979614
-0.0891113	-0.015564	-0.104675
-0.0857544	-0.0201416	-0.105896
-0.0802612	-0.0198364	-0.100098
-0.0701904	-0.015564	-0.0857544
-0.055542	-0.00793457	-0.0634766
-0.0378418	0.00579834	-0.0320435
-0.0183105	0.0271606	0.0088501
0.00518799	0.0552368	0.0604248
0.03479	0.0909424	0.125732
0.0701904	0.136719	0.206909
0.108032	0.189209	0.297241
0.144043	0.24353	0.387573
0.17334	0.297546	0.470886
0.193481	0.350647	0.544128
0.202942	0.400696	0.603638
0.198975	0.444336	0.643311
0.177612	0.480652	0.658264
0.137939	0.506897	0.644836
0.0817871	0.518188	0.599976
0.0134277	0.511475	0.524902
-0.0604248	0.485535	0.42511
-0.131836	0.4422	0.310364
-0.195618	0.385132	0.189514
-0.247803	0.32074	0.072937
-0.285645	0.252686	-0.032959
-0.306702	0.182495	-0.124207
-0.310364	0.110168	-0.200195
-0.298767	0.0439453	-0.254822
-0.275879	-0.00640869	-0.282288
-0.246582	-0.0418091	-0.288391
-0.21698	-0.0662231	-0.283203
-0.190735	-0.0787354	-0.26947
-0.167847	-0.0796509	-0.247498
-0.149231	-0.0714111	-0.220642
-0.135498	-0.0567627	-0.192261
-0.125122	-0.038147	-0.163269
-0.115051	-0.0189209	-0.133972
-0.102234	-0.00488281	-0.107117
-0.0869751	0.00274658	-0.0842285
-0.0726318	0.00610352	-0.0665283
-0.0604248	0.00854492	-0.0518799
-0.0500488	0.0119019	-0.038147
-0.0430298	0.0158691	-0.0271606
-0.0396729	0.0198364	-0.0198364
-0.0396729	0.0238037	-0.0158691
-0.0442505	0.0280762	-0.0161743
-0.0534058	0.0341797	-0.0192261
-0.0643921	0.0421143	-0.0222778
-0.0753784	0.0515747	-0.0238037
-0.0860596	0.0622559	-0.0238037
-0.0942993	0.071106	-0.0231934
-0.0970459	0.072937	-0.0241089
-0.09552	0.0668335	-0.0286865
-0.0881958	0.0570679	-0.0311279
-0.0753784	0.0473022	-0.0280762
-0.0610352	0.0384521	-0.022583
-0.0482178	0.0299072	-0.0183105
-0.038147	0.0189209	-0.0192261
-0.0314331	0.00823975	-0.0231934
-0.0283813	0.00152588	-0.0268555
-0.0280762	-0.00274658	-0.0308228
-0.0302124	-0.00488281	-0.0350952
-0.0372314	-0.00427246	-0.0415039
-0.0482178	-0.00274658	-0.0509644
-0.0610352	-0.0012207	-0.0622559
-0.0744629	-0.0012207	-0.0756836
-0.0848389	-0.00579834	-0.0906372
-0.0915527	-0.0143433	-0.105896
-0.0958252	-0.0231934	-0.119019
-0.0961304	-0.0317383	-0.127869
-0.0918579	-0.0390625	-0.13092
-0.0848389	-0.0424194	-0.127258
-0.0778198	-0.0408936	-0.118713
-0.0723267	-0.032959	-0.105286
-0.0689697	-0.0222778	-0.0912476
-0.0656128	-0.0140381	-0.0796509
-0.062561	-0.00762939	-0.0701904
-0.0601196	-0.000610352	-0.06073
-0.0567627	0.00549316	-0.0512695
-0.0527954	0.00823975	-0.0445557
-0.0482178	0.00640869	-0.0418091
-0.0427246	-0.000305176	-0.0430298
-0.0360107	-0.0109863	-0.0469971
-0.0271606	-0.0256348	-0.0527954
-0.0198364	-0.039978	-0.0598145
-0.015564	-0.0515747	-0.0671387
-0.015564	-0.0582886	-0.0738525
-0.0201416	-0.0610352	-0.0811768
-0.0274658	-0.0604248	-0.0878906
-0.0354004	-0.0588989	-0.0942993
-0.043335	-0.0561523	-0.0994873
-0.050354	-0.0543213	-0.104675
-0.0561523	-0.0534058	-0.109558
-0.0601196	-0.055542	-0.115662
-0.0604248	-0.0598145	-0.120239
-0.0567627	-0.065918	-0.122681
-0.0491333	-0.0738525	-0.122986
-0.0387573	-0.0823975	-0.121155
-0.027771	-0.0900269	-0.117798
-0.0186157	-0.0949097	-0.113525
-0.0119019	-0.0967407	-0.108643
-0.00610352	-0.0949097	-0.101013
-0.00213623	-0.0906372	-0.0927734
-0.000915527	-0.0863647	-0.0872803
-0.00213623	-0.0854492	-0.0875854
-0.00335693	-0.0875854	-0.0909424
-0.00366211	-0.090332	-0.0939941
-0.00274658	-0.0915527	-0.0942993
-0.00274658	-0.0921631	-0.0949097
-0.00274658	-0.0927734	-0.09552
-0.0012207	-0.0933838	-0.0946045
0.00305176	-0.093689	-0.0906372
0.00762939	-0.0933838	-0.0857544
0.0106812	-0.0915527	-0.0808716
0.0128174	-0.0866699	-0.0738525
0.0134277	-0.078125	-0.0646973
0.0125122	-0.0653076	-0.0527954
0.00915527	-0.0509644	-0.0418091
0.00427246	-0.0369263	-0.0326538
0.000915527	-0.0253296	-0.0244141
0.000610352	-0.0195313	-0.0189209
-0.000610352	-0.0167847	-0.017395
-0.00335693	-0.0134277	-0.0167847
-0.00488281	-0.00946045	-0.0143433
-0.00396729	-0.00762939	-0.0115967
-0.00274658	-0.00823975	-0.0109863
-0.00305176	-0.0106812	-0.0137329
-0.00244141	-0.0152588	-0.0177002
0.000915527	-0.0228882	-0.0219727
0.00640869	-0.0320435	-0.0256348
0.0109863	-0.0393677	-0.0283813
0.0143433	-0.045166	-0.0308228
0.0170898	-0.0494385	-0.0323486
0.0186157	-0.0512695	-0.0326538
0.020752	-0.0512695	-0.0305176
0.0231934	-0.0506592	-0.0274658
0.0271606	-0.0488281	-0.0216675
0.0311279	-0.0430298	-0.0119019
0.0320435	-0.0338745	-0.00183105
0.0283813	-0.0247192	0.00366211
0.0204468	-0.0164795	0.00396729
0.0119019	-0.0109863	0.000915527
0.00244141	-0.00549316	-0.00305176
-0.00640869	0.00152588	-0.00488281
-0.0149536	0.0131226	-0.00183105
-0.0247192	0.027771	0.00305176
-0.0338745	0.0415039	0.00762939
-0.0393677	0.0527954	0.0134277
-0.0384521	0.0595093	0.0210571
-0.0338745	0.0640869	0.0302124
-0.0286865	0.0692749	0.0405884
-0.0238037	0.0756836	0.0518799
-0.0204468	0.0811768	0.06073
-0.0192261	0.0814819	0.0622559
-0.0222778	0.0750732	0.0527954
-0.0292969	0.0622559	0.032959
-0.0393677	0.0476074	0.00823975
-0.0524902	0.0338745	-0.0186157
-0.0671387	0.0216675	-0.0454712
-0.0823975	0.012207	-0.0701904
-0.0979614	0.00854492	-0.0894165
-0.111694	0.010376	-0.101318
-0.12146	0.0140381	-0.107422
-0.126648	0.0177002	-0.108948
-0.128479	0.0219727	-0.106506
-0.127563	0.0305176	-0.0970459
-0.123596	0.0421143	-0.0814819
-0.115967	0.0543213	-0.0616455
-0.105591	0.0637817	-0.0418091
-0.0952148	0.0698853	-0.0253296
-0.085144	0.0732422	-0.0119019
-0.0738525	0.0741577	0.000305176
-0.0653076	0.0756836	0.010376
-0.0616455	0.0811768	0.0195313
-0.0628662	0.0891113	0.0262451
-0.0653076	0.09552	0.0302124
-0.0689697	0.098877	0.0299072
-0.0753784	0.101013	0.0256348
-0.0860596	0.105591	0.0195313
-0.0991821	0.111694	0.0125122
-0.112	0.115967	0.00396729
-0.122375	0.119629	-0.00274658
-0.13031	0.123901	-0.00640869
-0.137329	0.128174	-0.00915527
-0.141602	0.132141	-0.00946045
-0.137939	0.131531	-0.00640869
-0.126953	0.127869	0.000915527
-0.112915	0.125122	0.012207
-0.101624	0.126038	0.0244141
-0.0952148	0.128479	0.0332642
-0.0912476	0.128174	0.0369263
-0.0875854	0.122681	0.0350952
-0.083313	0.112305	0.0289917
-0.0817871	0.0994873	0.0177002
-0.0817871	0.0854492	0.00366211
-0.0808716	0.0708008	-0.0100708
-0.0799561	0.0582886	-0.0216675
-0.0778198	0.0488281	-0.0289917
-0.0750732	0.0436401	-0.0314331
-0.0698853	0.0408936	-0.0289917
-0.0637817	0.0430298	-0.020752
-0.0592041	0.0500488	-0.00915527
-0.0570679	0.0595093	0.00244141
-0.057373	0.0714111	0.0140381
-0.057373	0.0857544	0.0283813
-0.0576782	0.100708	0.0430298
-0.0585938	0.110779	0.0521851
-0.0601196	0.114136	0.0540161
-0.0579834	0.110168	0.0521851
-0.0524902	0.101929	0.0494385
-0.0448608	0.0900269	0.045166
-0.0372314	0.0769043	0.0396729
-0.0308228	0.0650024	0.0341797
-0.0231934	0.0537109	0.0305176
-0.0183105	0.045166	0.0268555
-0.0210571	0.0427246	0.0216675
-0.0296021	0.0442505	0.0146484
-0.0402832	0.0460815	0.00579834
-0.0534058	0.0488281	-0.00457764
-0.0665283	0.0527954	-0.0137329
-0.0738525	0.055542	-0.0183105
-0.0744629	0.0537109	-0.020752
-0.0708008	0.0485229	-0.0222778
-0.062561	0.0393677	-0.0231934
-0.0488281	0.0268555	-0.0219727
-0.032959	0.0100708	-0.0228882
-0.017395	-0.00854492	-0.0259399
-0.00518799	-0.0244141	-0.0296021
0.00335693	-0.0332642	-0.0299072
0.00701904	-0.0320435	-0.0250244
0.00305176	-0.0247192	-0.0216675
-0.0106812	-0.0180054	-0.0286865
-0.0308228	-0.0112915	-0.0421143
-0.0512695	-0.00335693	-0.0546265
-0.0698853	0.00610352	-0.0637817
-0.0875854	0.0158691	-0.0717163
-0.105591	0.0244141	-0.0811768
-0.120239	0.0286865	-0.0915527
-0.124817	0.0271606	-0.0976563
-0.115662	0.0164795	-0.0991821
-0.0991821	0.000305176	-0.098877
-0.0817871	-0.0161743	-0.0979614
-0.0628662	-0.0274658	-0.090332
-0.0396729	-0.0320435	-0.0717163
-0.0146484	-0.0280762	-0.0427246
0.012207	-0.0180054	-0.00579834
0.0360107	-0.00671387	0.0292969
0.050354	0.00183105	0.0521851
0.0540161	0.00518799	0.0592041
0.0479126	0.00457764	0.0524902
0.0363159	0.00457764	0.0408936
0.0234985	0.0012207	0.0247192
0.00915527	-0.00762939	0.00152588
-0.00518799	-0.0213623	-0.0265503
-0.0164795	-0.0390625	-0.055542
-0.0222778	-0.0570679	-0.0793457
-0.0262451	-0.0701904	-0.0964355
-0.0314331	-0.0744629	-0.105896
-0.0350952	-0.0683594	-0.103455
-0.0369263	-0.0534058	-0.090332
-0.0390625	-0.0338745	-0.072937
-0.0363159	-0.0167847	-0.0531006
-0.0289917	-0.00396729	-0.032959
-0.0228882	0.00701904	-0.0158691
-0.0228882	0.0164795	-0.00640869
-0.0268555	0.0216675	-0.00518799
-0.0286865	0.0234985	-0.00518799
-0.0296021	0.0274658	-0.00213623
-0.0292969	0.0311279	0.00183105
-0.0268555	0.0302124	0.00335693
-0.0204468	0.0241089	0.00366211
-0.00915527	0.0180054	0.0088501
-0.000305176	0.017395	0.0170898
0.00213623	0.0192261	0.0213623
0.000305176	0.020752	0.0210571
-0.00488281	0.0228882	0.0180054
-0.0119019	0.0247192	0.0128174
-0.0167847	0.0216675	0.00488281
-0.0140381	0.0119019	-0.00213623
-0.00762939	0.00152588	-0.00610352
-0.00823975	-0.00244141	-0.0106812
-0.0164795	-0.00274658	-0.0192261
-0.0256348	-0.00610352	-0.0317383
-0.0335693	-0.0128174	-0.0463867
-0.0384521	-0.020752	-0.0592041
-0.0396729	-0.0296021	-0.0692749
-0.0408936	-0.0378418	-0.0787354
-0.043335	-0.0436401	-0.0869751
-0.0466919	-0.0479126	-0.0946045
-0.0488281	-0.0500488	-0.098877
-0.0497437	-0.0476074	-0.0973511
-0.050354	-0.0378418	-0.0881958
-0.0537109	-0.0210571	-0.0747681
-0.0564575	-0.00183105	-0.0582886
-0.055542	0.0167847	-0.0387573
-0.0515747	0.0350952	-0.0164795
-0.0439453	0.0521851	0.00823975
-0.0366211	0.0726318	0.0360107
-0.0344849	0.0967407	0.0622559
-0.0338745	0.114746	0.0808716
-0.0308228	0.123596	0.0927734
-0.0241089	0.125122	0.101013
-0.0177002	0.122681	0.10498
-0.0186157	0.118408	0.0997925
-0.0256348	0.115662	0.0900269
-0.0314331	0.109253	0.0778198
-0.0338745	0.0958252	0.0619507
-0.0350952	0.0802612	0.045166
-0.0360107	0.0650024	0.0289917
-0.0390625	0.0524902	0.0134277
-0.0418091	0.0430298	0.0012207
-0.0393677	0.0363159	-0.00305176
-0.0283813	0.0317383	0.00335693
-0.0125122	0.0323486	0.0198364
0.00305176	0.0396729	0.0427246
0.015564	0.0518799	0.0674438
0.0231934	0.0631714	0.0863647
0.0289917	0.0704956	0.0994873
0.0317383	0.0759888	0.107727
0.0292969	0.0827026	0.112
0.020752	0.0909424	0.111694
0.00854492	0.0964355	0.10498
-0.00244141	0.0985718	0.0961304
-0.00946045	0.0982666	0.0888062
-0.0112915	0.0961304	0.0848389
-0.00762939	0.0915527	0.0839233
-0.00183105	0.0848389	0.0830078
0.000915527	0.0787354	0.0796509
0.000610352	0.0747681	0.0753784
-0.00183105	0.0756836	0.0738525
-0.00610352	0.0796509	0.0735474
-0.0115967	0.0796509	0.0680542
-0.0180054	0.071106	0.0531006
-0.0292969	0.0592041	0.0299072
-0.0466919	0.050354	0.00366211
-0.0653076	0.0479126	-0.017395
-0.0805664	0.0485229	-0.0320435
-0.0909424	0.0476074	-0.043335
-0.0973511	0.0436401	-0.0537109
-0.098877	0.0360107	-0.0628662
-0.0958252	0.0283813	-0.0674438
-0.0909424	0.0259399	-0.0650024
-0.0827026	0.0222778	-0.0604248
-0.072937	0.0146484	-0.0582886
-0.0643921	0.00518799	-0.0592041
-0.055542	-0.00610352	-0.0616455
-0.0457764	-0.0189209	-0.0646973
-0.0350952	-0.0326538	-0.067749
-0.0222778	-0.0463867	-0.0686646
-0.00732422	-0.0576782	-0.0650024
0.00823975	-0.0653076	-0.0570679
0.0247192	-0.0720215	-0.0473022
0.0418091	-0.0799561	-0.038147
0.0564575	-0.0854492	-0.0289917
0.0668335	-0.0866699	-0.0198364
0.0717163	-0.0857544	-0.0140381
0.0714111	-0.083313	-0.0119019
0.067749	-0.0808716	-0.0131226
0.0576782	-0.0762939	-0.0186157
0.0411987	-0.0723267	-0.0311279
0.0228882	-0.0701904	-0.0473022
0.00640869	-0.0674438	-0.0610352
-0.00762939	-0.0610352	-0.0686646
-0.0177002	-0.0515747	-0.0692749
-0.0241089	-0.0405884	-0.0646973
-0.0268555	-0.0289917	-0.0558472
-0.0228882	-0.017395	-0.0402832
-0.012207	-0.00244141	-0.0146484
0.00457764	0.020752	0.0253296
0.0256348	0.0552368	0.0808716
0.0479126	0.100708	0.148621
0.0692749	0.15686	0.226135
0.0875854	0.219421	0.307007
0.0991821	0.283203	0.382385
0.105896	0.344543	0.450439
0.108643	0.401306	0.509949
0.104675	0.447388	0.552063
0.0894165	0.475159	0.564575
0.0619507	0.479431	0.541382
0.0253296	0.458679	0.484009
-0.0170898	0.41748	0.400391
-0.0619507	0.360718	0.298767
-0.105896	0.292053	0.186157
-0.145264	0.213623	0.0683594
-0.176392	0.133667	-0.0427246
-0.195923	0.057373	-0.13855
-0.201416	-0.0112915	-0.212708
-0.194702	-0.0674438	-0.262146
-0.177307	-0.108337	-0.285645
-0.150146	-0.135193	-0.285339
-0.115356	-0.151062	-0.266418
-0.0772095	-0.160828	-0.238037
-0.0408936	-0.166626	-0.20752
-0.00976563	-0.167542	-0.177307
0.0137329	-0.162964	-0.149231
0.0286865	-0.154419	-0.125732
0.0335693	-0.143738	-0.110168
0.0311279	-0.131531	-0.100403
0.0274658	-0.119019	-0.0915527
0.0228882	-0.106201	-0.083313
0.0152588	-0.0942993	-0.0790405
0.00671387	-0.0842285	-0.0775146
-0.000305176	-0.0778198	-0.078125
-0.00488281	-0.0738525	-0.0787354
-0.00762939	-0.0692749	-0.0769043
-0.00854492	-0.0646973	-0.0732422
-0.00793457	-0.0628662	-0.0708008
-0.00488281	-0.0653076	-0.0701904
-0.000915527	-0.0701904	-0.071106
0.00335693	-0.0756836	-0.0723267
0.00732422	-0.0799561	-0.0726318
0.0109863	-0.0796509	-0.0686646
0.0152588	-0.0756836	-0.0604248
0.0195313	-0.0726318	-0.0531006
0.0253296	-0.0708008	-0.0454712
0.032959	-0.0662231	-0.0332642
0.0427246	-0.0601196	-0.017395
0.0534058	-0.0552368	-0.00183105
0.0637817	-0.0515747	0.012207
0.072937	-0.0469971	0.0259399
0.0787354	-0.0405884	0.038147
0.0799561	-0.0338745	0.0460815
0.0765991	-0.0271606	0.0494385
0.0686646	-0.0195313	0.0491333
0.0561523	-0.012207	0.0439453
0.0411987	-0.00793457	0.0332642
0.0253296	-0.00579834	0.0195313
0.010376	-0.00335693	0.00701904
-0.00183105	-0.00213623	-0.00396729
-0.00976563	-0.00366211	-0.0134277
-0.0128174	-0.00701904	-0.0198364
-0.0125122	-0.00976563	-0.0222778
-0.0100708	-0.0125122	-0.022583
-0.00549316	-0.0170898	-0.022583
0.00213623	-0.0222778	-0.0201416
0.0125122	-0.0274658	-0.0149536
0.0228882	-0.0302124	-0.00732422
0.0323486	-0.0308228	0.00152588
0.0396729	-0.0286865	0.0109863
0.0445557	-0.0244141	0.0201416
0.0469971	-0.0198364	0.0271606
0.0491333	-0.015564	0.0335693
0.0509644	-0.010376	0.0405884
0.0509644	-0.00274658	0.0482178
0.0482178	0.00701904	0.0552368
0.0442505	0.0161743	0.0604248
0.039978	0.0234985	0.0634766
0.0357056	0.0283813	0.0640869
0.0311279	0.0332642	0.0643921
0.0271606	0.038147	0.0653076
0.022583	0.0408936	0.0634766
0.017395	0.0424194	0.0598145
0.012207	0.0427246	0.0549316
0.00854492	0.0415039	0.0500488
0.00610352	0.0390625	0.045166
0.00488281	0.0390625	0.0439453
0.00518799	0.0421143	0.0473022
0.00579834	0.045166	0.0509644
0.00579834	0.0479126	0.0537109
0.00732422	0.0506592	0.0579834
0.012207	0.0506592	0.0628662
0.0210571	0.0476074	0.0686646
0.0323486	0.0411987	0.0735474
0.0445557	0.0314331	0.0759888
0.0564575	0.0210571	0.0775146
0.0668335	0.0125122	0.0793457
0.0744629	0.00701904	0.0814819
0.0790405	0.00549316	0.0845337
0.0808716	0.00640869	0.0872803
0.0805664	0.00732422	0.0878906
0.0769043	0.0100708	0.0869751
0.071106	0.0167847	0.0878906
0.0668335	0.0271606	0.0939941
0.0662231	0.0390625	0.105286
0.0680542	0.0497437	0.117798
0.0692749	0.0592041	0.128479
0.0704956	0.067749	0.138245
0.0732422	0.0765991	0.149841
0.0772095	0.0854492	0.162659
0.0808716	0.0933838	0.174255
0.0836182	0.098877	0.182495
0.0848389	0.102539	0.187378
0.085144	0.10498	0.190125
0.0830078	0.107422	0.19043
0.078125	0.109253	0.187378
0.0714111	0.108337	0.179749
0.0643921	0.103455	0.167847
0.0579834	0.0961304	0.154114
0.0512695	0.0906372	0.141907
0.0439453	0.0894165	0.133362
0.0369263	0.0915527	0.128479
0.0308228	0.0946045	0.125427
0.0262451	0.0985718	0.124817
0.0228882	0.102234	0.125122
0.0216675	0.103455	0.125122
0.022583	0.104675	0.127258
0.0247192	0.106812	0.131531
0.0283813	0.106812	0.135193
0.0335693	0.10498	0.13855
0.0393677	0.101624	0.140991
0.0454712	0.0970459	0.142517
0.0494385	0.0909424	0.140381
0.0506592	0.0836182	0.134277
0.0494385	0.0765991	0.126038
0.0482178	0.0689697	0.117188
0.0473022	0.0616455	0.108948
0.0457764	0.055542	0.101318
0.0427246	0.0488281	0.0915527
0.0372314	0.0415039	0.0787354
0.0292969	0.0357056	0.0650024
0.0204468	0.0326538	0.0531006
0.0128174	0.0311279	0.0439453
0.00610352	0.0302124	0.0363159
-0.0012207	0.0314331	0.0302124
-0.00915527	0.0335693	0.0244141
-0.0177002	0.0360107	0.0183105
-0.0250244	0.0378418	0.0128174
-0.0289917	0.0366211	0.00762939
-0.0302124	0.0320435	0.00183105
-0.0305176	0.0253296	-0.00518799
-0.0302124	0.0146484	-0.015564
-0.0280762	0.00274658	-0.0253296
-0.0231934	-0.00732422	-0.0305176
-0.0164795	-0.0170898	-0.0335693
-0.00976563	-0.027771	-0.0375366
-0.00335693	-0.0384521	-0.0418091
0.00305176	-0.0476074	-0.0445557
0.0088501	-0.0527954	-0.0439453
0.0146484	-0.055542	-0.0408936
0.0204468	-0.0585938	-0.038147
0.0262451	-0.0634766	-0.0372314
0.0320435	-0.0708008	-0.0387573
0.0357056	-0.0772095	-0.0415039
0.0338745	-0.0802612	-0.0463867
0.0259399	-0.0808716	-0.0549316
0.0137329	-0.0808716	-0.0671387
-0.000610352	-0.0802612	-0.0808716
-0.0143433	-0.0769043	-0.0912476
-0.027771	-0.0717163	-0.0994873
-0.0402832	-0.0668335	-0.107117
-0.0515747	-0.0622559	-0.113831
-0.0598145	-0.0579834	-0.117798
-0.0634766	-0.0537109	-0.117188
-0.062561	-0.0506592	-0.11322
-0.0595093	-0.0512695	-0.110779
-0.0552368	-0.0549316	-0.110168
-0.0497437	-0.0604248	-0.110168
-0.0442505	-0.0683594	-0.11261
-0.0393677	-0.078125	-0.117493
-0.0344849	-0.0857544	-0.120239
-0.0311279	-0.0875854	-0.118713
-0.0305176	-0.0860596	-0.116577
-0.0323486	-0.0839233	-0.116272
-0.0350952	-0.0811768	-0.116272
-0.038147	-0.0772095	-0.115356
-0.0408936	-0.0704956	-0.111389
-0.0439453	-0.0619507	-0.105896
-0.0485229	-0.0543213	-0.102844
-0.0546265	-0.0491333	-0.10376
-0.0613403	-0.0476074	-0.108948
-0.0683594	-0.0476074	-0.115967
-0.0756836	-0.0485229	-0.124207
-0.0827026	-0.0500488	-0.132751
-0.0875854	-0.0537109	-0.141296
-0.0900269	-0.0567627	-0.14679
-0.0906372	-0.0576782	-0.148315
-0.0897217	-0.0546265	-0.144348
-0.0878906	-0.0524902	-0.140381
-0.085144	-0.0537109	-0.138855
-0.0814819	-0.0527954	-0.134277
-0.0784302	-0.0469971	-0.125427
-0.0756836	-0.0396729	-0.115356
-0.0732422	-0.0354004	-0.108643
-0.0698853	-0.0360107	-0.105896
-0.0650024	-0.039978	-0.10498
-0.0592041	-0.0448608	-0.104065
-0.0534058	-0.0491333	-0.102539
-0.0476074	-0.0509644	-0.0985718
-0.0421143	-0.0512695	-0.0933838
-0.0369263	-0.0518799	-0.0888062
-0.0344849	-0.0506592	-0.085144
-0.0354004	-0.0463867	-0.0817871
-0.0384521	-0.0411987	-0.0796509
-0.0421143	-0.03479	-0.0769043
-0.0460815	-0.0271606	-0.0732422
-0.0491333	-0.0192261	-0.0683594
-0.0512695	-0.0115967	-0.0628662
-0.0524902	-0.00610352	-0.0585938
-0.0534058	-0.00305176	-0.0564575
-0.0531006	-0.00366211	-0.0567627
-0.0527954	-0.00671387	-0.0595093
-0.0521851	-0.00976563	-0.0619507
-0.0512695	-0.0125122	-0.0637817
-0.0506592	-0.0152588	-0.065918
-0.0531006	-0.0167847	-0.0698853
-0.0598145	-0.0161743	-0.0759888
-0.0689697	-0.0143433	-0.083313
-0.078125	-0.0125122	-0.0906372
-0.0854492	-0.012207	-0.0976563
-0.0897217	-0.0131226	-0.102844
-0.0909424	-0.0146484	-0.105591
-0.0894165	-0.0164795	-0.105896
-0.0842285	-0.0189209	-0.103149
-0.0769043	-0.0219727	-0.098877
-0.0680542	-0.0268555	-0.0949097
-0.057373	-0.0332642	-0.0906372
-0.0479126	-0.0387573	-0.0866699
-0.0418091	-0.0415039	-0.083313
-0.0372314	-0.0421143	-0.0793457
-0.032959	-0.0418091	-0.0747681
-0.0286865	-0.0411987	-0.0698853
-0.0238037	-0.0411987	-0.0650024
-0.020752	-0.0411987	-0.0619507
-0.0241089	-0.0411987	-0.0653076
-0.0332642	-0.0418091	-0.0750732
-0.0448608	-0.0424194	-0.0872803
-0.0558472	-0.0411987	-0.0970459
-0.0653076	-0.0372314	-0.102539
-0.0747681	-0.0326538	-0.107422
-0.0854492	-0.0286865	-0.114136
-0.0964355	-0.0247192	-0.121155
-0.106201	-0.0201416	-0.126343
-0.11322	-0.0149536	-0.128174
-0.115356	-0.00946045	-0.124817
-0.11261	-0.00244141	-0.115051
-0.10498	0.00579834	-0.0991821
-0.0949097	0.0128174	-0.0820923
-0.0839233	0.0186157	-0.0653076
-0.0732422	0.022583	-0.0506592
-0.0631714	0.0238037	-0.0393677
-0.0543213	0.0216675	-0.0326538
-0.0479126	0.0167847	-0.0311279
-0.0439453	0.0106812	-0.0332642
-0.0427246	0.00488281	-0.0378418
-0.0445557	0.000915527	-0.0436401
-0.0488281	-0.00183105	-0.0506592
-0.0543213	-0.00427246	-0.0585938
-0.0601196	-0.00579834	-0.065918
-0.0650024	-0.00671387	-0.0717163
-0.0701904	-0.00671387	-0.0769043
-0.0753784	-0.00488281	-0.0802612
-0.0802612	0.000305176	-0.0799561
-0.0836182	0.00976563	-0.0738525
-0.0839233	0.0186157	-0.0653076
-0.0805664	0.0228882	-0.0576782
-0.0753784	0.0231934	-0.0521851
-0.0701904	0.0222778	-0.0479126
-0.0650024	0.0201416	-0.0448608
-0.0604248	0.017395	-0.0430298
-0.0564575	0.0161743	-0.0402832
-0.0540161	0.0170898	-0.0369263
-0.0540161	0.0192261	-0.03479
-0.0552368	0.0234985	-0.0317383
-0.0561523	0.0280762	-0.0280762
-0.0552368	0.0305176	-0.0247192
-0.0534058	0.0292969	-0.0241089
-0.0500488	0.0268555	-0.0231934
-0.0457764	0.0256348	-0.0201416
-0.0393677	0.0238037	-0.015564
-0.0308228	0.0192261	-0.0115967
-0.0219727	0.0137329	-0.00823975
-0.012207	0.00823975	-0.00396729
-0.00274658	0.00427246	0.00152588
0.00427246	0.00366211	0.00793457
0.00579834	0.00823975	0.0140381
0.00274658	0.0161743	0.0189209
-0.00366211	0.0247192	0.0210571
-0.0119019	0.0326538	0.020752
-0.020752	0.039978	0.0192261
-0.0308228	0.0466919	0.0158691
-0.0418091	0.050354	0.00854492
-0.0537109	0.0494385	-0.00427246
-0.0650024	0.0424194	-0.022583
-0.0750732	0.0311279	-0.0439453
-0.0827026	0.0180054	-0.0646973
-0.0897217	0.00640869	-0.083313
-0.0961304	-0.00427246	-0.100403
-0.101624	-0.0158691	-0.117493
-0.104675	-0.0286865	-0.133362
-0.10498	-0.0408936	-0.145874
-0.10498	-0.0512695	-0.15625
-0.105591	-0.0592041	-0.164795
-0.10376	-0.0665283	-0.170288
-0.0991821	-0.0735474	-0.172729
-0.0918579	-0.0793457	-0.171204
-0.0817871	-0.0854492	-0.167236
-0.0717163	-0.0921631	-0.163879
-0.0637817	-0.0967407	-0.160522
-0.0582886	-0.098877	-0.157166
-0.0534058	-0.098877	-0.152283
-0.0497437	-0.098877	-0.148621
-0.0473022	-0.0979614	-0.145264
-0.0448608	-0.0946045	-0.139465
-0.043335	-0.0875854	-0.13092
-0.0439453	-0.0772095	-0.121155
-0.0469971	-0.0631714	-0.110168
-0.0524902	-0.0479126	-0.100403
-0.0582886	-0.0338745	-0.0921631
-0.0637817	-0.0216675	-0.0854492
-0.0689697	-0.0119019	-0.0808716
-0.0753784	-0.00549316	-0.0808716
-0.0830078	-0.00152588	-0.0845337
-0.0906372	-0.0012207	-0.0918579
-0.0973511	-0.00640869	-0.10376
-0.101624	-0.0183105	-0.119934
-0.102539	-0.0354004	-0.137939
-0.100708	-0.0546265	-0.155334
-0.0961304	-0.0708008	-0.166931
-0.0881958	-0.0817871	-0.169983
-0.0756836	-0.0857544	-0.161438
-0.0588989	-0.0820923	-0.140991
-0.038147	-0.0720215	-0.110168
-0.0146484	-0.055542	-0.0701904
0.0115967	-0.0289917	-0.017395
0.0418091	0.0112915	0.0531006
0.0762939	0.0622559	0.13855
0.111694	0.118408	0.230103
0.144653	0.179443	0.324097
0.171814	0.24231	0.414124
0.19165	0.302734	0.494385
0.200195	0.357666	0.557861
0.192261	0.404053	0.596313
0.16571	0.439453	0.605164
0.120239	0.460815	0.581055
0.0610352	0.467834	0.52887
-0.00640869	0.460205	0.453796
-0.0772095	0.437622	0.360413
-0.147705	0.400696	0.252991
-0.212708	0.354614	0.141907
-0.26825	0.304565	0.0363159
-0.310669	0.252686	-0.0579834
-0.334167	0.200806	-0.133362
-0.335388	0.151367	-0.184021
-0.317078	0.105896	-0.211182
-0.285339	0.0674438	-0.217896
-0.248413	0.0378418	-0.210571
-0.212097	0.0177002	-0.194397
-0.177612	0.00488281	-0.172729
-0.145569	-0.00274658	-0.148315
-0.118408	-0.00701904	-0.125427
-0.0967407	-0.00915527	-0.105896
-0.0802612	-0.00854492	-0.0888062
-0.0701904	-0.00457764	-0.0747681
-0.0668335	0.0012207	-0.0656128
-0.0674438	0.00396729	-0.0634766
-0.0683594	0.000915527	-0.0674438
-0.0662231	-0.00946045	-0.0756836
-0.0619507	-0.0222778	-0.0842285
-0.0570679	-0.0350952	-0.0921631
-0.0521851	-0.0469971	-0.0991821
-0.0479126	-0.0576782	-0.105591
-0.0442505	-0.0674438	-0.111694
-0.0405884	-0.0759888	-0.116577
-0.0378418	-0.0839233	-0.121765
-0.0357056	-0.090332	-0.126038
-0.03479	-0.0930786	-0.127869
-0.0354004	-0.0912476	-0.126648
-0.0369263	-0.0878906	-0.124817
-0.0390625	-0.085144	-0.124207
-0.0408936	-0.0820923	-0.122986
-0.0418091	-0.078125	-0.119934
-0.0421143	-0.0756836	-0.117798
-0.0405884	-0.0759888	-0.116577
-0.0375366	-0.0759888	-0.113525
-0.032959	-0.0741577	-0.107117
-0.0274658	-0.0692749	-0.0967407
-0.0204468	-0.062561	-0.0830078
-0.0134277	-0.0567627	-0.0701904
-0.00701904	-0.0515747	-0.0585938
-0.00366211	-0.0457764	-0.0494385
-0.00244141	-0.0405884	-0.0430298
-0.00274658	-0.0369263	-0.0396729
-0.00366211	-0.0335693	-0.0372314
-0.00732422	-0.0314331	-0.0387573
-0.0140381	-0.0314331	-0.0454712
-0.022583	-0.0335693	-0.0561523
-0.0323486	-0.0360107	-0.0683594
-0.043335	-0.0357056	-0.0790405
-0.0540161	-0.0326538	-0.0866699
-0.0619507	-0.0280762	-0.0900269
-0.0671387	-0.0222778	-0.0894165
-0.0695801	-0.0167847	-0.0863647
-0.0680542	-0.0125122	-0.0805664
-0.0634766	-0.0100708	-0.0735474
-0.0570679	-0.00946045	-0.0665283
-0.0497437	-0.00915527	-0.0588989
-0.0424194	-0.0106812	-0.0531006
-0.0350952	-0.0143433	-0.0494385
-0.0280762	-0.0180054	-0.0460815
-0.022583	-0.0222778	-0.0448608
-0.0198364	-0.0262451	-0.0460815
-0.0192261	-0.0305176	-0.0497437
-0.0183105	-0.0344849	-0.0527954
-0.017395	-0.0390625	-0.0564575
-0.0170898	-0.0439453	-0.0610352
-0.0164795	-0.0476074	-0.0640869
-0.0146484	-0.0521851	-0.0668335
-0.0119019	-0.0601196	-0.0720215
-0.00854492	-0.0720215	-0.0805664
-0.00457764	-0.0830078	-0.0875854
-0.000915527	-0.0897217	-0.0906372
0.00274658	-0.0918579	-0.0891113
0.00488281	-0.0921631	-0.0872803
0.00610352	-0.0915527	-0.0854492
0.00854492	-0.0875854	-0.0790405
0.0106812	-0.0784302	-0.067749
0.0128174	-0.0662231	-0.0534058
0.015564	-0.055542	-0.039978
0.0189209	-0.0500488	-0.0311279
0.0219727	-0.0497437	-0.027771
0.0241089	-0.0512695	-0.0271606
0.027771	-0.0524902	-0.0247192
0.032959	-0.0524902	-0.0195313
0.03479	-0.0509644	-0.0161743
0.0338745	-0.0497437	-0.0158691
0.032959	-0.0485229	-0.015564
0.0350952	-0.0494385	-0.0143433
0.0405884	-0.0521851	-0.0115967
0.0463867	-0.0540161	-0.00762939
0.0515747	-0.0537109	-0.00213623
0.055542	-0.0534058	0.00213623
0.0616455	-0.055542	0.00610352
0.0701904	-0.0610352	0.00915527
0.0796509	-0.0689697	0.0106812
0.0878906	-0.0769043	0.0109863
0.0942993	-0.0845337	0.00976563
0.0970459	-0.0875854	0.00946045
0.0973511	-0.085144	0.012207
0.0958252	-0.0784302	0.017395
0.0930786	-0.0695801	0.0234985
0.0897217	-0.0601196	0.0296021
0.0848389	-0.0518799	0.032959
0.0793457	-0.0463867	0.032959
0.0735474	-0.0430298	0.0305176
0.0674438	-0.0402832	0.0271606
0.0622559	-0.0363159	0.0259399
0.0592041	-0.0341797	0.0250244
0.0585938	-0.03479	0.0238037
0.06073	-0.0360107	0.0247192
0.0643921	-0.0357056	0.0286865
0.0680542	-0.032959	0.0350952
0.0720215	-0.0289917	0.0430298
0.0772095	-0.0247192	0.0524902
0.0820923	-0.0219727	0.0601196
0.0848389	-0.0222778	0.062561
0.0845337	-0.0228882	0.0616455
0.0817871	-0.0213623	0.0604248
0.0775146	-0.0204468	0.0570679
0.0698853	-0.0201416	0.0497437
0.0579834	-0.0180054	0.039978
0.043335	-0.0128174	0.0305176
0.0280762	-0.00610352	0.0219727
0.0140381	-0.000305176	0.0137329
0.00244141	0.00396729	0.00640869
-0.00640869	0.00701904	0.000610352
-0.0134277	0.00854492	-0.00488281
-0.0186157	0.0112915	-0.00732422
-0.0216675	0.0146484	-0.00701904
-0.0219727	0.0167847	-0.00518799
-0.0210571	0.0167847	-0.00427246
-0.0204468	0.0177002	-0.00274658
-0.0210571	0.0189209	-0.00213623
-0.0231934	0.020752	-0.00244141
-0.0265503	0.0234985	-0.00305176
-0.0311279	0.0262451	-0.00488281
-0.0375366	0.0283813	-0.00915527
-0.0448608	0.0314331	-0.0134277
-0.0509644	0.0326538	-0.0183105
-0.0546265	0.0289917	-0.0256348
-0.0549316	0.0198364	-0.0350952
-0.0521851	0.00732422	-0.0448608
-0.0476074	-0.00549316	-0.0531006
-0.0415039	-0.0161743	-0.0576782
-0.0357056	-0.022583	-0.0582886
-0.0320435	-0.0262451	-0.0582886
-0.0308228	-0.0262451	-0.0570679
-0.032959	-0.0213623	-0.0543213
-0.0378418	-0.0134277	-0.0512695
-0.043335	-0.00366211	-0.0469971
-0.0500488	0.00793457	-0.0421143
-0.0601196	0.020752	-0.0393677
-0.0720215	0.0344849	-0.0375366
-0.083313	0.0482178	-0.0350952
-0.090332	0.057373	-0.032959
-0.0927734	0.0610352	-0.0317383
-0.0930786	0.062561	-0.0305176
-0.0924683	0.0634766	-0.0289917
-0.0878906	0.0637817	-0.0241089
-0.0772095	0.0622559	-0.0149536
-0.0640869	0.0582886	-0.00579834
-0.0527954	0.0549316	0.00213623
-0.045166	0.0552368	0.0100708
-0.0405884	0.0598145	0.0192261
-0.0390625	0.0662231	0.0271606
-0.0393677	0.0726318	0.0332642
-0.0418091	0.078125	0.0363159
-0.0457764	0.0817871	0.0360107
-0.0506592	0.0842285	0.0335693
-0.0558472	0.0842285	0.0283813
-0.0610352	0.0845337	0.0234985
-0.0643921	0.0863647	0.0219727
-0.0656128	0.0881958	0.022583
-0.0637817	0.0875854	0.0238037
-0.0576782	0.0827026	0.0250244
-0.0476074	0.0756836	0.0280762
-0.0372314	0.0689697	0.0317383
-0.0296021	0.0613403	0.0317383
-0.0253296	0.0540161	0.0286865
-0.0210571	0.0497437	0.0286865
-0.015564	0.0466919	0.0311279
-0.0112915	0.0445557	0.0332642
-0.00946045	0.0436401	0.0341797
-0.00946045	0.0457764	0.0363159
-0.0109863	0.0524902	0.0415039
-0.0119019	0.0619507	0.0500488
-0.0115967	0.0714111	0.0598145
-0.0119019	0.0802612	0.0683594
-0.0149536	0.0863647	0.0714111
-0.0204468	0.0878906	0.0674438
-0.0268555	0.0854492	0.0585938
-0.0341797	0.0823975	0.0482178
-0.0421143	0.0787354	0.0366211
-0.0482178	0.072937	0.0247192
-0.0537109	0.0634766	0.00976563
-0.0601196	0.0524902	-0.00762939
-0.065918	0.0442505	-0.0216675
-0.0689697	0.0387573	-0.0302124
-0.0692749	0.0378418	-0.0314331
-0.0671387	0.0402832	-0.0268555
-0.0616455	0.0430298	-0.0186157
-0.0537109	0.0445557	-0.00915527
-0.043335	0.0439453	0.000610352
-0.0338745	0.0418091	0.00793457
-0.0256348	0.0387573	0.0131226
-0.017395	0.0338745	0.0164795
-0.0088501	0.0256348	0.0167847
-0.00457764	0.0164795	0.0119019
-0.00579834	0.00854492	0.00274658
-0.00976563	0.00183105	-0.00793457
-0.0131226	-0.00305176	-0.0161743
-0.0180054	-0.00488281	-0.0228882
-0.0256348	-0.00396729	-0.0296021
-0.0357056	-0.00305176	-0.0387573
-0.0460815	-0.00396729	-0.0500488
-0.0546265	-0.00305176	-0.0576782
-0.0579834	-0.0012207	-0.0592041
-0.057373	0.000915527	-0.0564575
-0.0543213	0.000915527	-0.0534058
-0.0518799	-0.00244141	-0.0543213
-0.0485229	-0.00671387	-0.0552368
-0.0427246	-0.0112915	-0.0540161
-0.0360107	-0.0158691	-0.0518799
-0.0289917	-0.0216675	-0.0506592
-0.0219727	-0.0262451	-0.0482178
-0.0125122	-0.0296021	-0.0421143
-0.00183105	-0.0308228	-0.0326538
0.00701904	-0.0299072	-0.0228882
0.0146484	-0.0286865	-0.0140381
0.0210571	-0.0283813	-0.00732422
0.0271606	-0.0292969	-0.00213623
0.0357056	-0.0305176	0.00518799
0.0421143	-0.0302124	0.0119019
0.0405884	-0.0280762	0.0125122
0.0332642	-0.0256348	0.00762939
0.0250244	-0.0244141	0.000610352
0.0180054	-0.0238037	-0.00579834
0.0149536	-0.0259399	-0.0109863
0.010376	-0.0292969	-0.0189209
0.00152588	-0.0320435	-0.0305176
-0.00976563	-0.0326538	-0.0424194
-0.0189209	-0.0286865	-0.0476074
-0.0247192	-0.0201416	-0.0448608
-0.0271606	-0.0125122	-0.0396729
-0.0283813	-0.00976563	-0.038147
-0.0332642	-0.00732422	-0.0405884
-0.0421143	-0.000610352	-0.0427246
-0.0491333	0.0100708	-0.0390625
-0.0518799	0.0192261	-0.0326538
-0.0512695	0.0219727	-0.0292969
-0.0469971	0.0164795	-0.0305176
-0.0390625	0.00579834	-0.0332642
-0.0314331	-0.00579834	-0.0372314
-0.027771	-0.0152588	-0.0430298
-0.0241089	-0.0231934	-0.0473022
-0.0164795	-0.0296021	-0.0460815
-0.00762939	-0.0326538	-0.0402832
-0.00274658	-0.0302124	-0.032959
-0.00549316	-0.0213623	-0.0268555
-0.0134277	-0.00976563	-0.0231934
-0.017395	0.00244141	-0.0149536
-0.0149536	0.0152588	0.000305176
-0.00823975	0.0265503	0.0183105
-0.000915527	0.0350952	0.0341797
0.00701904	0.0396729	0.0466919
0.017395	0.0402832	0.0576782
0.0320435	0.038147	0.0701904
0.0488281	0.0311279	0.0799561
0.0616455	0.022583	0.0842285
0.0686646	0.0170898	0.0857544
0.0698853	0.017395	0.0872803
0.0692749	0.0201416	0.0894165
0.0692749	0.0228882	0.0921631
0.067749	0.0271606	0.0949097
0.0616455	0.0369263	0.0985718
0.0488281	0.0506592	0.0994873
0.0323486	0.0640869	0.0964355
0.0189209	0.0747681	0.093689
0.010376	0.0848389	0.0952148
0.00854492	0.0933838	0.101929
0.0112915	0.098877	0.110168
0.0128174	0.101929	0.114746
0.010376	0.101624	0.112
0.00915527	0.0970459	0.106201
0.0109863	0.0915527	0.102539
0.012207	0.0891113	0.101318
0.0158691	0.085144	0.101013
0.0213623	0.0787354	0.100098
0.0262451	0.0708008	0.0970459
0.027771	0.0640869	0.0918579
0.0238037	0.0598145	0.0836182
0.0143433	0.0534058	0.067749
0.0012207	0.0427246	0.0439453
-0.0140381	0.0305176	0.0164795
-0.0274658	0.0195313	-0.00793457
-0.0387573	0.0088501	-0.0299072
-0.0500488	-0.00305176	-0.0531006
-0.0585938	-0.015564	-0.0741577
-0.062561	-0.0238037	-0.0863647
-0.0619507	-0.0238037	-0.0857544
-0.0534058	-0.0195313	-0.072937
-0.0384521	-0.0131226	-0.0515747
-0.0219727	-0.00518799	-0.0271606
-0.00823975	0.00549316	-0.00274658
0.00335693	0.0195313	0.0228882
0.0125122	0.0354004	0.0479126
0.0186157	0.0491333	0.067749
0.0189209	0.0592041	0.078125
0.0204468	0.0631714	0.0836182
0.0247192	0.062561	0.0872803
0.0198364	0.0604248	0.0802612
0.00640869	0.0518799	0.0582886
-0.00732422	0.0375366	0.0302124
-0.0134277	0.0210571	0.00762939
-0.00976563	0.00610352	-0.00366211
-0.00183105	-0.00305176	-0.00488281
0.00244141	-0.00671387	-0.00427246
0.00335693	-0.0106812	-0.00732422
0.00457764	-0.0161743	-0.0115967
0.00366211	-0.0219727	-0.0183105
-0.00396729	-0.0253296	-0.0292969
-0.0177002	-0.0222778	-0.039978
-0.0286865	-0.0134277	-0.0421143
-0.0314331	-0.00488281	-0.0363159
-0.0256348	0.00244141	-0.0231934
-0.0131226	0.015564	0.00244141
0	0.039978	0.039978
0.0106812	0.0756836	0.0863647
0.0219727	0.118713	0.140686
0.03479	0.16571	0.2005
0.0509644	0.214539	0.265503
0.0695801	0.271606	0.341187
0.0897217	0.337524	0.427246
0.110474	0.404663	0.515137
0.130005	0.462952	0.592957
0.140686	0.509644	0.65033
0.134583	0.545959	0.680542
0.115662	0.568237	0.683899
0.0927734	0.568237	0.661011
0.0704956	0.546875	0.617371
0.0466919	0.508728	0.55542
0.0167847	0.458069	0.474854
-0.020752	0.396729	0.375977
-0.067749	0.327148	0.259399
-0.117798	0.251465	0.133667
-0.162048	0.17334	0.0112915
-0.195007	0.0967407	-0.0982666
-0.213318	0.0268555	-0.186462
-0.213623	-0.032959	-0.246582
-0.198975	-0.0805664	-0.279541
-0.17395	-0.114746	-0.288696
-0.144043	-0.137024	-0.281067
-0.108337	-0.151672	-0.26001
-0.0662231	-0.159302	-0.225525
-0.0259399	-0.15564	-0.18158
0.00549316	-0.141907	-0.136414
0.0280762	-0.123596	-0.09552
0.0411987	-0.102844	-0.0616455
0.0448608	-0.0799561	-0.0350952
0.0405884	-0.0564575	-0.0158691
0.0302124	-0.0344849	-0.00427246
0.0170898	-0.0161743	0.000915527
0.00579834	-0.00244141	0.00335693
-0.00244141	0.00366211	0.0012207
-0.00854492	0.00366211	-0.00488281
-0.012207	-0.000305176	-0.0125122
-0.012207	-0.00640869	-0.0186157
-0.00823975	-0.0131226	-0.0213623
-0.00152588	-0.0198364	-0.0213623
0.00610352	-0.0280762	-0.0219727
0.0149536	-0.0369263	-0.0219727
0.0250244	-0.0424194	-0.017395
0.0332642	-0.0436401	-0.010376
0.0360107	-0.0424194	-0.00640869
0.0357056	-0.0411987	-0.00549316
0.0372314	-0.0405884	-0.00335693
0.0418091	-0.0415039	0.000305176
0.0463867	-0.0436401	0.00274658
0.0479126	-0.0460815	0.00183105
0.0436401	-0.0473022	-0.00366211
0.0363159	-0.045166	-0.0088501
0.0271606	-0.0418091	-0.0146484
0.0183105	-0.0405884	-0.0222778
0.0109863	-0.039978	-0.0289917
0.00488281	-0.0387573	-0.0338745
0.000610352	-0.038147	-0.0375366
-0.000915527	-0.0405884	-0.0415039
0.00213623	-0.045166	-0.0430298
0.00671387	-0.0506592	-0.0439453
0.010376	-0.0558472	-0.0454712
0.0134277	-0.0598145	-0.0463867
0.017395	-0.0616455	-0.0442505
0.0228882	-0.0622559	-0.0393677
0.0289917	-0.0643921	-0.0354004
0.0332642	-0.067749	-0.0344849
0.0350952	-0.0698853	-0.03479
0.0369263	-0.0689697	-0.0320435
0.039978	-0.0656128	-0.0256348
0.045166	-0.062561	-0.017395
0.0521851	-0.0628662	-0.0106812
0.0598145	-0.0650024	-0.00518799
0.065918	-0.0653076	0.000610352
0.0692749	-0.0637817	0.00549316
0.0674438	-0.0604248	0.00701904
0.0610352	-0.0549316	0.00610352
0.0521851	-0.0485229	0.00366211
0.0418091	-0.0418091	0
0.0305176	-0.0360107	-0.00549316
0.0189209	-0.0314331	-0.0125122
0.00732422	-0.0283813	-0.0210571
-0.00488281	-0.0268555	-0.0317383
-0.017395	-0.0241089	-0.0415039
-0.0268555	-0.0204468	-0.0473022
-0.0296021	-0.0189209	-0.0485229
-0.0253296	-0.022583	-0.0479126
-0.0161743	-0.0299072	-0.0460815
-0.00701904	-0.0357056	-0.0427246
0.0012207	-0.0375366	-0.0363159
0.0100708	-0.0378418	-0.027771
0.0198364	-0.0378418	-0.0180054
0.0292969	-0.0378418	-0.00854492
0.0378418	-0.0378418	0
0.0442505	-0.0375366	0.00671387
0.0466919	-0.0366211	0.0100708
0.045166	-0.0350952	0.0100708
0.0402832	-0.0335693	0.00671387
0.0338745	-0.032959	0.000915527
0.0280762	-0.0332642	-0.00518799
0.0238037	-0.0332642	-0.00946045
0.0210571	-0.03479	-0.0137329
0.0204468	-0.0378418	-0.017395
0.0222778	-0.0393677	-0.0170898
0.0271606	-0.0384521	-0.0112915
0.0344849	-0.0363159	-0.00183105
0.043335	-0.0341797	0.00915527
0.0534058	-0.0344849	0.0189209
0.0646973	-0.03479	0.0299072
0.0750732	-0.0320435	0.0430298
0.0830078	-0.0268555	0.0561523
0.090332	-0.0216675	0.0686646
0.0979614	-0.0186157	0.0793457
0.103455	-0.0143433	0.0891113
0.105896	-0.010376	0.09552
0.104675	-0.00640869	0.0982666
0.101318	-0.0012207	0.100098
0.098877	0.00427246	0.103149
0.0979614	0.010376	0.108337
0.0958252	0.0186157	0.114441
0.0906372	0.0289917	0.119629
0.0820923	0.0411987	0.123291
0.0723267	0.0515747	0.123901
0.0613403	0.0598145	0.121155
0.0515747	0.0656128	0.117188
0.043335	0.0704956	0.113831
0.0363159	0.0741577	0.110474
0.0296021	0.0759888	0.105591
0.0228882	0.0769043	0.0997925
0.0170898	0.0775146	0.0946045
0.012207	0.0787354	0.0909424
0.0088501	0.0805664	0.0894165
0.00732422	0.0830078	0.090332
0.00701904	0.0839233	0.0909424
0.00762939	0.0830078	0.0906372
0.00854492	0.0817871	0.090332
0.00946045	0.0827026	0.0921631
0.0100708	0.0863647	0.0964355
0.010376	0.0906372	0.101013
0.0100708	0.093689	0.10376
0.0088501	0.0958252	0.104675
0.00732422	0.0973511	0.104675
0.00549316	0.0991821	0.104675
0.00183105	0.102539	0.10437
-0.00305176	0.107117	0.104065
-0.0088501	0.112305	0.103455
-0.0143433	0.116882	0.102539
-0.0201416	0.119629	0.0994873
-0.0256348	0.121155	0.09552
-0.0311279	0.12146	0.090332
-0.0363159	0.119629	0.083313
-0.0387573	0.115051	0.0762939
-0.0378418	0.109558	0.0717163
-0.0344849	0.103149	0.0686646
-0.0305176	0.0961304	0.0656128
-0.0268555	0.0912476	0.0643921
-0.0253296	0.090332	0.0650024
-0.0268555	0.0924683	0.0656128
-0.0289917	0.0946045	0.0656128
-0.0314331	0.0967407	0.0653076
-0.0344849	0.0982666	0.0637817
-0.039978	0.0994873	0.0595093
-0.0476074	0.100708	0.0531006
-0.0543213	0.101013	0.0466919
-0.0582886	0.0985718	0.0402832
-0.0588989	0.0939941	0.0350952
-0.0567627	0.0875854	0.0308228
-0.0524902	0.0787354	0.0262451
-0.0463867	0.0683594	0.0219727
-0.0384521	0.0588989	0.0204468
-0.0311279	0.0521851	0.0210571
-0.0268555	0.0482178	0.0213623
-0.0271606	0.0457764	0.0186157
-0.0308228	0.0454712	0.0146484
-0.0360107	0.0482178	0.012207
-0.0415039	0.0534058	0.0119019
-0.0479126	0.0604248	0.0125122
-0.055542	0.067749	0.012207
-0.062561	0.0741577	0.0115967
-0.067749	0.0790405	0.0112915
-0.0704956	0.0820923	0.0115967
-0.0717163	0.0827026	0.0109863
-0.0720215	0.0817871	0.00976563
-0.0714111	0.0793457	0.00793457
-0.0692749	0.0762939	0.00701904
-0.0674438	0.0714111	0.00396729
-0.0656128	0.0622559	-0.00335693
-0.0637817	0.050354	-0.0134277
-0.0622559	0.0405884	-0.0216675
-0.0598145	0.0341797	-0.0256348
-0.0552368	0.0292969	-0.0259399
-0.0497437	0.0253296	-0.0244141
-0.0436401	0.0222778	-0.0213623
-0.0375366	0.0210571	-0.0164795
-0.0311279	0.020752	-0.010376
-0.0259399	0.0216675	-0.00427246
-0.0219727	0.022583	0.000610352
-0.0186157	0.0234985	0.00488281
-0.015564	0.0238037	0.00823975
-0.012207	0.022583	0.010376
-0.00854492	0.0204468	0.0119019
-0.00457764	0.0146484	0.0100708
-0.0012207	0.00579834	0.00457764
-0.0012207	-0.00152588	-0.00274658
-0.00457764	-0.00488281	-0.00946045
-0.00976563	-0.00396729	-0.0137329
-0.0146484	-0.00183105	-0.0164795
-0.020752	0.000305176	-0.0204468
-0.0296021	0.00183105	-0.027771
-0.0415039	0.00518799	-0.0363159
-0.0546265	0.0119019	-0.0427246
-0.0646973	0.0192261	-0.0454712
-0.0701904	0.0234985	-0.0466919
-0.0720215	0.0244141	-0.0476074
-0.0698853	0.0216675	-0.0482178
-0.0643921	0.0170898	-0.0473022
-0.0564575	0.00976563	-0.0466919
-0.0488281	-0.000915527	-0.0497437
-0.0411987	-0.0115967	-0.0527954
-0.032959	-0.0204468	-0.0534058
-0.0259399	-0.0292969	-0.0552368
-0.0204468	-0.0360107	-0.0564575
-0.0161743	-0.0396729	-0.0558472
-0.0134277	-0.0436401	-0.0570679
-0.012207	-0.0491333	-0.0613403
-0.0119019	-0.0546265	-0.0665283
-0.0119019	-0.0588989	-0.0708008
-0.0134277	-0.0619507	-0.0753784
-0.0167847	-0.0643921	-0.0811768
-0.0204468	-0.065918	-0.0863647
-0.0231934	-0.0668335	-0.0900269
-0.0250244	-0.067749	-0.0927734
-0.0262451	-0.0704956	-0.0967407
-0.0262451	-0.0750732	-0.101318
-0.0250244	-0.0790405	-0.104065
-0.0210571	-0.0805664	-0.101624
-0.0143433	-0.0799561	-0.0942993
-0.00610352	-0.0790405	-0.085144
0.00366211	-0.0799561	-0.0762939
0.017395	-0.0842285	-0.0668335
0.0335693	-0.0900269	-0.0564575
0.0494385	-0.0946045	-0.045166
0.0619507	-0.0973511	-0.0354004
0.0689697	-0.0985718	-0.0296021
0.0698853	-0.098877	-0.0289917
0.0650024	-0.098877	-0.0338745
0.0567627	-0.0994873	-0.0427246
0.0479126	-0.098877	-0.0509644
0.038147	-0.0961304	-0.0579834
0.0268555	-0.0918579	-0.0650024
0.0143433	-0.0863647	-0.0720215
0.00274658	-0.0805664	-0.0778198
-0.00518799	-0.0753784	-0.0805664
-0.00823975	-0.0717163	-0.0799561
-0.00518799	-0.0701904	-0.0753784
0.00213623	-0.0701904	-0.0680542
0.0106812	-0.0704956	-0.0598145
0.017395	-0.071106	-0.0537109
0.0204468	-0.0717163	-0.0512695
0.0210571	-0.0704956	-0.0494385
0.0183105	-0.0680542	-0.0497437
0.0125122	-0.0665283	-0.0540161
0.00457764	-0.0668335	-0.0622559
-0.00549316	-0.0674438	-0.072937
-0.0164795	-0.0674438	-0.0839233
-0.0271606	-0.0653076	-0.0924683
-0.0357056	-0.0622559	-0.0979614
-0.0408936	-0.0613403	-0.102234
-0.0427246	-0.062561	-0.105286
-0.0418091	-0.0622559	-0.104065
-0.0390625	-0.0592041	-0.0982666
-0.0338745	-0.0549316	-0.0888062
-0.0265503	-0.0497437	-0.0762939
-0.0204468	-0.0411987	-0.0616455
-0.0161743	-0.0289917	-0.045166
-0.0115967	-0.0170898	-0.0286865
-0.00610352	-0.00610352	-0.012207
-0.000610352	0.00244141	0.00183105
0.00366211	0.00793457	0.0115967
0.00732422	0.0109863	0.0183105
0.0115967	0.0112915	0.0228882
0.0161743	0.00946045	0.0256348
0.0198364	0.00518799	0.0250244
0.0228882	-0.00213623	0.020752
0.0247192	-0.00946045	0.0152588
0.0253296	-0.0137329	0.0115967
0.0247192	-0.0146484	0.0100708
0.022583	-0.012207	0.010376
0.0186157	-0.00549316	0.0131226
0.0137329	0.00427246	0.0180054
0.00793457	0.0119019	0.0198364
0.00183105	0.0140381	0.0158691
-0.00518799	0.012207	0.00701904
-0.0125122	0.00915527	-0.00335693
-0.0192261	0.00488281	-0.0143433
-0.0238037	-0.00244141	-0.0262451
-0.0268555	-0.0137329	-0.0405884
-0.0305176	-0.0259399	-0.0564575
-0.0354004	-0.0341797	-0.0695801
-0.0415039	-0.0384521	-0.0799561
-0.0479126	-0.0387573	-0.0866699
-0.0531006	-0.0369263	-0.0900269
-0.0561523	-0.032959	-0.0891113
-0.0570679	-0.0268555	-0.0839233
-0.0570679	-0.0170898	-0.0741577
-0.0567627	-0.00518799	-0.0619507
-0.0561523	0.00457764	-0.0515747
-0.0524902	0.0100708	-0.0424194
-0.0469971	0.00946045	-0.0375366
-0.0408936	0.00549316	-0.0354004
-0.0357056	0.00274658	-0.032959
-0.0338745	0.00305176	-0.0308228
-0.0360107	0.00732422	-0.0286865
-0.0439453	0.0146484	-0.0292969
-0.0549316	0.0222778	-0.0326538
-0.0671387	0.0292969	-0.0378418
-0.0759888	0.0335693	-0.0424194
-0.0802612	0.0354004	-0.0448608
-0.0817871	0.0360107	-0.0457764
-0.0811768	0.0311279	-0.0500488
-0.078125	0.022583	-0.055542
-0.0738525	0.0128174	-0.0610352
-0.0701904	0.0012207	-0.0689697
-0.0665283	-0.0128174	-0.0793457
-0.0598145	-0.0286865	-0.088501
-0.050354	-0.0469971	-0.0973511
-0.0430298	-0.0643921	-0.107422
-0.0402832	-0.0784302	-0.118713
-0.0405884	-0.0881958	-0.128784
-0.0402832	-0.09552	-0.135803
-0.0378418	-0.101929	-0.139771
-0.0326538	-0.106506	-0.13916
-0.0234985	-0.106201	-0.1297
-0.00946045	-0.09552	-0.10498
0.00793457	-0.0698853	-0.0619507
0.0271606	-0.0302124	-0.00305176
0.0485229	0.0231934	0.0717163
0.0701904	0.0909424	0.161133
0.0906372	0.168152	0.258789
0.107727	0.247498	0.355225
0.120544	0.323486	0.444031
0.1297	0.390625	0.520325
0.132141	0.443115	0.575256
0.12146	0.475769	0.597229
0.0942993	0.48584	0.580139
0.0518799	0.473328	0.525208
-0.000915527	0.4422	0.441284
-0.0564575	0.391846	0.335388
-0.110168	0.324097	0.213928
-0.159302	0.245972	0.0866699
-0.200806	0.168762	-0.0320435
-0.233154	0.100403	-0.132751
-0.252075	0.0390625	-0.213013
-0.255432	-0.0146484	-0.270081
-0.244446	-0.0582886	-0.302734
-0.221558	-0.0930786	-0.314636
-0.188904	-0.121155	-0.310059
-0.150757	-0.144653	-0.29541
-0.110779	-0.163574	-0.274353
-0.0735474	-0.175171	-0.248718
-0.0436401	-0.178528	-0.222168
-0.0241089	-0.176697	-0.200806
-0.0140381	-0.17395	-0.187988
-0.010376	-0.169373	-0.179749
-0.0106812	-0.159607	-0.170288
-0.0134277	-0.144958	-0.158386
-0.0164795	-0.1297	-0.146179
-0.0183105	-0.116577	-0.134888
-0.0216675	-0.104065	-0.125732
-0.0268555	-0.0900269	-0.116882
-0.0308228	-0.0772095	-0.108032
-0.0305176	-0.0689697	-0.0994873
-0.0259399	-0.0646973	-0.0906372
-0.017395	-0.0640869	-0.0814819
-0.00701904	-0.0683594	-0.0753784
0.00305176	-0.0772095	-0.0741577
0.0100708	-0.0869751	-0.0769043
0.0146484	-0.0939941	-0.0793457
0.0189209	-0.0976563	-0.0787354
0.0216675	-0.0991821	-0.0775146
0.0222778	-0.101624	-0.0793457
0.0216675	-0.104065	-0.0823975
0.020752	-0.106812	-0.0860596
0.0183105	-0.109558	-0.0912476
0.0143433	-0.108643	-0.0942993
0.00762939	-0.104675	-0.0970459
0	-0.101318	-0.101318
-0.00701904	-0.101013	-0.108032
-0.012207	-0.104065	-0.116272
-0.0143433	-0.110779	-0.125122
-0.0140381	-0.118713	-0.132751
-0.012207	-0.126038	-0.138245
-0.00915527	-0.132141	-0.141296
-0.00457764	-0.139465	-0.144043
0.00152588	-0.14801	-0.146484
0.010376	-0.15564	-0.145264
0.0210571	-0.159302	-0.138245
0.0296021	-0.157471	-0.127869
0.0335693	-0.150757	-0.117188
0.0326538	-0.139771	-0.107117
0.0286865	-0.127563	-0.098877
0.0228882	-0.117493	-0.0946045
0.0183105	-0.110168	-0.0918579
0.0158691	-0.10498	-0.0891113
0.0134277	-0.0991821	-0.0857544
0.00976563	-0.0921631	-0.0823975
0.00640869	-0.0848389	-0.0784302
0.00549316	-0.0796509	-0.0741577
0.00793457	-0.0772095	-0.0692749
0.012207	-0.0732422	-0.0610352
0.0180054	-0.0662231	-0.0482178
0.0241089	-0.0570679	-0.032959
0.0286865	-0.0463867	-0.0177002
0.0311279	-0.0341797	-0.00305176
0.0335693	-0.0222778	0.0112915
0.0375366	-0.0143433	0.0231934
0.0424194	-0.0106812	0.0317383
0.0488281	-0.0115967	0.0372314
0.0561523	-0.0131226	0.0430298
0.0613403	-0.0152588	0.0460815
0.06073	-0.0177002	0.0430298
0.0543213	-0.0216675	0.0326538
0.0473022	-0.0302124	0.0170898
0.0445557	-0.0408936	0.00366211
0.045166	-0.0509644	-0.00579834
0.0427246	-0.0552368	-0.0125122
0.0326538	-0.0518799	-0.0192261
0.0195313	-0.0476074	-0.0280762
0.010376	-0.0497437	-0.0393677
0.0112915	-0.0567627	-0.0454712
0.0216675	-0.0631714	-0.0415039
0.0357056	-0.0634766	-0.027771
0.0491333	-0.0598145	-0.0106812
0.0610352	-0.0558472	0.00518799
0.0704956	-0.0531006	0.017395
0.0790405	-0.0506592	0.0283813
0.0857544	-0.0445557	0.0411987
0.0878906	-0.0323486	0.055542
0.0857544	-0.0158691	0.0698853
0.0845337	-0.000305176	0.0842285
0.0869751	0.0119019	0.098877
0.0888062	0.022583	0.111389
0.088501	0.0335693	0.12207
0.0875854	0.045166	0.132751
0.0857544	0.0561523	0.141907
0.085144	0.0646973	0.149841
0.0900269	0.0683594	0.158386
0.0997925	0.0671387	0.166931
0.110474	0.0631714	0.173645
0.116577	0.0619507	0.178528
0.117493	0.0653076	0.1828
0.116272	0.0704956	0.186768
0.11322	0.0772095	0.19043
0.105896	0.085144	0.19104
0.0976563	0.090332	0.187988
0.0912476	0.0912476	0.182495
0.0872803	0.0900269	0.177307
0.0830078	0.0933838	0.176392
0.0735474	0.10376	0.177307
0.0595093	0.115967	0.175476
0.0436401	0.12207	0.16571
0.0350952	0.119019	0.154114
0.039978	0.110779	0.150757
0.0567627	0.10498	0.161743
0.0756836	0.103455	0.179138
0.0875854	0.10376	0.191345
0.0918579	0.101013	0.192871
0.0918579	0.0976563	0.189514
0.0888062	0.0961304	0.184937
0.0860596	0.0961304	0.18219
0.0811768	0.0973511	0.178528
0.0704956	0.0997925	0.170288
0.0524902	0.10437	0.15686
0.0314331	0.111084	0.142517
0.0131226	0.117188	0.13031
0.00396729	0.119934	0.123901
0.00244141	0.122986	0.125427
0.00427246	0.126038	0.13031
0.00671387	0.125732	0.132446
0.00915527	0.121765	0.13092
0.0115967	0.118103	0.1297
0.0131226	0.119019	0.132141
0.012207	0.122375	0.134583
0.00793457	0.123901	0.131836
0.000915527	0.12207	0.122986
-0.00762939	0.115967	0.108337
-0.0152588	0.105896	0.0906372
-0.0186157	0.0949097	0.0762939
-0.0134277	0.0827026	0.0692749
-0.00335693	0.0704956	0.0671387
0.00732422	0.0585938	0.065918
0.0143433	0.0494385	0.0637817
0.0177002	0.0460815	0.0637817
0.0253296	0.0442505	0.0695801
0.0390625	0.0445557	0.0836182
0.0567627	0.0445557	0.101318
0.0747681	0.0408936	0.115662
0.0869751	0.03479	0.121765
0.0875854	0.0250244	0.11261
0.0787354	0.0131226	0.0918579
0.0662231	0.00305176	0.0692749
0.0561523	-0.00610352	0.0500488
0.0497437	-0.0183105	0.0314331
0.0430298	-0.0302124	0.0128174
0.032959	-0.0396729	-0.00671387
0.0183105	-0.0469971	-0.0286865
0.00152588	-0.0506592	-0.0491333
-0.0128174	-0.0469971	-0.0598145
-0.0201416	-0.0366211	-0.0567627
-0.020752	-0.0250244	-0.0457764
-0.017395	-0.015564	-0.032959
-0.012207	-0.0100708	-0.0222778
-0.00610352	-0.00793457	-0.0140381
-0.000305176	-0.00732422	-0.00762939
0.00640869	-0.00579834	0.000610352
0.0115967	-0.000305176	0.0112915
0.0143433	0.00946045	0.0238037
0.015564	0.0198364	0.0354004
0.0158691	0.0247192	0.0405884
0.0177002	0.0192261	0.0369263
0.020752	0.00854492	0.0292969
0.0213623	-0.00244141	0.0189209
0.0198364	-0.0119019	0.00793457
0.0180054	-0.0201416	-0.00213623
0.0161743	-0.027771	-0.0115967
0.0158691	-0.0360107	-0.0201416
0.017395	-0.0445557	-0.0271606
0.0198364	-0.0512695	-0.0314331
0.0234985	-0.0561523	-0.0326538
0.0292969	-0.0588989	-0.0296021
0.0344849	-0.0558472	-0.0213623
0.0372314	-0.0479126	-0.0106812
0.0378418	-0.0396729	-0.00183105
0.0363159	-0.0369263	-0.000610352
0.0341797	-0.0390625	-0.00488281
0.0326538	-0.0415039	-0.0088501
0.0320435	-0.0424194	-0.010376
0.0323486	-0.0424194	-0.0100708
0.0338745	-0.043335	-0.00946045
0.0350952	-0.0442505	-0.00915527
0.0375366	-0.0439453	-0.00640869
0.0418091	-0.0427246	-0.000915527
0.0473022	-0.0402832	0.00701904
0.050354	-0.0390625	0.0112915
0.0500488	-0.0396729	0.010376
0.0469971	-0.0405884	0.00640869
0.0436401	-0.0424194	0.0012207
0.0405884	-0.0442505	-0.00366211
0.0390625	-0.0460815	-0.00701904
0.039978	-0.0466919	-0.00671387
0.0418091	-0.0463867	-0.00457764
0.0439453	-0.0497437	-0.00579834
0.0466919	-0.0549316	-0.00823975
0.0518799	-0.0585938	-0.00671387
0.0582886	-0.0585938	-0.000305176
0.0616455	-0.0543213	0.00732422
0.06073	-0.0473022	0.0134277
0.0561523	-0.0402832	0.0158691
0.0518799	-0.0360107	0.0158691
0.0500488	-0.0341797	0.0158691
0.0491333	-0.0341797	0.0149536
0.0491333	-0.0344849	0.0146484
0.0482178	-0.0350952	0.0131226
0.0469971	-0.0360107	0.0109863
0.0445557	-0.0369263	0.00762939
0.0424194	-0.0393677	0.00305176
0.0411987	-0.0436401	-0.00244141
0.0396729	-0.0460815	-0.00640869
0.0366211	-0.0463867	-0.00976563
0.0314331	-0.0439453	-0.0125122
0.0234985	-0.0393677	-0.0158691
0.0134277	-0.0338745	-0.0204468
0.00457764	-0.027771	-0.0231934
0	-0.0222778	-0.0222778
-0.000610352	-0.0189209	-0.0195313
-0.000610352	-0.0164795	-0.0170898
-0.00213623	-0.0149536	-0.0170898
-0.00610352	-0.0152588	-0.0213623
-0.0088501	-0.0161743	-0.0250244
-0.0088501	-0.0164795	-0.0253296
-0.00518799	-0.0164795	-0.0216675
-0.00152588	-0.0167847	-0.0183105
-0.000610352	-0.0164795	-0.0170898
-0.000915527	-0.0137329	-0.0146484
0.000305176	-0.010376	-0.0100708
0.00488281	-0.00762939	-0.00274658
0.010376	-0.00396729	0.00640869
0.0143433	0.000915527	0.0152588
0.0158691	0.00793457	0.0238037
0.015564	0.0158691	0.0314331
0.0143433	0.0228882	0.0372314
0.012207	0.0268555	0.0390625
0.00762939	0.0302124	0.0378418
0.0012207	0.032959	0.0341797
-0.00396729	0.0341797	0.0302124
-0.00579834	0.0320435	0.0262451
-0.00579834	0.0283813	0.022583
-0.00396729	0.0250244	0.0210571
0	0.0241089	0.0241089
0.00579834	0.0253296	0.0311279
0.0125122	0.0283813	0.0408936
0.0186157	0.0326538	0.0512695
0.0241089	0.0384521	0.062561
0.0283813	0.045166	0.0735474
0.0308228	0.0534058	0.0842285
0.0311279	0.0637817	0.0949097
0.0299072	0.0732422	0.103149
0.0274658	0.0799561	0.107422
0.0250244	0.083313	0.108337
0.0253296	0.0823975	0.107727
0.0280762	0.0787354	0.106812
0.0332642	0.0744629	0.107727
0.0396729	0.0695801	0.109253
0.0466919	0.0646973	0.111389
0.0527954	0.0588989	0.111694
0.0582886	0.0537109	0.112
0.0631714	0.0512695	0.114441
0.0656128	0.0512695	0.116882
0.0643921	0.050354	0.114746
0.06073	0.045166	0.105896
0.0552368	0.0372314	0.0924683
0.0469971	0.0296021	0.0765991
0.0354004	0.0241089	0.0595093
0.0222778	0.0204468	0.0427246
0.00823975	0.0192261	0.0274658
-0.00610352	0.0216675	0.015564
-0.020752	0.0253296	0.00457764
-0.0344849	0.0286865	-0.00579834
-0.0469971	0.0320435	-0.0149536
-0.0582886	0.0369263	-0.0213623
-0.0671387	0.0430298	-0.0241089
-0.0726318	0.0491333	-0.0234985
-0.0744629	0.0537109	-0.020752
-0.0723267	0.0543213	-0.0180054
-0.0665283	0.0497437	-0.0167847
-0.0585938	0.0402832	-0.0183105
-0.0497437	0.0283813	-0.0213623
-0.0396729	0.0149536	-0.0247192
-0.0274658	0.00305176	-0.0244141
-0.0164795	-0.00549316	-0.0219727
-0.00854492	-0.0109863	-0.0195313
-0.00335693	-0.0152588	-0.0186157
0.000915527	-0.0183105	-0.017395
0.00488281	-0.0201416	-0.0152588
0.00762939	-0.0210571	-0.0134277
0.00793457	-0.0198364	-0.0119019
0.00701904	-0.0167847	-0.00976563
0.00488281	-0.0134277	-0.00854492
0.00305176	-0.0112915	-0.00823975
0.00152588	-0.010376	-0.0088501
-0.000915527	-0.0100708	-0.0109863
-0.00457764	-0.00946045	-0.0140381
-0.00793457	-0.00946045	-0.017395
-0.010376	-0.0115967	-0.0219727
-0.0128174	-0.0161743	-0.0289917
-0.0149536	-0.0219727	-0.0369263
-0.0161743	-0.0292969	-0.0454712
-0.0152588	-0.0350952	-0.050354
-0.0112915	-0.0369263	-0.0482178
-0.00427246	-0.032959	-0.0372314
0.00457764	-0.020752	-0.0161743
0.0149536	0.00152588	0.0164795
0.0274658	0.0354004	0.0628662
0.0421143	0.0808716	0.122986
0.0576782	0.137024	0.194702
0.0720215	0.202026	0.274048
0.0842285	0.270691	0.354919
0.093689	0.336609	0.430298
0.0982666	0.395508	0.493774
0.0949097	0.445251	0.540161
0.0805664	0.479126	0.559692
0.0531006	0.492249	0.545349
0.0152588	0.484924	0.500183
-0.0289917	0.458679	0.429688
-0.0772095	0.417175	0.339966
-0.126648	0.364075	0.237427
-0.173645	0.30304	0.129395
-0.212402	0.239563	0.0271606
-0.238037	0.175781	-0.0622559
-0.248718	0.115356	-0.133362
-0.246582	0.0619507	-0.184631
-0.233459	0.0180054	-0.215454
-0.211182	-0.0167847	-0.227966
-0.18219	-0.043335	-0.225525
-0.149536	-0.0622559	-0.211792
-0.118408	-0.0765991	-0.195007
-0.0921631	-0.0854492	-0.177612
-0.0744629	-0.0860596	-0.160522
-0.0650024	-0.0802612	-0.145264
-0.062561	-0.0723267	-0.134888
-0.0640869	-0.0637817	-0.127869
-0.0656128	-0.0549316	-0.120544
-0.0646973	-0.0473022	-0.112
-0.0598145	-0.0405884	-0.100403
-0.0515747	-0.03479	-0.0863647
-0.0415039	-0.0311279	-0.0726318
-0.0314331	-0.0292969	-0.06073
-0.0222778	-0.0302124	-0.0524902
-0.0146484	-0.0326538	-0.0473022
-0.00946045	-0.03479	-0.0442505
-0.00823975	-0.0335693	-0.0418091
-0.0119019	-0.0289917	-0.0408936
-0.0192261	-0.0228882	-0.0421143
-0.0286865	-0.017395	-0.0460815
-0.0384521	-0.0131226	-0.0515747
-0.0469971	-0.00854492	-0.055542
-0.0534058	-0.00457764	-0.0579834
-0.0567627	-0.00305176	-0.0598145
-0.0570679	-0.00305176	-0.0601196
-0.0561523	-0.00366211	-0.0598145
-0.0540161	-0.00427246	-0.0582886
-0.0512695	-0.00671387	-0.0579834
-0.0491333	-0.012207	-0.0613403
-0.0473022	-0.0146484	-0.0619507
-0.0460815	-0.0125122	-0.0585938
-0.045166	-0.00915527	-0.0543213
-0.0445557	-0.00701904	-0.0515747
-0.0430298	-0.00732422	-0.050354
-0.0390625	-0.00946045	-0.0485229
-0.032959	-0.0115967	-0.0445557
-0.0262451	-0.0115967	-0.0378418
-0.0192261	-0.0115967	-0.0308228
-0.0112915	-0.0137329	-0.0250244
-0.00396729	-0.0161743	-0.0201416
0.00183105	-0.0152588	-0.0134277
0.00640869	-0.0109863	-0.00457764
0.00946045	-0.00762939	0.00183105
0.0106812	-0.00823975	0.00244141
0.0109863	-0.0119019	-0.000915527
0.00976563	-0.0167847	-0.00701904
0.00610352	-0.0213623	-0.0152588
-0.000610352	-0.0247192	-0.0253296
-0.00946045	-0.0286865	-0.038147
-0.0192261	-0.0341797	-0.0534058
-0.0289917	-0.0393677	-0.0683594
-0.038147	-0.0445557	-0.0827026
-0.0448608	-0.0494385	-0.0942993
-0.0497437	-0.0534058	-0.103149
-0.0527954	-0.0552368	-0.108032
-0.0537109	-0.0549316	-0.108643
-0.0518799	-0.0527954	-0.104675
-0.0466919	-0.0509644	-0.0976563
-0.0384521	-0.0512695	-0.0897217
-0.0286865	-0.0521851	-0.0808716
-0.0189209	-0.0524902	-0.0714111
-0.010376	-0.0506592	-0.0610352
-0.00274658	-0.0485229	-0.0512695
0.00274658	-0.0457764	-0.0430298
0.00640869	-0.0424194	-0.0360107
0.00793457	-0.038147	-0.0302124
0.00793457	-0.0320435	-0.0241089
0.00701904	-0.0253296	-0.0183105
0.00640869	-0.020752	-0.0143433
0.00701904	-0.0192261	-0.012207
0.00854492	-0.0192261	-0.0106812
0.0112915	-0.0204468	-0.00915527
0.0149536	-0.0228882	-0.00793457
0.0198364	-0.0259399	-0.00610352
0.0247192	-0.0283813	-0.00366211
0.0305176	-0.032959	-0.00244141
0.0372314	-0.0405884	-0.00335693
0.0430298	-0.0494385	-0.00640869
0.0460815	-0.0543213	-0.00823975
0.0469971	-0.0558472	-0.0088501
0.045166	-0.0543213	-0.00915527
0.0415039	-0.050354	-0.0088501
0.0366211	-0.0460815	-0.00946045
0.032959	-0.0436401	-0.0106812
0.0314331	-0.0427246	-0.0112915
0.0314331	-0.0421143	-0.0106812
0.0326538	-0.0421143	-0.00946045
0.0369263	-0.0439453	-0.00701904
0.0442505	-0.0479126	-0.00366211
0.0527954	-0.0546265	-0.00183105
0.06073	-0.0604248	0.000305176
0.0656128	-0.0640869	0.00152588
0.0656128	-0.0631714	0.00244141
0.06073	-0.057373	0.00335693
0.0534058	-0.0476074	0.00579834
0.0448608	-0.0350952	0.00976563
0.0354004	-0.0201416	0.0152588
0.0247192	-0.00183105	0.0228882
0.0143433	0.017395	0.0317383
0.00579834	0.0357056	0.0415039
0.000610352	0.0500488	0.0506592
-0.000305176	0.0585938	0.0582886
0.00183105	0.0628662	0.0646973
0.00610352	0.0643921	0.0704956
0.0109863	0.0631714	0.0741577
0.0152588	0.0610352	0.0762939
0.0170898	0.0601196	0.0772095
0.0177002	0.0604248	0.078125
0.0177002	0.0598145	0.0775146
0.0170898	0.0585938	0.0756836
0.0161743	0.0604248	0.0765991
0.015564	0.0637817	0.0793457
0.0152588	0.0643921	0.0796509
0.0167847	0.0616455	0.0784302
0.0201416	0.0546265	0.0747681
0.0234985	0.0439453	0.0674438
0.0253296	0.0314331	0.0567627
0.0244141	0.0180054	0.0424194
0.020752	0.00427246	0.0250244
0.0152588	-0.00854492	0.00671387
0.00793457	-0.0183105	-0.010376
-0.0012207	-0.0256348	-0.0268555
-0.0106812	-0.032959	-0.0436401
-0.0192261	-0.0396729	-0.0588989
-0.0265503	-0.0424194	-0.0689697
-0.0317383	-0.0375366	-0.0692749
-0.0341797	-0.0256348	-0.0598145
-0.0344849	-0.0109863	-0.0454712
-0.032959	0.000305176	-0.0326538
-0.0308228	0.00823975	-0.022583
-0.0280762	0.015564	-0.0125122
-0.0241089	0.0247192	0.000610352
-0.020752	0.0335693	0.0128174
-0.0198364	0.0424194	0.022583
-0.0219727	0.0482178	0.0262451
-0.0256348	0.0482178	0.022583
-0.0299072	0.0442505	0.0143433
-0.0335693	0.0405884	0.00701904
-0.0372314	0.0372314	0
-0.0411987	0.0311279	-0.0100708
-0.0454712	0.022583	-0.0228882
-0.0488281	0.0137329	-0.0350952
-0.0500488	0.00518799	-0.0448608
-0.0482178	-0.00457764	-0.0527954
-0.0460815	-0.0140381	-0.0601196
-0.0457764	-0.0222778	-0.0680542
-0.0479126	-0.0289917	-0.0769043
-0.0491333	-0.0360107	-0.085144
-0.0476074	-0.0408936	-0.088501
-0.0442505	-0.039978	-0.0842285
-0.0411987	-0.0326538	-0.0738525
-0.0384521	-0.0231934	-0.0616455
-0.0366211	-0.0140381	-0.0506592
-0.03479	-0.00671387	-0.0415039
-0.0326538	-0.00152588	-0.0341797
-0.0289917	0.00183105	-0.0271606
-0.0241089	0.00274658	-0.0213623
-0.0180054	0.000305176	-0.0177002
-0.0109863	-0.00701904	-0.0180054
-0.00488281	-0.0189209	-0.0238037
-0.000610352	-0.0314331	-0.0320435
0.000610352	-0.0411987	-0.0405884
-0.000915527	-0.0457764	-0.0466919
-0.00549316	-0.0424194	-0.0479126
-0.0119019	-0.0326538	-0.0445557
-0.0198364	-0.0222778	-0.0421143
-0.0289917	-0.0112915	-0.0402832
-0.0393677	0.00152588	-0.0378418
-0.0494385	0.015564	-0.0338745
-0.0576782	0.0274658	-0.0302124
-0.0616455	0.03479	-0.0268555
-0.0613403	0.0363159	-0.0250244
-0.0570679	0.0320435	-0.0250244
-0.0488281	0.0247192	-0.0241089
-0.0378418	0.0128174	-0.0250244
-0.0256348	-0.00213623	-0.027771
-0.0152588	-0.0158691	-0.0311279
-0.0088501	-0.0262451	-0.0350952
-0.00427246	-0.0338745	-0.038147
-0.000610352	-0.0405884	-0.0411987
0.000610352	-0.0466919	-0.0460815
-0.000305176	-0.0509644	-0.0512695
-0.00335693	-0.0537109	-0.0570679
-0.00915527	-0.0540161	-0.0631714
-0.0167847	-0.0506592	-0.0674438
-0.0228882	-0.0460815	-0.0689697
-0.0268555	-0.0418091	-0.0686646
-0.0320435	-0.0372314	-0.0692749
-0.0390625	-0.0311279	-0.0701904
-0.0463867	-0.0234985	-0.0698853
-0.0515747	-0.015564	-0.0671387
-0.0531006	-0.00915527	-0.0622559
-0.0509644	-0.00518799	-0.0561523
-0.0463867	-0.00335693	-0.0497437
-0.0402832	-0.00457764	-0.0448608
-0.0332642	-0.00823975	-0.0415039
-0.0256348	-0.0112915	-0.0369263
-0.0170898	-0.0158691	-0.032959
-0.00793457	-0.0244141	-0.0323486
-0.000915527	-0.0350952	-0.0360107
0.00183105	-0.0457764	-0.0439453
-0.000610352	-0.0540161	-0.0546265
-0.00671387	-0.0585938	-0.0653076
-0.0149536	-0.0613403	-0.0762939
-0.0247192	-0.0640869	-0.0888062
-0.0354004	-0.0674438	-0.102844
-0.0448608	-0.0708008	-0.115662
-0.0515747	-0.072937	-0.124512
-0.055542	-0.0726318	-0.128174
-0.0570679	-0.0714111	-0.128479
-0.057373	-0.0714111	-0.128784
-0.0570679	-0.0714111	-0.128479
-0.0561523	-0.0701904	-0.126343
-0.055542	-0.0671387	-0.122681
-0.055542	-0.062561	-0.118103
-0.0561523	-0.0582886	-0.114441
-0.0564575	-0.0549316	-0.111389
-0.0564575	-0.0515747	-0.108032
-0.0558472	-0.0479126	-0.10376
-0.0543213	-0.0445557	-0.098877
-0.0534058	-0.0408936	-0.0942993
-0.0518799	-0.0384521	-0.090332
-0.0491333	-0.0363159	-0.0854492
-0.0460815	-0.03479	-0.0808716
-0.0427246	-0.0344849	-0.0772095
-0.0390625	-0.0375366	-0.0765991
-0.0366211	-0.043335	-0.0799561
-0.0363159	-0.0469971	-0.083313
-0.0396729	-0.0482178	-0.0878906
-0.0439453	-0.050354	-0.0942993
-0.0476074	-0.0546265	-0.102234
-0.0506592	-0.0576782	-0.108337
-0.0540161	-0.0579834	-0.112
-0.057373	-0.0567627	-0.114136
-0.0604248	-0.055542	-0.115967
-0.0604248	-0.0561523	-0.116577
-0.0567627	-0.057373	-0.114136
-0.0531006	-0.0567627	-0.109863
-0.0512695	-0.0534058	-0.104675
-0.0500488	-0.0491333	-0.0991821
-0.0482178	-0.045166	-0.0933838
-0.0466919	-0.0421143	-0.0888062
-0.0460815	-0.0408936	-0.0869751
-0.0463867	-0.0405884	-0.0869751
-0.0469971	-0.039978	-0.0869751
-0.0488281	-0.0372314	-0.0860596
-0.0512695	-0.0332642	-0.0845337
-0.0543213	-0.0302124	-0.0845337
-0.057373	-0.0311279	-0.088501
-0.0604248	-0.0338745	-0.0942993
-0.0637817	-0.0363159	-0.100098
-0.065918	-0.0402832	-0.106201
-0.067749	-0.0466919	-0.114441
-0.0698853	-0.0518799	-0.121765
-0.0701904	-0.0549316	-0.125122
-0.0689697	-0.0546265	-0.123596
-0.0668335	-0.0524902	-0.119324
-0.0634766	-0.0488281	-0.112305
-0.0588989	-0.0418091	-0.100708
-0.0540161	-0.0326538	-0.0866699
-0.0491333	-0.0222778	-0.0714111
-0.0448608	-0.0131226	-0.0579834
-0.0408936	-0.00579834	-0.0466919
-0.0387573	0.000610352	-0.038147
-0.0387573	0.00640869	-0.0323486
-0.0384521	0.00823975	-0.0302124
-0.038147	0.00549316	-0.0326538
-0.0378418	-0.000915527	-0.0387573
-0.0390625	-0.0100708	-0.0491333
-0.0405884	-0.0213623	-0.0619507
-0.0427246	-0.0335693	-0.0762939
-0.0442505	-0.0439453	-0.0881958
-0.0427246	-0.0512695	-0.0939941
-0.0396729	-0.0579834	-0.0976563
-0.0372314	-0.0674438	-0.104675
-0.0350952	-0.0778198	-0.112915
-0.0335693	-0.0842285	-0.117798
-0.0320435	-0.0848389	-0.116882
-0.0311279	-0.0799561	-0.111084
-0.0311279	-0.0723267	-0.103455
-0.0311279	-0.0643921	-0.09552
-0.0317383	-0.0561523	-0.0878906
-0.0344849	-0.0469971	-0.0814819
-0.0390625	-0.0366211	-0.0756836
-0.0424194	-0.0262451	-0.0686646
-0.0439453	-0.0180054	-0.0619507
-0.0448608	-0.0134277	-0.0582886
-0.0466919	-0.0125122	-0.0592041
-0.0482178	-0.0143433	-0.062561
-0.0479126	-0.0201416	-0.0680542
-0.0466919	-0.0305176	-0.0772095
-0.0457764	-0.0402832	-0.0860596
-0.0442505	-0.0482178	-0.0924683
-0.0408936	-0.0582886	-0.0991821
-0.0369263	-0.0704956	-0.107422
-0.0341797	-0.083313	-0.117493
-0.0323486	-0.0942993	-0.126648
-0.0323486	-0.101929	-0.134277
-0.0357056	-0.104675	-0.140381
-0.0430298	-0.103455	-0.146484
-0.0546265	-0.0979614	-0.152588
-0.0723267	-0.0875854	-0.159912
-0.0939941	-0.0726318	-0.166626
-0.115662	-0.0534058	-0.169067
-0.133972	-0.032959	-0.166931
-0.150146	-0.0128174	-0.162964
-0.16571	0.00518799	-0.160522
-0.177612	0.0180054	-0.159607
-0.18219	0.0241089	-0.158081
-0.177612	0.0219727	-0.15564
-0.16449	0.0131226	-0.151367
-0.147095	-0.000305176	-0.1474
-0.129395	-0.0189209	-0.148315
-0.112305	-0.0415039	-0.153809
-0.0982666	-0.0628662	-0.161133
-0.0878906	-0.0796509	-0.167542
-0.0814819	-0.0881958	-0.169678
-0.0796509	-0.0866699	-0.166321
-0.0814819	-0.0778198	-0.159302
-0.0857544	-0.0646973	-0.150452
-0.0921631	-0.0500488	-0.142212
-0.098877	-0.0357056	-0.134583
-0.10376	-0.0234985	-0.127258
-0.108032	-0.0128174	-0.12085
-0.112915	-0.00457764	-0.117493
-0.116577	-0.00183105	-0.118408
-0.117493	-0.00549316	-0.122986
-0.116272	-0.0146484	-0.13092
-0.113831	-0.0280762	-0.141907
-0.108032	-0.0411987	-0.149231
-0.0991821	-0.0476074	-0.14679
-0.0888062	-0.043335	-0.132141
-0.078125	-0.0244141	-0.102539
-0.0653076	0.00915527	-0.0561523
-0.0479126	0.0558472	0.00793457
-0.0271606	0.115356	0.0881958
-0.00518799	0.184631	0.179443
0.0152588	0.257263	0.272522
0.0308228	0.328064	0.358887
0.0421143	0.392761	0.434875
0.0485229	0.446472	0.494995
0.045166	0.485535	0.530701
0.0253296	0.507202	0.532532
-0.0143433	0.507813	0.493469
-0.0650024	0.483704	0.418701
-0.117188	0.436096	0.318909
-0.169373	0.369263	0.19989
-0.223389	0.293579	0.0701904
-0.274658	0.21759	-0.0570679
-0.315857	0.144958	-0.170898
-0.340576	0.0738525	-0.266724
-0.346375	0.00610352	-0.340271
-0.33905	-0.0509644	-0.390015
-0.322266	-0.0958252	-0.418091
-0.293274	-0.126953	-0.420227
-0.252991	-0.145874	-0.398865
-0.205383	-0.15625	-0.361633
-0.159607	-0.157776	-0.317383
-0.126038	-0.146179	-0.272217
-0.106506	-0.123596	-0.230103
-0.0946045	-0.0997925	-0.194397
-0.085144	-0.0802612	-0.165405
-0.078125	-0.0622559	-0.140381
-0.0738525	-0.0445557	-0.118408
-0.0747681	-0.0262451	-0.101013
-0.0814819	-0.0109863	-0.0924683
-0.0924683	-0.000305176	-0.0927734
-0.101318	0.00457764	-0.0967407
-0.104065	0.00335693	-0.100708
-0.101318	-0.00244141	-0.10376
-0.0967407	-0.0109863	-0.107727
-0.0918579	-0.0228882	-0.114746
-0.0860596	-0.0363159	-0.122375
-0.0805664	-0.0469971	-0.127563
-0.0759888	-0.0509644	-0.126953
-0.072937	-0.0485229	-0.12146
-0.0708008	-0.0424194	-0.11322
-0.067749	-0.0363159	-0.104065
-0.0656128	-0.0305176	-0.0961304
-0.0671387	-0.0238037	-0.0909424
-0.0732422	-0.0143433	-0.0875854
-0.0811768	-0.00244141	-0.0836182
-0.0878906	0.00854492	-0.0793457
-0.0939941	0.0161743	-0.0778198
-0.101013	0.0192261	-0.0817871
-0.107422	0.0177002	-0.0897217
-0.111694	0.0115967	-0.100098
-0.114136	0.00152588	-0.11261
-0.115662	-0.0115967	-0.127258
-0.114441	-0.0231934	-0.137634
-0.110779	-0.0283813	-0.13916
-0.106812	-0.0289917	-0.135803
-0.105591	-0.0296021	-0.135193
-0.109253	-0.0299072	-0.13916
-0.114136	-0.027771	-0.141907
-0.116272	-0.0222778	-0.13855
-0.119324	-0.0119019	-0.131226
-0.126343	0.00213623	-0.124207
-0.134888	0.0149536	-0.119934
-0.141602	0.0231934	-0.118408
-0.144348	0.0253296	-0.119019
-0.144958	0.020752	-0.124207
-0.14679	0.0125122	-0.134277
-0.149536	0.00549316	-0.144043
-0.150146	0.000610352	-0.149536
-0.148926	-0.00244141	-0.151367
-0.142517	-0.00457764	-0.147095
-0.133972	-0.00488281	-0.138855
-0.127869	-0.00366211	-0.131531
-0.124512	-0.000915527	-0.125427
-0.12085	0.0012207	-0.119629
-0.114441	0.00427246	-0.110168
-0.105591	0.00854492	-0.0970459
-0.0952148	0.0125122	-0.0827026
-0.0854492	0.0134277	-0.0720215
-0.0778198	0.00823975	-0.0695801
-0.0744629	-0.00183105	-0.0762939
-0.0769043	-0.012207	-0.0891113
-0.0823975	-0.0222778	-0.104675
-0.0869751	-0.0302124	-0.117188
-0.0921631	-0.0332642	-0.125427
-0.101624	-0.0314331	-0.133057
-0.114136	-0.0259399	-0.140076
-0.125122	-0.0183105	-0.143433
-0.13092	-0.00946045	-0.140381
-0.132446	0.000610352	-0.131836
-0.132751	0.0109863	-0.121765
-0.13031	0.0204468	-0.109863
-0.125732	0.027771	-0.0979614
-0.119324	0.032959	-0.0863647
-0.110474	0.0341797	-0.0762939
-0.100708	0.0314331	-0.0692749
-0.0912476	0.0241089	-0.0671387
-0.0827026	0.012207	-0.0704956
-0.0750732	-0.000915527	-0.0759888
-0.0680542	-0.0131226	-0.0811768
-0.0622559	-0.022583	-0.0848389
-0.0595093	-0.0280762	-0.0875854
-0.0592041	-0.0274658	-0.0866699
-0.0582886	-0.0186157	-0.0769043
-0.0561523	-0.00488281	-0.0610352
-0.0561523	0.00854492	-0.0476074
-0.0592041	0.0213623	-0.0378418
-0.0640869	0.0350952	-0.0289917
-0.0689697	0.0479126	-0.0210571
-0.0738525	0.057373	-0.0164795
-0.0775146	0.0628662	-0.0146484
-0.0787354	0.0631714	-0.015564
-0.0769043	0.0567627	-0.0201416
-0.0732422	0.0448608	-0.0283813
-0.067749	0.0308228	-0.0369263
-0.0628662	0.0198364	-0.0430298
-0.0582886	0.012207	-0.0460815
-0.0527954	0.00793457	-0.0448608
-0.0466919	0.010376	-0.0363159
-0.0393677	0.0195313	-0.0198364
-0.0317383	0.0308228	-0.000915527
-0.0250244	0.038147	0.0131226
-0.020752	0.0408936	0.0201416
-0.0201416	0.0430298	0.0228882
-0.020752	0.0460815	0.0253296
-0.0210571	0.0491333	0.0280762
-0.020752	0.0521851	0.0314331
-0.0204468	0.0537109	0.0332642
-0.0213623	0.0531006	0.0317383
-0.0244141	0.0518799	0.0274658
-0.0311279	0.0521851	0.0210571
-0.0393677	0.0549316	0.015564
-0.0476074	0.0610352	0.0134277
-0.0558472	0.067749	0.0119019
-0.0631714	0.0695801	0.00640869
-0.0701904	0.0662231	-0.00396729
-0.0765991	0.0604248	-0.0161743
-0.083313	0.0549316	-0.0283813
-0.0897217	0.0500488	-0.0396729
-0.0949097	0.0442505	-0.0506592
-0.0994873	0.038147	-0.0613403
-0.103149	0.0314331	-0.0717163
-0.105896	0.0268555	-0.0790405
-0.108643	0.0271606	-0.0814819
-0.111389	0.0305176	-0.0808716
-0.114441	0.0338745	-0.0805664
-0.116272	0.03479	-0.0814819
-0.116577	0.0335693	-0.0830078
-0.115051	0.0311279	-0.0839233
-0.111694	0.0292969	-0.0823975
-0.107422	0.0274658	-0.0799561
-0.104065	0.0222778	-0.0817871
-0.101624	0.0128174	-0.0888062
-0.100098	0.00183105	-0.0982666
-0.0994873	-0.00640869	-0.105896
-0.0991821	-0.0109863	-0.110168
-0.0985718	-0.0128174	-0.111389
-0.0985718	-0.0140381	-0.11261
-0.100708	-0.0198364	-0.120544
-0.104065	-0.027771	-0.131836
-0.107422	-0.0335693	-0.140991
-0.111084	-0.0363159	-0.1474
-0.114136	-0.0378418	-0.151978
-0.117188	-0.0375366	-0.154724
-0.119019	-0.0360107	-0.155029
-0.119324	-0.0357056	-0.155029
-0.117493	-0.03479	-0.152283
-0.114746	-0.0326538	-0.1474
-0.111084	-0.0296021	-0.140686
-0.106506	-0.0271606	-0.133667
-0.102234	-0.0238037	-0.126038
-0.0976563	-0.0189209	-0.116577
-0.0933838	-0.0137329	-0.107117
-0.0900269	-0.0088501	-0.098877
-0.088501	-0.00579834	-0.0942993
-0.088501	-0.00305176	-0.0915527
-0.0906372	-0.000610352	-0.0912476
-0.0952148	0.000305176	-0.0949097
-0.101624	0.0012207	-0.100403
-0.107727	0.00335693	-0.10437
-0.112	0.00854492	-0.103455
-0.114136	0.0146484	-0.0994873
-0.114441	0.0186157	-0.0958252
-0.114441	0.0198364	-0.0946045
-0.11322	0.0198364	-0.0933838
-0.111084	0.0198364	-0.0912476
-0.108948	0.020752	-0.0881958
-0.106201	0.0219727	-0.0842285
-0.102844	0.0204468	-0.0823975
-0.0985718	0.017395	-0.0811768
-0.0952148	0.015564	-0.0796509
-0.0927734	0.0177002	-0.0750732
-0.0912476	0.0231934	-0.0680542
-0.090332	0.0286865	-0.0616455
-0.0900269	0.0320435	-0.0579834
-0.0900269	0.0335693	-0.0564575
-0.0894165	0.0344849	-0.0549316
-0.088501	0.0350952	-0.0534058
-0.088501	0.0326538	-0.0558472
-0.0900269	0.0280762	-0.0619507
-0.0927734	0.0247192	-0.0680542
-0.09552	0.0219727	-0.0735474
-0.0976563	0.0198364	-0.0778198
-0.0997925	0.0180054	-0.0817871
-0.101624	0.0158691	-0.0857544
-0.101013	0.0143433	-0.0866699
-0.0985718	0.0149536	-0.0836182
-0.0949097	0.0192261	-0.0756836
-0.0912476	0.0256348	-0.0656128
-0.0872803	0.0302124	-0.0570679
-0.083313	0.0311279	-0.0521851
-0.0805664	0.0289917	-0.0515747
-0.0796509	0.0259399	-0.0537109
-0.0805664	0.0238037	-0.0567627
-0.0830078	0.0231934	-0.0598145
-0.0869751	0.0222778	-0.0646973
-0.0909424	0.0195313	-0.0714111
-0.0942993	0.0170898	-0.0772095
-0.0967407	0.017395	-0.0793457
-0.0982666	0.0204468	-0.0778198
-0.0985718	0.0241089	-0.0744629
-0.0964355	0.0274658	-0.0689697
-0.0924683	0.0296021	-0.0628662
-0.0888062	0.0308228	-0.0579834
-0.0860596	0.032959	-0.0531006
-0.0845337	0.0354004	-0.0491333
-0.0836182	0.0366211	-0.0469971
-0.0836182	0.0363159	-0.0473022
-0.085144	0.0363159	-0.0488281
-0.0891113	0.0375366	-0.0515747
-0.0946045	0.038147	-0.0564575
-0.100403	0.0350952	-0.0653076
-0.10437	0.0317383	-0.0726318
-0.106506	0.0292969	-0.0772095
-0.107117	0.0268555	-0.0802612
-0.106506	0.0238037	-0.0827026
-0.10498	0.0195313	-0.0854492
-0.101929	0.0158691	-0.0860596
-0.0985718	0.0134277	-0.085144
-0.0942993	0.0115967	-0.0827026
-0.0900269	0.00915527	-0.0808716
-0.0854492	0.00732422	-0.078125
-0.0814819	0.00701904	-0.0744629
-0.078125	0.0088501	-0.0692749
-0.0762939	0.0119019	-0.0643921
-0.0753784	0.0143433	-0.0610352
-0.0756836	0.0164795	-0.0592041
-0.0765991	0.0195313	-0.0570679
-0.0762939	0.0231934	-0.0531006
-0.0741577	0.0253296	-0.0488281
-0.0701904	0.0256348	-0.0445557
-0.065918	0.0247192	-0.0411987
-0.0628662	0.0234985	-0.0393677
-0.0619507	0.0238037	-0.038147
-0.0640869	0.0268555	-0.0372314
-0.067749	0.0311279	-0.0366211
-0.072937	0.0354004	-0.0375366
-0.0793457	0.0405884	-0.0387573
-0.0875854	0.0491333	-0.0384521
-0.0976563	0.0616455	-0.0360107
-0.107422	0.0735474	-0.0338745
-0.115051	0.0811768	-0.0338745
-0.121155	0.0842285	-0.0369263
-0.125122	0.0827026	-0.0424194
-0.124512	0.0765991	-0.0479126
-0.118408	0.0668335	-0.0515747
-0.108948	0.0570679	-0.0518799
-0.0985718	0.0494385	-0.0491333
-0.0897217	0.0454712	-0.0442505
-0.083313	0.043335	-0.039978
-0.0787354	0.0421143	-0.0366211
-0.0759888	0.0430298	-0.032959
-0.0741577	0.0457764	-0.0283813
-0.0732422	0.0515747	-0.0216675
-0.0735474	0.0604248	-0.0131226
-0.0747681	0.0698853	-0.00488281
-0.0762939	0.0769043	0.000610352
-0.0765991	0.0778198	0.0012207
-0.0759888	0.0735474	-0.00244141
-0.0741577	0.0668335	-0.00732422
-0.0726318	0.0610352	-0.0115967
-0.0720215	0.0567627	-0.0152588

